RUSTFLAGS (env): -C target-cpu=x86-64-v3
rustc: rustc 1.99.0 (b940084d7 2026-09-28)
target_arch="x86_64"
target_feature="fxsr"
target_feature="sse"
target_feature="sse2"
CPUS: 4
model name	: AMD EPYC 9V45 96-Core Processor
cpu0 siblings: 0-1 L3: 0-3
cpu1 siblings: 0-1 L3: 0-3
cpu2 siblings: 2-3 L3: 0-3
cpu3 siblings: 2-3 L3: 0-3
taskset: pid 2154's current affinity list: 0-3
=== 1. Mini Sample SHA256 Check ===
data/tests/sample-mini.itch: OK
=== 2. Build Workspace Release ===
[1m[92m    Updating[0m crates.io index
[1m[92m   Compiling[0m nf-protocol v0.1.0 (/home/runner/work/HFT-Proj/HFT-Proj/crates/nf-protocol)
[1m[92m   Compiling[0m nf-arbitrator v0.1.0 (/home/runner/work/HFT-Proj/HFT-Proj/crates/nf-arbitrator)
[1m[92m   Compiling[0m nf-transport v0.1.0 (/home/runner/work/HFT-Proj/HFT-Proj/crates/nf-transport)
[1m[92m   Compiling[0m nf-recovery v0.1.0 (/home/runner/work/HFT-Proj/HFT-Proj/crates/nf-recovery)
[1m[92m   Compiling[0m nf-testkit v0.1.0 (/home/runner/work/HFT-Proj/HFT-Proj/crates/nf-testkit)
[1m[92m   Compiling[0m nf-engine v0.1.0 (/home/runner/work/HFT-Proj/HFT-Proj/crates/nf-engine)
[1m[92m    Finished[0m `release` profile [optimized] target(s) in 41.59s
=== 3. Clippy Workspace ===
[1m[92m    Checking[0m nf-protocol v0.1.0 (/home/runner/work/HFT-Proj/HFT-Proj/crates/nf-protocol)
[1m[92m    Checking[0m nf-arbitrator v0.1.0 (/home/runner/work/HFT-Proj/HFT-Proj/crates/nf-arbitrator)
[1m[92m    Checking[0m nf-transport v0.1.0 (/home/runner/work/HFT-Proj/HFT-Proj/crates/nf-transport)
[1m[92m    Checking[0m nf-recovery v0.1.0 (/home/runner/work/HFT-Proj/HFT-Proj/crates/nf-recovery)
[1m[92m    Checking[0m nf-testkit v0.1.0 (/home/runner/work/HFT-Proj/HFT-Proj/crates/nf-testkit)
[1m[92m    Checking[0m nf-engine v0.1.0 (/home/runner/work/HFT-Proj/HFT-Proj/crates/nf-engine)
[1m[92m    Finished[0m `dev` profile [unoptimized + debuginfo] target(s) in 4.81s
=== 4. Negative Lint Tripwire Test ===
[1m[92m    Checking[0m lint-fixture v0.1.0 (/home/runner/work/HFT-Proj/HFT-Proj/tests/lint_fixture)
[1m[91merror[0m[1m: use of a disallowed type `alloc::vec::Vec`[0m
 [1m[94m--> [0msrc/lib.rs:7:23
  [1m[94m|[0m
[1m[94m7[0m [1m[94m|[0m     let _v: Vec<u8> = Vec::new();
  [1m[94m|[0m                       [1m[91m^^^[0m
  [1m[94m|[0m
  [1m[94m= [0m[1mnote[0m: Tier-F zero-allocation ban
  [1m[94m= [0m[1mhelp[0m: for further information visit https://rust-lang.github.io/rust-clippy/rust-1.99.0/index.html#disallowed_types
[1m[92mnote[0m: the lint level is defined here
 [1m[94m--> [0msrc/lib.rs:3:9
  [1m[94m|[0m
[1m[94m3[0m [1m[94m|[0m #![deny(clippy::disallowed_types)]
  [1m[94m|[0m         [1m[92m^^^^^^^^^^^^^^^^^^^^^^^^[0m

[1m[91merror[0m[1m: use of a disallowed type `alloc::vec::Vec`[0m
 [1m[94m--> [0msrc/lib.rs:7:13
  [1m[94m|[0m
[1m[94m7[0m [1m[94m|[0m     let _v: Vec<u8> = Vec::new();
  [1m[94m|[0m             [1m[91m^^^^^^^[0m
  [1m[94m|[0m
  [1m[94m= [0m[1mnote[0m: Tier-F zero-allocation ban
  [1m[94m= [0m[1mhelp[0m: for further information visit https://rust-lang.github.io/rust-clippy/rust-1.99.0/index.html#disallowed_types

[1m[91merror[0m[1m: use of a disallowed type `alloc::string::String`[0m
 [1m[94m--> [0msrc/lib.rs:8:22
  [1m[94m|[0m
[1m[94m8[0m [1m[94m|[0m     let _s: String = String::new();
  [1m[94m|[0m                      [1m[91m^^^^^^[0m
  [1m[94m|[0m
  [1m[94m= [0m[1mnote[0m: Tier-F zero-allocation ban
  [1m[94m= [0m[1mhelp[0m: for further information visit https://rust-lang.github.io/rust-clippy/rust-1.99.0/index.html#disallowed_types

[1m[91merror[0m[1m: use of a disallowed type `alloc::string::String`[0m
 [1m[94m--> [0msrc/lib.rs:8:13
  [1m[94m|[0m
[1m[94m8[0m [1m[94m|[0m     let _s: String = String::new();
  [1m[94m|[0m             [1m[91m^^^^^^[0m
  [1m[94m|[0m
  [1m[94m= [0m[1mnote[0m: Tier-F zero-allocation ban
  [1m[94m= [0m[1mhelp[0m: for further information visit https://rust-lang.github.io/rust-clippy/rust-1.99.0/index.html#disallowed_types

[1m[91merror[0m[1m: use of a disallowed type `std::collections::HashMap`[0m
 [1m[94m--> [0msrc/lib.rs:9:53
  [1m[94m|[0m
[1m[94m9[0m [1m[94m|[0m     let _map: std::collections::HashMap<u32, u32> = std::collections::HashMap::new();
  [1m[94m|[0m                                                     [1m[91m^^^^^^^^^^^^^^^^^^^^^^^^^[0m
  [1m[94m|[0m
  [1m[94m= [0m[1mnote[0m: Tier-F zero-allocation ban
  [1m[94m= [0m[1mhelp[0m: for further information visit https://rust-lang.github.io/rust-clippy/rust-1.99.0/index.html#disallowed_types

[1m[91merror[0m[1m: use of a disallowed type `std::collections::HashMap`[0m
 [1m[94m--> [0msrc/lib.rs:9:15
  [1m[94m|[0m
[1m[94m9[0m [1m[94m|[0m     let _map: std::collections::HashMap<u32, u32> = std::collections::HashMap::new();
  [1m[94m|[0m               [1m[91m^^^^^^^^^^^^^^^^^^^^^^^^^^^^^^^^^^^[0m
  [1m[94m|[0m
  [1m[94m= [0m[1mnote[0m: Tier-F zero-allocation ban
  [1m[94m= [0m[1mhelp[0m: for further information visit https://rust-lang.github.io/rust-clippy/rust-1.99.0/index.html#disallowed_types

[1m[91merror[0m[1m: use of a disallowed type `alloc::rc::Rc`[0m
  [1m[94m--> [0msrc/lib.rs:10:15
   [1m[94m|[0m
[1m[94m10[0m [1m[94m|[0m     let _rc = std::rc::Rc::new(42);
   [1m[94m|[0m               [1m[91m^^^^^^^^^^^[0m
   [1m[94m|[0m
   [1m[94m= [0m[1mnote[0m: Tier-F zero-allocation ban
   [1m[94m= [0m[1mhelp[0m: for further information visit https://rust-lang.github.io/rust-clippy/rust-1.99.0/index.html#disallowed_types

[1m[91merror[0m[1m: use of a disallowed type `alloc::sync::Arc`[0m
  [1m[94m--> [0msrc/lib.rs:11:16
   [1m[94m|[0m
[1m[94m11[0m [1m[94m|[0m     let _arc = std::sync::Arc::new(42);
   [1m[94m|[0m                [1m[91m^^^^^^^^^^^^^^[0m
   [1m[94m|[0m
   [1m[94m= [0m[1mnote[0m: Tier-F zero-allocation ban
   [1m[94m= [0m[1mhelp[0m: for further information visit https://rust-lang.github.io/rust-clippy/rust-1.99.0/index.html#disallowed_types

[1m[91merror[0m[1m: use of a disallowed method `alloc::string::ToString::to_string`[0m
  [1m[94m--> [0msrc/lib.rs:15:17
   [1m[94m|[0m
[1m[94m15[0m [1m[94m|[0m     let _s = 42.to_string();
   [1m[94m|[0m                 [1m[91m^^^^^^^^^[0m
   [1m[94m|[0m
   [1m[94m= [0m[1mnote[0m: Tier-M zero-allocation hot-loop ban
   [1m[94m= [0m[1mhelp[0m: for further information visit https://rust-lang.github.io/rust-clippy/rust-1.99.0/index.html#disallowed_methods
[1m[92mnote[0m: the lint level is defined here
  [1m[94m--> [0msrc/lib.rs:4:9
   [1m[94m|[0m
[1m[94m 4[0m [1m[94m|[0m #![deny(clippy::disallowed_methods)]
   [1m[94m|[0m         [1m[92m^^^^^^^^^^^^^^^^^^^^^^^^^^[0m

[1m[91merror[0m[1m: use of a disallowed method `alloc::borrow::ToOwned::to_owned`[0m
  [1m[94m--> [0msrc/lib.rs:17:24
   [1m[94m|[0m
[1m[94m17[0m [1m[94m|[0m     let _owned = slice.to_owned();
   [1m[94m|[0m                        [1m[91m^^^^^^^^[0m
   [1m[94m|[0m
   [1m[94m= [0m[1mnote[0m: Tier-M zero-allocation hot-loop ban
   [1m[94m= [0m[1mhelp[0m: for further information visit https://rust-lang.github.io/rust-clippy/rust-1.99.0/index.html#disallowed_methods

[1m[91merror[0m: could not compile `lint-fixture` (lib) due to 10 previous errors
=== 5. Unit & Conformance Tests ===
[1m[92m   Compiling[0m nf-protocol v0.1.0 (/home/runner/work/HFT-Proj/HFT-Proj/crates/nf-protocol)
[1m[92m   Compiling[0m nf-transport v0.1.0 (/home/runner/work/HFT-Proj/HFT-Proj/crates/nf-transport)
[1m[92m   Compiling[0m nf-arbitrator v0.1.0 (/home/runner/work/HFT-Proj/HFT-Proj/crates/nf-arbitrator)
[1m[92m   Compiling[0m nf-recovery v0.1.0 (/home/runner/work/HFT-Proj/HFT-Proj/crates/nf-recovery)
[1m[92m   Compiling[0m nf-testkit v0.1.0 (/home/runner/work/HFT-Proj/HFT-Proj/crates/nf-testkit)
[1m[92m   Compiling[0m nf-engine v0.1.0 (/home/runner/work/HFT-Proj/HFT-Proj/crates/nf-engine)
[1m[92m    Finished[0m `test` profile [optimized + debuginfo] target(s) in 13.70s
[1m[92m     Running[0m unittests src/lib.rs (target/debug/deps/nf_arbitrator-6363e96099bf9242)

running 0 tests

test result: ok. 0 passed; 0 failed; 0 ignored; 0 measured; 0 filtered out; finished in 0.00s

[1m[92m     Running[0m tests/compilefail.rs (target/debug/deps/compilefail-478af2cb6c91a996)

running 1 test
[1m[92m    Checking[0m nf-protocol v0.1.0 (/home/runner/work/HFT-Proj/HFT-Proj/crates/nf-protocol)
[1m[92m    Checking[0m nf-arbitrator v0.1.0 (/home/runner/work/HFT-Proj/HFT-Proj/crates/nf-arbitrator)
[1m[92m    Checking[0m nf-transport v0.1.0 (/home/runner/work/HFT-Proj/HFT-Proj/crates/nf-transport)
[1m[92m    Checking[0m nf-recovery v0.1.0 (/home/runner/work/HFT-Proj/HFT-Proj/crates/nf-recovery)
[1m[92m    Checking[0m nf-testkit v0.1.0 (/home/runner/work/HFT-Proj/HFT-Proj/crates/nf-testkit)
[1m[92m    Checking[0m nf-arbitrator-tests v0.0.0 (/home/runner/work/HFT-Proj/HFT-Proj/target/tests/trybuild/nf-arbitrator)
[1m[92m    Finished[0m `dev` profile [unoptimized + debuginfo] target(s) in 0.45s


test tests/ui/cf1_private_field_construction.rs ... ok
test tests/ui/cf2_private_field_read.rs ... ok
test tests/ui/cf3_destructure.rs ... ok
test tests/ui/cf4_lookalike_type.rs ... ok
test tests/ui/cf5_hold_across_calls.rs ... ok
test tests/ui/cf6_orphan_clone.rs ... ok


test test_compile_fail_suite ... ok

test result: ok. 1 passed; 0 failed; 0 ignored; 0 measured; 0 filtered out; finished in 2.02s

[1m[92m     Running[0m tests/sequencer_tests.rs (target/debug/deps/sequencer_tests-c037a0fdfcc57b5c)

running 19 tests
test test_r3_no_optin_unchanged ... ok
test test_r3_span_gap_staging_drain ... ok
test test_r3_span_equivalence_contiguous_flow ... ok
test test_r3_span_fallback_on_invalid ... ok
test test_r3_span_hb_eos ... ok
test test_u11_seal ... ok
test test_u10_gen_law ... ok
test test_u14_byte_identity ... ok
test test_u12_recovery_intent ... ok
test test_u13_totality ... ok
test test_u1_dup_fast_path ... ok
test test_u6_session_change ... ok
test test_u2_partial_overlap ... ok
test test_u4_window_clamp ... ok
test test_u3_reorder_disorder ... ok
test test_u7_heartbeat_gap ... ok
test test_u8_eos_handling ... ok
test test_u9_eos_then_data ... ok
test test_u_zombie_hazard ... ok

test result: ok. 19 passed; 0 failed; 0 ignored; 0 measured; 0 filtered out; finished in 0.00s

[1m[92m     Running[0m tests/split_watermark.rs (target/debug/deps/split_watermark-6b556bc238fd948b)

running 1 test
test test_a1_split_watermark_discriminator ... ok

test result: ok. 1 passed; 0 failed; 0 ignored; 0 measured; 0 filtered out; finished in 0.05s

[1m[92m     Running[0m unittests src/lib.rs (target/debug/deps/nf_engine-2835e0eb584a1f80)

running 4 tests
test histogram::tests::test_static_histogram_percentiles ... ok
test tail_study::tests::test_p2_l1_unit_law_per_message_stamps ... ok
test tests::test_audit_in_memory_stream ... ok
test tests::test_audit_truncated_tail ... ok

test result: ok. 4 passed; 0 failed; 0 ignored; 0 measured; 0 filtered out; finished in 0.00s

[1m[92m     Running[0m unittests src/bin/audit.rs (target/debug/deps/audit-0ffa5e810830aa34)

running 0 tests

test result: ok. 0 passed; 0 failed; 0 ignored; 0 measured; 0 filtered out; finished in 0.00s

[1m[92m     Running[0m unittests src/bin/bench.rs (target/debug/deps/bench-8d7d78bca1894c8b)

running 0 tests

test result: ok. 0 passed; 0 failed; 0 ignored; 0 measured; 0 filtered out; finished in 0.00s

[1m[92m     Running[0m unittests src/bin/hft_bench.rs (target/debug/deps/hft_bench-77e0d5531fa87c9d)

running 0 tests

test result: ok. 0 passed; 0 failed; 0 ignored; 0 measured; 0 filtered out; finished in 0.00s

[1m[92m     Running[0m unittests src/bin/kbench.rs (target/debug/deps/kbench-4bb94fa949f08972)

running 0 tests

test result: ok. 0 passed; 0 failed; 0 ignored; 0 measured; 0 filtered out; finished in 0.00s

[1m[92m     Running[0m unittests src/bin/replay.rs (target/debug/deps/replay-0ff2083d86b40b63)

running 0 tests

test result: ok. 0 passed; 0 failed; 0 ignored; 0 measured; 0 filtered out; finished in 0.00s

[1m[92m     Running[0m tests/xdp_tests.rs (target/debug/deps/xdp_tests-51cc3573b9588ba6)

running 6 tests
test test_x1_xdp_smoke ... ok
test test_x4_fill_ring_discipline ... ok
test test_x6_malicious_frames ... ok
test test_x5_alloc_window_xdp ... ok
test test_x3_scripted_dual_drop ... ok
test test_x2_conformance_mini ... ok

test result: ok. 6 passed; 0 failed; 0 ignored; 0 measured; 0 filtered out; finished in 0.03s

[1m[92m     Running[0m unittests src/lib.rs (target/debug/deps/nf_protocol-885ff5d190450fa5)

running 21 tests
test gates::tests::test_gates_tripwires_fail_on_bad_inputs ... ok
test itch5::tests::t1_tv_it1_system_event ... ok
test itch5::tests::t2_tv_it2_stock_directory ... ok
test itch5::tests::t3_case_trap ... ok
test itch5::tests::t4_synthetic_add_order ... ok
test itch5::tests::t5_table_totality ... ok
test itch5::tests::t7_extended_overlays ... ok
test moldudp64::tests::t11_span_calculation ... ok
test moldudp64::tests::t13_spec_slice_edges ... ok
test itch5::tests::t6_error_paths ... ok
test moldudp64::tests::t1_tv1_golden ... ok
test moldudp64::tests::t2_t3_heartbeat_and_eos ... ok
test moldudp64::tests::t5_truncated_frame ... ok
test moldudp64::tests::t4_encode_request ... ok
test moldudp64::tests::t6_block_overrun ... ok
test moldudp64::tests::t7_trailing_bytes ... ok
test moldudp64::tests::t8_zero_length_message ... ok
test moldudp64::tests::t9_seq_overflow ... ok
test packet::tests::test_validate_frame_synthetic ... ok
test moldudp64::tests::t10_round_trip_property ... ok
test moldudp64::tests::t12_spec_slice_matches_blocks ... ok

test result: ok. 21 passed; 0 failed; 0 ignored; 0 measured; 0 filtered out; finished in 0.04s

[1m[92m     Running[0m unittests src/lib.rs (target/debug/deps/nf_recovery-a4273f375a48027e)

running 0 tests

test result: ok. 0 passed; 0 failed; 0 ignored; 0 measured; 0 filtered out; finished in 0.00s

[1m[92m     Running[0m tests/recovery_tests.rs (target/debug/deps/recovery_tests-6c123f8406540150)

running 17 tests
test test_r10_session_boundary_during_recovery ... ok
test test_r11_socket_disconnect ... ok
test test_r12_vt_grace_stepping ... ok
test test_r13_retry_counting_determinism ... ok
test test_r14_state_transition_matrix ... ok
test test_e2e_2b_split_dual_drop ... ok
test test_e2e_2a_canonical_dual_drop ... ok
test test_e2e_2c_double_run_confluence ... ok
test test_r4_request_encode_from_intent ... ok
test test_r1_fakeserver_drop_request_fault ... ok
test test_r6_drop_request_dead ... ok
test test_r7_silence_dead ... ok
test test_r5_partial_fill_truncate_after ... ok
test test_r2_fakeserver_drop_response_fault ... ok
test test_r3_inv_r5_wrong_session ... ok
test test_r9_dual_drop_repair ... ok
test test_r8_duplicate_first ... ok

test result: ok. 17 passed; 0 failed; 0 ignored; 0 measured; 0 filtered out; finished in 0.14s

[1m[92m     Running[0m unittests src/lib.rs (target/debug/deps/nf_testkit-c60ad869f026b239)

running 76 tests
test affinity::fabric_placement_tests::t_fabric_placement_distinct_workers_on_distinct_cores ... ok
test affinity::l3_tests::t_l3_groups_partition ... ok
test affinity::fabric_placement_tests::t_fabric_placement_no_worker_on_main_sibling_when_possible ... ok
test affinity::l3_tests::t_topology_verification_same_cpu_violates ... ok
test affinity::l3_tests::t_pipeline_placement_distinct ... ok
test affinity::tests::t_affinity_order_nonempty_and_bounded ... ok
test affinity::tests::t_affinity_pin_roundtrip ... ok
test affinity::l3_tests::t_topology_verification_placement_consistent ... ok
test batch_parity::t_r12_soa_parity_default_schedule ... ok
test batch_parity::t_r12_soa_parity_lossy_schedule ... ok
test batch_parity::t_r12_soa_parity_multi_pass_resets ... ok
test batch_parity::t_r12_soa_parity_reorder_schedule ... ok
test batch_parity::t_r12_soa_parity_session_split ... ok
test batch_parity::t_r12_soa_parity_single_feed_seeded ... ok
test batch_parity::t_r8_batch_parity_default_schedule ... ok
test batch_parity::t_r8_batch_parity_fast_sink ... ok
test batch_parity::t_r8_batch_parity_lossy_schedule ... ok
test batch_parity::t_r8_batch_parity_multi_pass_reset ... ok
test batch_parity::t_r8_batch_parity_per_message_sink ... ok
test batch_parity::t_r8_batch_parity_reorder_schedule ... ok
test batch_parity::t_r8_batch_parity_session_split ... ok
test batch_parity::t_r8_batch_parity_single_feed_seeded ... ok
test batch_parity::t_r8_coalesced_pacing_parity ... ok
test batch_parity::t_r8_pipeline_parity_canonical ... ok
test crcfold::tests::t_affine_kernel_8lane_differential ... ok
test crcfold::tests::t_affine_kernel_models ... ok
test crcfold::tests::t_affine_kernel_scalar_differential ... ok
test crcfold::tests::t_affine_span_derivation_oracle ... ok
test crcfold::tests::t_dfold_constants_derivation ... ok
test crcfold::tests::t_fold_differential_exhaustive ... ok
test crcfold::tests::t_gfni_bitrev_matrix ... ok
test crcfold::tests::t_golden_vectors ... ok
test crcfold::tests::t_ofold_constants_derivation ... ok
test crcfold::tests::t_r23c_tag_core ... ok
test crcfold::tests::t_reference_matches_standard_vector ... ok
test crcfold::tests::t_reflect_constants_derivation ... ok
test crcfold::tests::t_spec_slice_vec_differential ... ok
test crcfold::tests::t_transpose_arena_public_api ... ok
test crcfold::tests::t_tri_constants_derivation ... ok
test crcfold::tests::t_vend_constants_derivation ... ok
test crcfold::tests::t_vtail_constants_derivation ... ok
test hydra::tests::t_hydra_bitparity_chaos_schedule ... ok
test hydra::tests::t_hydra_bitparity_default_schedule ... ok
test batch_parity::t_f2_rxbuild_chaos_sustained_soak ... ok
test batch_parity::t_f1_rxwarm_chaos_sustained_soak ... ok
test hydra::tests::t_hydra_bitparity_seeded_range ... ok
test hydra::tests::t_hydra_bitparity_ring_wraparound ... ok
test hydra::tests::t_hydra_bitparity_worker_counts ... ok
test hydra::tests::t_hydra_crosspass_overlap_bitparity ... ok
test hydra::tests::t_r23c_affine_ledger_pipeline_parity ... ok
test hydra::tests::t_r23c_affine_tag_parity ... ok
test batch_parity::t_i7_prepatch_chaos_sustained_soak ... ok
test hydra::tests::t_hydra_bitparity_fixed1 ... ok
test soa::tests::t_ladder_alternating_group_passes ... ok
test soa::tests::t_ladder_avx512_matches_scalar_when_present ... ok
test soa::tests::t_ladder_gap_fails ... ok
test soa::tests::t_ladder_pair_mismatch_fails ... ok
test soa::tests::t_ladder_partial_dup_fails_or_passes_correctly ... ok
test soa::tests::t_ladder_two_emits_fails ... ok
test soa::tests::t_ladder_wrapping_group_rejected ... ok
test tests::t10_max_rate_mode ... ok
test tests::t1_golden_walker_mini ... ok
test tests::t2_schedule_determinism ... ok
test tests::t3_packetization_modes ... ok
test tests::t4_render_round_trip ... ok
test tests::t5_accounting_identity_guarantee_coverage ... ok
test tests::t6_th1_structure ... ok
test tests::t7_session_split_invariance ... ok
test tests::t8_delay_distribution_sanity ... ok
test tests::t9_full_mini_chaos_run ... ok
test tests::test_e2e_1_mini_chaos_conformance ... ok
test tests::test_e2e_1b_mini_chaos_determinism_double_run ... ok
test hydra::tests::t_hydra_pipeline_soa_chaos_bitparity ... ok
test tests::test_u5_w1_property_1m_ops ... ok
test hydra::tests::t_rxdesc_sustained_multipass_parity ... ok
test hydra::tests::t_rxdesc_parity_matrix ... ok

test result: ok. 76 passed; 0 failed; 0 ignored; 0 measured; 0 filtered out; finished in 5.09s

[1m[92m     Running[0m unittests src/bin/diff_oracle.rs (target/debug/deps/diff_oracle-fa81e8970129c313)

running 0 tests

test result: ok. 0 passed; 0 failed; 0 ignored; 0 measured; 0 filtered out; finished in 0.00s

[1m[92m     Running[0m unittests src/bin/fakeserver.rs (target/debug/deps/fakeserver-cafe9c737f62a6cf)

running 0 tests

test result: ok. 0 passed; 0 failed; 0 ignored; 0 measured; 0 filtered out; finished in 0.00s

[1m[92m     Running[0m unittests src/bin/fbench.rs (target/debug/deps/fbench-125af8e1b5e4ff98)

running 0 tests

test result: ok. 0 passed; 0 failed; 0 ignored; 0 measured; 0 filtered out; finished in 0.00s

[1m[92m     Running[0m unittests src/bin/fuzz_campaign.rs (target/debug/deps/fuzz_campaign-5df8befc36b68eb5)

running 0 tests

test result: ok. 0 passed; 0 failed; 0 ignored; 0 measured; 0 filtered out; finished in 0.00s

[1m[92m     Running[0m unittests src/bin/matrix_sweep.rs (target/debug/deps/matrix_sweep-7c6987c33b3656ab)

running 0 tests

test result: ok. 0 passed; 0 failed; 0 ignored; 0 measured; 0 filtered out; finished in 0.00s

[1m[92m     Running[0m unittests src/bin/spec_server.rs (target/debug/deps/spec_server-cb8f9ed5a20ba269)

running 0 tests

test result: ok. 0 passed; 0 failed; 0 ignored; 0 measured; 0 filtered out; finished in 0.00s

[1m[92m     Running[0m unittests src/bin/venue.rs (target/debug/deps/venue-785153f8a034a3bf)

running 0 tests

test result: ok. 0 passed; 0 failed; 0 ignored; 0 measured; 0 filtered out; finished in 0.00s

[1m[92m     Running[0m unittests src/bin/window_sweep.rs (target/debug/deps/window_sweep-6d125350cd8689be)

running 0 tests

test result: ok. 0 passed; 0 failed; 0 ignored; 0 measured; 0 filtered out; finished in 0.00s

[1m[92m     Running[0m unittests src/lib.rs (target/debug/deps/nf_transport-1bacef6ed3ea05d1)

running 24 tests
test pipeline::tests::t_pipeline_armed_rejects_plain_reset ... ok
test pipeline::tests::t_pipeline_coalesce128 ... ok
test pipeline::tests::t_pipeline_auto_advance_multi_pass ... ok
test pipeline::tests::t_pipeline_auto_advance_session_divergence_failstops ... ok
test pipeline::tests::t_pipeline_multi_reset ... ok
test pipeline::tests::t_pipeline_single_pass_coalesce1 ... ok
test pipeline::tests::t_pipeline_single_pass_coalesce8 ... ok
test pipeline::tests::t_rxbuild_constant_session ... ok
test pipeline::tests::t_rxbuild_mid_pass_abandon ... ok
test pipeline::tests::t_nbuf32_parity_vs_depth16 ... ok
test pipeline::tests::t_rxbuild_parity_vs_classic ... ok
test pipeline::tests::t_rxwarm_mid_pass_abandon ... ok
test render::tests::t_r2_memo_all_valid ... ok
test render::tests::t_r2_memo_default_trait_none ... ok
test render::tests::t_r2_memo_exact_prefix ... ok
test pipeline::tests::t_rxwarm_unarmed_constant_session ... ok
test render::tests::t_r2_memo_none_for_hb ... ok
test render::tests::t_r2_memo_stable_across_reset ... ok
test render::tests::t_r8_batch_entries_match_side_tables ... ok
test render::tests::t_r2_memo_none_oob ... ok
test render::tests::t_r9_aliasing_dual_feed_identical_bytes_and_smaller_blob ... ok
test render::tests::t_r9_aliasing_not_for_distinct_ranges ... ok
test pipeline::tests::t_rxwarm_parity_vs_classic ... ok
test pipeline::tests::t_prepatch_marker_sentinel_head_invariant ... ok

test result: ok. 24 passed; 0 failed; 0 ignored; 0 measured; 0 filtered out; finished in 0.11s

[1m[92m   Doc-tests[0m nf_arbitrator

running 0 tests

test result: ok. 0 passed; 0 failed; 0 ignored; 0 measured; 0 filtered out; finished in 0.00s

[1m[92m   Doc-tests[0m nf_engine

running 0 tests

test result: ok. 0 passed; 0 failed; 0 ignored; 0 measured; 0 filtered out; finished in 0.00s

[1m[92m   Doc-tests[0m nf_protocol

running 0 tests

test result: ok. 0 passed; 0 failed; 0 ignored; 0 measured; 0 filtered out; finished in 0.00s

[1m[92m   Doc-tests[0m nf_recovery

running 0 tests

test result: ok. 0 passed; 0 failed; 0 ignored; 0 measured; 0 filtered out; finished in 0.00s

[1m[92m   Doc-tests[0m nf_testkit

running 0 tests

test result: ok. 0 passed; 0 failed; 0 ignored; 0 measured; 0 filtered out; finished in 0.00s

[1m[92m   Doc-tests[0m nf_transport

running 0 tests

test result: ok. 0 passed; 0 failed; 0 ignored; 0 measured; 0 filtered out; finished in 0.00s

=== 6. Full Day Audit & Histogram Diff ===
[1m[92m    Finished[0m `release` profile [optimized] target(s) in 0.01s
[1m[92m     Running[0m `target/release/audit data/tests/sample-mini.itch`
AUDIT file=data/tests/sample-mini.itch bytes=14999991 blocks=505849 violations=0 truncated_tail=true
HIST 0x41 A len=36 count=180684 pct=35.72
HIST 0x43 C len=36 count=20 pct=0.00
HIST 0x44 D len=19 count=164385 pct=32.50
HIST 0x45 E len=31 count=1507 pct=0.30
HIST 0x46 F len=40 count=27934 pct=5.52
HIST 0x48 H len=25 count=8900 pct=1.76
HIST 0x4C L len=26 count=6171 pct=1.22
HIST 0x4E N len=20 count=76670 pct=15.16
HIST 0x50 P len=44 count=1544 pct=0.31
HIST 0x52 R len=39 count=8906 pct=1.76
HIST 0x53 S len=12 count=3 pct=0.00
HIST 0x55 U len=35 count=18395 pct=3.64
HIST 0x56 V len=35 count=1 pct=0.00
HIST 0x58 X len=23 count=1821 pct=0.36
HIST 0x59 Y len=20 count=8908 pct=1.76
=== 7. Replay Conformance & Golden Hash Check ===
[1m[92m    Finished[0m `release` profile [optimized] target(s) in 0.00s
[1m[92m     Running[0m `target/release/replay --config ci-mode1.toml`
BLOB_BACKING mode=mmap anon_huge_kb=16384 map_mb=16.5 verdict=thp-granted
VERDICT hash=0xF6EF154EFDE905D8 count=505849 watermark=255850 violations=0
=== 8. Zero-Allocation Window (ALLOC_DELTA=0) ===
BLOB_BACKING mode=mmap anon_huge_kb=14336 map_mb=16.5 verdict=thp-granted
WINDOW_BEGIN
WINDOW_END
ALLOC_DELTA=0
VERDICT hash=0xF6EF154EFDE905D8 count=505849 watermark=255850 violations=0
=== 9. Kernel Syscall Strace Diff Probe ===
BLOB_BACKING mode=mmap anon_huge_kb=16384 map_mb=16.5 verdict=thp-granted
BLOB_BACKING mode=mmap anon_huge_kb=16384 map_mb=16.5 verdict=thp-granted
VERDICT hash=0xF6EF154EFDE905D8 count=505849 watermark=255850 violations=0
=== 10. Venue Sender & XDP Transport Smoke Check ===
[1m[92m    Finished[0m `release` profile [optimized] target(s) in 0.01s
[1m[92m     Running[0m `target/release/venue --sample data/tests/sample-mini.itch`
VENUE_SENDER starting: sending 101202 events
VENUE_SENDER finished: 101202 packets transmitted
=== 11. Benchmark & G12-T1 Tail Attribution Study ===
[1m[92m    Finished[0m `release` profile [optimized] target(s) in 0.01s
[1m[92m     Running[0m `target/release/bench --sample data/tests/sample-mini.itch --runs 5 --study`
BENCH_CALIBRATION invariant_tsc=true freq_mhz=2596.12 mark_overhead_cycles=52
=== 1. PR-1 UN-INSTRUMENTED BURST THROUGHPUT EVALUATION ===
BLOB_BACKING mode=mmap anon_huge_kb=16384 map_mb=16.5 verdict=thp-granted
BENCH mode=replay-burst-uninstrumented msgs=505849 rate=749254964 allocs=0 freq=2596.12MHz run=1
BENCH mode=replay-burst-uninstrumented msgs=505849 rate=707208126 allocs=0 freq=2596.12MHz run=2
BENCH mode=replay-burst-uninstrumented msgs=505849 rate=798935172 allocs=0 freq=2596.12MHz run=3
BENCH mode=replay-burst-uninstrumented msgs=505849 rate=853402143 allocs=0 freq=2596.12MHz run=4
BENCH mode=replay-burst-uninstrumented msgs=505849 rate=863898746 allocs=0 freq=2596.12MHz run=5
BENCH_MEDIAN mode=replay-burst-uninstrumented rate=798935172
PR1_TITAN_VERDICT rate=798935172 target=100000000 -> PASS (span conformance: every emitted byte CRC32C-checked in-window, 8 lanes)
=== 2. PR-1 SUSTAINED LOOP MODE (>= 5 SECONDS) ===
BENCH mode=replay-sustained-5s total_msgs=4660892686 duration=5.00s sustained_rate=932107114 msg/s allocs=0
PR1_TITAN_SUSTAINED_VERDICT rate=932107114 target=100000000 -> PASS
=== 3. SAMPLED MARKS EVALUATION (1-in-256) & PR-2 VERDICT ===
BENCH mode=replay-core-sampled-256-fast msgs=505849 rate=65436566 p50=52 p99=104 mean=61.78 allocs=0 freq=2596.12MHz run=1
BENCH mode=replay-core-sampled-256-fast msgs=505849 rate=65758512 p50=52 p99=78 mean=61.48 allocs=0 freq=2596.12MHz run=2
BENCH mode=replay-core-sampled-256-fast msgs=505849 rate=65738660 p50=52 p99=78 mean=61.12 allocs=0 freq=2596.12MHz run=3
BENCH mode=replay-core-sampled-256-fast msgs=505849 rate=65555212 p50=52 p99=104 mean=61.16 allocs=0 freq=2596.12MHz run=4
BENCH mode=replay-core-sampled-256-fast msgs=505849 rate=65699060 p50=52 p99=78 mean=60.97 allocs=0 freq=2596.12MHz run=5
PR2_SAMPLED_VERDICT rate=65699060 p50=52 p99=78 (tax=91.78%) -> p50 < 60: PASS, p99 < 150: PASS
=== 4. H5 PACKET-SIZE SWEEP ===
H5_SWEEP packetize=Fixed(1) packets=1011710 rep=1 p50=104 p99=156 p99.9=182
H5_SWEEP packetize=Fixed(1) packets=1011710 rep=2 p50=104 p99=156 p99.9=182
H5_SWEEP packetize=Fixed(16) packets=63258 rep=1 p50=104 p99=130 p99.9=156
H5_SWEEP packetize=Fixed(16) packets=63258 rep=2 p50=104 p99=130 p99.9=156
H5_SWEEP packetize=MtuBound(1400) packets=21996 rep=1 p50=104 p99=130 p99.9=416
H5_SWEEP packetize=MtuBound(1400) packets=21996 rep=2 p50=104 p99=130 p99.9=156
=== 5. G12-T1 TAIL ATTRIBUTION STUDY PHASE 2 (PER-MESSAGE MEASUREMENT) ===
BENCH mode=replay-core-msg arm=cold msgs=505849 rate=14500629 raw[p50=78 p90=130 p99=130 p99.99=390 max=54418] adj[p50=26 p90=78 p99=78 p99.99=338 max=54366] allocs=0 freq=2596.12MHz run=1
BENCH mode=replay-core-msg arm=cold msgs=505849 rate=14407433 raw[p50=78 p90=130 p99=130 p99.99=364 max=36738] adj[p50=26 p90=78 p99=78 p99.99=312 max=36686] allocs=0 freq=2596.12MHz run=2
BENCH mode=replay-core-msg arm=cold msgs=505849 rate=14163572 raw[p50=104 p90=130 p99=130 p99.99=416 max=62296] adj[p50=52 p90=78 p99=78 p99.99=364 max=62244] allocs=0 freq=2596.12MHz run=3
BENCH mode=replay-core-msg arm=cold msgs=505849 rate=14231361 raw[p50=104 p90=130 p99=130 p99.99=390 max=35698] adj[p50=52 p90=78 p99=78 p99.99=338 max=35646] allocs=0 freq=2596.12MHz run=4
BENCH mode=replay-core-msg arm=cold msgs=505849 rate=14397433 raw[p50=78 p90=130 p99=130 p99.99=416 max=41262] adj[p50=26 p90=78 p99=78 p99.99=364 max=41210] allocs=0 freq=2596.12MHz run=5
T1_PHASE2 arm=cold rate=14397433 raw[p50=78 p90=130 p99=130 p99.9=156 p99.99=390 max=41262] adj[p50=26 p90=78 p99=78 p99.9=104 p99.99=338 max=41210] unknown_pct=0.00% (samples_above_p99=144202)
BENCH mode=replay-core-msg arm=prefault msgs=505849 rate=14658120 raw[p50=78 p90=130 p99=130 p99.99=390 max=32838] adj[p50=26 p90=78 p99=78 p99.99=338 max=32786] allocs=0 freq=2596.12MHz run=1
BENCH mode=replay-core-msg arm=prefault msgs=505849 rate=14692226 raw[p50=78 p90=130 p99=130 p99.99=312 max=26494] adj[p50=26 p90=78 p99=78 p99.99=260 max=26442] allocs=0 freq=2596.12MHz run=2
BENCH mode=replay-core-msg arm=prefault msgs=505849 rate=14753534 raw[p50=78 p90=130 p99=130 p99.99=364 max=27170] adj[p50=26 p90=78 p99=78 p99.99=312 max=27118] allocs=0 freq=2596.12MHz run=3
BENCH mode=replay-core-msg arm=prefault msgs=505849 rate=14740746 raw[p50=78 p90=130 p99=130 p99.99=390 max=45500] adj[p50=26 p90=78 p99=78 p99.99=338 max=45448] allocs=0 freq=2596.12MHz run=4
BENCH mode=replay-core-msg arm=prefault msgs=505849 rate=14731688 raw[p50=78 p90=130 p99=130 p99.99=364 max=42510] adj[p50=26 p90=78 p99=78 p99.99=312 max=42458] allocs=0 freq=2596.12MHz run=5
T1_PHASE2 arm=prefault rate=14731688 raw[p50=78 p90=130 p99=130 p99.9=156 p99.99=364 max=32838] adj[p50=26 p90=78 p99=78 p99.9=104 p99.99=312 max=32786] unknown_pct=0.00% (samples_above_p99=131226)
BENCH mode=replay-core-msg arm=empty msgs=1011698 rate=22432155 raw[p50=52 p90=52 p99=52 p99.99=78 max=22256] adj[p50=0 p90=0 p99=0 p99.99=26 max=22204] allocs=0 freq=2596.12MHz run=1
BENCH mode=replay-core-msg arm=empty msgs=1011698 rate=22448371 raw[p50=52 p90=52 p99=52 p99.99=78 max=19266] adj[p50=0 p90=0 p99=0 p99.99=26 max=19214] allocs=0 freq=2596.12MHz run=2
BENCH mode=replay-core-msg arm=empty msgs=1011698 rate=22580591 raw[p50=52 p90=52 p99=52 p99.99=78 max=44798] adj[p50=0 p90=0 p99=0 p99.99=26 max=44746] allocs=0 freq=2596.12MHz run=3
BENCH mode=replay-core-msg arm=empty msgs=1011698 rate=22590781 raw[p50=52 p90=52 p99=52 p99.99=78 max=33072] adj[p50=0 p90=0 p99=0 p99.99=26 max=33020] allocs=0 freq=2596.12MHz run=4
BENCH mode=replay-core-msg arm=empty msgs=1011698 rate=22274292 raw[p50=52 p90=52 p99=52 p99.99=78 max=20098] adj[p50=0 p90=0 p99=0 p99.99=26 max=20046] allocs=0 freq=2596.12MHz run=5
T1_PHASE2 arm=empty rate=22448371 raw[p50=52 p90=52 p99=52 p99.9=52 p99.99=78 max=22256] adj[p50=0 p90=0 p99=0 p99.9=0 p99.99=26 max=22204] unknown_pct=0.00% (samples_above_p99=394253)
STUDY_REPORT written to docs/artifacts/tail-study/study-report.md
=== 6. TARGET-1 PHASE A: 3-ARM SKELETON BASELINE SWEEP (20 RUNS) ===
BENCH mode=replay-core-msg arm=empty msgs=1011698 rate=22303730 raw[p50=52 p90=52 p99=52 p99.99=78 max=23244] adj[p50=0 p90=0 p99=0 p99.99=26 max=23192] allocs=0 freq=2596.12MHz run=1
T1_PHASE2 arm=empty rate=22303730 raw[p50=52 p90=52 p99=52 p99.9=52 p99.99=78 max=23244] adj[p50=0 p90=0 p99=0 p99.9=0 p99.99=26 max=23192] unknown_pct=0.00% (samples_above_p99=400071)
BENCH mode=replay-core-msg arm=loop msgs=1011698 rate=22474660 raw[p50=52 p90=52 p99=52 p99.99=78 max=38090] adj[p50=0 p90=0 p99=0 p99.99=26 max=38038] allocs=0 freq=2596.12MHz run=1
T1_PHASE2 arm=loop rate=22474660 raw[p50=52 p90=52 p99=52 p99.9=52 p99.99=78 max=38090] adj[p50=0 p90=0 p99=0 p99.9=0 p99.99=26 max=38038] unknown_pct=0.00% (samples_above_p99=399869)
BENCH mode=replay-core-msg arm=cold msgs=505849 rate=14654930 raw[p50=78 p90=130 p99=130 p99.99=208 max=41886] adj[p50=26 p90=78 p99=78 p99.99=156 max=41834] allocs=0 freq=2596.12MHz run=1
T1_PHASE2 arm=cold rate=14654930 raw[p50=78 p90=130 p99=130 p99.9=156 p99.99=208 max=41886] adj[p50=26 p90=78 p99=78 p99.9=104 p99.99=156 max=41834] unknown_pct=0.00% (samples_above_p99=131415)
BENCH mode=replay-core-msg arm=empty msgs=1011698 rate=22448236 raw[p50=52 p90=52 p99=52 p99.99=78 max=36218] adj[p50=0 p90=0 p99=0 p99.99=26 max=36166] allocs=0 freq=2596.12MHz run=1
T1_PHASE2 arm=empty rate=22448236 raw[p50=52 p90=52 p99=52 p99.9=52 p99.99=78 max=36218] adj[p50=0 p90=0 p99=0 p99.9=0 p99.99=26 max=36166] unknown_pct=0.00% (samples_above_p99=392293)
BENCH mode=replay-core-msg arm=loop msgs=1011698 rate=22681854 raw[p50=52 p90=52 p99=52 p99.99=78 max=36842] adj[p50=0 p90=0 p99=0 p99.99=26 max=36790] allocs=0 freq=2596.12MHz run=1
T1_PHASE2 arm=loop rate=22681854 raw[p50=52 p90=52 p99=52 p99.9=52 p99.99=78 max=36842] adj[p50=0 p90=0 p99=0 p99.9=0 p99.99=26 max=36790] unknown_pct=0.00% (samples_above_p99=393137)
BENCH mode=replay-core-msg arm=cold msgs=505849 rate=14699653 raw[p50=78 p90=130 p99=130 p99.99=208 max=45552] adj[p50=26 p90=78 p99=78 p99.99=156 max=45500] allocs=0 freq=2596.12MHz run=1
T1_PHASE2 arm=cold rate=14699653 raw[p50=78 p90=130 p99=130 p99.9=156 p99.99=208 max=45552] adj[p50=26 p90=78 p99=78 p99.9=104 p99.99=156 max=45500] unknown_pct=0.00% (samples_above_p99=128433)
BENCH mode=replay-core-msg arm=empty msgs=1011698 rate=22546305 raw[p50=52 p90=52 p99=52 p99.99=78 max=52832] adj[p50=0 p90=0 p99=0 p99.99=26 max=52780] allocs=0 freq=2596.12MHz run=1
T1_PHASE2 arm=empty rate=22546305 raw[p50=52 p90=52 p99=52 p99.9=52 p99.99=78 max=52832] adj[p50=0 p90=0 p99=0 p99.9=0 p99.99=26 max=52780] unknown_pct=0.00% (samples_above_p99=389105)
BENCH mode=replay-core-msg arm=loop msgs=1011698 rate=22724679 raw[p50=52 p90=52 p99=52 p99.99=78 max=33098] adj[p50=0 p90=0 p99=0 p99.99=26 max=33046] allocs=0 freq=2596.12MHz run=1
T1_PHASE2 arm=loop rate=22724679 raw[p50=52 p90=52 p99=52 p99.9=52 p99.99=78 max=33098] adj[p50=0 p90=0 p99=0 p99.9=0 p99.99=26 max=33046] unknown_pct=0.00% (samples_above_p99=390169)
BENCH mode=replay-core-msg arm=cold msgs=505849 rate=14706796 raw[p50=78 p90=130 p99=130 p99.99=338 max=45370] adj[p50=26 p90=78 p99=78 p99.99=286 max=45318] allocs=0 freq=2596.12MHz run=1
T1_PHASE2 arm=cold rate=14706796 raw[p50=78 p90=130 p99=130 p99.9=156 p99.99=338 max=45370] adj[p50=26 p90=78 p99=78 p99.9=104 p99.99=286 max=45318] unknown_pct=0.00% (samples_above_p99=127841)
BENCH mode=replay-core-msg arm=empty msgs=1011698 rate=22537684 raw[p50=52 p90=52 p99=52 p99.99=78 max=40248] adj[p50=0 p90=0 p99=0 p99.99=26 max=40196] allocs=0 freq=2596.12MHz run=1
T1_PHASE2 arm=empty rate=22537684 raw[p50=52 p90=52 p99=52 p99.9=52 p99.99=78 max=40248] adj[p50=0 p90=0 p99=0 p99.9=0 p99.99=26 max=40196] unknown_pct=0.00% (samples_above_p99=390703)
BENCH mode=replay-core-msg arm=loop msgs=1011698 rate=22644763 raw[p50=52 p90=52 p99=52 p99.99=78 max=33670] adj[p50=0 p90=0 p99=0 p99.99=26 max=33618] allocs=0 freq=2596.12MHz run=1
T1_PHASE2 arm=loop rate=22644763 raw[p50=52 p90=52 p99=52 p99.9=52 p99.99=78 max=33670] adj[p50=0 p90=0 p99=0 p99.9=0 p99.99=26 max=33618] unknown_pct=0.00% (samples_above_p99=392318)
BENCH mode=replay-core-msg arm=cold msgs=505849 rate=14370713 raw[p50=104 p90=130 p99=130 p99.99=286 max=200694] adj[p50=52 p90=78 p99=78 p99.99=234 max=200642] allocs=0 freq=2596.12MHz run=1
T1_PHASE2 arm=cold rate=14370713 raw[p50=104 p90=130 p99=130 p99.9=156 p99.99=286 max=200694] adj[p50=52 p90=78 p99=78 p99.9=104 p99.99=234 max=200642] unknown_pct=0.00% (samples_above_p99=150005)
BENCH mode=replay-core-msg arm=empty msgs=1011698 rate=22325586 raw[p50=52 p90=52 p99=52 p99.99=78 max=34606] adj[p50=0 p90=0 p99=0 p99.99=26 max=34554] allocs=0 freq=2596.12MHz run=1
T1_PHASE2 arm=empty rate=22325586 raw[p50=52 p90=52 p99=52 p99.9=52 p99.99=78 max=34606] adj[p50=0 p90=0 p99=0 p99.9=0 p99.99=26 max=34554] unknown_pct=0.00% (samples_above_p99=397383)
BENCH mode=replay-core-msg arm=loop msgs=1011698 rate=22477846 raw[p50=52 p90=52 p99=52 p99.99=78 max=110968] adj[p50=0 p90=0 p99=0 p99.99=26 max=110916] allocs=0 freq=2596.12MHz run=1
T1_PHASE2 arm=loop rate=22477846 raw[p50=52 p90=52 p99=52 p99.9=52 p99.99=78 max=110968] adj[p50=0 p90=0 p99=0 p99.9=0 p99.99=26 max=110916] unknown_pct=0.00% (samples_above_p99=398532)
BENCH mode=replay-core-msg arm=cold msgs=505849 rate=14632603 raw[p50=78 p90=130 p99=130 p99.99=364 max=29614] adj[p50=26 p90=78 p99=78 p99.99=312 max=29562] allocs=0 freq=2596.12MHz run=1
T1_PHASE2 arm=cold rate=14632603 raw[p50=78 p90=130 p99=130 p99.9=156 p99.99=364 max=29614] adj[p50=26 p90=78 p99=78 p99.9=104 p99.99=312 max=29562] unknown_pct=0.00% (samples_above_p99=130941)
BENCH mode=replay-core-msg arm=empty msgs=1011698 rate=22465544 raw[p50=52 p90=52 p99=52 p99.99=78 max=199056] adj[p50=0 p90=0 p99=0 p99.99=26 max=199004] allocs=0 freq=2596.12MHz run=1
T1_PHASE2 arm=empty rate=22465544 raw[p50=52 p90=52 p99=52 p99.9=52 p99.99=78 max=199056] adj[p50=0 p90=0 p99=0 p99.9=0 p99.99=26 max=199004] unknown_pct=0.00% (samples_above_p99=391163)
BENCH mode=replay-core-msg arm=loop msgs=1011698 rate=22493241 raw[p50=52 p90=52 p99=52 p99.99=78 max=149942] adj[p50=0 p90=0 p99=0 p99.99=26 max=149890] allocs=0 freq=2596.12MHz run=1
T1_PHASE2 arm=loop rate=22493241 raw[p50=52 p90=52 p99=52 p99.9=52 p99.99=78 max=149942] adj[p50=0 p90=0 p99=0 p99.9=0 p99.99=26 max=149890] unknown_pct=0.00% (samples_above_p99=389786)
BENCH mode=replay-core-msg arm=cold msgs=505849 rate=14685412 raw[p50=78 p90=130 p99=130 p99.99=208 max=37700] adj[p50=26 p90=78 p99=78 p99.99=156 max=37648] allocs=0 freq=2596.12MHz run=1
T1_PHASE2 arm=cold rate=14685412 raw[p50=78 p90=130 p99=130 p99.9=156 p99.99=208 max=37700] adj[p50=26 p90=78 p99=78 p99.9=104 p99.99=156 max=37648] unknown_pct=0.00% (samples_above_p99=129065)
BENCH mode=replay-core-msg arm=empty msgs=1011698 rate=22466243 raw[p50=52 p90=52 p99=52 p99.99=78 max=32552] adj[p50=0 p90=0 p99=0 p99.99=26 max=32500] allocs=0 freq=2596.12MHz run=1
T1_PHASE2 arm=empty rate=22466243 raw[p50=52 p90=52 p99=52 p99.9=52 p99.99=78 max=32552] adj[p50=0 p90=0 p99=0 p99.9=0 p99.99=26 max=32500] unknown_pct=0.00% (samples_above_p99=391238)
BENCH mode=replay-core-msg arm=loop msgs=1011698 rate=22636188 raw[p50=52 p90=52 p99=52 p99.99=78 max=39442] adj[p50=0 p90=0 p99=0 p99.99=26 max=39390] allocs=0 freq=2596.12MHz run=1
T1_PHASE2 arm=loop rate=22636188 raw[p50=52 p90=52 p99=52 p99.9=52 p99.99=78 max=39442] adj[p50=0 p90=0 p99=0 p99.9=0 p99.99=26 max=39390] unknown_pct=0.00% (samples_above_p99=392816)
BENCH mode=replay-core-msg arm=cold msgs=505849 rate=14621395 raw[p50=78 p90=130 p99=130 p99.99=286 max=47606] adj[p50=26 p90=78 p99=78 p99.99=234 max=47554] allocs=0 freq=2596.12MHz run=1
T1_PHASE2 arm=cold rate=14621395 raw[p50=78 p90=130 p99=130 p99.9=156 p99.99=286 max=47606] adj[p50=26 p90=78 p99=78 p99.9=104 p99.99=234 max=47554] unknown_pct=0.00% (samples_above_p99=131884)
BENCH mode=replay-core-msg arm=empty msgs=1011698 rate=22469397 raw[p50=52 p90=52 p99=52 p99.99=78 max=37310] adj[p50=0 p90=0 p99=0 p99.99=26 max=37258] allocs=0 freq=2596.12MHz run=1
T1_PHASE2 arm=empty rate=22469397 raw[p50=52 p90=52 p99=52 p99.9=52 p99.99=78 max=37310] adj[p50=0 p90=0 p99=0 p99.9=0 p99.99=26 max=37258] unknown_pct=0.00% (samples_above_p99=389946)
BENCH mode=replay-core-msg arm=loop msgs=1011698 rate=22578072 raw[p50=52 p90=52 p99=52 p99.99=78 max=34164] adj[p50=0 p90=0 p99=0 p99.99=26 max=34112] allocs=0 freq=2596.12MHz run=1
T1_PHASE2 arm=loop rate=22578072 raw[p50=52 p90=52 p99=52 p99.9=52 p99.99=78 max=34164] adj[p50=0 p90=0 p99=0 p99.9=0 p99.99=26 max=34112] unknown_pct=0.00% (samples_above_p99=394184)
BENCH mode=replay-core-msg arm=cold msgs=505849 rate=14621568 raw[p50=78 p90=130 p99=130 p99.99=182 max=36348] adj[p50=26 p90=78 p99=78 p99.99=130 max=36296] allocs=0 freq=2596.12MHz run=1
T1_PHASE2 arm=cold rate=14621568 raw[p50=78 p90=130 p99=130 p99.9=156 p99.99=182 max=36348] adj[p50=26 p90=78 p99=78 p99.9=104 p99.99=130 max=36296] unknown_pct=0.00% (samples_above_p99=134519)
BENCH mode=replay-core-msg arm=empty msgs=1011698 rate=22465599 raw[p50=52 p90=52 p99=52 p99.99=78 max=42120] adj[p50=0 p90=0 p99=0 p99.99=26 max=42068] allocs=0 freq=2596.12MHz run=1
T1_PHASE2 arm=empty rate=22465599 raw[p50=52 p90=52 p99=52 p99.9=52 p99.99=78 max=42120] adj[p50=0 p90=0 p99=0 p99.9=0 p99.99=26 max=42068] unknown_pct=0.00% (samples_above_p99=393582)
BENCH mode=replay-core-msg arm=loop msgs=1011698 rate=22671429 raw[p50=52 p90=52 p99=52 p99.99=78 max=41158] adj[p50=0 p90=0 p99=0 p99.99=26 max=41106] allocs=0 freq=2596.12MHz run=1
T1_PHASE2 arm=loop rate=22671429 raw[p50=52 p90=52 p99=52 p99.9=52 p99.99=78 max=41158] adj[p50=0 p90=0 p99=0 p99.9=0 p99.99=26 max=41106] unknown_pct=0.00% (samples_above_p99=392912)
BENCH mode=replay-core-msg arm=cold msgs=505849 rate=14683551 raw[p50=78 p90=130 p99=130 p99.99=208 max=38428] adj[p50=26 p90=78 p99=78 p99.99=156 max=38376] allocs=0 freq=2596.12MHz run=1
T1_PHASE2 arm=cold rate=14683551 raw[p50=78 p90=130 p99=130 p99.9=156 p99.99=208 max=38428] adj[p50=26 p90=78 p99=78 p99.9=104 p99.99=156 max=38376] unknown_pct=0.00% (samples_above_p99=130294)
BENCH mode=replay-core-msg arm=empty msgs=1011698 rate=22558489 raw[p50=52 p90=52 p99=52 p99.99=78 max=20098] adj[p50=0 p90=0 p99=0 p99.99=26 max=20046] allocs=0 freq=2596.12MHz run=1
T1_PHASE2 arm=empty rate=22558489 raw[p50=52 p90=52 p99=52 p99.9=52 p99.99=78 max=20098] adj[p50=0 p90=0 p99=0 p99.9=0 p99.99=26 max=20046] unknown_pct=0.00% (samples_above_p99=386287)
BENCH mode=replay-core-msg arm=loop msgs=1011698 rate=22693135 raw[p50=52 p90=52 p99=52 p99.99=78 max=25428] adj[p50=0 p90=0 p99=0 p99.99=26 max=25376] allocs=0 freq=2596.12MHz run=1
T1_PHASE2 arm=loop rate=22693135 raw[p50=52 p90=52 p99=52 p99.9=52 p99.99=78 max=25428] adj[p50=0 p90=0 p99=0 p99.9=0 p99.99=26 max=25376] unknown_pct=0.00% (samples_above_p99=389504)
BENCH mode=replay-core-msg arm=cold msgs=505849 rate=14661770 raw[p50=78 p90=130 p99=130 p99.99=234 max=45552] adj[p50=26 p90=78 p99=78 p99.99=182 max=45500] allocs=0 freq=2596.12MHz run=1
T1_PHASE2 arm=cold rate=14661770 raw[p50=78 p90=130 p99=130 p99.9=156 p99.99=234 max=45552] adj[p50=26 p90=78 p99=78 p99.9=104 p99.99=182 max=45500] unknown_pct=0.00% (samples_above_p99=131682)
BENCH mode=replay-core-msg arm=empty msgs=1011698 rate=22468217 raw[p50=52 p90=52 p99=52 p99.99=78 max=47398] adj[p50=0 p90=0 p99=0 p99.99=26 max=47346] allocs=0 freq=2596.12MHz run=1
T1_PHASE2 arm=empty rate=22468217 raw[p50=52 p90=52 p99=52 p99.9=52 p99.99=78 max=47398] adj[p50=0 p90=0 p99=0 p99.9=0 p99.99=26 max=47346] unknown_pct=0.00% (samples_above_p99=390697)
BENCH mode=replay-core-msg arm=loop msgs=1011698 rate=22661273 raw[p50=52 p90=52 p99=52 p99.99=78 max=33150] adj[p50=0 p90=0 p99=0 p99.99=26 max=33098] allocs=0 freq=2596.12MHz run=1
T1_PHASE2 arm=loop rate=22661273 raw[p50=52 p90=52 p99=52 p99.9=52 p99.99=78 max=33150] adj[p50=0 p90=0 p99=0 p99.9=0 p99.99=26 max=33098] unknown_pct=0.00% (samples_above_p99=391616)
BENCH mode=replay-core-msg arm=cold msgs=505849 rate=14651270 raw[p50=78 p90=130 p99=130 p99.99=208 max=38896] adj[p50=26 p90=78 p99=78 p99.99=156 max=38844] allocs=0 freq=2596.12MHz run=1
T1_PHASE2 arm=cold rate=14651270 raw[p50=78 p90=130 p99=130 p99.9=156 p99.99=208 max=38896] adj[p50=26 p90=78 p99=78 p99.9=104 p99.99=156 max=38844] unknown_pct=0.00% (samples_above_p99=130969)
BENCH mode=replay-core-msg arm=empty msgs=1011698 rate=22407062 raw[p50=52 p90=52 p99=52 p99.99=78 max=106444] adj[p50=0 p90=0 p99=0 p99.99=26 max=106392] allocs=0 freq=2596.12MHz run=1
T1_PHASE2 arm=empty rate=22407062 raw[p50=52 p90=52 p99=52 p99.9=52 p99.99=78 max=106444] adj[p50=0 p90=0 p99=0 p99.9=0 p99.99=26 max=106392] unknown_pct=0.00% (samples_above_p99=395145)
BENCH mode=replay-core-msg arm=loop msgs=1011698 rate=22508778 raw[p50=52 p90=52 p99=52 p99.99=78 max=36192] adj[p50=0 p90=0 p99=0 p99.99=26 max=36140] allocs=0 freq=2596.12MHz run=1
T1_PHASE2 arm=loop rate=22508778 raw[p50=52 p90=52 p99=52 p99.9=52 p99.99=78 max=36192] adj[p50=0 p90=0 p99=0 p99.9=0 p99.99=26 max=36140] unknown_pct=0.00% (samples_above_p99=400069)
BENCH mode=replay-core-msg arm=cold msgs=505849 rate=14615852 raw[p50=78 p90=130 p99=130 p99.99=208 max=101400] adj[p50=26 p90=78 p99=78 p99.99=156 max=101348] allocs=0 freq=2596.12MHz run=1
T1_PHASE2 arm=cold rate=14615852 raw[p50=78 p90=130 p99=130 p99.9=156 p99.99=208 max=101400] adj[p50=26 p90=78 p99=78 p99.9=104 p99.99=156 max=101348] unknown_pct=0.00% (samples_above_p99=134272)
BENCH mode=replay-core-msg arm=empty msgs=1011698 rate=22436634 raw[p50=52 p90=52 p99=52 p99.99=78 max=38714] adj[p50=0 p90=0 p99=0 p99.99=26 max=38662] allocs=0 freq=2596.12MHz run=1
T1_PHASE2 arm=empty rate=22436634 raw[p50=52 p90=52 p99=52 p99.9=52 p99.99=78 max=38714] adj[p50=0 p90=0 p99=0 p99.9=0 p99.99=26 max=38662] unknown_pct=0.00% (samples_above_p99=392445)
BENCH mode=replay-core-msg arm=loop msgs=1011698 rate=22571827 raw[p50=52 p90=52 p99=52 p99.99=78 max=50050] adj[p50=0 p90=0 p99=0 p99.99=26 max=49998] allocs=0 freq=2596.12MHz run=1
T1_PHASE2 arm=loop rate=22571827 raw[p50=52 p90=52 p99=52 p99.9=52 p99.99=78 max=50050] adj[p50=0 p90=0 p99=0 p99.9=0 p99.99=26 max=49998] unknown_pct=0.00% (samples_above_p99=393257)
BENCH mode=replay-core-msg arm=cold msgs=505849 rate=14647212 raw[p50=78 p90=130 p99=130 p99.99=260 max=38506] adj[p50=26 p90=78 p99=78 p99.99=208 max=38454] allocs=0 freq=2596.12MHz run=1
T1_PHASE2 arm=cold rate=14647212 raw[p50=78 p90=130 p99=130 p99.9=156 p99.99=260 max=38506] adj[p50=26 p90=78 p99=78 p99.9=104 p99.99=208 max=38454] unknown_pct=0.00% (samples_above_p99=132285)
BENCH mode=replay-core-msg arm=empty msgs=1011698 rate=22555527 raw[p50=52 p90=52 p99=52 p99.99=78 max=26780] adj[p50=0 p90=0 p99=0 p99.99=26 max=26728] allocs=0 freq=2596.12MHz run=1
T1_PHASE2 arm=empty rate=22555527 raw[p50=52 p90=52 p99=52 p99.9=52 p99.99=78 max=26780] adj[p50=0 p90=0 p99=0 p99.9=0 p99.99=26 max=26728] unknown_pct=0.00% (samples_above_p99=390361)
BENCH mode=replay-core-msg arm=loop msgs=1011698 rate=22631589 raw[p50=52 p90=52 p99=52 p99.99=78 max=37700] adj[p50=0 p90=0 p99=0 p99.99=26 max=37648] allocs=0 freq=2596.12MHz run=1
T1_PHASE2 arm=loop rate=22631589 raw[p50=52 p90=52 p99=52 p99.9=52 p99.99=78 max=37700] adj[p50=0 p90=0 p99=0 p99.9=0 p99.99=26 max=37648] unknown_pct=0.00% (samples_above_p99=391127)
BENCH mode=replay-core-msg arm=cold msgs=505849 rate=14686817 raw[p50=78 p90=130 p99=130 p99.99=260 max=42822] adj[p50=26 p90=78 p99=78 p99.99=208 max=42770] allocs=0 freq=2596.12MHz run=1
T1_PHASE2 arm=cold rate=14686817 raw[p50=78 p90=130 p99=130 p99.9=156 p99.99=260 max=42822] adj[p50=26 p90=78 p99=78 p99.9=104 p99.99=208 max=42770] unknown_pct=0.00% (samples_above_p99=129151)
BENCH mode=replay-core-msg arm=empty msgs=1011698 rate=22556369 raw[p50=52 p90=52 p99=52 p99.99=78 max=31616] adj[p50=0 p90=0 p99=0 p99.99=26 max=31564] allocs=0 freq=2596.12MHz run=1
T1_PHASE2 arm=empty rate=22556369 raw[p50=52 p90=52 p99=52 p99.9=52 p99.99=78 max=31616] adj[p50=0 p90=0 p99=0 p99.9=0 p99.99=26 max=31564] unknown_pct=0.00% (samples_above_p99=385051)
BENCH mode=replay-core-msg arm=loop msgs=1011698 rate=22633211 raw[p50=52 p90=52 p99=52 p99.99=104 max=39442] adj[p50=0 p90=0 p99=0 p99.99=52 max=39390] allocs=0 freq=2596.12MHz run=1
T1_PHASE2 arm=loop rate=22633211 raw[p50=52 p90=52 p99=52 p99.9=78 p99.99=104 max=39442] adj[p50=0 p90=0 p99=0 p99.9=26 p99.99=52 max=39390] unknown_pct=0.00% (samples_above_p99=393119)
BENCH mode=replay-core-msg arm=cold msgs=505849 rate=14620861 raw[p50=78 p90=130 p99=130 p99.99=286 max=38558] adj[p50=26 p90=78 p99=78 p99.99=234 max=38506] allocs=0 freq=2596.12MHz run=1
T1_PHASE2 arm=cold rate=14620861 raw[p50=78 p90=130 p99=130 p99.9=182 p99.99=286 max=38558] adj[p50=26 p90=78 p99=78 p99.9=130 p99.99=234 max=38506] unknown_pct=0.00% (samples_above_p99=131552)
BENCH mode=replay-core-msg arm=empty msgs=1011698 rate=22491033 raw[p50=52 p90=52 p99=52 p99.99=78 max=30290] adj[p50=0 p90=0 p99=0 p99.99=26 max=30238] allocs=0 freq=2596.12MHz run=1
T1_PHASE2 arm=empty rate=22491033 raw[p50=52 p90=52 p99=52 p99.9=52 p99.99=78 max=30290] adj[p50=0 p90=0 p99=0 p99.9=0 p99.99=26 max=30238] unknown_pct=0.00% (samples_above_p99=390762)
BENCH mode=replay-core-msg arm=loop msgs=1011698 rate=22650790 raw[p50=52 p90=52 p99=52 p99.99=78 max=25480] adj[p50=0 p90=0 p99=0 p99.99=26 max=25428] allocs=0 freq=2596.12MHz run=1
T1_PHASE2 arm=loop rate=22650790 raw[p50=52 p90=52 p99=52 p99.9=52 p99.99=78 max=25480] adj[p50=0 p90=0 p99=0 p99.9=0 p99.99=26 max=25428] unknown_pct=0.00% (samples_above_p99=392061)
BENCH mode=replay-core-msg arm=cold msgs=505849 rate=14663273 raw[p50=78 p90=130 p99=130 p99.99=312 max=36634] adj[p50=26 p90=78 p99=78 p99.99=260 max=36582] allocs=0 freq=2596.12MHz run=1
T1_PHASE2 arm=cold rate=14663273 raw[p50=78 p90=130 p99=130 p99.9=156 p99.99=312 max=36634] adj[p50=26 p90=78 p99=78 p99.9=104 p99.99=260 max=36582] unknown_pct=0.00% (samples_above_p99=131206)
BENCH mode=replay-core-msg arm=empty msgs=1011698 rate=22458956 raw[p50=52 p90=52 p99=52 p99.99=78 max=38818] adj[p50=0 p90=0 p99=0 p99.99=26 max=38766] allocs=0 freq=2596.12MHz run=1
T1_PHASE2 arm=empty rate=22458956 raw[p50=52 p90=52 p99=52 p99.9=52 p99.99=78 max=38818] adj[p50=0 p90=0 p99=0 p99.9=0 p99.99=26 max=38766] unknown_pct=0.00% (samples_above_p99=393539)
BENCH mode=replay-core-msg arm=loop msgs=1011698 rate=22611786 raw[p50=52 p90=52 p99=52 p99.99=78 max=34190] adj[p50=0 p90=0 p99=0 p99.99=26 max=34138] allocs=0 freq=2596.12MHz run=1
T1_PHASE2 arm=loop rate=22611786 raw[p50=52 p90=52 p99=52 p99.9=52 p99.99=78 max=34190] adj[p50=0 p90=0 p99=0 p99.9=0 p99.99=26 max=34138] unknown_pct=0.00% (samples_above_p99=392572)
BENCH mode=replay-core-msg arm=cold msgs=505849 rate=14683824 raw[p50=78 p90=130 p99=130 p99.99=208 max=18538] adj[p50=26 p90=78 p99=78 p99.99=156 max=18486] allocs=0 freq=2596.12MHz run=1
T1_PHASE2 arm=cold rate=14683824 raw[p50=78 p90=130 p99=130 p99.9=156 p99.99=208 max=18538] adj[p50=26 p90=78 p99=78 p99.9=104 p99.99=156 max=18486] unknown_pct=0.00% (samples_above_p99=130184)
BENCH mode=replay-core-msg arm=empty msgs=1011698 rate=22493011 raw[p50=52 p90=52 p99=52 p99.99=78 max=68484] adj[p50=0 p90=0 p99=0 p99.99=26 max=68432] allocs=0 freq=2596.12MHz run=1
T1_PHASE2 arm=empty rate=22493011 raw[p50=52 p90=52 p99=52 p99.9=52 p99.99=78 max=68484] adj[p50=0 p90=0 p99=0 p99.9=0 p99.99=26 max=68432] unknown_pct=0.00% (samples_above_p99=389167)
BENCH mode=replay-core-msg arm=loop msgs=1011698 rate=22607434 raw[p50=52 p90=52 p99=52 p99.99=78 max=47424] adj[p50=0 p90=0 p99=0 p99.99=26 max=47372] allocs=0 freq=2596.12MHz run=1
T1_PHASE2 arm=loop rate=22607434 raw[p50=52 p90=52 p99=52 p99.9=52 p99.99=78 max=47424] adj[p50=0 p90=0 p99=0 p99.9=0 p99.99=26 max=47372] unknown_pct=0.00% (samples_above_p99=394009)
BENCH mode=replay-core-msg arm=cold msgs=505849 rate=14737662 raw[p50=78 p90=130 p99=130 p99.99=208 max=41522] adj[p50=26 p90=78 p99=78 p99.99=156 max=41470] allocs=0 freq=2596.12MHz run=1
T1_PHASE2 arm=cold rate=14737662 raw[p50=78 p90=130 p99=130 p99.9=156 p99.99=208 max=41522] adj[p50=26 p90=78 p99=78 p99.9=104 p99.99=156 max=41470] unknown_pct=0.00% (samples_above_p99=125186)
BENCH mode=replay-core-msg arm=empty msgs=1011698 rate=22596769 raw[p50=52 p90=52 p99=52 p99.99=78 max=39234] adj[p50=0 p90=0 p99=0 p99.99=26 max=39182] allocs=0 freq=2596.12MHz run=1
T1_PHASE2 arm=empty rate=22596769 raw[p50=52 p90=52 p99=52 p99.9=52 p99.99=78 max=39234] adj[p50=0 p90=0 p99=0 p99.9=0 p99.99=26 max=39182] unknown_pct=0.00% (samples_above_p99=383824)
BENCH mode=replay-core-msg arm=loop msgs=1011698 rate=22203709 raw[p50=52 p90=52 p99=52 p99.99=104 max=76986] adj[p50=0 p90=0 p99=0 p99.99=52 max=76934] allocs=0 freq=2596.12MHz run=1
T1_PHASE2 arm=loop rate=22203709 raw[p50=52 p90=52 p99=52 p99.9=52 p99.99=104 max=76986] adj[p50=0 p90=0 p99=0 p99.9=0 p99.99=52 max=76934] unknown_pct=0.00% (samples_above_p99=396867)
BENCH mode=replay-core-msg arm=cold msgs=505849 rate=14639426 raw[p50=78 p90=130 p99=130 p99.99=520 max=84734] adj[p50=26 p90=78 p99=78 p99.99=468 max=84682] allocs=0 freq=2596.12MHz run=1
T1_PHASE2 arm=cold rate=14639426 raw[p50=78 p90=130 p99=130 p99.9=156 p99.99=520 max=84734] adj[p50=26 p90=78 p99=78 p99.9=104 p99.99=468 max=84682] unknown_pct=0.00% (samples_above_p99=131368)
BENCH mode=replay-core-msg arm=empty msgs=1011698 rate=22490507 raw[p50=52 p90=52 p99=52 p99.99=78 max=34372] adj[p50=0 p90=0 p99=0 p99.99=26 max=34320] allocs=0 freq=2596.12MHz run=1
T1_PHASE2 arm=empty rate=22490507 raw[p50=52 p90=52 p99=52 p99.9=52 p99.99=78 max=34372] adj[p50=0 p90=0 p99=0 p99.9=0 p99.99=26 max=34320] unknown_pct=0.00% (samples_above_p99=392877)
BENCH mode=replay-core-msg arm=loop msgs=1011698 rate=22573294 raw[p50=52 p90=52 p99=52 p99.99=78 max=44564] adj[p50=0 p90=0 p99=0 p99.99=26 max=44512] allocs=0 freq=2596.12MHz run=1
T1_PHASE2 arm=loop rate=22573294 raw[p50=52 p90=52 p99=52 p99.9=52 p99.99=78 max=44564] adj[p50=0 p90=0 p99=0 p99.9=0 p99.99=26 max=44512] unknown_pct=0.00% (samples_above_p99=390288)
BENCH mode=replay-core-msg arm=cold msgs=505849 rate=14484512 raw[p50=78 p90=130 p99=130 p99.99=338 max=70850] adj[p50=26 p90=78 p99=78 p99.99=286 max=70798] allocs=0 freq=2596.12MHz run=1
T1_PHASE2 arm=cold rate=14484512 raw[p50=78 p90=130 p99=130 p99.9=156 p99.99=338 max=70850] adj[p50=26 p90=78 p99=78 p99.9=104 p99.99=286 max=70798] unknown_pct=0.00% (samples_above_p99=143520)
TARGET1_PHASE_A empty_p50=52 cyc (spread=0 cyc) loop_p50=52 cyc (spread=0 cyc) full_p50=78 cyc (spread=26 cyc) loop_cost=0 cyc work_residual=26 cyc VERDICT=PASS
=== 7. DOSE-RESPONSE VALIDATION SWEEP (Law A-1d) ===
DOSE_RESPONSE_POINT K=0 p50=52 cyc
DOSE_RESPONSE_POINT K=10 p50=52 cyc
DOSE_RESPONSE_POINT K=20 p50=52 cyc
DOSE_RESPONSE_POINT K=50 p50=52 cyc
DOSE_RESPONSE_POINT K=100 p50=52 cyc
DOSE_RESPONSE_VERDICT K0=52 K10=52 K20=52 K50=52 K100=52 slope=0.000 cyc/unit VERDICT=PASS
=== 7b. LAW B-3b (i) SAMPLING BIAS PROBE (1-IN-4 DENSE vs 1-IN-256 SPARSE) ===
BIAS_PROBE dense_mean=62.97 cyc sparse_mean=61.93 cyc bias=1.65% VERDICT=PASS
=== 7c. LAW B-3b (ii) INTER-BRACKET GAP PROBE ===
GAP_PROBE sampled_intervals=1974 total_period_cyc=16757390 sparse_period_est=33.16 cyc
=== 8. PHASE B-REDO: STRICT 8-ARM STAGE-ECTOMY DECOMPOSITION (20 RUNS EACH) ===
RUNNER_IDENTITY cpu="AMD EPYC 9V45 96-Core Processor" freq_mhz=2596.12
STAGE_ECTOMY_RATES CONFIG_TAG="clean_replay" sampling="none" r0_hash=34.86M r0_fast=80.78M r0_disp=758.66M r1_count=784.41M r2_noproof=905.45M r3_noseq=1482.04M r4_noitch=995.95M r5_noblock=5915.12M r6_poll=6143.19M
STAGE_ECTOMY_CYCLES CONFIG_TAG="clean_replay" c0=74.48 c0_fast=32.14 c0_disp=3.42 c1=3.31 c2=2.87 c3=1.75 c4=2.61 c5=0.44 c6=0.42
PR2_PROD_VERDICT rate=80784572 c0_fast=32.14 cyc fast_hash=28.71 cyc -> p50 < 60: PASS
H10_SINK_SPLIT total_sink=71.17 cyc fnv_math=71.06 cyc (99.8%) sink_dispatch=0.11 cyc (0.2%) H10_VERDICT=CONFIRMED (Invocation dispatch non-zero)
STAGE_ECTOMY_DECOMPOSITION delta_hash_total=71.17 (fnv=71.06, disp=0.11) delta_proof=0.44 (< 1.00 cyc bounded) delta_seq=1.12 delta_itch=0.00 (< 1.00 cyc bounded) delta_block=2.17 delta_header=0.02 poll_base=0.42
RECONCILIATION_COMPOSITE rate_total_c0=74.48 cyc bracket_mean=61.16 cyc sparse_period_est=33.16 cyc diff_rate_bracket=17.88% diff_bracket_gap=45.78% composite_residual=45.78% VERDICT=FAIL
=== 9. H9 REPETITION OVERHEAD SWEEP ===
H9_POINT limit=10000 msgs rate=27.09M msg/s cyc_msg=95.82
H9_POINT limit=50000 msgs rate=34.91M msg/s cyc_msg=74.38
H9_POINT limit=250000 msgs rate=35.19M msg/s cyc_msg=73.78
H9_POINT limit=505849 msgs rate=34.75M msg/s cyc_msg=74.72
=== 11b. R6: PR-1 HYDRA Bit-Exact Multi-Core Span Conformance (UNPINNED) ===
[1m[92m    Finished[0m `release` profile [optimized] target(s) in 0.01s
[1m[92m     Running[0m `target/release/bench --sample data/tests/sample-mini.itch --hydra-only --runs 7`
BENCH_CALIBRATION invariant_tsc=true freq_mhz=2596.12 mark_overhead_cycles=52
=== R6. PR-1 HYDRA BIT-EXACT MULTI-CORE SPAN CONFORMANCE ===
BLOB_BACKING mode=mmap anon_huge_kb=16384 map_mb=16.5 verdict=thp-granted
HYDRA_BITPARITY sequential=(count=505849 hash=0x881639cead506f25 msg_hash=0xcbf29ce484222325) hydra=(count=505849 hash=0x881639cead506f25 msg_hash=0xcbf29ce484222325) -> BIT-EXACT
BENCH mode=replay-hydra-burst msgs=505849 rate=1454767944 allocs=0 freq=2596.12MHz workers=2 run=1
BENCH mode=replay-hydra-burst msgs=505849 rate=1498665315 allocs=0 freq=2596.12MHz workers=2 run=2
BENCH mode=replay-hydra-burst msgs=505849 rate=1597239676 allocs=0 freq=2596.12MHz workers=2 run=3
BENCH mode=replay-hydra-burst msgs=505849 rate=1307961814 allocs=0 freq=2596.12MHz workers=2 run=4
BENCH mode=replay-hydra-burst msgs=505849 rate=1689790750 allocs=0 freq=2596.12MHz workers=2 run=5
BENCH mode=replay-hydra-burst msgs=505849 rate=1724875284 allocs=0 freq=2596.12MHz workers=2 run=6
BENCH mode=replay-hydra-burst msgs=505849 rate=1736081462 allocs=0 freq=2596.12MHz workers=2 run=7
BENCH_MEDIAN mode=replay-hydra-burst rate=1597239676
R23B_AFFINE_VERDICT arm=burst armed=false tag_hits=0 payload_fallbacks=0 ledger_rows=0 (R23c: workers verify spans from register tags, zero payload reads; the (prefix,cum) triple checked per-span by the scalar affine law)
PR1_HYDRA_VERDICT rate=1597239676 (bit-exact multi-core span conformance: 2 workers, every emitted byte CRC32C-checked in-window, ordered serial fold)
PR1_GIGAHFT_BURST_VERDICT rate=1597239676 target=1000000000 -> PASS (R7 burst reference; the sustained arm below is the gate)
DIAG sustained: passes=17187 reset_ms=463.2 scan_ms=4533.4 end_ms=0.9 pending_max=8909 batches=378114 wait_ms=34.1 work_ms=4138.0 fold_ms=287.9 assist_chunks=392257 bytes_per_msg=27.65 crc_demand_gb_s=48.08
DIAG worker[0] sustained: cpu0(pinned) placement=[0, 2] batches=587398 spans=75182420 eval_ms=4967.7 idle_iters=24564 res_waits=0 fw=0 fw_ms=0.0
DIAG worker[1] sustained: cpu2(pinned) placement=[0, 2] batches=713065 spans=91268046 eval_ms=4954.0 idle_iters=28184 res_waits=0 fw=0 fw_ms=0.0
DIAG rx sustained: publications=378174 polls=1495507 prod_ms=1454.4 bufwait_laps=137522 resets=17189 eos_parks=0 nbuf=16 rx_actual_cpu=3
ADVANCE_DIAGNOSTIC sustained: advances=17189 advance_ms=112.1 us_per_advance=6.5 (F-5 reset/auto-advance hygiene — the synchronous bake tail the per-publication prepatch budget drains; HFT_PREPATCH_BUDGET prices it)
RXWARM_DIAGNOSTIC sustained: enabled=false fixes=0 uncovered=0 last_pass_fixes=0 (F-1 frame-entry warm start; the steady-state law is fixes==0 on pass>=2 — the kill rule reads persistent fixes)
RXBUILD_DIAGNOSTIC sustained: enabled=true patches=378068400 last_pass_patches=21996 frames=21996 (F-2 publish-by-reference master; the steady-state law is every patchable entry patched exactly once per pass boundary)
DIAG cons sustained: parks=12 park_ms=0.4 slow_waits=12 slow_ms=0.6
BENCH mode=replay-hydra-sustained-5s total_msgs=8694026763 duration=5.00s sustained_rate=1738712031 msg/s allocs=0 workers=2 crc_kernel=reflect
PR1_HYDRA_SUSTAINED_VERDICT rate=1738712031 (duration=5.00s, total_msgs=8694026763, workers=2)
PR1_GIGAHFT_VERDICT rate=1738712031 target=1000000000 -> PASS (Project 1.0B: bit-exact, zero-alloc, every byte verified in-window, cross-pass double-buffered fabric)
PR1_R8_FULL_VERIFY_VERDICT rate=1738712031 target=1000000000 -> PASS (R8: 1B msg/s sustained full verification — bit-exact, zero-alloc, every byte CRC32C-verified in-window)
PR1_R16_FULL_VERIFY_VERDICT rate=1738712031 target=2000000000 -> FAIL (R16: 2B msg/s sustained full verification — the Double Helix program, docs/29)
R16B_RXDESC_VERDICT rx_fixes=0 assist_chunks=392257 (array-driven submission telemetry; fixes=0 means every RX prefill entry was already exact)
R23B_AFFINE_VERDICT arm=sustained armed=false tag_hits=0 payload_fallbacks=0 ledger_rows=0 (R23c: zero-re-read affine verification on the worker fabric)
PR1_R23_AFFINE_SUSTAINED_VERDICT rate=1738712031 target=2500000000 -> FAIL (R23: 2.5B+ sustained full verification from register tags — the affine-span algebra program, docs/36)
BLOB_BACKING mode=mmap anon_huge_kb=16384 map_mb=16.5 verdict=thp-granted
=== 11c. R8: Kernel-Ceiling Microbenchmark (fabric physics telemetry) ===
[1m[92m    Finished[0m `release` profile [optimized] target(s) in 0.01s
[1m[92m     Running[0m `target/release/kbench`
KBENCH topo cpus=[0, 2, 1, 3] phys=2 smt=true fold512=true
KBENCH spec_slice_vec=true
KBENCH mode=scalar8lane threads=1 cpu=0 pinned=true gb_s=73.34 bytes=22001472192 iters=2623 sink=0xbedb8ba779de450f
KBENCH mode=pclmul128_raw threads=1 cpu=0 pinned=true gb_s=15.89 bytes=4773117952 iters=569 sink=0x942dad7c7a327323
KBENCH mode=crc32_pclmul_mix threads=1 cpu=0 pinned=true gb_s=33.11 bytes=9932111872 iters=1184 sink=0x5c504f01bdfb43ce
KBENCH mode=fold512 threads=1 cpu=0 pinned=true gb_s=61.76 bytes=18528879936 iters=2209 sink=0xbedb8ba779de450f
KBENCH mode=fold512_r threads=1 cpu=0 pinned=true gb_s=56.38 bytes=16918402368 iters=2017 sink=0xbedb8ba779de450f
KBENCH mode=fold512_rv threads=1 cpu=0 pinned=true gb_s=56.81 bytes=17044220928 iters=2032 sink=0xbedb8ba779de450f
KBENCH mode=fold512_rc threads=1 cpu=0 pinned=true gb_s=61.59 bytes=18478552512 iters=2203 sink=0xbedb8ba779de450f
KBENCH mode=fold512_rd threads=1 cpu=0 pinned=true gb_s=48.98 bytes=14695607808 iters=1752 sink=0xbedb8ba779de450f
KBENCH mode=fold512_ro threads=1 cpu=0 pinned=true gb_s=31.28 bytes=9386064576 iters=1119 sink=0xbedb8ba779de450f
KBENCH mode=fold512_r_pair threads=1 cpu=0 pinned=true gb_s=47.93 bytes=14382950400 iters=1715 sink=0x719eebd64a14675a
KBENCH mode=fold512_eval2 threads=1 cpu=0 pinned=true gb_s=56.22 bytes=16873758720 iters=2012 sink=0x719eebd64a14675a
KBENCH mode=fold512_pair threads=1 cpu=0 pinned=true gb_s=51.05 bytes=15322245120 iters=1827 sink=0x719eebd64a14675a
KBENCH mode=fold512_tri threads=1 cpu=0 pinned=true gb_s=59.72 bytes=17916562944 iters=2136 sink=0xbedb8ba779de450f
KBENCH mode=fold512_tri_r threads=1 cpu=0 pinned=true gb_s=41.57 bytes=12472813248 iters=1487 sink=0xbedb8ba779de450f
KBENCH mode=fold512_pclmul_mix threads=1 cpu=0 pinned=true gb_s=33.78 bytes=10132588032 iters=1208 sink=0x3e36c56e483ee8a7
KBENCH mode=fold512_noend threads=1 cpu=0 pinned=true gb_s=56.81 bytes=17044220928 iters=2032 sink=0x4bb11da019b76839
KBENCH mode=fold512_pre threads=1 cpu=0 pinned=true gb_s=51.53 bytes=15467294976 iters=1844 sink=0xbedb8ba779de450f
KBENCH mode=fold512_t threads=1 cpu=0 pinned=true gb_s=56.46 bytes=16943566080 iters=2020 sink=0xbedb8ba779de450f
KBENCH mode=fold512_supply threads=1 cpu=0 pinned=true gb_s=57.71 bytes=17319234240 iters=1155 sink=0x633508877c074750
KBENCH mode=affine_sub_1t threads=1 cpu=0 pinned=true gb_s=145.55 ns_per_span=9.23 msgs_s=4548521296 bytes=43667428224 iters=5206 sink=0xb6d735b8
KBENCH mode=affine_sub_8lane threads=1 cpu=0 pinned=true gb_s=111.66 ns_per_span=12.04 msgs_s=3489287052 bytes=33501288576 iters=3994 sink=0xbedb8ba779de450f
KBENCH mode=spec_slice_512 threads=1 cpu=0 pinned=true gb_s=3.47 msgs_s=159286892 ns_per_msg=6.278 msgs=47798528 iters=124 sink=0x95e9af94a6268d11
KBENCH mode=spec_slice_512_vec threads=1 cpu=0 pinned=true gb_s=3.70 msgs_s=170126692 ns_per_msg=5.878 msgs=51267776 iters=133 sink=0x0
KBENCH mode=scalar8lane threads=2 placement=2cpu_distinct cpus=0,2 pinned=true gb_s=141.35 bytes=70080937920 sink=0xd48a9dbb3705b94e
KBENCH mode=fold512 threads=2 placement=2cpu_distinct cpus=0,2 pinned=true gb_s=123.30 bytes=61256862912 sink=0xd48a9dbb3705b94e
KBENCH mode=fold512_r threads=2 placement=2cpu_distinct cpus=0,2 pinned=true gb_s=112.22 bytes=55787949504 sink=0xd48a9dbb3705b94e
KBENCH mode=fold512_rv threads=2 placement=2cpu_distinct cpus=0,2 pinned=true gb_s=108.48 bytes=53858731584 sink=0xd48a9dbb3705b94e
KBENCH mode=fold512_rc threads=2 placement=2cpu_distinct cpus=0,2 pinned=true gb_s=119.32 bytes=59260541760 sink=0xd48a9dbb3705b94e
KBENCH mode=fold512_rd threads=2 placement=2cpu_distinct cpus=0,2 pinned=true gb_s=95.07 bytes=47265839040 sink=0xd48a9dbb3705b94e
KBENCH mode=fold512_ro threads=2 placement=2cpu_distinct cpus=0,2 pinned=true gb_s=73.04 bytes=36277684800 sink=0xd48a9dbb3705b94e
KBENCH mode=fold512_tri threads=2 placement=2cpu_distinct cpus=0,2 pinned=true gb_s=120.74 bytes=59990289408 sink=0xd48a9dbb3705b94e
KBENCH mode=fold512_tri_r threads=2 placement=2cpu_distinct cpus=0,2 pinned=true gb_s=81.17 bytes=40345818240 sink=0xd48a9dbb3705b94e
KBENCH mode=scalar8lane threads=2 placement=2cpu_smt cpus=0,1 pinned=true gb_s=70.00 bytes=34759474176 sink=0xf0ad3334c151ef0a
KBENCH mode=fold512 threads=2 placement=2cpu_smt cpus=0,1 pinned=true gb_s=60.37 bytes=30003532608 sink=0xf0ad3334c151ef0a
KBENCH mode=fold512_r threads=2 placement=2cpu_smt cpus=0,1 pinned=true gb_s=53.50 bytes=26598043584 sink=0xf0ad3334c151ef0a
KBENCH mode=fold512_rv threads=2 placement=2cpu_smt cpus=0,1 pinned=true gb_s=53.29 bytes=26514164544 sink=0xf0ad3334c151ef0a
KBENCH mode=fold512_rc threads=2 placement=2cpu_smt cpus=0,1 pinned=true gb_s=60.17 bytes=29886101952 sink=0xf0ad3334c151ef0a
KBENCH mode=fold512_rd threads=2 placement=2cpu_smt cpus=0,1 pinned=true gb_s=46.37 bytes=23058348096 sink=0xf0ad3334c151ef0a
KBENCH mode=fold512_ro threads=2 placement=2cpu_smt cpus=0,1 pinned=true gb_s=34.39 bytes=17077772544 sink=0xf0ad3334c151ef0a
KBENCH mode=fold512_tri threads=2 placement=2cpu_smt cpus=0,1 pinned=true gb_s=59.39 bytes=29500258368 sink=0xf0ad3334c151ef0a
KBENCH mode=fold512_tri_r threads=2 placement=2cpu_smt cpus=0,1 pinned=true gb_s=41.83 bytes=20793614016 sink=0xf0ad3334c151ef0a
KBENCH done
=== 11d. R9: Fabric-Shape Kernel Ablation (layout attribution telemetry) ===
[1m[92m    Finished[0m `release` profile [optimized] target(s) in 0.01s
[1m[92m     Running[0m `target/release/fbench --stage all --workers 2 --ms 1000`
BLOB_BACKING mode=mmap anon_huge_kb=16384 map_mb=16.5 verdict=thp-granted
FBENCH lens total=10992 lt64=0 lt192=0 lt512=0 ge512=10992 bytes_lt192=0 pct_bytes_lt192=0.00
FBENCH topo cpus=[0, 2, 1, 3] kernel=reflect workers=2 place=smt bodies=10992 msgs=505849 avg_bytes=1362.6 total_mb=15.0 freq_mhz=4222
FBENCH stage=P spans=35349632 gb_s=48.17 cyc_span=238.8 sink=0x0
FBENCH stage=K spans=34381824 gb_s=46.86 cyc_span=245.5 sink=0x0
FBENCH stage=D spans=32585741 gb_s=44.88 cyc_span=256.3 sink=0x1f1380d
FBENCH stage=R spans=32903118 gb_s=45.38 cyc_span=253.5 sink=0x1f60fce
FBENCH stage=F spans=33545561 gb_s=46.18 cyc_span=249.1 sink=0x1ffdd59
FBENCH done
=== 11e. R11: Unarmed Prepatch Soak (rollback evidence) ===
[1m[92m    Finished[0m `release` profile [optimized] target(s) in 0.01s
[1m[92m     Running[0m `target/release/bench --hydra-only`
BENCH_CALIBRATION invariant_tsc=true freq_mhz=2596.12 mark_overhead_cycles=52
=== R6. PR-1 HYDRA BIT-EXACT MULTI-CORE SPAN CONFORMANCE ===
BLOB_BACKING mode=mmap anon_huge_kb=14336 map_mb=16.5 verdict=thp-granted
HYDRA_BITPARITY sequential=(count=505849 hash=0x881639cead506f25 msg_hash=0xcbf29ce484222325) hydra=(count=505849 hash=0x881639cead506f25 msg_hash=0xcbf29ce484222325) -> BIT-EXACT
BENCH mode=replay-hydra-burst msgs=505849 rate=1436153027 allocs=0 freq=2596.12MHz workers=2 run=1
BENCH mode=replay-hydra-burst msgs=505849 rate=1538985061 allocs=0 freq=2596.12MHz workers=2 run=2
BENCH mode=replay-hydra-burst msgs=505849 rate=1541522296 allocs=0 freq=2596.12MHz workers=2 run=3
BENCH mode=replay-hydra-burst msgs=505849 rate=1648162206 allocs=0 freq=2596.12MHz workers=2 run=4
BENCH mode=replay-hydra-burst msgs=505849 rate=1633610096 allocs=0 freq=2596.12MHz workers=2 run=5
BENCH_MEDIAN mode=replay-hydra-burst rate=1541522296
R23B_AFFINE_VERDICT arm=burst armed=false tag_hits=0 payload_fallbacks=0 ledger_rows=0 (R23c: workers verify spans from register tags, zero payload reads; the (prefix,cum) triple checked per-span by the scalar affine law)
PR1_HYDRA_VERDICT rate=1541522296 (bit-exact multi-core span conformance: 2 workers, every emitted byte CRC32C-checked in-window, ordered serial fold)
PR1_GIGAHFT_BURST_VERDICT rate=1541522296 target=1000000000 -> PASS (R7 burst reference; the sustained arm below is the gate)
DIAG sustained: passes=16935 reset_ms=957.4 scan_ms=4039.0 end_ms=0.9 pending_max=6680 batches=372570 wait_ms=35.7 work_ms=3639.9 fold_ms=287.0 assist_chunks=273196 bytes_per_msg=27.65 crc_demand_gb_s=47.38
DIAG worker[0] sustained: cpu0(pinned) placement=[0, 2] batches=611024 spans=78199261 eval_ms=4964.4 idle_iters=30331 res_waits=0 fw=0 fw_ms=0.0
DIAG worker[1] sustained: cpu2(pinned) placement=[0, 2] batches=728065 spans=93177773 eval_ms=4952.8 idle_iters=29491 res_waits=0 fw=0 fw_ms=0.0
DIAG rx sustained: publications=372630 polls=1473583 prod_ms=1507.0 bufwait_laps=135555 resets=16937 eos_parks=0 nbuf=16 rx_actual_cpu=3
ADVANCE_DIAGNOSTIC sustained: advances=16937 advance_ms=630.1 us_per_advance=37.2 (F-5 reset/auto-advance hygiene — the synchronous bake tail the per-publication prepatch budget drains; HFT_PREPATCH_BUDGET prices it)
RXWARM_DIAGNOSTIC sustained: enabled=false fixes=0 uncovered=0 last_pass_fixes=0 (F-1 frame-entry warm start; the steady-state law is fixes==0 on pass>=2 — the kill rule reads persistent fixes)
RXBUILD_DIAGNOSTIC sustained: enabled=true patches=372524256 last_pass_patches=21996 frames=21996 (F-2 publish-by-reference master; the steady-state law is every patchable entry patched exactly once per pass boundary)
DIAG cons sustained: parks=18 park_ms=1.3 slow_waits=18 slow_ms=1.6
BENCH mode=replay-hydra-sustained-5s total_msgs=8566552815 duration=5.00s sustained_rate=1713221852 msg/s allocs=0 workers=2 crc_kernel=reflect
PR1_HYDRA_SUSTAINED_VERDICT rate=1713221852 (duration=5.00s, total_msgs=8566552815, workers=2)
PR1_GIGAHFT_VERDICT rate=1713221852 target=1000000000 -> PASS (Project 1.0B: bit-exact, zero-alloc, every byte verified in-window, cross-pass double-buffered fabric)
PR1_R8_FULL_VERIFY_VERDICT rate=1713221852 target=1000000000 -> PASS (R8: 1B msg/s sustained full verification — bit-exact, zero-alloc, every byte CRC32C-verified in-window)
PR1_R16_FULL_VERIFY_VERDICT rate=1713221852 target=2000000000 -> FAIL (R16: 2B msg/s sustained full verification — the Double Helix program, docs/29)
R16B_RXDESC_VERDICT rx_fixes=0 assist_chunks=273196 (array-driven submission telemetry; fixes=0 means every RX prefill entry was already exact)
R23B_AFFINE_VERDICT arm=sustained armed=false tag_hits=0 payload_fallbacks=0 ledger_rows=0 (R23c: zero-re-read affine verification on the worker fabric)
PR1_R23_AFFINE_SUSTAINED_VERDICT rate=1713221852 target=2500000000 -> FAIL (R23: 2.5B+ sustained full verification from register tags — the affine-span algebra program, docs/36)
=== 11k. R16d/R17: Siblings Placement Soak (ring+siblings — the A1 anomaly pricing) ===
[1m[92m    Finished[0m `release` profile [optimized] target(s) in 0.01s
[1m[92m     Running[0m `target/release/bench --hydra-only`
BENCH_CALIBRATION invariant_tsc=true freq_mhz=2596.12 mark_overhead_cycles=52
=== R6. PR-1 HYDRA BIT-EXACT MULTI-CORE SPAN CONFORMANCE ===
BLOB_BACKING mode=mmap anon_huge_kb=16384 map_mb=16.5 verdict=thp-granted
HYDRA_BITPARITY sequential=(count=505849 hash=0x881639cead506f25 msg_hash=0xcbf29ce484222325) hydra=(count=505849 hash=0x881639cead506f25 msg_hash=0xcbf29ce484222325) -> BIT-EXACT
BENCH mode=replay-hydra-burst msgs=505849 rate=1275525050 allocs=0 freq=2596.12MHz workers=2 run=1
BENCH mode=replay-hydra-burst msgs=505849 rate=1364566782 allocs=0 freq=2596.12MHz workers=2 run=2
BENCH mode=replay-hydra-burst msgs=505849 rate=1379248385 allocs=0 freq=2596.12MHz workers=2 run=3
BENCH mode=replay-hydra-burst msgs=505849 rate=1438939190 allocs=0 freq=2596.12MHz workers=2 run=4
BENCH mode=replay-hydra-burst msgs=505849 rate=1468770597 allocs=0 freq=2596.12MHz workers=2 run=5
BENCH_MEDIAN mode=replay-hydra-burst rate=1379248385
R23B_AFFINE_VERDICT arm=burst armed=false tag_hits=0 payload_fallbacks=0 ledger_rows=0 (R23c: workers verify spans from register tags, zero payload reads; the (prefix,cum) triple checked per-span by the scalar affine law)
PR1_HYDRA_VERDICT rate=1379248385 (bit-exact multi-core span conformance: 2 workers, every emitted byte CRC32C-checked in-window, ordered serial fold)
PR1_GIGAHFT_BURST_VERDICT rate=1379248385 target=1000000000 -> PASS (R7 burst reference; the sustained arm below is the gate)
DIAG sustained: passes=17081 reset_ms=397.0 scan_ms=4586.9 end_ms=3.9 pending_max=11375 batches=375782 wait_ms=24.8 work_ms=4194.0 fold_ms=293.0 assist_chunks=595828 bytes_per_msg=27.65 crc_demand_gb_s=47.78
DIAG worker[0] sustained: cpu2(pinned) placement=[2, 3] batches=595270 spans=76190358 eval_ms=4956.4 idle_iters=27181 res_waits=899 fw=0 fw_ms=0.0
DIAG worker[1] sustained: cpu3(pinned) placement=[2, 3] batches=593053 spans=75905431 eval_ms=4956.7 idle_iters=23487 res_waits=3345 fw=0 fw_ms=0.0
DIAG rx sustained: publications=375842 polls=1486285 prod_ms=1516.9 bufwait_laps=136837 resets=17083 eos_parks=0 nbuf=16 rx_actual_cpu=1
ADVANCE_DIAGNOSTIC sustained: advances=17083 advance_ms=78.7 us_per_advance=4.6 (F-5 reset/auto-advance hygiene — the synchronous bake tail the per-publication prepatch budget drains; HFT_PREPATCH_BUDGET prices it)
RXWARM_DIAGNOSTIC sustained: enabled=false fixes=0 uncovered=0 last_pass_fixes=0 (F-1 frame-entry warm start; the steady-state law is fixes==0 on pass>=2 — the kill rule reads persistent fixes)
RXBUILD_DIAGNOSTIC sustained: enabled=true patches=375736888 last_pass_patches=21996 frames=21996 (F-2 publish-by-reference master; the steady-state law is every patchable entry patched exactly once per pass boundary)
DIAG cons sustained: parks=5 park_ms=0.5 slow_waits=5 slow_ms=0.5
BENCH mode=replay-hydra-sustained-5s total_msgs=8640406769 duration=5.00s sustained_rate=1727991895 msg/s allocs=0 workers=2 crc_kernel=reflect
PR1_HYDRA_SUSTAINED_VERDICT rate=1727991895 (duration=5.00s, total_msgs=8640406769, workers=2)
PR1_GIGAHFT_VERDICT rate=1727991895 target=1000000000 -> PASS (Project 1.0B: bit-exact, zero-alloc, every byte verified in-window, cross-pass double-buffered fabric)
PR1_R8_FULL_VERIFY_VERDICT rate=1727991895 target=1000000000 -> PASS (R8: 1B msg/s sustained full verification — bit-exact, zero-alloc, every byte CRC32C-verified in-window)
PR1_R16_FULL_VERIFY_VERDICT rate=1727991895 target=2000000000 -> FAIL (R16: 2B msg/s sustained full verification — the Double Helix program, docs/29)
R16B_RXDESC_VERDICT rx_fixes=0 assist_chunks=595828 (array-driven submission telemetry; fixes=0 means every RX prefill entry was already exact)
R23B_AFFINE_VERDICT arm=sustained armed=false tag_hits=0 payload_fallbacks=0 ledger_rows=0 (R23c: zero-re-read affine verification on the worker fabric)
PR1_R23_AFFINE_SUSTAINED_VERDICT rate=1727991895 target=2500000000 -> FAIL (R23: 2.5B+ sustained full verification from register tags — the affine-span algebra program, docs/36)
=== 11l. R22.1: Tri-Stream Fold ARMED Soak (the value-exact mirror tri) ===
[1m[92m    Finished[0m `release` profile [optimized] target(s) in 0.01s
[1m[92m     Running[0m `target/release/bench --hydra-only`
BENCH_CALIBRATION invariant_tsc=true freq_mhz=2596.12 mark_overhead_cycles=52
=== R6. PR-1 HYDRA BIT-EXACT MULTI-CORE SPAN CONFORMANCE ===
BLOB_BACKING mode=mmap anon_huge_kb=14336 map_mb=16.5 verdict=thp-granted
HYDRA_BITPARITY sequential=(count=505849 hash=0x881639cead506f25 msg_hash=0xcbf29ce484222325) hydra=(count=505849 hash=0x881639cead506f25 msg_hash=0xcbf29ce484222325) -> BIT-EXACT
BENCH mode=replay-hydra-burst msgs=505849 rate=1345915815 allocs=0 freq=2596.12MHz workers=2 run=1
BENCH mode=replay-hydra-burst msgs=505849 rate=1478355788 allocs=0 freq=2596.12MHz workers=2 run=2
BENCH mode=replay-hydra-burst msgs=505849 rate=1535523372 allocs=0 freq=2596.12MHz workers=2 run=3
BENCH mode=replay-hydra-burst msgs=505849 rate=1542039208 allocs=0 freq=2596.12MHz workers=2 run=4
BENCH mode=replay-hydra-burst msgs=505849 rate=1534214708 allocs=0 freq=2596.12MHz workers=2 run=5
BENCH_MEDIAN mode=replay-hydra-burst rate=1534214708
R23B_AFFINE_VERDICT arm=burst armed=false tag_hits=0 payload_fallbacks=0 ledger_rows=0 (R23c: workers verify spans from register tags, zero payload reads; the (prefix,cum) triple checked per-span by the scalar affine law)
PR1_HYDRA_VERDICT rate=1534214708 (bit-exact multi-core span conformance: 2 workers, every emitted byte CRC32C-checked in-window, ordered serial fold)
PR1_GIGAHFT_BURST_VERDICT rate=1534214708 target=1000000000 -> PASS (R7 burst reference; the sustained arm below is the gate)
DIAG sustained: passes=15923 reset_ms=450.7 scan_ms=4546.0 end_ms=0.9 pending_max=6520 batches=350306 wait_ms=36.6 work_ms=4158.1 fold_ms=280.8 assist_chunks=384040 bytes_per_msg=27.65 crc_demand_gb_s=44.54
DIAG worker[0] sustained: cpu0(pinned) placement=[0, 2] batches=532125 spans=68108866 eval_ms=4968.9 idle_iters=28462 res_waits=0 fw=0 fw_ms=0.0
DIAG worker[1] sustained: cpu2(pinned) placement=[0, 2] batches=662276 spans=84767807 eval_ms=4956.5 idle_iters=26447 res_waits=0 fw=0 fw_ms=0.0
DIAG rx sustained: publications=350366 polls=1385539 prod_ms=1447.9 bufwait_laps=127422 resets=15925 eos_parks=0 nbuf=16 rx_actual_cpu=3
ADVANCE_DIAGNOSTIC sustained: advances=15925 advance_ms=140.8 us_per_advance=8.8 (F-5 reset/auto-advance hygiene — the synchronous bake tail the per-publication prepatch budget drains; HFT_PREPATCH_BUDGET prices it)
RXWARM_DIAGNOSTIC sustained: enabled=false fixes=0 uncovered=0 last_pass_fixes=0 (F-1 frame-entry warm start; the steady-state law is fixes==0 on pass>=2 — the kill rule reads persistent fixes)
RXBUILD_DIAGNOSTIC sustained: enabled=true patches=350265456 last_pass_patches=21996 frames=21996 (F-2 publish-by-reference master; the steady-state law is every patchable entry patched exactly once per pass boundary)
DIAG cons sustained: parks=15 park_ms=3.7 slow_waits=15 slow_ms=3.9
BENCH mode=replay-hydra-sustained-5s total_msgs=8054633627 duration=5.00s sustained_rate=1610847397 msg/s allocs=0 workers=2 crc_kernel=reflect
PR1_HYDRA_SUSTAINED_VERDICT rate=1610847397 (duration=5.00s, total_msgs=8054633627, workers=2)
PR1_GIGAHFT_VERDICT rate=1610847397 target=1000000000 -> PASS (Project 1.0B: bit-exact, zero-alloc, every byte verified in-window, cross-pass double-buffered fabric)
PR1_R8_FULL_VERIFY_VERDICT rate=1610847397 target=1000000000 -> PASS (R8: 1B msg/s sustained full verification — bit-exact, zero-alloc, every byte CRC32C-verified in-window)
PR1_R16_FULL_VERIFY_VERDICT rate=1610847397 target=2000000000 -> FAIL (R16: 2B msg/s sustained full verification — the Double Helix program, docs/29)
R16B_RXDESC_VERDICT rx_fixes=0 assist_chunks=384040 (array-driven submission telemetry; fixes=0 means every RX prefill entry was already exact)
R23B_AFFINE_VERDICT arm=sustained armed=false tag_hits=0 payload_fallbacks=0 ledger_rows=0 (R23c: zero-re-read affine verification on the worker fabric)
PR1_R23_AFFINE_SUSTAINED_VERDICT rate=1610847397 target=2500000000 -> FAIL (R23: 2.5B+ sustained full verification from register tags — the affine-span algebra program, docs/36)
=== 11m. R12: Vectorized Watermark Ladder ARMED Soak (the refuted experiment) ===
[1m[92m    Finished[0m `release` profile [optimized] target(s) in 0.01s
[1m[92m     Running[0m `target/release/bench --hydra-only`
BENCH_CALIBRATION invariant_tsc=true freq_mhz=2596.12 mark_overhead_cycles=52
=== R6. PR-1 HYDRA BIT-EXACT MULTI-CORE SPAN CONFORMANCE ===
BLOB_BACKING mode=mmap anon_huge_kb=14336 map_mb=16.5 verdict=thp-granted
HYDRA_BITPARITY sequential=(count=505849 hash=0x881639cead506f25 msg_hash=0xcbf29ce484222325) hydra=(count=505849 hash=0x881639cead506f25 msg_hash=0xcbf29ce484222325) -> BIT-EXACT
BENCH mode=replay-hydra-burst msgs=505849 rate=1431754819 allocs=0 freq=2596.12MHz workers=2 run=1
BENCH mode=replay-hydra-burst msgs=505849 rate=1525042584 allocs=0 freq=2596.12MHz workers=2 run=2
BENCH mode=replay-hydra-burst msgs=505849 rate=1559947945 allocs=0 freq=2596.12MHz workers=2 run=3
BENCH mode=replay-hydra-burst msgs=505849 rate=1644989252 allocs=0 freq=2596.12MHz workers=2 run=4
BENCH mode=replay-hydra-burst msgs=505849 rate=1563907473 allocs=0 freq=2596.12MHz workers=2 run=5
BENCH_MEDIAN mode=replay-hydra-burst rate=1559947945
R23B_AFFINE_VERDICT arm=burst armed=false tag_hits=0 payload_fallbacks=0 ledger_rows=0 (R23c: workers verify spans from register tags, zero payload reads; the (prefix,cum) triple checked per-span by the scalar affine law)
PR1_HYDRA_VERDICT rate=1559947945 (bit-exact multi-core span conformance: 2 workers, every emitted byte CRC32C-checked in-window, ordered serial fold)
PR1_GIGAHFT_BURST_VERDICT rate=1559947945 target=1000000000 -> PASS (R7 burst reference; the sustained arm below is the gate)
DIAG sustained: passes=16728 reset_ms=482.3 scan_ms=4514.4 end_ms=0.9 pending_max=6607 batches=368016 wait_ms=32.8 work_ms=4131.6 fold_ms=278.8 assist_chunks=317423 bytes_per_msg=27.65 crc_demand_gb_s=46.80
DIAG worker[0] sustained: cpu0(pinned) placement=[0, 2] batches=592557 spans=75838407 eval_ms=4963.4 idle_iters=32569 res_waits=0 fw=0 fw_ms=0.0
DIAG worker[1] sustained: cpu2(pinned) placement=[0, 2] batches=705928 spans=90348388 eval_ms=4951.7 idle_iters=30887 res_waits=0 fw=0 fw_ms=0.0
DIAG rx sustained: publications=368076 polls=1455574 prod_ms=1411.6 bufwait_laps=133872 resets=16730 eos_parks=0 nbuf=16 rx_actual_cpu=3
ADVANCE_DIAGNOSTIC sustained: advances=16730 advance_ms=136.0 us_per_advance=8.1 (F-5 reset/auto-advance hygiene — the synchronous bake tail the per-publication prepatch budget drains; HFT_PREPATCH_BUDGET prices it)
RXWARM_DIAGNOSTIC sustained: enabled=false fixes=0 uncovered=0 last_pass_fixes=0 (F-1 frame-entry warm start; the steady-state law is fixes==0 on pass>=2 — the kill rule reads persistent fixes)
RXBUILD_DIAGNOSTIC sustained: enabled=true patches=367972236 last_pass_patches=21996 frames=21996 (F-2 publish-by-reference master; the steady-state law is every patchable entry patched exactly once per pass boundary)
DIAG cons sustained: parks=9 park_ms=1.6 slow_waits=9 slow_ms=1.7
BENCH mode=replay-hydra-sustained-5s total_msgs=8461842072 duration=5.00s sustained_rate=1692262752 msg/s allocs=0 workers=2 crc_kernel=reflect
PR1_HYDRA_SUSTAINED_VERDICT rate=1692262752 (duration=5.00s, total_msgs=8461842072, workers=2)
PR1_GIGAHFT_VERDICT rate=1692262752 target=1000000000 -> PASS (Project 1.0B: bit-exact, zero-alloc, every byte verified in-window, cross-pass double-buffered fabric)
PR1_R8_FULL_VERIFY_VERDICT rate=1692262752 target=1000000000 -> PASS (R8: 1B msg/s sustained full verification — bit-exact, zero-alloc, every byte CRC32C-verified in-window)
PR1_R16_FULL_VERIFY_VERDICT rate=1692262752 target=2000000000 -> FAIL (R16: 2B msg/s sustained full verification — the Double Helix program, docs/29)
R16B_RXDESC_VERDICT rx_fixes=0 assist_chunks=317423 (array-driven submission telemetry; fixes=0 means every RX prefill entry was already exact)
R23B_AFFINE_VERDICT arm=sustained armed=false tag_hits=0 payload_fallbacks=0 ledger_rows=0 (R23c: zero-re-read affine verification on the worker fabric)
PR1_R23_AFFINE_SUSTAINED_VERDICT rate=1692262752 target=2500000000 -> FAIL (R23: 2.5B+ sustained full verification from register tags — the affine-span algebra program, docs/36)
=== 11n. R12: Compact 8-Byte Span Descriptors OFF (rollback attribution) ===
[1m[92m    Finished[0m `release` profile [optimized] target(s) in 0.00s
[1m[92m     Running[0m `target/release/bench --hydra-only`
BENCH_CALIBRATION invariant_tsc=true freq_mhz=2596.12 mark_overhead_cycles=52
=== R6. PR-1 HYDRA BIT-EXACT MULTI-CORE SPAN CONFORMANCE ===
BLOB_BACKING mode=mmap anon_huge_kb=16384 map_mb=16.5 verdict=thp-granted
HYDRA_BITPARITY sequential=(count=505849 hash=0x881639cead506f25 msg_hash=0xcbf29ce484222325) hydra=(count=505849 hash=0x881639cead506f25 msg_hash=0xcbf29ce484222325) -> BIT-EXACT
BENCH mode=replay-hydra-burst msgs=505849 rate=1410448801 allocs=0 freq=2596.12MHz workers=2 run=1
BENCH mode=replay-hydra-burst msgs=505849 rate=1413009715 allocs=0 freq=2596.12MHz workers=2 run=2
BENCH mode=replay-hydra-burst msgs=505849 rate=1579361635 allocs=0 freq=2596.12MHz workers=2 run=3
BENCH mode=replay-hydra-burst msgs=505849 rate=1657358443 allocs=0 freq=2596.12MHz workers=2 run=4
BENCH mode=replay-hydra-burst msgs=505849 rate=1648001120 allocs=0 freq=2596.12MHz workers=2 run=5
BENCH_MEDIAN mode=replay-hydra-burst rate=1579361635
R23B_AFFINE_VERDICT arm=burst armed=false tag_hits=0 payload_fallbacks=0 ledger_rows=0 (R23c: workers verify spans from register tags, zero payload reads; the (prefix,cum) triple checked per-span by the scalar affine law)
PR1_HYDRA_VERDICT rate=1579361635 (bit-exact multi-core span conformance: 2 workers, every emitted byte CRC32C-checked in-window, ordered serial fold)
PR1_GIGAHFT_BURST_VERDICT rate=1579361635 target=1000000000 -> PASS (R7 burst reference; the sustained arm below is the gate)
DIAG sustained: passes=17062 reset_ms=477.2 scan_ms=4519.5 end_ms=0.9 pending_max=6896 batches=375364 wait_ms=36.6 work_ms=4125.9 fold_ms=279.4 assist_chunks=380919 bytes_per_msg=27.65 crc_demand_gb_s=47.73
DIAG worker[0] sustained: cpu0(pinned) placement=[0, 2] batches=571469 spans=73126688 eval_ms=4949.0 idle_iters=57020 res_waits=0 fw=0 fw_ms=0.0
DIAG worker[1] sustained: cpu2(pinned) placement=[0, 2] batches=704100 spans=90104064 eval_ms=4937.1 idle_iters=54383 res_waits=0 fw=0 fw_ms=0.0
DIAG rx sustained: publications=375424 polls=1484632 prod_ms=1515.1 bufwait_laps=136515 resets=17064 eos_parks=0 nbuf=16 rx_actual_cpu=3
ADVANCE_DIAGNOSTIC sustained: advances=17064 advance_ms=120.3 us_per_advance=7.0 (F-5 reset/auto-advance hygiene — the synchronous bake tail the per-publication prepatch budget drains; HFT_PREPATCH_BUDGET prices it)
RXWARM_DIAGNOSTIC sustained: enabled=false fixes=0 uncovered=0 last_pass_fixes=0 (F-1 frame-entry warm start; the steady-state law is fixes==0 on pass>=2 — the kill rule reads persistent fixes)
RXBUILD_DIAGNOSTIC sustained: enabled=true patches=375318900 last_pass_patches=21996 frames=21996 (F-2 publish-by-reference master; the steady-state law is every patchable entry patched exactly once per pass boundary)
DIAG cons sustained: parks=23 park_ms=1.9 slow_waits=23 slow_ms=2.2
BENCH mode=replay-hydra-sustained-5s total_msgs=8630795638 duration=5.00s sustained_rate=1726058049 msg/s allocs=0 workers=2 crc_kernel=reflect
PR1_HYDRA_SUSTAINED_VERDICT rate=1726058049 (duration=5.00s, total_msgs=8630795638, workers=2)
PR1_GIGAHFT_VERDICT rate=1726058049 target=1000000000 -> PASS (Project 1.0B: bit-exact, zero-alloc, every byte verified in-window, cross-pass double-buffered fabric)
PR1_R8_FULL_VERIFY_VERDICT rate=1726058049 target=1000000000 -> PASS (R8: 1B msg/s sustained full verification — bit-exact, zero-alloc, every byte CRC32C-verified in-window)
PR1_R16_FULL_VERIFY_VERDICT rate=1726058049 target=2000000000 -> FAIL (R16: 2B msg/s sustained full verification — the Double Helix program, docs/29)
R16B_RXDESC_VERDICT rx_fixes=0 assist_chunks=380919 (array-driven submission telemetry; fixes=0 means every RX prefill entry was already exact)
R23B_AFFINE_VERDICT arm=sustained armed=false tag_hits=0 payload_fallbacks=0 ledger_rows=0 (R23c: zero-re-read affine verification on the worker fabric)
PR1_R23_AFFINE_SUSTAINED_VERDICT rate=1726058049 target=2500000000 -> FAIL (R23: 2.5B+ sustained full verification from register tags — the affine-span algebra program, docs/36)
=== 11r. R13: Mirror-Domain Fold Kernel Soak (rollback attribution) ===
[1m[92m    Finished[0m `release` profile [optimized] target(s) in 0.01s
[1m[92m     Running[0m `target/release/bench --hydra-only`
BENCH_CALIBRATION invariant_tsc=true freq_mhz=2596.12 mark_overhead_cycles=52
=== R6. PR-1 HYDRA BIT-EXACT MULTI-CORE SPAN CONFORMANCE ===
BLOB_BACKING mode=mmap anon_huge_kb=14336 map_mb=16.5 verdict=thp-granted
HYDRA_BITPARITY sequential=(count=505849 hash=0x881639cead506f25 msg_hash=0xcbf29ce484222325) hydra=(count=505849 hash=0x881639cead506f25 msg_hash=0xcbf29ce484222325) -> BIT-EXACT
BENCH mode=replay-hydra-burst msgs=505849 rate=1306097630 allocs=0 freq=2596.12MHz workers=2 run=1
BENCH mode=replay-hydra-burst msgs=505849 rate=1361697946 allocs=0 freq=2596.12MHz workers=2 run=2
BENCH mode=replay-hydra-burst msgs=505849 rate=1439799278 allocs=0 freq=2596.12MHz workers=2 run=3
BENCH mode=replay-hydra-burst msgs=505849 rate=1541663238 allocs=0 freq=2596.12MHz workers=2 run=4
BENCH mode=replay-hydra-burst msgs=505849 rate=1610994337 allocs=0 freq=2596.12MHz workers=2 run=5
BENCH_MEDIAN mode=replay-hydra-burst rate=1439799278
R23B_AFFINE_VERDICT arm=burst armed=false tag_hits=0 payload_fallbacks=0 ledger_rows=0 (R23c: workers verify spans from register tags, zero payload reads; the (prefix,cum) triple checked per-span by the scalar affine law)
PR1_HYDRA_VERDICT rate=1439799278 (bit-exact multi-core span conformance: 2 workers, every emitted byte CRC32C-checked in-window, ordered serial fold)
PR1_GIGAHFT_BURST_VERDICT rate=1439799278 target=1000000000 -> PASS (R7 burst reference; the sustained arm below is the gate)
DIAG sustained: passes=16188 reset_ms=479.5 scan_ms=4516.9 end_ms=0.9 pending_max=9046 batches=356136 wait_ms=35.0 work_ms=4118.6 fold_ms=290.0 assist_chunks=355318 bytes_per_msg=27.65 crc_demand_gb_s=45.29
DIAG worker[0] sustained: cpu0(pinned) placement=[0, 2] batches=556571 spans=71228858 eval_ms=4962.2 idle_iters=33076 res_waits=0 fw=0 fw_ms=0.0
DIAG worker[1] sustained: cpu2(pinned) placement=[0, 2] batches=675915 spans=86467882 eval_ms=4947.1 idle_iters=35714 res_waits=765 fw=0 fw_ms=0.0
DIAG rx sustained: publications=356196 polls=1408594 prod_ms=1476.2 bufwait_laps=129635 resets=16190 eos_parks=0 nbuf=16 rx_actual_cpu=3
ADVANCE_DIAGNOSTIC sustained: advances=16190 advance_ms=116.8 us_per_advance=7.2 (F-5 reset/auto-advance hygiene — the synchronous bake tail the per-publication prepatch budget drains; HFT_PREPATCH_BUDGET prices it)
RXWARM_DIAGNOSTIC sustained: enabled=false fixes=0 uncovered=0 last_pass_fixes=0 (F-1 frame-entry warm start; the steady-state law is fixes==0 on pass>=2 — the kill rule reads persistent fixes)
RXBUILD_DIAGNOSTIC sustained: enabled=true patches=356094460 last_pass_patches=21996 frames=21996 (F-2 publish-by-reference master; the steady-state law is every patchable entry patched exactly once per pass boundary)
DIAG cons sustained: parks=31 park_ms=2.2 slow_waits=31 slow_ms=2.7
BENCH mode=replay-hydra-sustained-5s total_msgs=8188683612 duration=5.00s sustained_rate=1637660351 msg/s allocs=0 workers=2 crc_kernel=fold512
PR1_HYDRA_SUSTAINED_VERDICT rate=1637660351 (duration=5.00s, total_msgs=8188683612, workers=2)
PR1_GIGAHFT_VERDICT rate=1637660351 target=1000000000 -> PASS (Project 1.0B: bit-exact, zero-alloc, every byte verified in-window, cross-pass double-buffered fabric)
PR1_R8_FULL_VERIFY_VERDICT rate=1637660351 target=1000000000 -> PASS (R8: 1B msg/s sustained full verification — bit-exact, zero-alloc, every byte CRC32C-verified in-window)
PR1_R16_FULL_VERIFY_VERDICT rate=1637660351 target=2000000000 -> FAIL (R16: 2B msg/s sustained full verification — the Double Helix program, docs/29)
R16B_RXDESC_VERDICT rx_fixes=0 assist_chunks=355318 (array-driven submission telemetry; fixes=0 means every RX prefill entry was already exact)
R23B_AFFINE_VERDICT arm=sustained armed=false tag_hits=0 payload_fallbacks=0 ledger_rows=0 (R23c: zero-re-read affine verification on the worker fabric)
PR1_R23_AFFINE_SUSTAINED_VERDICT rate=1637660351 target=2500000000 -> FAIL (R23: 2.5B+ sustained full verification from register tags — the affine-span algebra program, docs/36)
=== 11s. R14: Vector Barrett Ending OFF (rollback attribution) ===
[1m[92m    Finished[0m `release` profile [optimized] target(s) in 0.01s
[1m[92m     Running[0m `target/release/bench --hydra-only`
BENCH_CALIBRATION invariant_tsc=true freq_mhz=2596.12 mark_overhead_cycles=52
=== R6. PR-1 HYDRA BIT-EXACT MULTI-CORE SPAN CONFORMANCE ===
BLOB_BACKING mode=mmap anon_huge_kb=16384 map_mb=16.5 verdict=thp-granted
HYDRA_BITPARITY sequential=(count=505849 hash=0x881639cead506f25 msg_hash=0xcbf29ce484222325) hydra=(count=505849 hash=0x881639cead506f25 msg_hash=0xcbf29ce484222325) -> BIT-EXACT
BENCH mode=replay-hydra-burst msgs=505849 rate=1383821417 allocs=0 freq=2596.12MHz workers=2 run=1
BENCH mode=replay-hydra-burst msgs=505849 rate=1552279248 allocs=0 freq=2596.12MHz workers=2 run=2
BENCH mode=replay-hydra-burst msgs=505849 rate=1569200368 allocs=0 freq=2596.12MHz workers=2 run=3
BENCH mode=replay-hydra-burst msgs=505849 rate=1686967454 allocs=0 freq=2596.12MHz workers=2 run=4
BENCH mode=replay-hydra-burst msgs=505849 rate=1600428384 allocs=0 freq=2596.12MHz workers=2 run=5
BENCH_MEDIAN mode=replay-hydra-burst rate=1569200368
R23B_AFFINE_VERDICT arm=burst armed=false tag_hits=0 payload_fallbacks=0 ledger_rows=0 (R23c: workers verify spans from register tags, zero payload reads; the (prefix,cum) triple checked per-span by the scalar affine law)
PR1_HYDRA_VERDICT rate=1569200368 (bit-exact multi-core span conformance: 2 workers, every emitted byte CRC32C-checked in-window, ordered serial fold)
PR1_GIGAHFT_BURST_VERDICT rate=1569200368 target=1000000000 -> PASS (R7 burst reference; the sustained arm below is the gate)
DIAG sustained: passes=17005 reset_ms=460.1 scan_ms=4536.2 end_ms=0.9 pending_max=5951 batches=374110 wait_ms=36.7 work_ms=4133.2 fold_ms=288.5 assist_chunks=375298 bytes_per_msg=27.65 crc_demand_gb_s=47.57
DIAG worker[0] sustained: cpu0(pinned) placement=[0, 2] batches=580551 spans=74293842 eval_ms=4965.4 idle_iters=29213 res_waits=0 fw=0 fw_ms=0.0
DIAG worker[1] sustained: cpu2(pinned) placement=[0, 2] batches=712825 spans=91225259 eval_ms=4952.8 idle_iters=32413 res_waits=0 fw=0 fw_ms=0.0
DIAG rx sustained: publications=374170 polls=1479673 prod_ms=1514.8 bufwait_laps=135980 resets=17007 eos_parks=0 nbuf=16 rx_actual_cpu=3
ADVANCE_DIAGNOSTIC sustained: advances=17007 advance_ms=120.7 us_per_advance=7.1 (F-5 reset/auto-advance hygiene — the synchronous bake tail the per-publication prepatch budget drains; HFT_PREPATCH_BUDGET prices it)
RXWARM_DIAGNOSTIC sustained: enabled=false fixes=0 uncovered=0 last_pass_fixes=0 (F-1 frame-entry warm start; the steady-state law is fixes==0 on pass>=2 — the kill rule reads persistent fixes)
RXBUILD_DIAGNOSTIC sustained: enabled=true patches=374065128 last_pass_patches=21996 frames=21996 (F-2 publish-by-reference master; the steady-state law is every patchable entry patched exactly once per pass boundary)
DIAG cons sustained: parks=11 park_ms=1.2 slow_waits=11 slow_ms=1.4
BENCH mode=replay-hydra-sustained-5s total_msgs=8601962245 duration=5.00s sustained_rate=1720361148 msg/s allocs=0 workers=2 crc_kernel=reflect
PR1_HYDRA_SUSTAINED_VERDICT rate=1720361148 (duration=5.00s, total_msgs=8601962245, workers=2)
PR1_GIGAHFT_VERDICT rate=1720361148 target=1000000000 -> PASS (Project 1.0B: bit-exact, zero-alloc, every byte verified in-window, cross-pass double-buffered fabric)
PR1_R8_FULL_VERIFY_VERDICT rate=1720361148 target=1000000000 -> PASS (R8: 1B msg/s sustained full verification — bit-exact, zero-alloc, every byte CRC32C-verified in-window)
PR1_R16_FULL_VERIFY_VERDICT rate=1720361148 target=2000000000 -> FAIL (R16: 2B msg/s sustained full verification — the Double Helix program, docs/29)
R16B_RXDESC_VERDICT rx_fixes=0 assist_chunks=375298 (array-driven submission telemetry; fixes=0 means every RX prefill entry was already exact)
R23B_AFFINE_VERDICT arm=sustained armed=false tag_hits=0 payload_fallbacks=0 ledger_rows=0 (R23c: zero-re-read affine verification on the worker fabric)
PR1_R23_AFFINE_SUSTAINED_VERDICT rate=1720361148 target=2500000000 -> FAIL (R23: 2.5B+ sustained full verification from register tags — the affine-span algebra program, docs/36)
=== 11t. R15: Vectorized Tail (vtail) OFF (rollback attribution) ===
[1m[92m    Finished[0m `release` profile [optimized] target(s) in 0.01s
[1m[92m     Running[0m `target/release/bench --hydra-only`
BENCH_CALIBRATION invariant_tsc=true freq_mhz=2596.12 mark_overhead_cycles=52
=== R6. PR-1 HYDRA BIT-EXACT MULTI-CORE SPAN CONFORMANCE ===
BLOB_BACKING mode=mmap anon_huge_kb=16384 map_mb=16.5 verdict=thp-granted
HYDRA_BITPARITY sequential=(count=505849 hash=0x881639cead506f25 msg_hash=0xcbf29ce484222325) hydra=(count=505849 hash=0x881639cead506f25 msg_hash=0xcbf29ce484222325) -> BIT-EXACT
BENCH mode=replay-hydra-burst msgs=505849 rate=1423246928 allocs=0 freq=2596.12MHz workers=2 run=1
BENCH mode=replay-hydra-burst msgs=505849 rate=1546806389 allocs=0 freq=2596.12MHz workers=2 run=2
BENCH mode=replay-hydra-burst msgs=505849 rate=1640236705 allocs=0 freq=2596.12MHz workers=2 run=3
BENCH mode=replay-hydra-burst msgs=505849 rate=1673389791 allocs=0 freq=2596.12MHz workers=2 run=4
BENCH mode=replay-hydra-burst msgs=505849 rate=1636681010 allocs=0 freq=2596.12MHz workers=2 run=5
BENCH_MEDIAN mode=replay-hydra-burst rate=1636681010
R23B_AFFINE_VERDICT arm=burst armed=false tag_hits=0 payload_fallbacks=0 ledger_rows=0 (R23c: workers verify spans from register tags, zero payload reads; the (prefix,cum) triple checked per-span by the scalar affine law)
PR1_HYDRA_VERDICT rate=1636681010 (bit-exact multi-core span conformance: 2 workers, every emitted byte CRC32C-checked in-window, ordered serial fold)
PR1_GIGAHFT_BURST_VERDICT rate=1636681010 target=1000000000 -> PASS (R7 burst reference; the sustained arm below is the gate)
DIAG sustained: passes=16994 reset_ms=476.3 scan_ms=4520.2 end_ms=0.9 pending_max=6165 batches=373868 wait_ms=34.5 work_ms=4127.2 fold_ms=286.2 assist_chunks=386025 bytes_per_msg=27.65 crc_demand_gb_s=47.54
DIAG worker[0] sustained: cpu0(pinned) placement=[0, 2] batches=581324 spans=74395983 eval_ms=4957.1 idle_iters=44161 res_waits=0 fw=0 fw_ms=0.0
DIAG worker[1] sustained: cpu2(pinned) placement=[0, 2] batches=705610 spans=90306590 eval_ms=4945.2 idle_iters=43556 res_waits=0 fw=0 fw_ms=0.0
DIAG rx sustained: publications=373928 polls=1478716 prod_ms=1451.8 bufwait_laps=135992 resets=16996 eos_parks=0 nbuf=16 rx_actual_cpu=3
ADVANCE_DIAGNOSTIC sustained: advances=16996 advance_ms=112.4 us_per_advance=6.6 (F-5 reset/auto-advance hygiene — the synchronous bake tail the per-publication prepatch budget drains; HFT_PREPATCH_BUDGET prices it)
RXWARM_DIAGNOSTIC sustained: enabled=false fixes=0 uncovered=0 last_pass_fixes=0 (F-1 frame-entry warm start; the steady-state law is fixes==0 on pass>=2 — the kill rule reads persistent fixes)
RXBUILD_DIAGNOSTIC sustained: enabled=true patches=373823172 last_pass_patches=21996 frames=21996 (F-2 publish-by-reference master; the steady-state law is every patchable entry patched exactly once per pass boundary)
DIAG cons sustained: parks=20 park_ms=2.4 slow_waits=20 slow_ms=2.7
BENCH mode=replay-hydra-sustained-5s total_msgs=8596397906 duration=5.00s sustained_rate=1719209031 msg/s allocs=0 workers=2 crc_kernel=reflect
PR1_HYDRA_SUSTAINED_VERDICT rate=1719209031 (duration=5.00s, total_msgs=8596397906, workers=2)
PR1_GIGAHFT_VERDICT rate=1719209031 target=1000000000 -> PASS (Project 1.0B: bit-exact, zero-alloc, every byte verified in-window, cross-pass double-buffered fabric)
PR1_R8_FULL_VERIFY_VERDICT rate=1719209031 target=1000000000 -> PASS (R8: 1B msg/s sustained full verification — bit-exact, zero-alloc, every byte CRC32C-verified in-window)
PR1_R16_FULL_VERIFY_VERDICT rate=1719209031 target=2000000000 -> FAIL (R16: 2B msg/s sustained full verification — the Double Helix program, docs/29)
R16B_RXDESC_VERDICT rx_fixes=0 assist_chunks=386025 (array-driven submission telemetry; fixes=0 means every RX prefill entry was already exact)
R23B_AFFINE_VERDICT arm=sustained armed=false tag_hits=0 payload_fallbacks=0 ledger_rows=0 (R23c: zero-re-read affine verification on the worker fabric)
PR1_R23_AFFINE_SUSTAINED_VERDICT rate=1719209031 target=2500000000 -> FAIL (R23: 2.5B+ sustained full verification from register tags — the affine-span algebra program, docs/36)
=== 11u. R15: Worker Drain Granularity Sweep (the supply-side rebalance) ===
[1m[92m    Finished[0m `release` profile [optimized] target(s) in 0.01s
[1m[92m     Running[0m `target/release/bench --hydra-only`
BENCH_CALIBRATION invariant_tsc=true freq_mhz=2596.12 mark_overhead_cycles=52
=== R6. PR-1 HYDRA BIT-EXACT MULTI-CORE SPAN CONFORMANCE ===
BLOB_BACKING mode=mmap anon_huge_kb=16384 map_mb=16.5 verdict=thp-granted
HYDRA_BITPARITY sequential=(count=505849 hash=0x881639cead506f25 msg_hash=0xcbf29ce484222325) hydra=(count=505849 hash=0x881639cead506f25 msg_hash=0xcbf29ce484222325) -> BIT-EXACT
BENCH mode=replay-hydra-burst msgs=505849 rate=1400514413 allocs=0 freq=2596.12MHz workers=2 run=1
BENCH mode=replay-hydra-burst msgs=505849 rate=1408755830 allocs=0 freq=2596.12MHz workers=2 run=2
BENCH mode=replay-hydra-burst msgs=505849 rate=1613311560 allocs=0 freq=2596.12MHz workers=2 run=3
BENCH mode=replay-hydra-burst msgs=505849 rate=1661059192 allocs=0 freq=2596.12MHz workers=2 run=4
BENCH mode=replay-hydra-burst msgs=505849 rate=1625358665 allocs=0 freq=2596.12MHz workers=2 run=5
BENCH_MEDIAN mode=replay-hydra-burst rate=1613311560
R23B_AFFINE_VERDICT arm=burst armed=false tag_hits=0 payload_fallbacks=0 ledger_rows=0 (R23c: workers verify spans from register tags, zero payload reads; the (prefix,cum) triple checked per-span by the scalar affine law)
PR1_HYDRA_VERDICT rate=1613311560 (bit-exact multi-core span conformance: 2 workers, every emitted byte CRC32C-checked in-window, ordered serial fold)
PR1_GIGAHFT_BURST_VERDICT rate=1613311560 target=1000000000 -> PASS (R7 burst reference; the sustained arm below is the gate)
DIAG sustained: passes=16888 reset_ms=453.0 scan_ms=4543.6 end_ms=0.9 pending_max=11292 batches=371536 wait_ms=37.1 work_ms=4144.1 fold_ms=286.1 assist_chunks=389779 bytes_per_msg=27.65 crc_demand_gb_s=47.24
DIAG worker[0] sustained: cpu0(pinned) placement=[0, 2] batches=1138204 spans=72839760 eval_ms=4936.6 idle_iters=31536 res_waits=132 fw=0 fw_ms=0.0
DIAG worker[1] sustained: cpu2(pinned) placement=[0, 2] batches=1413241 spans=90442630 eval_ms=4914.0 idle_iters=31426 res_waits=0 fw=0 fw_ms=0.0
DIAG rx sustained: publications=371596 polls=1469494 prod_ms=1493.0 bufwait_laps=135037 resets=16890 eos_parks=0 nbuf=16 rx_actual_cpu=3
ADVANCE_DIAGNOSTIC sustained: advances=16890 advance_ms=127.8 us_per_advance=7.6 (F-5 reset/auto-advance hygiene — the synchronous bake tail the per-publication prepatch budget drains; HFT_PREPATCH_BUDGET prices it)
RXWARM_DIAGNOSTIC sustained: enabled=false fixes=0 uncovered=0 last_pass_fixes=0 (F-1 frame-entry warm start; the steady-state law is fixes==0 on pass>=2 — the kill rule reads persistent fixes)
RXBUILD_DIAGNOSTIC sustained: enabled=true patches=371491596 last_pass_patches=21932 frames=21996 (F-2 publish-by-reference master; the steady-state law is every patchable entry patched exactly once per pass boundary)
DIAG cons sustained: parks=14 park_ms=2.6 slow_waits=14 slow_ms=2.8
BENCH mode=replay-hydra-sustained-5s total_msgs=8542777912 duration=5.00s sustained_rate=1708450320 msg/s allocs=0 workers=2 crc_kernel=reflect
PR1_HYDRA_SUSTAINED_VERDICT rate=1708450320 (duration=5.00s, total_msgs=8542777912, workers=2)
PR1_GIGAHFT_VERDICT rate=1708450320 target=1000000000 -> PASS (Project 1.0B: bit-exact, zero-alloc, every byte verified in-window, cross-pass double-buffered fabric)
PR1_R8_FULL_VERIFY_VERDICT rate=1708450320 target=1000000000 -> PASS (R8: 1B msg/s sustained full verification — bit-exact, zero-alloc, every byte CRC32C-verified in-window)
PR1_R16_FULL_VERIFY_VERDICT rate=1708450320 target=2000000000 -> FAIL (R16: 2B msg/s sustained full verification — the Double Helix program, docs/29)
R16B_RXDESC_VERDICT rx_fixes=0 assist_chunks=389779 (array-driven submission telemetry; fixes=0 means every RX prefill entry was already exact)
R23B_AFFINE_VERDICT arm=sustained armed=false tag_hits=0 payload_fallbacks=0 ledger_rows=0 (R23c: zero-re-read affine verification on the worker fabric)
PR1_R23_AFFINE_SUSTAINED_VERDICT rate=1708450320 target=2500000000 -> FAIL (R23: 2.5B+ sustained full verification from register tags — the affine-span algebra program, docs/36)
[1m[92m    Finished[0m `release` profile [optimized] target(s) in 0.01s
[1m[92m     Running[0m `target/release/bench --hydra-only`
BENCH_CALIBRATION invariant_tsc=true freq_mhz=2596.12 mark_overhead_cycles=52
=== R6. PR-1 HYDRA BIT-EXACT MULTI-CORE SPAN CONFORMANCE ===
BLOB_BACKING mode=mmap anon_huge_kb=16384 map_mb=16.5 verdict=thp-granted
HYDRA_BITPARITY sequential=(count=505849 hash=0x881639cead506f25 msg_hash=0xcbf29ce484222325) hydra=(count=505849 hash=0x881639cead506f25 msg_hash=0xcbf29ce484222325) -> BIT-EXACT
BENCH mode=replay-hydra-burst msgs=505849 rate=1454052873 allocs=0 freq=2596.12MHz workers=2 run=1
BENCH mode=replay-hydra-burst msgs=505849 rate=1569151691 allocs=0 freq=2596.12MHz workers=2 run=2
BENCH mode=replay-hydra-burst msgs=505849 rate=1689000854 allocs=0 freq=2596.12MHz workers=2 run=3
BENCH mode=replay-hydra-burst msgs=505849 rate=1627974111 allocs=0 freq=2596.12MHz workers=2 run=4
BENCH mode=replay-hydra-burst msgs=505849 rate=1597794637 allocs=0 freq=2596.12MHz workers=2 run=5
BENCH_MEDIAN mode=replay-hydra-burst rate=1597794637
R23B_AFFINE_VERDICT arm=burst armed=false tag_hits=0 payload_fallbacks=0 ledger_rows=0 (R23c: workers verify spans from register tags, zero payload reads; the (prefix,cum) triple checked per-span by the scalar affine law)
PR1_HYDRA_VERDICT rate=1597794637 (bit-exact multi-core span conformance: 2 workers, every emitted byte CRC32C-checked in-window, ordered serial fold)
PR1_GIGAHFT_BURST_VERDICT rate=1597794637 target=1000000000 -> PASS (R7 burst reference; the sustained arm below is the gate)
DIAG sustained: passes=17327 reset_ms=449.2 scan_ms=4547.4 end_ms=0.9 pending_max=6571 batches=381194 wait_ms=37.5 work_ms=4144.2 fold_ms=288.2 assist_chunks=387267 bytes_per_msg=27.65 crc_demand_gb_s=48.47
DIAG worker[0] sustained: cpu0(pinned) placement=[0, 2] batches=293240 spans=75038352 eval_ms=4977.4 idle_iters=32513 res_waits=0 fw=0 fw_ms=0.0
DIAG worker[1] sustained: cpu2(pinned) placement=[0, 2] batches=364641 spans=93306373 eval_ms=4970.2 idle_iters=31767 res_waits=0 fw=0 fw_ms=0.0
DIAG rx sustained: publications=381254 polls=1507687 prod_ms=1524.6 bufwait_laps=138715 resets=17329 eos_parks=0 nbuf=16 rx_actual_cpu=3
ADVANCE_DIAGNOSTIC sustained: advances=17329 advance_ms=118.8 us_per_advance=6.9 (F-5 reset/auto-advance hygiene — the synchronous bake tail the per-publication prepatch budget drains; HFT_PREPATCH_BUDGET prices it)
RXWARM_DIAGNOSTIC sustained: enabled=false fixes=0 uncovered=0 last_pass_fixes=0 (F-1 frame-entry warm start; the steady-state law is fixes==0 on pass>=2 — the kill rule reads persistent fixes)
RXBUILD_DIAGNOSTIC sustained: enabled=true patches=381147840 last_pass_patches=21996 frames=21996 (F-2 publish-by-reference master; the steady-state law is every patchable entry patched exactly once per pass boundary)
DIAG cons sustained: parks=14 park_ms=0.6 slow_waits=14 slow_ms=0.8
BENCH mode=replay-hydra-sustained-5s total_msgs=8764845623 duration=5.00s sustained_rate=1752877061 msg/s allocs=0 workers=2 crc_kernel=reflect
PR1_HYDRA_SUSTAINED_VERDICT rate=1752877061 (duration=5.00s, total_msgs=8764845623, workers=2)
PR1_GIGAHFT_VERDICT rate=1752877061 target=1000000000 -> PASS (Project 1.0B: bit-exact, zero-alloc, every byte verified in-window, cross-pass double-buffered fabric)
PR1_R8_FULL_VERIFY_VERDICT rate=1752877061 target=1000000000 -> PASS (R8: 1B msg/s sustained full verification — bit-exact, zero-alloc, every byte CRC32C-verified in-window)
PR1_R16_FULL_VERIFY_VERDICT rate=1752877061 target=2000000000 -> FAIL (R16: 2B msg/s sustained full verification — the Double Helix program, docs/29)
R16B_RXDESC_VERDICT rx_fixes=0 assist_chunks=387267 (array-driven submission telemetry; fixes=0 means every RX prefill entry was already exact)
R23B_AFFINE_VERDICT arm=sustained armed=false tag_hits=0 payload_fallbacks=0 ledger_rows=0 (R23c: zero-re-read affine verification on the worker fabric)
PR1_R23_AFFINE_SUSTAINED_VERDICT rate=1752877061 target=2500000000 -> FAIL (R23: 2.5B+ sustained full verification from register tags — the affine-span algebra program, docs/36)
=== 11wm. R17: Assist-Watermark Deep-Soak, SIBLINGS (the A3-b pricing where the assist lives) ===
[1m[92m    Finished[0m `release` profile [optimized] target(s) in 0.01s
[1m[92m     Running[0m `target/release/bench --hydra-only`
BENCH_CALIBRATION invariant_tsc=true freq_mhz=2596.12 mark_overhead_cycles=52
=== R6. PR-1 HYDRA BIT-EXACT MULTI-CORE SPAN CONFORMANCE ===
BLOB_BACKING mode=mmap anon_huge_kb=16384 map_mb=16.5 verdict=thp-granted
HYDRA_BITPARITY sequential=(count=505849 hash=0x881639cead506f25 msg_hash=0xcbf29ce484222325) hydra=(count=505849 hash=0x881639cead506f25 msg_hash=0xcbf29ce484222325) -> BIT-EXACT
BENCH mode=replay-hydra-burst msgs=505849 rate=1250794961 allocs=0 freq=2596.12MHz workers=2 run=1
BENCH mode=replay-hydra-burst msgs=505849 rate=1384389496 allocs=0 freq=2596.12MHz workers=2 run=2
BENCH mode=replay-hydra-burst msgs=505849 rate=1445691781 allocs=0 freq=2596.12MHz workers=2 run=3
BENCH mode=replay-hydra-burst msgs=505849 rate=1507162649 allocs=0 freq=2596.12MHz workers=2 run=4
BENCH mode=replay-hydra-burst msgs=505849 rate=1493788297 allocs=0 freq=2596.12MHz workers=2 run=5
BENCH_MEDIAN mode=replay-hydra-burst rate=1445691781
R23B_AFFINE_VERDICT arm=burst armed=false tag_hits=0 payload_fallbacks=0 ledger_rows=0 (R23c: workers verify spans from register tags, zero payload reads; the (prefix,cum) triple checked per-span by the scalar affine law)
PR1_HYDRA_VERDICT rate=1445691781 (bit-exact multi-core span conformance: 2 workers, every emitted byte CRC32C-checked in-window, ordered serial fold)
PR1_GIGAHFT_BURST_VERDICT rate=1445691781 target=1000000000 -> PASS (R7 burst reference; the sustained arm below is the gate)
DIAG sustained: passes=17155 reset_ms=390.1 scan_ms=4595.0 end_ms=4.4 pending_max=11069 batches=377410 wait_ms=29.9 work_ms=4193.5 fold_ms=296.7 assist_chunks=598950 bytes_per_msg=27.65 crc_demand_gb_s=47.99
DIAG worker[0] sustained: cpu2(pinned) placement=[2, 3] batches=596081 spans=76289145 eval_ms=4942.8 idle_iters=49250 res_waits=1266 fw=0 fw_ms=0.0
DIAG worker[1] sustained: cpu3(pinned) placement=[2, 3] batches=597239 spans=76439343 eval_ms=4942.4 idle_iters=43374 res_waits=2538 fw=0 fw_ms=0.0
DIAG rx sustained: publications=377470 polls=1492723 prod_ms=1572.7 bufwait_laps=137333 resets=17157 eos_parks=0 nbuf=16 rx_actual_cpu=1
ADVANCE_DIAGNOSTIC sustained: advances=17157 advance_ms=86.9 us_per_advance=5.1 (F-5 reset/auto-advance hygiene — the synchronous bake tail the per-publication prepatch budget drains; HFT_PREPATCH_BUDGET prices it)
RXWARM_DIAGNOSTIC sustained: enabled=false fixes=0 uncovered=0 last_pass_fixes=0 (F-1 frame-entry warm start; the steady-state law is fixes==0 on pass>=2 — the kill rule reads persistent fixes)
RXBUILD_DIAGNOSTIC sustained: enabled=true patches=377364592 last_pass_patches=21996 frames=21996 (F-2 publish-by-reference master; the steady-state law is every patchable entry patched exactly once per pass boundary)
DIAG cons sustained: parks=22 park_ms=8.1 slow_waits=22 slow_ms=8.4
BENCH mode=replay-hydra-sustained-5s total_msgs=8677839595 duration=5.00s sustained_rate=1735479578 msg/s allocs=0 workers=2 crc_kernel=reflect
PR1_HYDRA_SUSTAINED_VERDICT rate=1735479578 (duration=5.00s, total_msgs=8677839595, workers=2)
PR1_GIGAHFT_VERDICT rate=1735479578 target=1000000000 -> PASS (Project 1.0B: bit-exact, zero-alloc, every byte verified in-window, cross-pass double-buffered fabric)
PR1_R8_FULL_VERIFY_VERDICT rate=1735479578 target=1000000000 -> PASS (R8: 1B msg/s sustained full verification — bit-exact, zero-alloc, every byte CRC32C-verified in-window)
PR1_R16_FULL_VERIFY_VERDICT rate=1735479578 target=2000000000 -> FAIL (R16: 2B msg/s sustained full verification — the Double Helix program, docs/29)
R16B_RXDESC_VERDICT rx_fixes=0 assist_chunks=598950 (array-driven submission telemetry; fixes=0 means every RX prefill entry was already exact)
R23B_AFFINE_VERDICT arm=sustained armed=false tag_hits=0 payload_fallbacks=0 ledger_rows=0 (R23c: zero-re-read affine verification on the worker fabric)
PR1_R23_AFFINE_SUSTAINED_VERDICT rate=1735479578 target=2500000000 -> FAIL (R23: 2.5B+ sustained full verification from register tags — the affine-span algebra program, docs/36)
=== 11v. R16: Dual-Stream Fold (dfold) ARMED Soak (attribution) ===
[1m[92m    Finished[0m `release` profile [optimized] target(s) in 0.01s
[1m[92m     Running[0m `target/release/bench --hydra-only`
BENCH_CALIBRATION invariant_tsc=true freq_mhz=2596.12 mark_overhead_cycles=52
=== R6. PR-1 HYDRA BIT-EXACT MULTI-CORE SPAN CONFORMANCE ===
BLOB_BACKING mode=mmap anon_huge_kb=16384 map_mb=16.5 verdict=thp-granted
HYDRA_BITPARITY sequential=(count=505849 hash=0x881639cead506f25 msg_hash=0xcbf29ce484222325) hydra=(count=505849 hash=0x881639cead506f25 msg_hash=0xcbf29ce484222325) -> BIT-EXACT
BENCH mode=replay-hydra-burst msgs=505849 rate=1279564615 allocs=0 freq=2596.12MHz workers=2 run=1
BENCH mode=replay-hydra-burst msgs=505849 rate=1367891466 allocs=0 freq=2596.12MHz workers=2 run=2
BENCH mode=replay-hydra-burst msgs=505849 rate=1537441492 allocs=0 freq=2596.12MHz workers=2 run=3
BENCH mode=replay-hydra-burst msgs=505849 rate=1598809700 allocs=0 freq=2596.12MHz workers=2 run=4
BENCH mode=replay-hydra-burst msgs=505849 rate=1669848909 allocs=0 freq=2596.12MHz workers=2 run=5
BENCH_MEDIAN mode=replay-hydra-burst rate=1537441492
R23B_AFFINE_VERDICT arm=burst armed=false tag_hits=0 payload_fallbacks=0 ledger_rows=0 (R23c: workers verify spans from register tags, zero payload reads; the (prefix,cum) triple checked per-span by the scalar affine law)
PR1_HYDRA_VERDICT rate=1537441492 (bit-exact multi-core span conformance: 2 workers, every emitted byte CRC32C-checked in-window, ordered serial fold)
PR1_GIGAHFT_BURST_VERDICT rate=1537441492 target=1000000000 -> PASS (R7 burst reference; the sustained arm below is the gate)
DIAG sustained: passes=16951 reset_ms=466.2 scan_ms=4530.1 end_ms=0.9 pending_max=11394 batches=372922 wait_ms=35.4 work_ms=4127.8 fold_ms=288.4 assist_chunks=382602 bytes_per_msg=27.65 crc_demand_gb_s=47.42
DIAG worker[0] sustained: cpu0(pinned) placement=[0, 2] batches=577430 spans=73906088 eval_ms=4968.2 idle_iters=24983 res_waits=0 fw=0 fw_ms=0.0
DIAG worker[1] sustained: cpu2(pinned) placement=[0, 2] batches=707428 spans=90538731 eval_ms=4954.8 idle_iters=26208 res_waits=1499 fw=0 fw_ms=0.0
DIAG rx sustained: publications=372982 polls=1474975 prod_ms=1480.3 bufwait_laps=135811 resets=16953 eos_parks=0 nbuf=16 rx_actual_cpu=3
ADVANCE_DIAGNOSTIC sustained: advances=16953 advance_ms=126.5 us_per_advance=7.5 (F-5 reset/auto-advance hygiene — the synchronous bake tail the per-publication prepatch budget drains; HFT_PREPATCH_BUDGET prices it)
RXWARM_DIAGNOSTIC sustained: enabled=false fixes=0 uncovered=0 last_pass_fixes=0 (F-1 frame-entry warm start; the steady-state law is fixes==0 on pass>=2 — the kill rule reads persistent fixes)
RXBUILD_DIAGNOSTIC sustained: enabled=true patches=372877344 last_pass_patches=21996 frames=21996 (F-2 publish-by-reference master; the steady-state law is every patchable entry patched exactly once per pass boundary)
DIAG cons sustained: parks=11 park_ms=0.6 slow_waits=11 slow_ms=0.7
BENCH mode=replay-hydra-sustained-5s total_msgs=8574646399 duration=5.00s sustained_rate=1714862288 msg/s allocs=0 workers=2 crc_kernel=reflect
PR1_HYDRA_SUSTAINED_VERDICT rate=1714862288 (duration=5.00s, total_msgs=8574646399, workers=2)
PR1_GIGAHFT_VERDICT rate=1714862288 target=1000000000 -> PASS (Project 1.0B: bit-exact, zero-alloc, every byte verified in-window, cross-pass double-buffered fabric)
PR1_R8_FULL_VERIFY_VERDICT rate=1714862288 target=1000000000 -> PASS (R8: 1B msg/s sustained full verification — bit-exact, zero-alloc, every byte CRC32C-verified in-window)
PR1_R16_FULL_VERIFY_VERDICT rate=1714862288 target=2000000000 -> FAIL (R16: 2B msg/s sustained full verification — the Double Helix program, docs/29)
R16B_RXDESC_VERDICT rx_fixes=0 assist_chunks=382602 (array-driven submission telemetry; fixes=0 means every RX prefill entry was already exact)
R23B_AFFINE_VERDICT arm=sustained armed=false tag_hits=0 payload_fallbacks=0 ledger_rows=0 (R23c: zero-re-read affine verification on the worker fabric)
PR1_R23_AFFINE_SUSTAINED_VERDICT rate=1714862288 target=2500000000 -> FAIL (R23: 2.5B+ sustained full verification from register tags — the affine-span algebra program, docs/36)
=== 11oa. R21: Octo-Stream Fold (ofold) ARMED Soak (attribution) ===
[1m[92m    Finished[0m `release` profile [optimized] target(s) in 0.01s
[1m[92m     Running[0m `target/release/bench --hydra-only`
BENCH_CALIBRATION invariant_tsc=true freq_mhz=2596.12 mark_overhead_cycles=52
=== R6. PR-1 HYDRA BIT-EXACT MULTI-CORE SPAN CONFORMANCE ===
BLOB_BACKING mode=mmap anon_huge_kb=14336 map_mb=16.5 verdict=thp-granted
HYDRA_BITPARITY sequential=(count=505849 hash=0x881639cead506f25 msg_hash=0xcbf29ce484222325) hydra=(count=505849 hash=0x881639cead506f25 msg_hash=0xcbf29ce484222325) -> BIT-EXACT
BENCH mode=replay-hydra-burst msgs=505849 rate=1470307490 allocs=0 freq=2596.12MHz workers=2 run=1
BENCH mode=replay-hydra-burst msgs=505849 rate=1528230861 allocs=0 freq=2596.12MHz workers=2 run=2
BENCH mode=replay-hydra-burst msgs=505849 rate=1562892770 allocs=0 freq=2596.12MHz workers=2 run=3
BENCH mode=replay-hydra-burst msgs=505849 rate=1691090042 allocs=0 freq=2596.12MHz workers=2 run=4
BENCH mode=replay-hydra-burst msgs=505849 rate=1536927657 allocs=0 freq=2596.12MHz workers=2 run=5
BENCH_MEDIAN mode=replay-hydra-burst rate=1536927657
R23B_AFFINE_VERDICT arm=burst armed=false tag_hits=0 payload_fallbacks=0 ledger_rows=0 (R23c: workers verify spans from register tags, zero payload reads; the (prefix,cum) triple checked per-span by the scalar affine law)
PR1_HYDRA_VERDICT rate=1536927657 (bit-exact multi-core span conformance: 2 workers, every emitted byte CRC32C-checked in-window, ordered serial fold)
PR1_GIGAHFT_BURST_VERDICT rate=1536927657 target=1000000000 -> PASS (R7 burst reference; the sustained arm below is the gate)
DIAG sustained: passes=17167 reset_ms=461.3 scan_ms=4535.2 end_ms=0.9 pending_max=8729 batches=377674 wait_ms=35.1 work_ms=4138.6 fold_ms=287.8 assist_chunks=384614 bytes_per_msg=27.65 crc_demand_gb_s=48.02
DIAG worker[0] sustained: cpu0(pinned) placement=[0, 2] batches=587596 spans=75205888 eval_ms=4964.6 idle_iters=28441 res_waits=434 fw=0 fw_ms=0.0
DIAG worker[1] sustained: cpu2(pinned) placement=[0, 2] batches=715076 spans=91520371 eval_ms=4953.8 idle_iters=29185 res_waits=501 fw=0 fw_ms=0.0
DIAG rx sustained: publications=377734 polls=1493767 prod_ms=1457.2 bufwait_laps=137462 resets=17169 eos_parks=0 nbuf=16 rx_actual_cpu=3
ADVANCE_DIAGNOSTIC sustained: advances=17169 advance_ms=109.5 us_per_advance=6.4 (F-5 reset/auto-advance hygiene — the synchronous bake tail the per-publication prepatch budget drains; HFT_PREPATCH_BUDGET prices it)
RXWARM_DIAGNOSTIC sustained: enabled=false fixes=0 uncovered=0 last_pass_fixes=0 (F-1 frame-entry warm start; the steady-state law is fixes==0 on pass>=2 — the kill rule reads persistent fixes)
RXBUILD_DIAGNOSTIC sustained: enabled=true patches=377628544 last_pass_patches=22060 frames=21996 (F-2 publish-by-reference master; the steady-state law is every patchable entry patched exactly once per pass boundary)
DIAG cons sustained: parks=13 park_ms=0.8 slow_waits=13 slow_ms=1.0
BENCH mode=replay-hydra-sustained-5s total_msgs=8683909783 duration=5.00s sustained_rate=1736673936 msg/s allocs=0 workers=2 crc_kernel=reflect
PR1_HYDRA_SUSTAINED_VERDICT rate=1736673936 (duration=5.00s, total_msgs=8683909783, workers=2)
PR1_GIGAHFT_VERDICT rate=1736673936 target=1000000000 -> PASS (Project 1.0B: bit-exact, zero-alloc, every byte verified in-window, cross-pass double-buffered fabric)
PR1_R8_FULL_VERIFY_VERDICT rate=1736673936 target=1000000000 -> PASS (R8: 1B msg/s sustained full verification — bit-exact, zero-alloc, every byte CRC32C-verified in-window)
PR1_R16_FULL_VERIFY_VERDICT rate=1736673936 target=2000000000 -> FAIL (R16: 2B msg/s sustained full verification — the Double Helix program, docs/29)
R16B_RXDESC_VERDICT rx_fixes=0 assist_chunks=384614 (array-driven submission telemetry; fixes=0 means every RX prefill entry was already exact)
R23B_AFFINE_VERDICT arm=sustained armed=false tag_hits=0 payload_fallbacks=0 ledger_rows=0 (R23c: zero-re-read affine verification on the worker fabric)
PR1_R23_AFFINE_SUSTAINED_VERDICT rate=1736673936 target=2500000000 -> FAIL (R23: 2.5B+ sustained full verification from register tags — the affine-span algebra program, docs/36)
=== 11fb. R21: Fused In-Register Verification ARMED (the Task 2 shape) ===
[1m[92m    Finished[0m `release` profile [optimized] target(s) in 0.01s
[1m[92m     Running[0m `target/release/bench --hydra-only`
BENCH_CALIBRATION invariant_tsc=true freq_mhz=2596.12 mark_overhead_cycles=52
=== R6. PR-1 HYDRA BIT-EXACT MULTI-CORE SPAN CONFORMANCE ===
BLOB_BACKING mode=mmap anon_huge_kb=14336 map_mb=16.5 verdict=thp-granted
HYDRA_FUSED_DIAGNOSTIC force_inline=true kernel=reflect assist_slots=64 (R21 Task 2: submit-side fused verification — every span CRC evaluates on the submitting core at the framing point; the workers never re-read the payload, the 2nd memory pass is eliminated)
HYDRA_BITPARITY sequential=(count=505849 hash=0x881639cead506f25 msg_hash=0xcbf29ce484222325) hydra=(count=505849 hash=0x881639cead506f25 msg_hash=0xcbf29ce484222325) -> BIT-EXACT
BENCH mode=replay-hydra-burst msgs=505849 rate=637360740 allocs=0 freq=2596.12MHz workers=2 run=1
BENCH mode=replay-hydra-burst msgs=505849 rate=645926574 allocs=0 freq=2596.12MHz workers=2 run=2
BENCH mode=replay-hydra-burst msgs=505849 rate=660237652 allocs=0 freq=2596.12MHz workers=2 run=3
BENCH mode=replay-hydra-burst msgs=505849 rate=684012321 allocs=0 freq=2596.12MHz workers=2 run=4
BENCH mode=replay-hydra-burst msgs=505849 rate=685357955 allocs=0 freq=2596.12MHz workers=2 run=5
BENCH_MEDIAN mode=replay-hydra-burst rate=660237652
R23B_AFFINE_VERDICT arm=burst armed=false tag_hits=0 payload_fallbacks=0 ledger_rows=0 (R23c: workers verify spans from register tags, zero payload reads; the (prefix,cum) triple checked per-span by the scalar affine law)
PR1_HYDRA_VERDICT rate=660237652 (bit-exact multi-core span conformance: 2 workers, every emitted byte CRC32C-checked in-window, ordered serial fold)
PR1_GIGAHFT_BURST_VERDICT rate=660237652 target=1000000000 -> FAIL (R7 burst reference; the sustained arm below is the gate)
DIAG sustained: passes=6616 reset_ms=153.1 scan_ms=4845.6 end_ms=0.3 pending_max=48 batches=145552 wait_ms=12.9 work_ms=4710.7 fold_ms=95.5 assist_chunks=1141260 bytes_per_msg=27.65 crc_demand_gb_s=18.51
DIAG worker[0] sustained: cpu0(pinned) placement=[0, 2] batches=0 spans=0 eval_ms=0.0 idle_iters=7814165 res_waits=0 fw=0 fw_ms=0.0
DIAG worker[1] sustained: cpu2(pinned) placement=[0, 2] batches=0 spans=0 eval_ms=0.0 idle_iters=8678816 res_waits=0 fw=0 fw_ms=0.0
DIAG rx sustained: publications=145612 polls=575830 prod_ms=508.5 bufwait_laps=189198 resets=6618 eos_parks=0 nbuf=16 rx_actual_cpu=3
ADVANCE_DIAGNOSTIC sustained: advances=6618 advance_ms=30.0 us_per_advance=4.5 (F-5 reset/auto-advance hygiene — the synchronous bake tail the per-publication prepatch budget drains; HFT_PREPATCH_BUDGET prices it)
RXWARM_DIAGNOSTIC sustained: enabled=false fixes=0 uncovered=0 last_pass_fixes=0 (F-1 frame-entry warm start; the steady-state law is fixes==0 on pass>=2 — the kill rule reads persistent fixes)
RXBUILD_DIAGNOSTIC sustained: enabled=true patches=145548364 last_pass_patches=21996 frames=21996 (F-2 publish-by-reference master; the steady-state law is every patchable entry patched exactly once per pass boundary)
DIAG cons sustained: parks=2 park_ms=1.2 slow_waits=2 slow_ms=1.2
BENCH mode=replay-hydra-sustained-5s total_msgs=3346696984 duration=5.00s sustained_rate=669263153 msg/s allocs=0 workers=2 crc_kernel=reflect
PR1_HYDRA_SUSTAINED_VERDICT rate=669263153 (duration=5.00s, total_msgs=3346696984, workers=2)
PR1_GIGAHFT_VERDICT rate=669263153 target=1000000000 -> FAIL (Project 1.0B: bit-exact, zero-alloc, every byte verified in-window, cross-pass double-buffered fabric)
PR1_R8_FULL_VERIFY_VERDICT rate=669263153 target=1000000000 -> FAIL (R8: 1B msg/s sustained full verification — bit-exact, zero-alloc, every byte CRC32C-verified in-window)
PR1_R16_FULL_VERIFY_VERDICT rate=669263153 target=2000000000 -> FAIL (R16: 2B msg/s sustained full verification — the Double Helix program, docs/29)
R16B_RXDESC_VERDICT rx_fixes=0 assist_chunks=1141260 (array-driven submission telemetry; fixes=0 means every RX prefill entry was already exact)
R23B_AFFINE_VERDICT arm=sustained armed=false tag_hits=0 payload_fallbacks=0 ledger_rows=0 (R23c: zero-re-read affine verification on the worker fabric)
PR1_R23_AFFINE_SUSTAINED_VERDICT rate=669263153 target=2500000000 -> FAIL (R23: 2.5B+ sustained full verification from register tags — the affine-span algebra program, docs/36)
=== 11w. R16b/R17: Array-Driven Submission (rxdesc) ARMED (attribution) ===
[1m[92m    Finished[0m `release` profile [optimized] target(s) in 0.01s
[1m[92m     Running[0m `target/release/bench --hydra-only`
BENCH_CALIBRATION invariant_tsc=true freq_mhz=2596.12 mark_overhead_cycles=52
=== R6. PR-1 HYDRA BIT-EXACT MULTI-CORE SPAN CONFORMANCE ===
BLOB_BACKING mode=mmap anon_huge_kb=14336 map_mb=16.5 verdict=thp-granted
HYDRA_BITPARITY sequential=(count=505849 hash=0x881639cead506f25 msg_hash=0xcbf29ce484222325) hydra=(count=505849 hash=0x881639cead506f25 msg_hash=0xcbf29ce484222325) -> BIT-EXACT
BENCH mode=replay-hydra-burst msgs=505849 rate=1159193821 allocs=0 freq=2596.12MHz workers=2 run=1
BENCH mode=replay-hydra-burst msgs=505849 rate=1197757677 allocs=0 freq=2596.12MHz workers=2 run=2
BENCH mode=replay-hydra-burst msgs=505849 rate=1235281476 allocs=0 freq=2596.12MHz workers=2 run=3
BENCH mode=replay-hydra-burst msgs=505849 rate=1240896557 allocs=0 freq=2596.12MHz workers=2 run=4
BENCH mode=replay-hydra-burst msgs=505849 rate=1240227230 allocs=0 freq=2596.12MHz workers=2 run=5
BENCH_MEDIAN mode=replay-hydra-burst rate=1235281476
R23B_AFFINE_VERDICT arm=burst armed=false tag_hits=0 payload_fallbacks=0 ledger_rows=0 (R23c: workers verify spans from register tags, zero payload reads; the (prefix,cum) triple checked per-span by the scalar affine law)
PR1_HYDRA_VERDICT rate=1235281476 (bit-exact multi-core span conformance: 2 workers, every emitted byte CRC32C-checked in-window, ordered serial fold)
PR1_GIGAHFT_BURST_VERDICT rate=1235281476 target=1000000000 -> PASS (R7 burst reference; the sustained arm below is the gate)
DIAG sustained: passes=12249 reset_ms=346.6 scan_ms=4650.1 end_ms=0.9 pending_max=7856 batches=269478 wait_ms=23.9 work_ms=4367.2 fold_ms=203.3 assist_chunks=401073 bytes_per_msg=27.65 crc_demand_gb_s=34.27
DIAG worker[0] sustained: cpu0(pinned) placement=[0, 2] batches=442515 spans=56622912 eval_ms=4881.8 idle_iters=37950 res_waits=0 fw=17621 fw_ms=65.1
DIAG worker[1] sustained: cpu2(pinned) placement=[0, 2] batches=409587 spans=52410016 eval_ms=3621.7 idle_iters=128791 res_waits=0 fw=307180 fw_ms=1242.3
DIAG rx sustained: publications=269538 polls=1065901 prod_ms=1041.2 bufwait_laps=127800 resets=12251 eos_parks=0 nbuf=16 rx_actual_cpu=3
ADVANCE_DIAGNOSTIC sustained: advances=12251 advance_ms=60.2 us_per_advance=4.9 (F-5 reset/auto-advance hygiene — the synchronous bake tail the per-publication prepatch budget drains; HFT_PREPATCH_BUDGET prices it)
RXWARM_DIAGNOSTIC sustained: enabled=false fixes=0 uncovered=0 last_pass_fixes=0 (F-1 frame-entry warm start; the steady-state law is fixes==0 on pass>=2 — the kill rule reads persistent fixes)
RXBUILD_DIAGNOSTIC sustained: enabled=true patches=269452088 last_pass_patches=21996 frames=21996 (F-2 publish-by-reference master; the steady-state law is every patchable entry patched exactly once per pass boundary)
DIAG cons sustained: parks=7 park_ms=0.4 slow_waits=7 slow_ms=0.5
BENCH mode=replay-hydra-sustained-5s total_msgs=6196144401 duration=5.00s sustained_rate=1239225272 msg/s allocs=0 workers=2 crc_kernel=reflect
PR1_HYDRA_SUSTAINED_VERDICT rate=1239225272 (duration=5.00s, total_msgs=6196144401, workers=2)
PR1_GIGAHFT_VERDICT rate=1239225272 target=1000000000 -> PASS (Project 1.0B: bit-exact, zero-alloc, every byte verified in-window, cross-pass double-buffered fabric)
PR1_R8_FULL_VERIFY_VERDICT rate=1239225272 target=1000000000 -> PASS (R8: 1B msg/s sustained full verification — bit-exact, zero-alloc, every byte CRC32C-verified in-window)
PR1_R16_FULL_VERIFY_VERDICT rate=1239225272 target=2000000000 -> FAIL (R16: 2B msg/s sustained full verification — the Double Helix program, docs/29)
R16B_RXDESC_VERDICT rx_fixes=1920 assist_chunks=401073 (array-driven submission telemetry; fixes=0 means every RX prefill entry was already exact)
R23B_AFFINE_VERDICT arm=sustained armed=false tag_hits=0 payload_fallbacks=0 ledger_rows=0 (R23c: zero-re-read affine verification on the worker fabric)
PR1_R23_AFFINE_SUSTAINED_VERDICT rate=1239225272 target=2500000000 -> FAIL (R23: 2.5B+ sustained full verification from register tags — the affine-span algebra program, docs/36)
=== 11ab. R23c: Affine-Tag Zero-Re-Read Verification ARMED (the affine ship) ===
[1m[92m    Finished[0m `release` profile [optimized] target(s) in 0.01s
[1m[92m     Running[0m `target/release/bench --hydra-only`
BENCH_CALIBRATION invariant_tsc=true freq_mhz=2596.12 mark_overhead_cycles=52
=== R6. PR-1 HYDRA BIT-EXACT MULTI-CORE SPAN CONFORMANCE ===
BLOB_BACKING mode=mmap anon_huge_kb=16384 map_mb=16.5 verdict=thp-granted
HYDRA_BITPARITY sequential=(count=505849 hash=0x881639cead506f25 msg_hash=0xcbf29ce484222325) hydra=(count=505849 hash=0x881639cead506f25 msg_hash=0xcbf29ce484222325) -> BIT-EXACT
BENCH mode=replay-hydra-burst msgs=505849 rate=1145315033 allocs=0 freq=2596.12MHz workers=2 run=1
BENCH mode=replay-hydra-burst msgs=505849 rate=1155983198 allocs=0 freq=2596.12MHz workers=2 run=2
BENCH mode=replay-hydra-burst msgs=505849 rate=1136374153 allocs=0 freq=2596.12MHz workers=2 run=3
BENCH mode=replay-hydra-burst msgs=505849 rate=1120714369 allocs=0 freq=2596.12MHz workers=2 run=4
BENCH mode=replay-hydra-burst msgs=505849 rate=1083174520 allocs=0 freq=2596.12MHz workers=2 run=5
BENCH_MEDIAN mode=replay-hydra-burst rate=1136374153
R23B_AFFINE_VERDICT arm=burst armed=true tag_hits=65952 payload_fallbacks=0 ledger_rows=21984 (R23c: workers verify spans from register tags, zero payload reads; the (prefix,cum) triple checked per-span by the scalar affine law)
PR1_HYDRA_VERDICT rate=1136374153 (bit-exact multi-core span conformance: 2 workers, every emitted byte CRC32C-checked in-window, ordered serial fold)
PR1_GIGAHFT_BURST_VERDICT rate=1136374153 target=1000000000 -> PASS (R7 burst reference; the sustained arm below is the gate)
DIAG sustained: passes=18453 reset_ms=622.9 scan_ms=4373.7 end_ms=0.9 pending_max=2000 batches=405966 wait_ms=34.1 work_ms=3960.9 fold_ms=297.6 assist_chunks=44 bytes_per_msg=27.65 crc_demand_gb_s=51.62
DIAG worker[0] sustained: cpu0(pinned) placement=[0, 2] batches=792643 spans=101421680 eval_ms=1646.6 idle_iters=3990640 res_waits=0 fw=2242954 fw_ms=2109.4
DIAG worker[1] sustained: cpu2(pinned) placement=[0, 2] batches=792620 spans=101421936 eval_ms=1400.8 idle_iters=4183881 res_waits=0 fw=2276984 fw_ms=2256.3
DIAG rx sustained: publications=406026 polls=1605649 prod_ms=1432.5 bufwait_laps=130045 resets=18455 eos_parks=0 nbuf=16 rx_actual_cpu=3
ADVANCE_DIAGNOSTIC sustained: advances=18455 advance_ms=73.6 us_per_advance=4.0 (F-5 reset/auto-advance hygiene — the synchronous bake tail the per-publication prepatch budget drains; HFT_PREPATCH_BUDGET prices it)
RXWARM_DIAGNOSTIC sustained: enabled=false fixes=0 uncovered=0 last_pass_fixes=0 (F-1 frame-entry warm start; the steady-state law is fixes==0 on pass>=2 — the kill rule reads persistent fixes)
RXBUILD_DIAGNOSTIC sustained: enabled=true patches=405915144 last_pass_patches=21996 frames=21996 (F-2 publish-by-reference master; the steady-state law is every patchable entry patched exactly once per pass boundary)
DIAG cons sustained: parks=27 park_ms=3.5 slow_waits=27 slow_ms=3.8
BENCH mode=replay-hydra-sustained-5s total_msgs=9334431597 duration=5.00s sustained_rate=1866801520 msg/s allocs=0 workers=2 crc_kernel=reflect
PR1_HYDRA_SUSTAINED_VERDICT rate=1866801520 (duration=5.00s, total_msgs=9334431597, workers=2)
PR1_GIGAHFT_VERDICT rate=1866801520 target=1000000000 -> PASS (Project 1.0B: bit-exact, zero-alloc, every byte verified in-window, cross-pass double-buffered fabric)
PR1_R8_FULL_VERIFY_VERDICT rate=1866801520 target=1000000000 -> PASS (R8: 1B msg/s sustained full verification — bit-exact, zero-alloc, every byte CRC32C-verified in-window)
PR1_R16_FULL_VERIFY_VERDICT rate=1866801520 target=2000000000 -> FAIL (R16: 2B msg/s sustained full verification — the Double Helix program, docs/29)
R16B_RXDESC_VERDICT rx_fixes=0 assist_chunks=44 (array-driven submission telemetry; fixes=0 means every RX prefill entry was already exact)
R23B_AFFINE_VERDICT arm=sustained armed=true tag_hits=202843616 payload_fallbacks=0 ledger_rows=21984 (R23c: zero-re-read affine verification on the worker fabric)
PR1_R23_AFFINE_SUSTAINED_VERDICT rate=1866801520 target=2500000000 -> FAIL (R23: 2.5B+ sustained full verification from register tags — the affine-span algebra program, docs/36)
R23B_AFFINE_VERDICT arm=sustained armed=true tag_hits=202843616 payload_fallbacks=0 ledger_rows=21984 (R23c: zero-re-read affine verification on the worker fabric)
PR1_R23_AFFINE_SUSTAINED_VERDICT rate=1866801520 target=2500000000 -> FAIL (R23: 2.5B+ sustained full verification from register tags — the affine-span algebra program, docs/36)
=== 11z. R17: Null-Mode Instrument (the non-CRC fabric ceiling) ===
[1m[92m    Finished[0m `release` profile [optimized] target(s) in 0.01s
[1m[92m     Running[0m `target/release/bench --hydra-only`
BENCH_CALIBRATION invariant_tsc=true freq_mhz=2596.12 mark_overhead_cycles=52
=== R6. PR-1 HYDRA BIT-EXACT MULTI-CORE SPAN CONFORMANCE ===
BLOB_BACKING mode=mmap anon_huge_kb=16384 map_mb=16.5 verdict=thp-granted
HYDRA_NULL_MODE_DIAGNOSTIC workers skip the CRC kernel — parity asserts DISABLED, rate is the pipeline-overhead ceiling only
BENCH mode=replay-hydra-burst msgs=505849 rate=2923340537 allocs=0 freq=2596.12MHz workers=2 run=1
BENCH mode=replay-hydra-burst msgs=505849 rate=3271562540 allocs=0 freq=2596.12MHz workers=2 run=2
BENCH mode=replay-hydra-burst msgs=505849 rate=2859131604 allocs=0 freq=2596.12MHz workers=2 run=3
BENCH mode=replay-hydra-burst msgs=505849 rate=3254262039 allocs=0 freq=2596.12MHz workers=2 run=4
BENCH mode=replay-hydra-burst msgs=505849 rate=3237371442 allocs=0 freq=2596.12MHz workers=2 run=5
BENCH_MEDIAN mode=replay-hydra-burst rate=3237371442
R23B_AFFINE_VERDICT arm=burst armed=false tag_hits=0 payload_fallbacks=0 ledger_rows=0 (R23c: workers verify spans from register tags, zero payload reads; the (prefix,cum) triple checked per-span by the scalar affine law)
PR1_HYDRA_VERDICT rate=3237371442 (bit-exact multi-core span conformance: 2 workers, every emitted byte CRC32C-checked in-window, ordered serial fold)
PR1_GIGAHFT_BURST_VERDICT rate=3237371442 target=1000000000 -> PASS (R7 burst reference; the sustained arm below is the gate)
DIAG sustained: passes=28662 reset_ms=802.1 scan_ms=4192.9 end_ms=1.4 pending_max=8800 batches=630564 wait_ms=60.4 work_ms=3563.5 fold_ms=459.4 assist_chunks=76 bytes_per_msg=27.65 crc_demand_gb_s=80.19
DIAG worker[0] sustained: cpu0(pinned) placement=[0, 2] batches=2471392 spans=160003275 eval_ms=541.7 idle_iters=15311539 res_waits=446 fw=0 fw_ms=0.0
DIAG worker[1] sustained: cpu2(pinned) placement=[0, 2] batches=2471742 spans=159999848 eval_ms=607.4 idle_iters=15129613 res_waits=0 fw=0 fw_ms=0.0
DIAG rx sustained: publications=630624 polls=2493832 prod_ms=2198.0 bufwait_laps=200855 resets=28664 eos_parks=0 nbuf=16 rx_actual_cpu=3
ADVANCE_DIAGNOSTIC sustained: advances=28664 advance_ms=285.3 us_per_advance=10.0 (F-5 reset/auto-advance hygiene — the synchronous bake tail the per-publication prepatch budget drains; HFT_PREPATCH_BUDGET prices it)
RXWARM_DIAGNOSTIC sustained: enabled=false fixes=0 uncovered=0 last_pass_fixes=0 (F-1 frame-entry warm start; the steady-state law is fixes==0 on pass>=2 — the kill rule reads persistent fixes)
RXBUILD_DIAGNOSTIC sustained: enabled=true patches=630472564 last_pass_patches=21996 frames=21996 (F-2 publish-by-reference master; the steady-state law is every patchable entry patched exactly once per pass boundary)
DIAG cons sustained: parks=43 park_ms=2.3 slow_waits=43 slow_ms=2.8
BENCH mode=replay-hydra-sustained-5s total_msgs=14498644038 duration=5.00s sustained_rate=2899770159 msg/s allocs=0 workers=2 crc_kernel=reflect
PR1_HYDRA_SUSTAINED_VERDICT rate=2899770159 (duration=5.00s, total_msgs=14498644038, workers=2)
PR1_GIGAHFT_VERDICT rate=2899770159 target=1000000000 -> PASS (Project 1.0B: bit-exact, zero-alloc, every byte verified in-window, cross-pass double-buffered fabric)
PR1_R8_FULL_VERIFY_VERDICT rate=2899770159 target=1000000000 -> PASS (R8: 1B msg/s sustained full verification — bit-exact, zero-alloc, every byte CRC32C-verified in-window)
PR1_R16_FULL_VERIFY_VERDICT rate=2899770159 target=2000000000 -> PASS (R16: 2B msg/s sustained full verification — the Double Helix program, docs/29)
R16B_RXDESC_VERDICT rx_fixes=0 assist_chunks=76 (array-driven submission telemetry; fixes=0 means every RX prefill entry was already exact)
R23B_AFFINE_VERDICT arm=sustained armed=false tag_hits=0 payload_fallbacks=0 ledger_rows=0 (R23c: zero-re-read affine verification on the worker fabric)
PR1_R23_AFFINE_SUSTAINED_VERDICT rate=2899770159 target=2500000000 -> PASS (R23: 2.5B+ sustained full verification from register tags — the affine-span algebra program, docs/36)
=== 11wn. R17/F-1: RX Frame-Entry Warm Start ARMED (the refuted lever's pricing instrument) ===
[1m[92m    Finished[0m `release` profile [optimized] target(s) in 0.01s
[1m[92m     Running[0m `target/release/bench --hydra-only`
BENCH_CALIBRATION invariant_tsc=true freq_mhz=2596.12 mark_overhead_cycles=52
=== R6. PR-1 HYDRA BIT-EXACT MULTI-CORE SPAN CONFORMANCE ===
BLOB_BACKING mode=mmap anon_huge_kb=16384 map_mb=16.5 verdict=thp-granted
HYDRA_BITPARITY sequential=(count=505849 hash=0x881639cead506f25 msg_hash=0xcbf29ce484222325) hydra=(count=505849 hash=0x881639cead506f25 msg_hash=0xcbf29ce484222325) -> BIT-EXACT
BENCH mode=replay-hydra-burst msgs=505849 rate=1333902037 allocs=0 freq=2596.12MHz workers=2 run=1
BENCH mode=replay-hydra-burst msgs=505849 rate=1511088607 allocs=0 freq=2596.12MHz workers=2 run=2
BENCH mode=replay-hydra-burst msgs=505849 rate=1546853690 allocs=0 freq=2596.12MHz workers=2 run=3
BENCH mode=replay-hydra-burst msgs=505849 rate=1525594511 allocs=0 freq=2596.12MHz workers=2 run=4
BENCH mode=replay-hydra-burst msgs=505849 rate=1578819402 allocs=0 freq=2596.12MHz workers=2 run=5
BENCH_MEDIAN mode=replay-hydra-burst rate=1525594511
R23B_AFFINE_VERDICT arm=burst armed=false tag_hits=0 payload_fallbacks=0 ledger_rows=0 (R23c: workers verify spans from register tags, zero payload reads; the (prefix,cum) triple checked per-span by the scalar affine law)
PR1_HYDRA_VERDICT rate=1525594511 (bit-exact multi-core span conformance: 2 workers, every emitted byte CRC32C-checked in-window, ordered serial fold)
PR1_GIGAHFT_BURST_VERDICT rate=1525594511 target=1000000000 -> PASS (R7 burst reference; the sustained arm below is the gate)
DIAG sustained: passes=15638 reset_ms=592.9 scan_ms=4403.8 end_ms=0.8 pending_max=6866 batches=344036 wait_ms=341.3 work_ms=3724.4 fold_ms=266.6 assist_chunks=332566 bytes_per_msg=27.65 crc_demand_gb_s=43.75
DIAG worker[0] sustained: cpu0(pinned) placement=[0, 2] batches=597852 spans=76500466 eval_ms=4960.2 idle_iters=36385 res_waits=144 fw=0 fw_ms=0.0
DIAG worker[1] sustained: cpu2(pinned) placement=[0, 2] batches=598025 spans=76531737 eval_ms=4955.6 idle_iters=31070 res_waits=0 fw=0 fw_ms=0.0
DIAG rx sustained: publications=344096 polls=1360744 prod_ms=3295.3 bufwait_laps=109543 resets=15640 eos_parks=0 nbuf=16 rx_actual_cpu=3
ADVANCE_DIAGNOSTIC sustained: advances=15640 advance_ms=251.9 us_per_advance=16.1 (F-5 reset/auto-advance hygiene — the synchronous bake tail the per-publication prepatch budget drains; HFT_PREPATCH_BUDGET prices it)
RXWARM_DIAGNOSTIC sustained: enabled=true fixes=21996 uncovered=0 last_pass_fixes=0 (F-1 frame-entry warm start; the steady-state law is fixes==0 on pass>=2 — the kill rule reads persistent fixes)
RXBUILD_DIAGNOSTIC sustained: enabled=false patches=0 last_pass_patches=0 frames=0 (F-2 publish-by-reference master; the steady-state law is every patchable entry patched exactly once per pass boundary)
DIAG cons sustained: parks=106 park_ms=4.8 slow_waits=106 slow_ms=6.5
BENCH mode=replay-hydra-sustained-5s total_msgs=7910466662 duration=5.00s sustained_rate=1582000113 msg/s allocs=0 workers=2 crc_kernel=reflect
PR1_HYDRA_SUSTAINED_VERDICT rate=1582000113 (duration=5.00s, total_msgs=7910466662, workers=2)
PR1_GIGAHFT_VERDICT rate=1582000113 target=1000000000 -> PASS (Project 1.0B: bit-exact, zero-alloc, every byte verified in-window, cross-pass double-buffered fabric)
PR1_R8_FULL_VERIFY_VERDICT rate=1582000113 target=1000000000 -> PASS (R8: 1B msg/s sustained full verification — bit-exact, zero-alloc, every byte CRC32C-verified in-window)
PR1_R16_FULL_VERIFY_VERDICT rate=1582000113 target=2000000000 -> FAIL (R16: 2B msg/s sustained full verification — the Double Helix program, docs/29)
R16B_RXDESC_VERDICT rx_fixes=0 assist_chunks=332566 (array-driven submission telemetry; fixes=0 means every RX prefill entry was already exact)
R23B_AFFINE_VERDICT arm=sustained armed=false tag_hits=0 payload_fallbacks=0 ledger_rows=0 (R23c: zero-re-read affine verification on the worker fabric)
PR1_R23_AFFINE_SUSTAINED_VERDICT rate=1582000113 target=2500000000 -> FAIL (R23: 2.5B+ sustained full verification from register tags — the affine-span algebra program, docs/36)
[1m[92m    Finished[0m `release` profile [optimized] target(s) in 0.01s
[1m[92m     Running[0m `target/release/hft_bench --sample data/tests/sample-mini.itch --runs 5 --warmup 2 --output-format json`
HFT_BENCH_CALIBRATION invariant_tsc=true freq_mhz=2596.12 mark_overhead_cycles=52 target_env=gnu
TOPOLOGY_VERIFICATION main=Some(0) rx=Some(2) -> VERIFIED (distinct physical cores, same L3 domain — the deterministic 0.21 cyc/msg mode)
BLOB_BACKING mode=mmap anon_huge_kb=16384 map_mb=16.5 verdict=thp-granted
HFT_BENCH_WARMUP 1/2 arm=classic rate=807997086
HFT_BENCH_WARMUP 2/2 arm=classic rate=980939656
HFT_BENCH_RUN 1/5 arm=classic rate=1019879473 cyc=2.55
HFT_BENCH_RUN 2/5 arm=classic rate=1108858389 cyc=2.34
HFT_BENCH_RUN 3/5 arm=classic rate=1120466129 cyc=2.32
HFT_BENCH_RUN 4/5 arm=classic rate=1131764647 cyc=2.29
HFT_BENCH_RUN 5/5 arm=classic rate=1123058205 cyc=2.31
HFT_BENCH_WARMUP 1/2 arm=span rate=2067018355
HFT_BENCH_WARMUP 2/2 arm=span rate=3024707155
HFT_BENCH_RUN 1/5 arm=span rate=2812021924 cyc=0.92
HFT_BENCH_RUN 2/5 arm=span rate=2827757187 cyc=0.92
HFT_BENCH_RUN 3/5 arm=span rate=2874419688 cyc=0.90
HFT_BENCH_RUN 4/5 arm=span rate=2898848137 cyc=0.90
HFT_BENCH_RUN 5/5 arm=span rate=2898682023 cyc=0.90
DIAG rx span: publications=170 polls=673 prod_ms=1.4 bufwait_laps=36 resets=7 eos_parks=7 nbuf=16 rx_actual_cpu=2
ADVANCE_DIAGNOSTIC span: advances=0 advance_ms=0.0 us_per_advance=0.0 (F-5 reset/auto-advance hygiene — the synchronous bake tail the per-publication prepatch budget drains; HFT_PREPATCH_BUDGET prices it)
RXWARM_DIAGNOSTIC span: enabled=true fixes=21996 uncovered=0 last_pass_fixes=0 (F-1 frame-entry warm start; the steady-state law is fixes==0 on pass>=2 — the kill rule reads persistent fixes)
RXBUILD_DIAGNOSTIC span: enabled=false patches=0 last_pass_patches=0 frames=0 (F-2 publish-by-reference master; the steady-state law is every patchable entry patched exactly once per pass boundary)
DIAG cons span: parks=1 park_ms=0.1 slow_waits=1 slow_ms=0.1
LADDER_DIAGNOSTIC span: vectorized=false (F-3 entry walk; HFT_VEC_LADDER=1 arms the 8-entry group path — the Front A consumer IS the post-F-2 wall)
HFT_BENCH_WARMUP 1/2 arm=spec rate=473440572
HFT_BENCH_WARMUP 2/2 arm=spec rate=477004535
HFT_BENCH_RUN 1/5 arm=spec rate=480224234
HFT_BENCH_RUN 2/5 arm=spec rate=478486283
HFT_BENCH_RUN 3/5 arm=spec rate=479299180
HFT_BENCH_RUN 4/5 arm=spec rate=477252056
HFT_BENCH_RUN 5/5 arm=spec rate=478336970
PR1_R23_PURE_INGEST_VERDICT rate=478486283 target=15000000000 -> FAIL (R23: 15B msg/s pure ingest with the speculative 512-bit slicer — the 20B mode's pricing row; the R8/R16 span-arm gates above stay the asserting floor)
DIAG rx spec: publications=91 polls=609 prod_ms=0.7 bufwait_laps=0 resets=7 eos_parks=7 nbuf=16 rx_actual_cpu=2
ADVANCE_DIAGNOSTIC spec: advances=0 advance_ms=0.0 us_per_advance=0.0 (F-5 reset/auto-advance hygiene — the synchronous bake tail the per-publication prepatch budget drains; HFT_PREPATCH_BUDGET prices it)
RXWARM_DIAGNOSTIC spec: enabled=true fixes=10998 uncovered=0 last_pass_fixes=0 (F-1 frame-entry warm start; the steady-state law is fixes==0 on pass>=2 — the kill rule reads persistent fixes)
RXBUILD_DIAGNOSTIC spec: enabled=false patches=0 last_pass_patches=0 frames=0 (F-2 publish-by-reference master; the steady-state law is every patchable entry patched exactly once per pass boundary)
DIAG cons spec: parks=0 park_ms=0.0 slow_waits=0 slow_ms=0.0
PR1_R8_PURE_INGEST_VERDICT rate=2874419688 target=2000000000 -> PASS (R8: 2B msg/s pure ingest — full pipeline live, span emission, zero verification skipped)
PR1_R16_PURE_INGEST_VERDICT rate=2874419688 target=5000000000 -> FAIL (R16: 5B msg/s pure ingest — the Double Helix program, docs/29)
{
  "median_cycles": 2.3170,
  "p95_cycles": 2.5455,
  "p99_cycles": 2.5455,
  "stddev": 0.0931,
  "cv_percent": 4.0168,
  "runs": 5,
  "warmup": 2,
  "cpu_model": "AMD EPYC 9V45 96-Core Processor",
  "freq_mhz": 2596.12,
  "target": "x86_64-unknown-linux-gnu",
  "sink": "count+span",
  "sample": "data/tests/sample-mini.itch",
  "span_median_cycles": 0.9032,
  "span_p95_cycles": 0.9232,
  "span_p99_cycles": 0.9232,
  "span_stddev": 0.0115,
  "span_cv_percent": 1.2727,
  "span_rate_msg_per_sec": 2874419688,
  "r8_pure_ingest_target": 2000000000,
  "r8_pure_ingest_verdict": "PASS",
  "r16_pure_ingest_target": 5000000000,
  "r16_pure_ingest_verdict": "FAIL",
  "spec_rate_msg_per_sec": 478486283,
  "r23_pure_ingest_target": 15000000000,
  "r23_pure_ingest_verdict": "FAIL"
}
=== 11rb. R17/F-2: Publish-by-Reference ROLLBACK (the classic-path pricing arm — the default IS rxbuild since the F-2 verdict) ===
[1m[92m    Finished[0m `release` profile [optimized] target(s) in 0.01s
[1m[92m     Running[0m `target/release/bench --hydra-only`
BENCH_CALIBRATION invariant_tsc=true freq_mhz=2596.12 mark_overhead_cycles=52
=== R6. PR-1 HYDRA BIT-EXACT MULTI-CORE SPAN CONFORMANCE ===
BLOB_BACKING mode=mmap anon_huge_kb=16384 map_mb=16.5 verdict=thp-granted
HYDRA_BITPARITY sequential=(count=505849 hash=0x881639cead506f25 msg_hash=0xcbf29ce484222325) hydra=(count=505849 hash=0x881639cead506f25 msg_hash=0xcbf29ce484222325) -> BIT-EXACT
BENCH mode=replay-hydra-burst msgs=505849 rate=1391713804 allocs=0 freq=2596.12MHz workers=2 run=1
BENCH mode=replay-hydra-burst msgs=505849 rate=1523939927 allocs=0 freq=2596.12MHz workers=2 run=2
BENCH mode=replay-hydra-burst msgs=505849 rate=1594214362 allocs=0 freq=2596.12MHz workers=2 run=3
BENCH mode=replay-hydra-burst msgs=505849 rate=1575814309 allocs=0 freq=2596.12MHz workers=2 run=4
BENCH mode=replay-hydra-burst msgs=505849 rate=1587649671 allocs=0 freq=2596.12MHz workers=2 run=5
BENCH_MEDIAN mode=replay-hydra-burst rate=1575814309
R23B_AFFINE_VERDICT arm=burst armed=false tag_hits=0 payload_fallbacks=0 ledger_rows=0 (R23c: workers verify spans from register tags, zero payload reads; the (prefix,cum) triple checked per-span by the scalar affine law)
PR1_HYDRA_VERDICT rate=1575814309 (bit-exact multi-core span conformance: 2 workers, every emitted byte CRC32C-checked in-window, ordered serial fold)
PR1_GIGAHFT_BURST_VERDICT rate=1575814309 target=1000000000 -> PASS (R7 burst reference; the sustained arm below is the gate)
DIAG sustained: passes=16523 reset_ms=383.8 scan_ms=4612.5 end_ms=0.9 pending_max=7508 batches=363506 wait_ms=124.2 work_ms=4132.5 fold_ms=278.4 assist_chunks=405610 bytes_per_msg=27.65 crc_demand_gb_s=46.23
DIAG worker[0] sustained: cpu0(pinned) placement=[0, 2] batches=582820 spans=74597387 eval_ms=4969.6 idle_iters=21853 res_waits=0 fw=0 fw_ms=0.0
DIAG worker[1] sustained: cpu2(pinned) placement=[0, 2] batches=652929 spans=83571106 eval_ms=4960.7 idle_iters=20790 res_waits=0 fw=0 fw_ms=0.0
DIAG rx sustained: publications=363566 polls=1437739 prod_ms=3104.1 bufwait_laps=115679 resets=16525 eos_parks=0 nbuf=16 rx_actual_cpu=3
ADVANCE_DIAGNOSTIC sustained: advances=16525 advance_ms=51.2 us_per_advance=3.1 (F-5 reset/auto-advance hygiene — the synchronous bake tail the per-publication prepatch budget drains; HFT_PREPATCH_BUDGET prices it)
RXWARM_DIAGNOSTIC sustained: enabled=false fixes=0 uncovered=0 last_pass_fixes=0 (F-1 frame-entry warm start; the steady-state law is fixes==0 on pass>=2 — the kill rule reads persistent fixes)
RXBUILD_DIAGNOSTIC sustained: enabled=false patches=0 last_pass_patches=0 frames=0 (F-2 publish-by-reference master; the steady-state law is every patchable entry patched exactly once per pass boundary)
DIAG cons sustained: parks=58 park_ms=2.4 slow_waits=58 slow_ms=3.5
BENCH mode=replay-hydra-sustained-5s total_msgs=8358143027 duration=5.00s sustained_rate=1671610225 msg/s allocs=0 workers=2 crc_kernel=reflect
PR1_HYDRA_SUSTAINED_VERDICT rate=1671610225 (duration=5.00s, total_msgs=8358143027, workers=2)
PR1_GIGAHFT_VERDICT rate=1671610225 target=1000000000 -> PASS (Project 1.0B: bit-exact, zero-alloc, every byte verified in-window, cross-pass double-buffered fabric)
PR1_R8_FULL_VERIFY_VERDICT rate=1671610225 target=1000000000 -> PASS (R8: 1B msg/s sustained full verification — bit-exact, zero-alloc, every byte CRC32C-verified in-window)
PR1_R16_FULL_VERIFY_VERDICT rate=1671610225 target=2000000000 -> FAIL (R16: 2B msg/s sustained full verification — the Double Helix program, docs/29)
R16B_RXDESC_VERDICT rx_fixes=0 assist_chunks=405610 (array-driven submission telemetry; fixes=0 means every RX prefill entry was already exact)
R23B_AFFINE_VERDICT arm=sustained armed=false tag_hits=0 payload_fallbacks=0 ledger_rows=0 (R23c: zero-re-read affine verification on the worker fabric)
PR1_R23_AFFINE_SUSTAINED_VERDICT rate=1671610225 target=2500000000 -> FAIL (R23: 2.5B+ sustained full verification from register tags — the affine-span algebra program, docs/36)
[1m[92m    Finished[0m `release` profile [optimized] target(s) in 0.01s
[1m[92m     Running[0m `target/release/hft_bench --sample data/tests/sample-mini.itch --runs 5 --warmup 2 --output-format json`
HFT_BENCH_CALIBRATION invariant_tsc=true freq_mhz=2596.12 mark_overhead_cycles=52 target_env=gnu
TOPOLOGY_VERIFICATION main=Some(0) rx=Some(2) -> VERIFIED (distinct physical cores, same L3 domain — the deterministic 0.21 cyc/msg mode)
BLOB_BACKING mode=mmap anon_huge_kb=14336 map_mb=16.5 verdict=thp-granted
HFT_BENCH_WARMUP 1/2 arm=classic rate=956511133
HFT_BENCH_WARMUP 2/2 arm=classic rate=981377364
HFT_BENCH_RUN 1/5 arm=classic rate=1050464335 cyc=2.47
HFT_BENCH_RUN 2/5 arm=classic rate=1100377415 cyc=2.36
HFT_BENCH_RUN 3/5 arm=classic rate=1125709898 cyc=2.31
HFT_BENCH_RUN 4/5 arm=classic rate=1134763053 cyc=2.29
HFT_BENCH_RUN 5/5 arm=classic rate=1124256291 cyc=2.31
HFT_BENCH_WARMUP 1/2 arm=span rate=2941375881
HFT_BENCH_WARMUP 2/2 arm=span rate=3831695917
HFT_BENCH_RUN 1/5 arm=span rate=4122211990 cyc=0.63
HFT_BENCH_RUN 2/5 arm=span rate=3912121141 cyc=0.66
HFT_BENCH_RUN 3/5 arm=span rate=3903065515 cyc=0.67
HFT_BENCH_RUN 4/5 arm=span rate=3957200970 cyc=0.66
HFT_BENCH_RUN 5/5 arm=span rate=4031729458 cyc=0.64
DIAG rx span: publications=170 polls=673 prod_ms=1.0 bufwait_laps=44 resets=7 eos_parks=7 nbuf=16 rx_actual_cpu=2
ADVANCE_DIAGNOSTIC span: advances=0 advance_ms=0.0 us_per_advance=0.0 (F-5 reset/auto-advance hygiene — the synchronous bake tail the per-publication prepatch budget drains; HFT_PREPATCH_BUDGET prices it)
RXWARM_DIAGNOSTIC span: enabled=false fixes=0 uncovered=0 last_pass_fixes=0 (F-1 frame-entry warm start; the steady-state law is fixes==0 on pass>=2 — the kill rule reads persistent fixes)
RXBUILD_DIAGNOSTIC span: enabled=false patches=0 last_pass_patches=0 frames=0 (F-2 publish-by-reference master; the steady-state law is every patchable entry patched exactly once per pass boundary)
DIAG cons span: parks=1 park_ms=0.0 slow_waits=1 slow_ms=0.0
LADDER_DIAGNOSTIC span: vectorized=false (F-3 entry walk; HFT_VEC_LADDER=1 arms the 8-entry group path — the Front A consumer IS the post-F-2 wall)
HFT_BENCH_WARMUP 1/2 arm=spec rate=478540602
HFT_BENCH_WARMUP 2/2 arm=spec rate=476495899
HFT_BENCH_RUN 1/5 arm=spec rate=481341039
HFT_BENCH_RUN 2/5 arm=spec rate=480644940
HFT_BENCH_RUN 3/5 arm=spec rate=476235262
HFT_BENCH_RUN 4/5 arm=spec rate=477266015
HFT_BENCH_RUN 5/5 arm=spec rate=474677854
PR1_R23_PURE_INGEST_VERDICT rate=477266015 target=15000000000 -> FAIL (R23: 15B msg/s pure ingest with the speculative 512-bit slicer — the 20B mode's pricing row; the R8/R16 span-arm gates above stay the asserting floor)
DIAG rx spec: publications=91 polls=609 prod_ms=0.6 bufwait_laps=0 resets=7 eos_parks=7 nbuf=16 rx_actual_cpu=2
ADVANCE_DIAGNOSTIC spec: advances=0 advance_ms=0.0 us_per_advance=0.0 (F-5 reset/auto-advance hygiene — the synchronous bake tail the per-publication prepatch budget drains; HFT_PREPATCH_BUDGET prices it)
RXWARM_DIAGNOSTIC spec: enabled=false fixes=0 uncovered=0 last_pass_fixes=0 (F-1 frame-entry warm start; the steady-state law is fixes==0 on pass>=2 — the kill rule reads persistent fixes)
RXBUILD_DIAGNOSTIC spec: enabled=false patches=0 last_pass_patches=0 frames=0 (F-2 publish-by-reference master; the steady-state law is every patchable entry patched exactly once per pass boundary)
DIAG cons spec: parks=0 park_ms=0.0 slow_waits=0 slow_ms=0.0
PR1_R8_PURE_INGEST_VERDICT rate=3957200969 target=2000000000 -> PASS (R8: 2B msg/s pure ingest — full pipeline live, span emission, zero verification skipped)
PR1_R16_PURE_INGEST_VERDICT rate=3957200969 target=5000000000 -> FAIL (R16: 5B msg/s pure ingest — the Double Helix program, docs/29)
{
  "median_cycles": 2.3092,
  "p95_cycles": 2.4714,
  "p99_cycles": 2.4714,
  "stddev": 0.0667,
  "cv_percent": 2.8872,
  "runs": 5,
  "warmup": 2,
  "cpu_model": "AMD EPYC 9V45 96-Core Processor",
  "freq_mhz": 2596.12,
  "target": "x86_64-unknown-linux-gnu",
  "sink": "count+span",
  "sample": "data/tests/sample-mini.itch",
  "span_median_cycles": 0.6561,
  "span_p95_cycles": 0.6652,
  "span_p99_cycles": 0.6652,
  "span_stddev": 0.0133,
  "span_cv_percent": 2.0248,
  "span_rate_msg_per_sec": 3957200969,
  "r8_pure_ingest_target": 2000000000,
  "r8_pure_ingest_verdict": "PASS",
  "r16_pure_ingest_target": 5000000000,
  "r16_pure_ingest_verdict": "FAIL",
  "spec_rate_msg_per_sec": 477266015,
  "r23_pure_ingest_target": 15000000000,
  "r23_pure_ingest_verdict": "FAIL"
}
=== 11sl. R17/F-3: Front A Vectorized Entry-Walk Ladder ARMED (the residual 7.7% lever, round 1) ===
[1m[92m    Finished[0m `release` profile [optimized] target(s) in 0.01s
[1m[92m     Running[0m `target/release/hft_bench --sample data/tests/sample-mini.itch --runs 5 --warmup 2 --output-format json`
HFT_BENCH_CALIBRATION invariant_tsc=true freq_mhz=2596.12 mark_overhead_cycles=52 target_env=gnu
TOPOLOGY_VERIFICATION main=Some(0) rx=Some(2) -> VERIFIED (distinct physical cores, same L3 domain — the deterministic 0.21 cyc/msg mode)
BLOB_BACKING mode=mmap anon_huge_kb=14336 map_mb=16.5 verdict=thp-granted
HFT_BENCH_WARMUP 1/2 arm=classic rate=970496539
HFT_BENCH_WARMUP 2/2 arm=classic rate=950534882
HFT_BENCH_RUN 1/5 arm=classic rate=964475357 cyc=2.69
HFT_BENCH_RUN 2/5 arm=classic rate=1053092978 cyc=2.47
HFT_BENCH_RUN 3/5 arm=classic rate=1035985647 cyc=2.51
HFT_BENCH_RUN 4/5 arm=classic rate=1040959367 cyc=2.49
HFT_BENCH_RUN 5/5 arm=classic rate=1032429177 cyc=2.51
HFT_BENCH_WARMUP 1/2 arm=span rate=3385575552
HFT_BENCH_WARMUP 2/2 arm=span rate=8071114018
HFT_BENCH_RUN 1/5 arm=span rate=7372495008 cyc=0.35
HFT_BENCH_RUN 2/5 arm=span rate=7687908447 cyc=0.34
HFT_BENCH_RUN 3/5 arm=span rate=7467397883 cyc=0.35
HFT_BENCH_RUN 4/5 arm=span rate=6939038944 cyc=0.37
HFT_BENCH_RUN 5/5 arm=span rate=7449801917 cyc=0.35
DIAG rx span: publications=170 polls=673 prod_ms=0.5 bufwait_laps=46 resets=7 eos_parks=7 nbuf=16 rx_actual_cpu=2
ADVANCE_DIAGNOSTIC span: advances=0 advance_ms=0.0 us_per_advance=0.0 (F-5 reset/auto-advance hygiene — the synchronous bake tail the per-publication prepatch budget drains; HFT_PREPATCH_BUDGET prices it)
RXWARM_DIAGNOSTIC span: enabled=false fixes=0 uncovered=0 last_pass_fixes=0 (F-1 frame-entry warm start; the steady-state law is fixes==0 on pass>=2 — the kill rule reads persistent fixes)
RXBUILD_DIAGNOSTIC span: enabled=true patches=153972 last_pass_patches=21996 frames=21996 (F-2 publish-by-reference master; the steady-state law is every patchable entry patched exactly once per pass boundary)
DIAG cons span: parks=1 park_ms=0.1 slow_waits=1 slow_ms=0.1
LADDER_DIAGNOSTIC span: vectorized=false (F-3 entry walk; HFT_VEC_LADDER=1 arms the 8-entry group path — the Front A consumer IS the post-F-2 wall)
HFT_BENCH_WARMUP 1/2 arm=spec rate=449697119
HFT_BENCH_WARMUP 2/2 arm=spec rate=448921291
HFT_BENCH_RUN 1/5 arm=spec rate=446323306
HFT_BENCH_RUN 2/5 arm=spec rate=452529284
HFT_BENCH_RUN 3/5 arm=spec rate=451078586
HFT_BENCH_RUN 4/5 arm=spec rate=449085093
HFT_BENCH_RUN 5/5 arm=spec rate=449552845
PR1_R23_PURE_INGEST_VERDICT rate=449552845 target=15000000000 -> FAIL (R23: 15B msg/s pure ingest with the speculative 512-bit slicer — the 20B mode's pricing row; the R8/R16 span-arm gates above stay the asserting floor)
DIAG rx spec: publications=91 polls=609 prod_ms=0.3 bufwait_laps=0 resets=7 eos_parks=7 nbuf=16 rx_actual_cpu=2
ADVANCE_DIAGNOSTIC spec: advances=0 advance_ms=0.0 us_per_advance=0.0 (F-5 reset/auto-advance hygiene — the synchronous bake tail the per-publication prepatch budget drains; HFT_PREPATCH_BUDGET prices it)
RXWARM_DIAGNOSTIC spec: enabled=false fixes=0 uncovered=0 last_pass_fixes=0 (F-1 frame-entry warm start; the steady-state law is fixes==0 on pass>=2 — the kill rule reads persistent fixes)
RXBUILD_DIAGNOSTIC spec: enabled=true patches=76986 last_pass_patches=10998 frames=10998 (F-2 publish-by-reference master; the steady-state law is every patchable entry patched exactly once per pass boundary)
DIAG cons spec: parks=0 park_ms=0.0 slow_waits=0 slow_ms=0.0
PR1_R8_PURE_INGEST_VERDICT rate=7449801917 target=2000000000 -> PASS (R8: 2B msg/s pure ingest — full pipeline live, span emission, zero verification skipped)
PR1_R16_PURE_INGEST_VERDICT rate=7449801917 target=5000000000 -> PASS (R16: 5B msg/s pure ingest — the Double Helix program, docs/29)
{
  "median_cycles": 2.5059,
  "p95_cycles": 2.6917,
  "p99_cycles": 2.6917,
  "stddev": 0.0805,
  "cv_percent": 3.2112,
  "runs": 5,
  "warmup": 2,
  "cpu_model": "AMD EPYC 9V45 96-Core Processor",
  "freq_mhz": 2596.12,
  "target": "x86_64-unknown-linux-gnu",
  "sink": "count+span",
  "sample": "data/tests/sample-mini.itch",
  "span_median_cycles": 0.3485,
  "span_p95_cycles": 0.3741,
  "span_p99_cycles": 0.3741,
  "span_stddev": 0.0120,
  "span_cv_percent": 3.4576,
  "span_rate_msg_per_sec": 7449801917,
  "r8_pure_ingest_target": 2000000000,
  "r8_pure_ingest_verdict": "PASS",
  "r16_pure_ingest_target": 5000000000,
  "r16_pure_ingest_verdict": "PASS",
  "spec_rate_msg_per_sec": 449552845,
  "r23_pure_ingest_target": 15000000000,
  "r23_pure_ingest_verdict": "FAIL"
}
[1m[92m    Finished[0m `release` profile [optimized] target(s) in 0.01s
[1m[92m     Running[0m `target/release/hft_bench --sample data/tests/sample-mini.itch --runs 5 --warmup 2 --output-format json`
HFT_BENCH_CALIBRATION invariant_tsc=true freq_mhz=2596.12 mark_overhead_cycles=52 target_env=gnu
TOPOLOGY_VERIFICATION main=Some(0) rx=Some(2) -> VERIFIED (distinct physical cores, same L3 domain — the deterministic 0.21 cyc/msg mode)
BLOB_BACKING mode=mmap anon_huge_kb=16384 map_mb=16.5 verdict=thp-granted
HFT_BENCH_WARMUP 1/2 arm=classic rate=1062440141
HFT_BENCH_WARMUP 2/2 arm=classic rate=812089619
HFT_BENCH_RUN 1/5 arm=classic rate=1028098222 cyc=2.53
HFT_BENCH_RUN 2/5 arm=classic rate=1027995846 cyc=2.53
HFT_BENCH_RUN 3/5 arm=classic rate=1036922168 cyc=2.50
HFT_BENCH_RUN 4/5 arm=classic rate=1042379395 cyc=2.49
HFT_BENCH_RUN 5/5 arm=classic rate=1097293474 cyc=2.37
HFT_BENCH_WARMUP 1/2 arm=span rate=2691258778
HFT_BENCH_WARMUP 2/2 arm=span rate=6632867407
HFT_BENCH_RUN 1/5 arm=span rate=6404935551 cyc=0.41
HFT_BENCH_RUN 2/5 arm=span rate=6559670621 cyc=0.40
HFT_BENCH_RUN 3/5 arm=span rate=6559670621 cyc=0.40
HFT_BENCH_RUN 4/5 arm=span rate=6550326966 cyc=0.40
HFT_BENCH_RUN 5/5 arm=span rate=6489736484 cyc=0.40
DIAG rx span: publications=170 polls=673 prod_ms=0.4 bufwait_laps=38 resets=7 eos_parks=7 nbuf=16 rx_actual_cpu=2
ADVANCE_DIAGNOSTIC span: advances=0 advance_ms=0.0 us_per_advance=0.0 (F-5 reset/auto-advance hygiene — the synchronous bake tail the per-publication prepatch budget drains; HFT_PREPATCH_BUDGET prices it)
RXWARM_DIAGNOSTIC span: enabled=false fixes=0 uncovered=0 last_pass_fixes=0 (F-1 frame-entry warm start; the steady-state law is fixes==0 on pass>=2 — the kill rule reads persistent fixes)
RXBUILD_DIAGNOSTIC span: enabled=true patches=153972 last_pass_patches=21996 frames=21996 (F-2 publish-by-reference master; the steady-state law is every patchable entry patched exactly once per pass boundary)
DIAG cons span: parks=1 park_ms=0.1 slow_waits=1 slow_ms=0.1
LADDER_DIAGNOSTIC span: vectorized=true (F-3 entry walk; HFT_VEC_LADDER=1 arms the 8-entry group path — the Front A consumer IS the post-F-2 wall)
HFT_BENCH_WARMUP 1/2 arm=spec rate=467927673
HFT_BENCH_WARMUP 2/2 arm=spec rate=468661202
HFT_BENCH_RUN 1/5 arm=spec rate=470389619
HFT_BENCH_RUN 2/5 arm=spec rate=473458740
HFT_BENCH_RUN 3/5 arm=spec rate=473529654
HFT_BENCH_RUN 4/5 arm=spec rate=473622760
HFT_BENCH_RUN 5/5 arm=spec rate=473245685
PR1_R23_PURE_INGEST_VERDICT rate=473458740 target=15000000000 -> FAIL (R23: 15B msg/s pure ingest with the speculative 512-bit slicer — the 20B mode's pricing row; the R8/R16 span-arm gates above stay the asserting floor)
DIAG rx spec: publications=91 polls=609 prod_ms=0.3 bufwait_laps=14 resets=7 eos_parks=7 nbuf=16 rx_actual_cpu=2
ADVANCE_DIAGNOSTIC spec: advances=0 advance_ms=0.0 us_per_advance=0.0 (F-5 reset/auto-advance hygiene — the synchronous bake tail the per-publication prepatch budget drains; HFT_PREPATCH_BUDGET prices it)
RXWARM_DIAGNOSTIC spec: enabled=false fixes=0 uncovered=0 last_pass_fixes=0 (F-1 frame-entry warm start; the steady-state law is fixes==0 on pass>=2 — the kill rule reads persistent fixes)
RXBUILD_DIAGNOSTIC spec: enabled=true patches=76986 last_pass_patches=10998 frames=10998 (F-2 publish-by-reference master; the steady-state law is every patchable entry patched exactly once per pass boundary)
DIAG cons spec: parks=0 park_ms=0.0 slow_waits=0 slow_ms=0.0
PR1_R8_PURE_INGEST_VERDICT rate=6550326966 target=2000000000 -> PASS (R8: 2B msg/s pure ingest — full pipeline live, span emission, zero verification skipped)
PR1_R16_PURE_INGEST_VERDICT rate=6550326966 target=5000000000 -> PASS (R16: 5B msg/s pure ingest — the Double Helix program, docs/29)
{
  "median_cycles": 2.5037,
  "p95_cycles": 2.5254,
  "p99_cycles": 2.5254,
  "stddev": 0.0596,
  "cv_percent": 2.3807,
  "runs": 5,
  "warmup": 2,
  "cpu_model": "AMD EPYC 9V45 96-Core Processor",
  "freq_mhz": 2596.12,
  "target": "x86_64-unknown-linux-gnu",
  "sink": "count+span",
  "sample": "data/tests/sample-mini.itch",
  "span_median_cycles": 0.3963,
  "span_p95_cycles": 0.4053,
  "span_p99_cycles": 0.4053,
  "span_stddev": 0.0037,
  "span_cv_percent": 0.9339,
  "span_rate_msg_per_sec": 6550326966,
  "r8_pure_ingest_target": 2000000000,
  "r8_pure_ingest_verdict": "PASS",
  "r16_pure_ingest_target": 5000000000,
  "r16_pure_ingest_verdict": "PASS",
  "spec_rate_msg_per_sec": 473458740,
  "r23_pure_ingest_target": 15000000000,
  "r23_pure_ingest_verdict": "FAIL"
}
=== 11nb. R17/F-4: Mailbox Depth NBUF=32 ARMED (the buffer-reuse-stall pricing) ===
[1m[92m    Finished[0m `release` profile [optimized] target(s) in 0.01s
[1m[92m     Running[0m `target/release/hft_bench --sample data/tests/sample-mini.itch --runs 5 --warmup 2 --output-format json`
HFT_BENCH_CALIBRATION invariant_tsc=true freq_mhz=2596.12 mark_overhead_cycles=52 target_env=gnu
TOPOLOGY_VERIFICATION main=Some(0) rx=Some(2) -> VERIFIED (distinct physical cores, same L3 domain — the deterministic 0.21 cyc/msg mode)
BLOB_BACKING mode=mmap anon_huge_kb=14336 map_mb=16.5 verdict=thp-granted
HFT_BENCH_WARMUP 1/2 arm=classic rate=1038201200
HFT_BENCH_WARMUP 2/2 arm=classic rate=977729714
HFT_BENCH_RUN 1/5 arm=classic rate=1081366091 cyc=2.40
HFT_BENCH_RUN 2/5 arm=classic rate=1068759045 cyc=2.43
HFT_BENCH_RUN 3/5 arm=classic rate=1084126310 cyc=2.39
HFT_BENCH_RUN 4/5 arm=classic rate=1055820749 cyc=2.46
HFT_BENCH_RUN 5/5 arm=classic rate=1053005291 cyc=2.47
HFT_BENCH_WARMUP 1/2 arm=span rate=5947875880
HFT_BENCH_WARMUP 2/2 arm=span rate=8575456024
HFT_BENCH_RUN 1/5 arm=span rate=7694925309 cyc=0.34
HFT_BENCH_RUN 2/5 arm=span rate=7745708729 cyc=0.34
HFT_BENCH_RUN 3/5 arm=span rate=7684404812 cyc=0.34
HFT_BENCH_RUN 4/5 arm=span rate=7705474652 cyc=0.34
HFT_BENCH_RUN 5/5 arm=span rate=7683237643 cyc=0.34
DIAG rx span: publications=176 polls=696 prod_ms=0.5 bufwait_laps=0 resets=7 eos_parks=8 nbuf=32 rx_actual_cpu=2
ADVANCE_DIAGNOSTIC span: advances=0 advance_ms=0.0 us_per_advance=0.0 (F-5 reset/auto-advance hygiene — the synchronous bake tail the per-publication prepatch budget drains; HFT_PREPATCH_BUDGET prices it)
RXWARM_DIAGNOSTIC span: enabled=false fixes=0 uncovered=0 last_pass_fixes=0 (F-1 frame-entry warm start; the steady-state law is fixes==0 on pass>=2 — the kill rule reads persistent fixes)
RXBUILD_DIAGNOSTIC span: enabled=true patches=153972 last_pass_patches=21996 frames=21996 (F-2 publish-by-reference master; the steady-state law is every patchable entry patched exactly once per pass boundary)
DIAG cons span: parks=0 park_ms=0.0 slow_waits=0 slow_ms=0.0
LADDER_DIAGNOSTIC span: vectorized=false (F-3 entry walk; HFT_VEC_LADDER=1 arms the 8-entry group path — the Front A consumer IS the post-F-2 wall)
HFT_BENCH_WARMUP 1/2 arm=spec rate=461805248
HFT_BENCH_WARMUP 2/2 arm=spec rate=459867325
HFT_BENCH_RUN 1/5 arm=spec rate=463372988
HFT_BENCH_RUN 2/5 arm=spec rate=462732086
HFT_BENCH_RUN 3/5 arm=spec rate=462715155
HFT_BENCH_RUN 4/5 arm=spec rate=463271139
HFT_BENCH_RUN 5/5 arm=spec rate=464561982
PR1_R23_PURE_INGEST_VERDICT rate=463271139 target=15000000000 -> FAIL (R23: 15B msg/s pure ingest with the speculative 512-bit slicer — the 20B mode's pricing row; the R8/R16 span-arm gates above stay the asserting floor)
DIAG rx spec: publications=91 polls=609 prod_ms=0.3 bufwait_laps=0 resets=7 eos_parks=7 nbuf=32 rx_actual_cpu=2
ADVANCE_DIAGNOSTIC spec: advances=0 advance_ms=0.0 us_per_advance=0.0 (F-5 reset/auto-advance hygiene — the synchronous bake tail the per-publication prepatch budget drains; HFT_PREPATCH_BUDGET prices it)
RXWARM_DIAGNOSTIC spec: enabled=false fixes=0 uncovered=0 last_pass_fixes=0 (F-1 frame-entry warm start; the steady-state law is fixes==0 on pass>=2 — the kill rule reads persistent fixes)
RXBUILD_DIAGNOSTIC spec: enabled=true patches=76986 last_pass_patches=10998 frames=10998 (F-2 publish-by-reference master; the steady-state law is every patchable entry patched exactly once per pass boundary)
DIAG cons spec: parks=0 park_ms=0.0 slow_waits=0 slow_ms=0.0
PR1_R8_PURE_INGEST_VERDICT rate=7694925308 target=2000000000 -> PASS (R8: 2B msg/s pure ingest — full pipeline live, span emission, zero verification skipped)
PR1_R16_PURE_INGEST_VERDICT rate=7694925308 target=5000000000 -> PASS (R16: 5B msg/s pure ingest — the Double Helix program, docs/29)
{
  "median_cycles": 2.4291,
  "p95_cycles": 2.4654,
  "p99_cycles": 2.4654,
  "stddev": 0.0290,
  "cv_percent": 1.1920,
  "runs": 5,
  "warmup": 2,
  "cpu_model": "AMD EPYC 9V45 96-Core Processor",
  "freq_mhz": 2596.12,
  "target": "x86_64-unknown-linux-gnu",
  "sink": "count+span",
  "sample": "data/tests/sample-mini.itch",
  "span_median_cycles": 0.3374,
  "span_p95_cycles": 0.3379,
  "span_p99_cycles": 0.3379,
  "span_stddev": 0.0010,
  "span_cv_percent": 0.2966,
  "span_rate_msg_per_sec": 7694925308,
  "r8_pure_ingest_target": 2000000000,
  "r8_pure_ingest_verdict": "PASS",
  "r16_pure_ingest_target": 5000000000,
  "r16_pure_ingest_verdict": "PASS",
  "spec_rate_msg_per_sec": 463271139,
  "r23_pure_ingest_target": 15000000000,
  "r23_pure_ingest_verdict": "FAIL"
}
=== 11pb. R17/F-5: Prepatch Budget 1024 ARMED (the advance-tail drain pricing) ===
[1m[92m    Finished[0m `release` profile [optimized] target(s) in 0.01s
[1m[92m     Running[0m `target/release/bench --hydra-only`
BENCH_CALIBRATION invariant_tsc=true freq_mhz=2596.12 mark_overhead_cycles=52
=== R6. PR-1 HYDRA BIT-EXACT MULTI-CORE SPAN CONFORMANCE ===
BLOB_BACKING mode=mmap anon_huge_kb=16384 map_mb=16.5 verdict=thp-granted
HYDRA_BITPARITY sequential=(count=505849 hash=0x881639cead506f25 msg_hash=0xcbf29ce484222325) hydra=(count=505849 hash=0x881639cead506f25 msg_hash=0xcbf29ce484222325) -> BIT-EXACT
BENCH mode=replay-hydra-burst msgs=505849 rate=1584015456 allocs=0 freq=2596.12MHz workers=2 run=1
BENCH mode=replay-hydra-burst msgs=505849 rate=1637687775 allocs=0 freq=2596.12MHz workers=2 run=2
BENCH mode=replay-hydra-burst msgs=505849 rate=1765388065 allocs=0 freq=2596.12MHz workers=2 run=3
BENCH mode=replay-hydra-burst msgs=505849 rate=1798964397 allocs=0 freq=2596.12MHz workers=2 run=4
BENCH mode=replay-hydra-burst msgs=505849 rate=1714690060 allocs=0 freq=2596.12MHz workers=2 run=5
BENCH_MEDIAN mode=replay-hydra-burst rate=1714690060
R23B_AFFINE_VERDICT arm=burst armed=false tag_hits=0 payload_fallbacks=0 ledger_rows=0 (R23c: workers verify spans from register tags, zero payload reads; the (prefix,cum) triple checked per-span by the scalar affine law)
PR1_HYDRA_VERDICT rate=1714690060 (bit-exact multi-core span conformance: 2 workers, every emitted byte CRC32C-checked in-window, ordered serial fold)
PR1_GIGAHFT_BURST_VERDICT rate=1714690060 target=1000000000 -> PASS (R7 burst reference; the sustained arm below is the gate)
DIAG sustained: passes=17813 reset_ms=456.7 scan_ms=4539.7 end_ms=0.9 pending_max=10286 batches=391886 wait_ms=37.4 work_ms=4136.0 fold_ms=287.4 assist_chunks=401401 bytes_per_msg=27.65 crc_demand_gb_s=49.83
DIAG worker[0] sustained: cpu0(pinned) placement=[0, 2] batches=604187 spans=77310845 eval_ms=4937.8 idle_iters=78310 res_waits=0 fw=0 fw_ms=0.0
DIAG worker[1] sustained: cpu2(pinned) placement=[0, 2] batches=746563 spans=95539629 eval_ms=4927.6 idle_iters=73016 res_waits=237 fw=0 fw_ms=0.0
DIAG rx sustained: publications=391946 polls=1549969 prod_ms=1503.5 bufwait_laps=142430 resets=17815 eos_parks=0 nbuf=16 rx_actual_cpu=3
ADVANCE_DIAGNOSTIC sustained: advances=17815 advance_ms=103.6 us_per_advance=5.8 (F-5 reset/auto-advance hygiene — the synchronous bake tail the per-publication prepatch budget drains; HFT_PREPATCH_BUDGET prices it)
RXWARM_DIAGNOSTIC sustained: enabled=false fixes=0 uncovered=0 last_pass_fixes=0 (F-1 frame-entry warm start; the steady-state law is fixes==0 on pass>=2 — the kill rule reads persistent fixes)
RXBUILD_DIAGNOSTIC sustained: enabled=true patches=391846984 last_pass_patches=21996 frames=21996 (F-2 publish-by-reference master; the steady-state law is every patchable entry patched exactly once per pass boundary)
DIAG cons sustained: parks=29 park_ms=1.6 slow_waits=29 slow_ms=2.0
BENCH mode=replay-hydra-sustained-5s total_msgs=9010688237 duration=5.00s sustained_rate=1802062203 msg/s allocs=0 workers=2 crc_kernel=reflect
PR1_HYDRA_SUSTAINED_VERDICT rate=1802062203 (duration=5.00s, total_msgs=9010688237, workers=2)
PR1_GIGAHFT_VERDICT rate=1802062203 target=1000000000 -> PASS (Project 1.0B: bit-exact, zero-alloc, every byte verified in-window, cross-pass double-buffered fabric)
PR1_R8_FULL_VERIFY_VERDICT rate=1802062203 target=1000000000 -> PASS (R8: 1B msg/s sustained full verification — bit-exact, zero-alloc, every byte CRC32C-verified in-window)
PR1_R16_FULL_VERIFY_VERDICT rate=1802062203 target=2000000000 -> FAIL (R16: 2B msg/s sustained full verification — the Double Helix program, docs/29)
R16B_RXDESC_VERDICT rx_fixes=0 assist_chunks=401401 (array-driven submission telemetry; fixes=0 means every RX prefill entry was already exact)
R23B_AFFINE_VERDICT arm=sustained armed=false tag_hits=0 payload_fallbacks=0 ledger_rows=0 (R23c: zero-re-read affine verification on the worker fabric)
PR1_R23_AFFINE_SUSTAINED_VERDICT rate=1802062203 target=2500000000 -> FAIL (R23: 2.5B+ sustained full verification from register tags — the affine-span algebra program, docs/36)
=== 12. Reference Arbitrator & Differential Oracle (G12-T3 / D1..D12) ===
[1m[92m    Finished[0m `release` profile [optimized] target(s) in 0.01s
[1m[92m     Running[0m `target/release/diff_oracle`
=== RUNNING G12-T3 REFERENCE ARBITRATOR & DIFFERENTIAL SUITE (D1..D11) ===
=== D3-REDO: Oracle Validation by Sequencer-Logic Bug Injections ===
D3_DIVERGENCE_DUMP mutation="DisableClearOnAdvance" detected=true seq_wm=1231 ref_wm=1224 seq_hash=0x473C5B1BF49F1C91 ref_hash=0xCFE76D07416B4CA5
D3_DIVERGENCE_DUMP mutation="OffByOneClamp" detected=true seq_wm=600 ref_wm=601 seq_hash=0xB1C1F8344636F511 ref_hash=0x972FEC36E88A4C25
D3_DIVERGENCE_DUMP mutation="DropStagedAtEos" detected=true seq_wm=10 ref_wm=13 seq_hash=0xF0B1A3FF15503051 ref_hash=0x9D6D68BF10C6C3A5
D3 ALL_SEQUENCER_LOGIC_MUTATIONS_DETECTED: Oracle caught all 3 sequencer mutations with divergence dumps.
=== D1: Full 17-Cell Matrix Differential Verification ===
BLOB_BACKING mode=mmap anon_huge_kb=16384 map_mb=16.5 verdict=thp-granted
D1 cell="M1 (Baseline MTU contiguous)" seq_wm=505850 ref_wm=505850 count=505849 hash=0xF6EF154EFDE905D8 VERDICT=PASS
D1 cell="M2 (Fixed 1 msg)" seq_wm=505850 ref_wm=505850 count=505849 hash=0xF6EF154EFDE905D8 VERDICT=PASS
D1 cell="M3 (Fixed 16 msgs)" seq_wm=505850 ref_wm=505850 count=505849 hash=0xF6EF154EFDE905D8 VERDICT=PASS
D1 cell="M4 (Gaussian delay jitter)" seq_wm=505850 ref_wm=505850 count=505849 hash=0xF6EF154EFDE905D8 VERDICT=PASS
D1 cell="M5 (Bernoulli loss with dual feed)" seq_wm=505850 ref_wm=505850 count=505849 hash=0xF6EF154EFDE905D8 VERDICT=PASS
D1 cell="M6 (Gilbert-Elliott burst loss)" seq_wm=505850 ref_wm=505850 count=505849 hash=0xF6EF154EFDE905D8 VERDICT=PASS
D1 cell="M7 (Pathological split: 1B to MTU)" seq_wm=505850 ref_wm=505850 count=505849 hash=0xF6EF154EFDE905D8 VERDICT=PASS
D1 cell="M8 (Feed A only lossless)" seq_wm=505850 ref_wm=505850 count=505849 hash=0xF6EF154EFDE905D8 VERDICT=PASS
D1 cell="M9 (Feed B only lossless)" seq_wm=505850 ref_wm=505850 count=505849 hash=0xF6EF154EFDE905D8 VERDICT=PASS
D1 cell="M10 (Heavy reorder jitter)" seq_wm=505850 ref_wm=505850 count=505849 hash=0xF6EF154EFDE905D8 VERDICT=PASS
D1 cell="M11 (Deep out-of-order window)" seq_wm=505850 ref_wm=505850 count=505849 hash=0xF6EF154EFDE905D8 VERDICT=PASS
D1 cell="M12 (Max-rate unconstrained)" seq_wm=505850 ref_wm=505850 count=505849 hash=0xF6EF154EFDE905D8 VERDICT=PASS
D1 cell="M13 (M-LATE: Staged arrival edge)" seq_wm=505850 ref_wm=505850 count=505849 hash=0xF6EF154EFDE905D8 VERDICT=PASS
D1 cell="M14 (M-BURST: Burst packet arrival)" seq_wm=505850 ref_wm=505850 count=505849 hash=0xF6EF154EFDE905D8 VERDICT=PASS
D1 cell="M15 (M-STARVE: Feed A silent for 2s)" seq_wm=505850 ref_wm=505850 count=505849 hash=0xF6EF154EFDE905D8 VERDICT=PASS
D1 cell="M16 (M-DUP2: Overlapping dual feed)" seq_wm=505850 ref_wm=505850 count=505849 hash=0xF6EF154EFDE905D8 VERDICT=PASS
D1 cell="M17 (M-DROPRESP / Session Boundary)" seq_wm=255850 ref_wm=255850 count=505849 hash=0xF6EF154EFDE905D8 VERDICT=PASS
D1 ALL_17_CELLS_PASSED: Triple equality verified across all 17 matrix cells.
=== D2: 100 Seeded Random Configs Differential Test ===
D2 100_RANDOM_CONFIGS_PASSED: Triple equality verified across 100 random configs.
=== D4: Duplicate Ordering (First-Received Wins) ===
D4 DUPLICATE_ORDERING_PASSED: seq_wm=505850 ref_wm=505850 count=505849 hash=0xF6EF154EFDE905D8
=== D5: Session Splits Verification ===
D5 SESSION_SPLITS_PASSED: Watermarks and hashes match across session boundaries.
=== D6: Unclean Death (Scripted Drops) Verification ===
D6 UNCLEAN_DEATH_PASSED: State matches reference final state.
=== D7/D8: Watchdog & Double-Run Determinism ===
D7/D8 WATCHDOG_AND_DETERMINISM_PASSED: elapsed=0.43s run1=(505850, 505850, 505849, 17793464081775658456) run2=(505850, 505850, 505849, 17793464081775658456)
=== D9: Indexed-Ingest Equivalence (classic == indexed) ===
D9 INDEXED_EQUIVALENCE_PASSED: 12 cells (3 configs x 4 mutations) classic==indexed
D11 CRC_KERNEL_DIFFERENTIAL_PASSED: scalar==reference, fold512==scalar on 2109 bodies (exhaustive lengths + patterns + random + eval2 + eval_pair)
D11 REFLECT_KERNEL_DIFFERENTIAL_PASSED: reflect==scalar on 2101 bodies (exhaustive lengths + patterns + random + eval_pair)
D12 BATCH_AND_PIPELINE_EQUIVALENCE_PASSED: classic == ingest_batch == RX-pipelined (counters/watermark/count/hash) incl. multi-pass resets
=== ALL D1..D12 DIFFERENTIAL ORACLE CHECKS PASSED SUCCESSFULLY ===
=== 13. T2 Window Sweep & Full 17-Cell Matrix Confluence Campaign ===
[1m[92m    Finished[0m `release` profile [optimized] target(s) in 0.00s
[1m[92m     Running[0m `target/release/window_sweep`
=== RUNNING T2 WINDOW SIZE SWEEP (256..4096 x M1, M11) ===
BLOB_BACKING mode=mmap anon_huge_kb=14336 map_mb=16.5 verdict=thp-granted
WINDOW_SWEEP slots=256  arena= 16640 B l1_fit=Fits 32K L1D                   M1_rate=35.52M golden_M1=true M11_rate=23.03M golden_M11=true max_staged=0 beyond_drops=0
WINDOW_SWEEP slots=512  arena= 33280 B l1_fit=Fits 64K L1D                   M1_rate=37.55M golden_M1=true M11_rate=23.00M golden_M11=true max_staged=0 beyond_drops=0
WINDOW_SWEEP slots=1024 arena= 66560 B l1_fit=Exceeds L1D (L2 Cache resident) M1_rate=37.42M golden_M1=true M11_rate=21.87M golden_M11=true max_staged=0 beyond_drops=0
WINDOW_SWEEP slots=2048 arena=133120 B l1_fit=Exceeds L1D (L2 Cache resident) M1_rate=37.43M golden_M1=true M11_rate=21.87M golden_M11=true max_staged=0 beyond_drops=0
WINDOW_SWEEP slots=4096 arena=266240 B l1_fit=Exceeds L1D (L2 Cache resident) M1_rate=36.03M golden_M1=true M11_rate=22.21M golden_M11=true max_staged=0 beyond_drops=0

=== T2 WINDOW SWEEP KNEE TABLE ===
| Window Slots | Arena Footprint | Cache Residency | M1 Rate | M11 Rate | Max Staged | Beyond Drops | Confluence Verdict |
|---|---|---|---|---|---|---|---|
| 256  |  16640 B ( 16.2 KiB) | Fits 32K L1D                 | 35.52M msg/s | 23.03M msg/s | 0          | 0            | **PASS** |
| 512  |  33280 B ( 32.5 KiB) | Fits 64K L1D                 | 37.55M msg/s | 23.00M msg/s | 0          | 0            | **PASS** |
| 1024 |  66560 B ( 65.0 KiB) | Exceeds L1D (L2 Cache resident) | 37.42M msg/s | 21.87M msg/s | 0          | 0            | **PASS** |
| 2048 | 133120 B (130.0 KiB) | Exceeds L1D (L2 Cache resident) | 37.43M msg/s | 21.87M msg/s | 0          | 0            | **PASS** |
| 4096 | 266240 B (260.0 KiB) | Exceeds L1D (L2 Cache resident) | 36.03M msg/s | 22.21M msg/s | 0          | 0            | **PASS** |
=== T2 WINDOW SWEEP COMPLETED SUCCESSFULLY ===
[1m[92m    Finished[0m `release` profile [optimized] target(s) in 0.01s
[1m[92m     Running[0m `target/release/matrix_sweep`
=== EXECUTING COMPLETE 17-CELL MATRIX CONFLUENCE CAMPAIGN (M1..M17) ===
BLOB_BACKING mode=mmap anon_huge_kb=14336 map_mb=16.5 verdict=thp-granted
MATRIX_CELL name="M1 (Baseline MTU contiguous)       " rate= 5.38M msg/s count=505849 wm=505850 hash=0xF6EF154EFDE905D8 verdict="PASS (Golden Bit-Identical)"
MATRIX_CELL name="M2 (Fixed 1 msg)                   " rate= 5.01M msg/s count=505849 wm=505850 hash=0xF6EF154EFDE905D8 verdict="PASS (Golden Bit-Identical)"
MATRIX_CELL name="M3 (Fixed 16 msgs)                 " rate= 6.32M msg/s count=505849 wm=505850 hash=0xF6EF154EFDE905D8 verdict="PASS (Golden Bit-Identical)"
MATRIX_CELL name="M4 (Gaussian delay jitter)         " rate= 6.36M msg/s count=505849 wm=505850 hash=0xF6EF154EFDE905D8 verdict="PASS (Golden Bit-Identical)"
MATRIX_CELL name="M5 (Bernoulli loss with dual feed) " rate= 6.51M msg/s count=505849 wm=505850 hash=0xF6EF154EFDE905D8 verdict="PASS (Golden Bit-Identical)"
MATRIX_CELL name="M6 (Gilbert-Elliott burst loss)    " rate= 6.64M msg/s count=505849 wm=505850 hash=0xF6EF154EFDE905D8 verdict="PASS (Golden Bit-Identical)"
MATRIX_CELL name="M7 (Pathological split: 1B to MTU) " rate= 6.31M msg/s count=505849 wm=505850 hash=0xF6EF154EFDE905D8 verdict="PASS (Golden Bit-Identical)"
MATRIX_CELL name="M8 (Feed A only lossless)          " rate= 8.09M msg/s count=505849 wm=505850 hash=0xF6EF154EFDE905D8 verdict="PASS (Golden Bit-Identical)"
MATRIX_CELL name="M9 (Feed B only lossless)          " rate= 8.23M msg/s count=505849 wm=505850 hash=0xF6EF154EFDE905D8 verdict="PASS (Golden Bit-Identical)"
MATRIX_CELL name="M10 (Heavy reorder jitter)         " rate= 6.35M msg/s count=505849 wm=505850 hash=0xF6EF154EFDE905D8 verdict="PASS (Golden Bit-Identical)"
MATRIX_CELL name="M11 (Deep out-of-order window)     " rate= 5.78M msg/s count=505849 wm=505850 hash=0xF6EF154EFDE905D8 verdict="PASS (Golden Bit-Identical)"
MATRIX_CELL name="M12 (Max-rate unconstrained)       " rate= 6.61M msg/s count=505849 wm=505850 hash=0xF6EF154EFDE905D8 verdict="PASS (Golden Bit-Identical)"
MATRIX_CELL name="M13 (M-LATE: Staged arrival edge)  " rate= 6.35M msg/s count=505849 wm=505850 hash=0xF6EF154EFDE905D8 verdict="PASS (Golden Bit-Identical)"
MATRIX_CELL name="M14 (M-BURST: Burst packet arrival)" rate= 6.28M msg/s count=505849 wm=505850 hash=0xF6EF154EFDE905D8 verdict="PASS (Golden Bit-Identical)"
MATRIX_CELL name="M15 (M-STARVE: Feed A silent for 2s)" rate= 6.31M msg/s count=505849 wm=505850 hash=0xF6EF154EFDE905D8 verdict="PASS (Golden Bit-Identical)"
MATRIX_CELL name="M16 (M-DUP2: Overlapping dual feed)" rate= 6.51M msg/s count=505849 wm=505850 hash=0xF6EF154EFDE905D8 verdict="PASS (Golden Bit-Identical)"
MATRIX_CELL name="M17 (M-DROPRESP / Session Boundary)" rate= 6.59M msg/s count=505849 wm=255850 hash=0xF6EF154EFDE905D8 verdict="PASS (Golden Bit-Identical)"

=== COMPLETE 17-CELL MATRIX SUMMARY TABLE ===
| Cell ID | Matrix Scenario | Throughput | Emitted Messages | Final Watermark | Canonical FNV Hash | Oracle Confluence Verdict |
|---|---|---|---|---|---|---|
| M1  | M1 (Baseline MTU contiguous)        |  5.38M msg/s | 505849 | 505850 | 0xF6EF154EFDE905D8 | **PASS** |
| M2  | M2 (Fixed 1 msg)                    |  5.01M msg/s | 505849 | 505850 | 0xF6EF154EFDE905D8 | **PASS** |
| M3  | M3 (Fixed 16 msgs)                  |  6.32M msg/s | 505849 | 505850 | 0xF6EF154EFDE905D8 | **PASS** |
| M4  | M4 (Gaussian delay jitter)          |  6.36M msg/s | 505849 | 505850 | 0xF6EF154EFDE905D8 | **PASS** |
| M5  | M5 (Bernoulli loss with dual feed)  |  6.51M msg/s | 505849 | 505850 | 0xF6EF154EFDE905D8 | **PASS** |
| M6  | M6 (Gilbert-Elliott burst loss)     |  6.64M msg/s | 505849 | 505850 | 0xF6EF154EFDE905D8 | **PASS** |
| M7  | M7 (Pathological split: 1B to MTU)  |  6.31M msg/s | 505849 | 505850 | 0xF6EF154EFDE905D8 | **PASS** |
| M8  | M8 (Feed A only lossless)           |  8.09M msg/s | 505849 | 505850 | 0xF6EF154EFDE905D8 | **PASS** |
| M9  | M9 (Feed B only lossless)           |  8.23M msg/s | 505849 | 505850 | 0xF6EF154EFDE905D8 | **PASS** |
| M10 | M10 (Heavy reorder jitter)          |  6.35M msg/s | 505849 | 505850 | 0xF6EF154EFDE905D8 | **PASS** |
| M11 | M11 (Deep out-of-order window)      |  5.78M msg/s | 505849 | 505850 | 0xF6EF154EFDE905D8 | **PASS** |
| M12 | M12 (Max-rate unconstrained)        |  6.61M msg/s | 505849 | 505850 | 0xF6EF154EFDE905D8 | **PASS** |
| M13 | M13 (M-LATE: Staged arrival edge)   |  6.35M msg/s | 505849 | 505850 | 0xF6EF154EFDE905D8 | **PASS** |
| M14 | M14 (M-BURST: Burst packet arrival) |  6.28M msg/s | 505849 | 505850 | 0xF6EF154EFDE905D8 | **PASS** |
| M15 | M15 (M-STARVE: Feed A silent for 2s) |  6.31M msg/s | 505849 | 505850 | 0xF6EF154EFDE905D8 | **PASS** |
| M16 | M16 (M-DUP2: Overlapping dual feed) |  6.51M msg/s | 505849 | 505850 | 0xF6EF154EFDE905D8 | **PASS** |
| M17 | M17 (M-DROPRESP / Session Boundary) |  6.59M msg/s | 505849 | 255850 | 0xF6EF154EFDE905D8 | **PASS** |
=== ALL 17 MATRIX CELLS VERIFIED 100% GREEN ===
=== 14. VR-4 Hostile Frame & Fuzz Campaign (3 Harnesses) ===
[1m[92m    Finished[0m `release` profile [optimized] target(s) in 0.00s
[1m[92m     Running[0m `target/release/fuzz_campaign`
=== VR-4 EXTENDED FUZZ CAMPAIGN (3 HARNESSES x 1,000,000 ITERATIONS) ===
FUZZ_CAMPAIGN_REPORT total_execs=1000000 elapsed=0.101s data_frames=0 heartbeats=114 eos_frames=85 distinct_itch_types_validated=22/23 lsan_status=CLEAN panics=0
VR-4 FUZZ CAMPAIGN 100% COMPLETE AND VERIFIED (1,000,000 EXECS).
=== 15. Spec-Only Retransmission Server Clean-Room Validation (doc 14 §3.2 / F-31) ===
[1m[92m    Finished[0m `release` profile [optimized] target(s) in 0.00s
[1m[92m     Running[0m `target/release/spec_server`
=== SPEC-ONLY SERVER CLEAN-ROOM VALIDATION (doc 14 §3.2 / F-31) ===
Spec server spawned on UDP port 59159
SPEC_SERVER_RESPONSE: session="SPECSESS01" start_seq=10 count=25 bytes_received=645
=== SPEC-ONLY SERVER CLEAN-ROOM VALIDATION PASSED (F-31 CLOSED) ===
=== 16. HFT-Verify Statistical Gate (nano/constr1.1.md §1: 30 runs + warmup 5 + JSON) ===
info: downloading component rust-std
Selecting previously unselected package musl:amd64.
(Reading database ... (Reading database ... 5%(Reading database ... 10%(Reading database ... 15%(Reading database ... 20%(Reading database ... 25%(Reading database ... 30%(Reading database ... 35%(Reading database ... 40%(Reading database ... 45%(Reading database ... 50%(Reading database ... 55%(Reading database ... 60%(Reading database ... 65%(Reading database ... 70%(Reading database ... 75%(Reading database ... 80%(Reading database ... 85%(Reading database ... 90%(Reading database ... 95%(Reading database ... 100%(Reading database ... 203191 files and directories currently installed.)
Preparing to unpack .../musl_1.2.4-2_amd64.deb ...
Unpacking musl:amd64 (1.2.4-2) ...
Selecting previously unselected package musl-dev:amd64.
Preparing to unpack .../musl-dev_1.2.4-2_amd64.deb ...
Unpacking musl-dev:amd64 (1.2.4-2) ...
Selecting previously unselected package musl-tools.
Preparing to unpack .../musl-tools_1.2.4-2_amd64.deb ...
Unpacking musl-tools (1.2.4-2) ...
Setting up musl:amd64 (1.2.4-2) ...
Setting up musl-dev:amd64 (1.2.4-2) ...
Setting up musl-tools (1.2.4-2) ...
Processing triggers for man-db (2.12.0-4build2) ...
Not building database; man-db/auto-update is not 'true'.

Running kernel seems to be up-to-date.

No services need to be restarted.

No containers need to be restarted.

No user sessions are running outdated binaries.

No VM guests are running outdated hypervisor (qemu) binaries on this host.
MUSL_BUILD_OK static target
HFT_BENCH_CALIBRATION invariant_tsc=true freq_mhz=2596.12 mark_overhead_cycles=52 target_env=musl
TOPOLOGY_VERIFICATION main=Some(0) rx=Some(2) -> VERIFIED (distinct physical cores, same L3 domain — the deterministic 0.21 cyc/msg mode)
BLOB_BACKING mode=mmap anon_huge_kb=16384 map_mb=16.5 verdict=thp-granted
HFT_BENCH_WARMUP 1/5 arm=classic rate=1004603490
HFT_BENCH_WARMUP 2/5 arm=classic rate=1151868930
HFT_BENCH_WARMUP 3/5 arm=classic rate=1262013287
HFT_BENCH_WARMUP 4/5 arm=classic rate=1238584360
HFT_BENCH_WARMUP 5/5 arm=classic rate=1330771841
HFT_BENCH_RUN 1/30 arm=classic rate=1256361920 cyc=2.07
HFT_BENCH_RUN 2/30 arm=classic rate=1325676532 cyc=1.96
HFT_BENCH_RUN 3/30 arm=classic rate=1293589196 cyc=2.01
HFT_BENCH_RUN 4/30 arm=classic rate=1326820529 cyc=1.96
HFT_BENCH_RUN 5/30 arm=classic rate=1286898716 cyc=2.02
HFT_BENCH_RUN 6/30 arm=classic rate=1324388858 cyc=1.96
HFT_BENCH_RUN 7/30 arm=classic rate=1325603578 cyc=1.96
HFT_BENCH_RUN 8/30 arm=classic rate=1282877851 cyc=2.02
HFT_BENCH_RUN 9/30 arm=classic rate=1324770387 cyc=1.96
HFT_BENCH_RUN 10/30 arm=classic rate=1229989082 cyc=2.11
HFT_BENCH_RUN 11/30 arm=classic rate=1324007548 cyc=1.96
HFT_BENCH_RUN 12/30 arm=classic rate=1283890486 cyc=2.02
HFT_BENCH_RUN 13/30 arm=classic rate=1325325731 cyc=1.96
HFT_BENCH_RUN 14/30 arm=classic rate=1298613713 cyc=2.00
HFT_BENCH_RUN 15/30 arm=classic rate=1325850265 cyc=1.96
HFT_BENCH_RUN 16/30 arm=classic rate=1327590098 cyc=1.96
HFT_BENCH_RUN 17/30 arm=classic rate=1283691740 cyc=2.02
HFT_BENCH_RUN 18/30 arm=classic rate=1326580439 cyc=1.96
HFT_BENCH_RUN 19/30 arm=classic rate=1263179317 cyc=2.06
HFT_BENCH_RUN 20/30 arm=classic rate=1326576960 cyc=1.96
HFT_BENCH_RUN 21/30 arm=classic rate=1288344136 cyc=2.02
HFT_BENCH_RUN 22/30 arm=classic rate=1321720840 cyc=1.96
HFT_BENCH_RUN 23/30 arm=classic rate=1301453637 cyc=1.99
HFT_BENCH_RUN 24/30 arm=classic rate=1317823015 cyc=1.97
HFT_BENCH_RUN 25/30 arm=classic rate=1324042204 cyc=1.96
HFT_BENCH_RUN 26/30 arm=classic rate=1273979882 cyc=2.04
HFT_BENCH_RUN 27/30 arm=classic rate=1319510852 cyc=1.97
HFT_BENCH_RUN 28/30 arm=classic rate=1229627306 cyc=2.11
HFT_BENCH_RUN 29/30 arm=classic rate=1321893537 cyc=1.96
HFT_BENCH_RUN 30/30 arm=classic rate=1278562022 cyc=2.03
HFT_BENCH_WARMUP 1/5 arm=span rate=3291380645
HFT_BENCH_WARMUP 2/5 arm=span rate=12829364173
HFT_BENCH_WARMUP 3/5 arm=span rate=11192092395
HFT_BENCH_WARMUP 4/5 arm=span rate=9773537878
HFT_BENCH_WARMUP 5/5 arm=span rate=10839079474
HFT_BENCH_RUN 1/30 arm=span rate=8905008361 cyc=0.29
HFT_BENCH_RUN 2/30 arm=span rate=11453357786 cyc=0.23
HFT_BENCH_RUN 3/30 arm=span rate=10753592687 cyc=0.24
HFT_BENCH_RUN 4/30 arm=span rate=9822882886 cyc=0.26
HFT_BENCH_RUN 5/30 arm=span rate=10529526862 cyc=0.25
HFT_BENCH_RUN 6/30 arm=span rate=9909475581 cyc=0.26
HFT_BENCH_RUN 7/30 arm=span rate=11216910215 cyc=0.23
HFT_BENCH_RUN 8/30 arm=span rate=9865027205 cyc=0.26
HFT_BENCH_RUN 9/30 arm=span rate=11096099850 cyc=0.23
HFT_BENCH_RUN 10/30 arm=span rate=9762032498 cyc=0.27
HFT_BENCH_RUN 11/30 arm=span rate=11008922936 cyc=0.24
HFT_BENCH_RUN 12/30 arm=span rate=10555673803 cyc=0.25
HFT_BENCH_RUN 13/30 arm=span rate=9746984469 cyc=0.27
HFT_BENCH_RUN 14/30 arm=span rate=10463748629 cyc=0.25
HFT_BENCH_RUN 15/30 arm=span rate=9519354899 cyc=0.27
HFT_BENCH_RUN 16/30 arm=span rate=11108283192 cyc=0.23
HFT_BENCH_RUN 17/30 arm=span rate=9832429490 cyc=0.26
HFT_BENCH_RUN 18/30 arm=span rate=10783623611 cyc=0.24
HFT_BENCH_RUN 19/30 arm=span rate=9882565545 cyc=0.26
HFT_BENCH_RUN 20/30 arm=span rate=10958837929 cyc=0.24
HFT_BENCH_RUN 21/30 arm=span rate=12898388495 cyc=0.20
HFT_BENCH_RUN 22/30 arm=span rate=9622572238 cyc=0.27
HFT_BENCH_RUN 23/30 arm=span rate=10728504772 cyc=0.24
HFT_BENCH_RUN 24/30 arm=span rate=9878705620 cyc=0.26
HFT_BENCH_RUN 25/30 arm=span rate=12706900449 cyc=0.20
HFT_BENCH_RUN 26/30 arm=span rate=9707889534 cyc=0.27
HFT_BENCH_RUN 27/30 arm=span rate=10620163339 cyc=0.24
HFT_BENCH_RUN 28/30 arm=span rate=9665042607 cyc=0.27
HFT_BENCH_RUN 29/30 arm=span rate=10694482029 cyc=0.24
HFT_BENCH_RUN 30/30 arm=span rate=10369583042 cyc=0.25
DIAG rx span: publications=786 polls=3109 prod_ms=2.3 bufwait_laps=159 resets=35 eos_parks=35 nbuf=16 rx_actual_cpu=2
ADVANCE_DIAGNOSTIC span: advances=0 advance_ms=0.0 us_per_advance=0.0 (F-5 reset/auto-advance hygiene — the synchronous bake tail the per-publication prepatch budget drains; HFT_PREPATCH_BUDGET prices it)
RXWARM_DIAGNOSTIC span: enabled=false fixes=0 uncovered=0 last_pass_fixes=0 (F-1 frame-entry warm start; the steady-state law is fixes==0 on pass>=2 — the kill rule reads persistent fixes)
RXBUILD_DIAGNOSTIC span: enabled=true patches=769860 last_pass_patches=21996 frames=21996 (F-2 publish-by-reference master; the steady-state law is every patchable entry patched exactly once per pass boundary)
DIAG cons span: parks=1 park_ms=0.1 slow_waits=1 slow_ms=0.1
LADDER_DIAGNOSTIC span: vectorized=false (F-3 entry walk; HFT_VEC_LADDER=1 arms the 8-entry group path — the Front A consumer IS the post-F-2 wall)
HFT_BENCH_WARMUP 1/5 arm=spec rate=507648614
HFT_BENCH_WARMUP 2/5 arm=spec rate=517430650
HFT_BENCH_RUN 1/30 arm=spec rate=525172185
HFT_BENCH_RUN 2/30 arm=spec rate=522164553
HFT_BENCH_RUN 3/30 arm=spec rate=515198303
HFT_BENCH_RUN 4/30 arm=spec rate=523827275
HFT_BENCH_RUN 5/30 arm=spec rate=525844773
HFT_BENCH_RUN 6/30 arm=spec rate=524093208
HFT_BENCH_RUN 7/30 arm=spec rate=521786983
HFT_BENCH_RUN 8/30 arm=spec rate=523696579
HFT_BENCH_RUN 9/30 arm=spec rate=522715459
HFT_BENCH_RUN 10/30 arm=spec rate=523284851
HFT_BENCH_RUN 11/30 arm=spec rate=522770020
HFT_BENCH_RUN 12/30 arm=spec rate=522872689
HFT_BENCH_RUN 13/30 arm=spec rate=523713387
HFT_BENCH_RUN 14/30 arm=spec rate=522467111
HFT_BENCH_RUN 15/30 arm=spec rate=522062162
HFT_BENCH_RUN 16/30 arm=spec rate=523408843
HFT_BENCH_RUN 17/30 arm=spec rate=520765279
HFT_BENCH_RUN 18/30 arm=spec rate=524970526
HFT_BENCH_RUN 19/30 arm=spec rate=524338214
HFT_BENCH_RUN 20/30 arm=spec rate=522423404
HFT_BENCH_RUN 21/30 arm=spec rate=522872689
HFT_BENCH_RUN 22/30 arm=spec rate=522531875
HFT_BENCH_RUN 23/30 arm=spec rate=524512192
HFT_BENCH_RUN 24/30 arm=spec rate=521959811
HFT_BENCH_RUN 25/30 arm=spec rate=523398553
HFT_BENCH_RUN 26/30 arm=spec rate=522851071
HFT_BENCH_RUN 27/30 arm=spec rate=524370826
HFT_BENCH_RUN 28/30 arm=spec rate=521954425
HFT_BENCH_RUN 29/30 arm=spec rate=522591256
HFT_BENCH_RUN 30/30 arm=spec rate=522067550
PR1_R23_PURE_INGEST_VERDICT rate=522872689 target=15000000000 -> FAIL (R23: 15B msg/s pure ingest with the speculative 512-bit slicer — the 20B mode's pricing row; the R8/R16 span-arm gates above stay the asserting floor)
DIAG rx spec: publications=416 polls=2784 prod_ms=1.4 bufwait_laps=47 resets=32 eos_parks=32 nbuf=16 rx_actual_cpu=2
ADVANCE_DIAGNOSTIC spec: advances=0 advance_ms=0.0 us_per_advance=0.0 (F-5 reset/auto-advance hygiene — the synchronous bake tail the per-publication prepatch budget drains; HFT_PREPATCH_BUDGET prices it)
RXWARM_DIAGNOSTIC spec: enabled=false fixes=0 uncovered=0 last_pass_fixes=0 (F-1 frame-entry warm start; the steady-state law is fixes==0 on pass>=2 — the kill rule reads persistent fixes)
RXBUILD_DIAGNOSTIC spec: enabled=true patches=351936 last_pass_patches=10998 frames=10998 (F-2 publish-by-reference master; the steady-state law is every patchable entry patched exactly once per pass boundary)
DIAG cons spec: parks=0 park_ms=0.0 slow_waits=0 slow_ms=0.0
PR1_R8_PURE_INGEST_VERDICT rate=10496534694 target=2000000000 -> PASS (R8: 2B msg/s pure ingest — full pipeline live, span emission, zero verification skipped)
PR1_R16_PURE_INGEST_VERDICT rate=10496534694 target=5000000000 -> PASS (R16: 5B msg/s pure ingest — the Double Helix program, docs/29)
{
  "median_cycles": 1.9688,
  "p95_cycles": 2.1107,
  "p99_cycles": 2.1113,
  "stddev": 0.0452,
  "cv_percent": 2.2983,
  "runs": 30,
  "warmup": 5,
  "cpu_model": "AMD EPYC 9V45 96-Core Processor",
  "freq_mhz": 2596.12,
  "target": "x86_64-unknown-linux-musl",
  "sink": "count+span",
  "sample": "data/tests/sample-mini.itch",
  "span_median_cycles": 0.2473,
  "span_p95_cycles": 0.2727,
  "span_p99_cycles": 0.2915,
  "span_stddev": 0.0195,
  "span_cv_percent": 7.8910,
  "span_rate_msg_per_sec": 10496534694,
  "r8_pure_ingest_target": 2000000000,
  "r8_pure_ingest_verdict": "PASS",
  "r16_pure_ingest_target": 5000000000,
  "r16_pure_ingest_verdict": "PASS",
  "spec_rate_msg_per_sec": 522872689,
  "r23_pure_ingest_target": 15000000000,
  "r23_pure_ingest_verdict": "FAIL"
}
R23_SPEC_INGEST_ROW spec_rate=522872689 verdict=FAIL (REPORTED)
ALL CONSTRAINTS PASSED
=== ALL CHECKS PASSED SUCCESSFULLY ===
