RUSTFLAGS (env): -C target-cpu=x86-64-v3
rustc: rustc 1.99.0 (b940084d7 2026-09-28)
target_arch="x86_64"
target_feature="fxsr"
target_feature="sse"
target_feature="sse2"
CPUS: 4
model name	: AMD EPYC 9V45 96-Core Processor
cpu0 siblings: 0-1 L3: 0-3
cpu1 siblings: 0-1 L3: 0-3
cpu2 siblings: 2-3 L3: 0-3
cpu3 siblings: 2-3 L3: 0-3
taskset: pid 2172's current affinity list: 0-3
=== 1. Mini Sample SHA256 Check ===
data/tests/sample-mini.itch: OK
=== 2. Build Workspace Release ===
[1m[92m    Updating[0m crates.io index
[1m[92m   Compiling[0m nf-protocol v0.1.0 (/home/runner/work/HFT-Proj/HFT-Proj/crates/nf-protocol)
[1m[92m   Compiling[0m nf-arbitrator v0.1.0 (/home/runner/work/HFT-Proj/HFT-Proj/crates/nf-arbitrator)
[1m[92m   Compiling[0m nf-transport v0.1.0 (/home/runner/work/HFT-Proj/HFT-Proj/crates/nf-transport)
[1m[92m   Compiling[0m nf-recovery v0.1.0 (/home/runner/work/HFT-Proj/HFT-Proj/crates/nf-recovery)
[1m[92m   Compiling[0m nf-testkit v0.1.0 (/home/runner/work/HFT-Proj/HFT-Proj/crates/nf-testkit)
[1m[92m   Compiling[0m nf-engine v0.1.0 (/home/runner/work/HFT-Proj/HFT-Proj/crates/nf-engine)
[1m[92m    Finished[0m `release` profile [optimized] target(s) in 18.59s
=== 3. Clippy Workspace ===
[1m[92m    Checking[0m nf-protocol v0.1.0 (/home/runner/work/HFT-Proj/HFT-Proj/crates/nf-protocol)
[1m[92m    Checking[0m nf-arbitrator v0.1.0 (/home/runner/work/HFT-Proj/HFT-Proj/crates/nf-arbitrator)
[1m[92m    Checking[0m nf-transport v0.1.0 (/home/runner/work/HFT-Proj/HFT-Proj/crates/nf-transport)
[1m[92m    Checking[0m nf-recovery v0.1.0 (/home/runner/work/HFT-Proj/HFT-Proj/crates/nf-recovery)
[1m[92m    Checking[0m nf-testkit v0.1.0 (/home/runner/work/HFT-Proj/HFT-Proj/crates/nf-testkit)
[1m[92m    Checking[0m nf-engine v0.1.0 (/home/runner/work/HFT-Proj/HFT-Proj/crates/nf-engine)
[1m[92m    Finished[0m `dev` profile [unoptimized + debuginfo] target(s) in 1.40s
=== 4. Negative Lint Tripwire Test ===
[1m[92m    Checking[0m lint-fixture v0.1.0 (/home/runner/work/HFT-Proj/HFT-Proj/tests/lint_fixture)
[1m[91merror[0m[1m: use of a disallowed type `alloc::vec::Vec`[0m
 [1m[94m--> [0msrc/lib.rs:7:23
  [1m[94m|[0m
[1m[94m7[0m [1m[94m|[0m     let _v: Vec<u8> = Vec::new();
  [1m[94m|[0m                       [1m[91m^^^[0m
  [1m[94m|[0m
  [1m[94m= [0m[1mnote[0m: Tier-F zero-allocation ban
  [1m[94m= [0m[1mhelp[0m: for further information visit https://rust-lang.github.io/rust-clippy/rust-1.99.0/index.html#disallowed_types
[1m[92mnote[0m: the lint level is defined here
 [1m[94m--> [0msrc/lib.rs:3:9
  [1m[94m|[0m
[1m[94m3[0m [1m[94m|[0m #![deny(clippy::disallowed_types)]
  [1m[94m|[0m         [1m[92m^^^^^^^^^^^^^^^^^^^^^^^^[0m

[1m[91merror[0m[1m: use of a disallowed type `alloc::vec::Vec`[0m
 [1m[94m--> [0msrc/lib.rs:7:13
  [1m[94m|[0m
[1m[94m7[0m [1m[94m|[0m     let _v: Vec<u8> = Vec::new();
  [1m[94m|[0m             [1m[91m^^^^^^^[0m
  [1m[94m|[0m
  [1m[94m= [0m[1mnote[0m: Tier-F zero-allocation ban
  [1m[94m= [0m[1mhelp[0m: for further information visit https://rust-lang.github.io/rust-clippy/rust-1.99.0/index.html#disallowed_types

[1m[91merror[0m[1m: use of a disallowed type `alloc::string::String`[0m
 [1m[94m--> [0msrc/lib.rs:8:22
  [1m[94m|[0m
[1m[94m8[0m [1m[94m|[0m     let _s: String = String::new();
  [1m[94m|[0m                      [1m[91m^^^^^^[0m
  [1m[94m|[0m
  [1m[94m= [0m[1mnote[0m: Tier-F zero-allocation ban
  [1m[94m= [0m[1mhelp[0m: for further information visit https://rust-lang.github.io/rust-clippy/rust-1.99.0/index.html#disallowed_types

[1m[91merror[0m[1m: use of a disallowed type `alloc::string::String`[0m
 [1m[94m--> [0msrc/lib.rs:8:13
  [1m[94m|[0m
[1m[94m8[0m [1m[94m|[0m     let _s: String = String::new();
  [1m[94m|[0m             [1m[91m^^^^^^[0m
  [1m[94m|[0m
  [1m[94m= [0m[1mnote[0m: Tier-F zero-allocation ban
  [1m[94m= [0m[1mhelp[0m: for further information visit https://rust-lang.github.io/rust-clippy/rust-1.99.0/index.html#disallowed_types

[1m[91merror[0m[1m: use of a disallowed type `std::collections::HashMap`[0m
 [1m[94m--> [0msrc/lib.rs:9:53
  [1m[94m|[0m
[1m[94m9[0m [1m[94m|[0m     let _map: std::collections::HashMap<u32, u32> = std::collections::HashMap::new();
  [1m[94m|[0m                                                     [1m[91m^^^^^^^^^^^^^^^^^^^^^^^^^[0m
  [1m[94m|[0m
  [1m[94m= [0m[1mnote[0m: Tier-F zero-allocation ban
  [1m[94m= [0m[1mhelp[0m: for further information visit https://rust-lang.github.io/rust-clippy/rust-1.99.0/index.html#disallowed_types

[1m[91merror[0m[1m: use of a disallowed type `std::collections::HashMap`[0m
 [1m[94m--> [0msrc/lib.rs:9:15
  [1m[94m|[0m
[1m[94m9[0m [1m[94m|[0m     let _map: std::collections::HashMap<u32, u32> = std::collections::HashMap::new();
  [1m[94m|[0m               [1m[91m^^^^^^^^^^^^^^^^^^^^^^^^^^^^^^^^^^^[0m
  [1m[94m|[0m
  [1m[94m= [0m[1mnote[0m: Tier-F zero-allocation ban
  [1m[94m= [0m[1mhelp[0m: for further information visit https://rust-lang.github.io/rust-clippy/rust-1.99.0/index.html#disallowed_types

[1m[91merror[0m[1m: use of a disallowed type `alloc::rc::Rc`[0m
  [1m[94m--> [0msrc/lib.rs:10:15
   [1m[94m|[0m
[1m[94m10[0m [1m[94m|[0m     let _rc = std::rc::Rc::new(42);
   [1m[94m|[0m               [1m[91m^^^^^^^^^^^[0m
   [1m[94m|[0m
   [1m[94m= [0m[1mnote[0m: Tier-F zero-allocation ban
   [1m[94m= [0m[1mhelp[0m: for further information visit https://rust-lang.github.io/rust-clippy/rust-1.99.0/index.html#disallowed_types

[1m[91merror[0m[1m: use of a disallowed type `alloc::sync::Arc`[0m
  [1m[94m--> [0msrc/lib.rs:11:16
   [1m[94m|[0m
[1m[94m11[0m [1m[94m|[0m     let _arc = std::sync::Arc::new(42);
   [1m[94m|[0m                [1m[91m^^^^^^^^^^^^^^[0m
   [1m[94m|[0m
   [1m[94m= [0m[1mnote[0m: Tier-F zero-allocation ban
   [1m[94m= [0m[1mhelp[0m: for further information visit https://rust-lang.github.io/rust-clippy/rust-1.99.0/index.html#disallowed_types

[1m[91merror[0m[1m: use of a disallowed method `alloc::string::ToString::to_string`[0m
  [1m[94m--> [0msrc/lib.rs:15:17
   [1m[94m|[0m
[1m[94m15[0m [1m[94m|[0m     let _s = 42.to_string();
   [1m[94m|[0m                 [1m[91m^^^^^^^^^[0m
   [1m[94m|[0m
   [1m[94m= [0m[1mnote[0m: Tier-M zero-allocation hot-loop ban
   [1m[94m= [0m[1mhelp[0m: for further information visit https://rust-lang.github.io/rust-clippy/rust-1.99.0/index.html#disallowed_methods
[1m[92mnote[0m: the lint level is defined here
  [1m[94m--> [0msrc/lib.rs:4:9
   [1m[94m|[0m
[1m[94m 4[0m [1m[94m|[0m #![deny(clippy::disallowed_methods)]
   [1m[94m|[0m         [1m[92m^^^^^^^^^^^^^^^^^^^^^^^^^^[0m

[1m[91merror[0m[1m: use of a disallowed method `alloc::borrow::ToOwned::to_owned`[0m
  [1m[94m--> [0msrc/lib.rs:17:24
   [1m[94m|[0m
[1m[94m17[0m [1m[94m|[0m     let _owned = slice.to_owned();
   [1m[94m|[0m                        [1m[91m^^^^^^^^[0m
   [1m[94m|[0m
   [1m[94m= [0m[1mnote[0m: Tier-M zero-allocation hot-loop ban
   [1m[94m= [0m[1mhelp[0m: for further information visit https://rust-lang.github.io/rust-clippy/rust-1.99.0/index.html#disallowed_methods

[1m[91merror[0m: could not compile `lint-fixture` (lib) due to 10 previous errors
=== 5. Unit & Conformance Tests ===
[1m[92m   Compiling[0m nf-protocol v0.1.0 (/home/runner/work/HFT-Proj/HFT-Proj/crates/nf-protocol)
[1m[92m   Compiling[0m nf-transport v0.1.0 (/home/runner/work/HFT-Proj/HFT-Proj/crates/nf-transport)
[1m[92m   Compiling[0m nf-arbitrator v0.1.0 (/home/runner/work/HFT-Proj/HFT-Proj/crates/nf-arbitrator)
[1m[92m   Compiling[0m nf-recovery v0.1.0 (/home/runner/work/HFT-Proj/HFT-Proj/crates/nf-recovery)
[1m[92m   Compiling[0m nf-testkit v0.1.0 (/home/runner/work/HFT-Proj/HFT-Proj/crates/nf-testkit)
[1m[92m   Compiling[0m nf-engine v0.1.0 (/home/runner/work/HFT-Proj/HFT-Proj/crates/nf-engine)
[1m[92m    Finished[0m `test` profile [optimized + debuginfo] target(s) in 13.97s
[1m[92m     Running[0m unittests src/lib.rs (target/debug/deps/nf_arbitrator-6363e96099bf9242)

running 0 tests

test result: ok. 0 passed; 0 failed; 0 ignored; 0 measured; 0 filtered out; finished in 0.00s

[1m[92m     Running[0m tests/compilefail.rs (target/debug/deps/compilefail-478af2cb6c91a996)

running 1 test
[1m[92m    Checking[0m nf-protocol v0.1.0 (/home/runner/work/HFT-Proj/HFT-Proj/crates/nf-protocol)
[1m[92m    Checking[0m nf-arbitrator v0.1.0 (/home/runner/work/HFT-Proj/HFT-Proj/crates/nf-arbitrator)
[1m[92m    Checking[0m nf-transport v0.1.0 (/home/runner/work/HFT-Proj/HFT-Proj/crates/nf-transport)
[1m[92m    Checking[0m nf-recovery v0.1.0 (/home/runner/work/HFT-Proj/HFT-Proj/crates/nf-recovery)
[1m[92m    Checking[0m nf-testkit v0.1.0 (/home/runner/work/HFT-Proj/HFT-Proj/crates/nf-testkit)
[1m[92m    Checking[0m nf-arbitrator-tests v0.0.0 (/home/runner/work/HFT-Proj/HFT-Proj/target/tests/trybuild/nf-arbitrator)
[1m[92m    Finished[0m `dev` profile [unoptimized + debuginfo] target(s) in 0.45s


test tests/ui/cf1_private_field_construction.rs ... ok
test tests/ui/cf2_private_field_read.rs ... ok
test tests/ui/cf3_destructure.rs ... ok
test tests/ui/cf4_lookalike_type.rs ... ok
test tests/ui/cf5_hold_across_calls.rs ... ok
test tests/ui/cf6_orphan_clone.rs ... ok


test test_compile_fail_suite ... ok

test result: ok. 1 passed; 0 failed; 0 ignored; 0 measured; 0 filtered out; finished in 2.79s

[1m[92m     Running[0m tests/sequencer_tests.rs (target/debug/deps/sequencer_tests-c037a0fdfcc57b5c)

running 19 tests
test test_r3_no_optin_unchanged ... ok
test test_r3_span_fallback_on_invalid ... ok
test test_r3_span_gap_staging_drain ... ok
test test_r3_span_hb_eos ... ok
test test_r3_span_equivalence_contiguous_flow ... ok
test test_u10_gen_law ... ok
test test_u11_seal ... ok
test test_u13_totality ... ok
test test_u1_dup_fast_path ... ok
test test_u2_partial_overlap ... ok
test test_u12_recovery_intent ... ok
test test_u14_byte_identity ... ok
test test_u3_reorder_disorder ... ok
test test_u6_session_change ... ok
test test_u4_window_clamp ... ok
test test_u8_eos_handling ... ok
test test_u9_eos_then_data ... ok
test test_u7_heartbeat_gap ... ok
test test_u_zombie_hazard ... ok

test result: ok. 19 passed; 0 failed; 0 ignored; 0 measured; 0 filtered out; finished in 0.00s

[1m[92m     Running[0m tests/split_watermark.rs (target/debug/deps/split_watermark-6b556bc238fd948b)

running 1 test
test test_a1_split_watermark_discriminator ... ok

test result: ok. 1 passed; 0 failed; 0 ignored; 0 measured; 0 filtered out; finished in 0.05s

[1m[92m     Running[0m unittests src/lib.rs (target/debug/deps/nf_engine-2835e0eb584a1f80)

running 4 tests
test histogram::tests::test_static_histogram_percentiles ... ok
test tests::test_audit_in_memory_stream ... ok
test tests::test_audit_truncated_tail ... ok
test tail_study::tests::test_p2_l1_unit_law_per_message_stamps ... ok

test result: ok. 4 passed; 0 failed; 0 ignored; 0 measured; 0 filtered out; finished in 0.00s

[1m[92m     Running[0m unittests src/bin/audit.rs (target/debug/deps/audit-0ffa5e810830aa34)

running 0 tests

test result: ok. 0 passed; 0 failed; 0 ignored; 0 measured; 0 filtered out; finished in 0.00s

[1m[92m     Running[0m unittests src/bin/bench.rs (target/debug/deps/bench-8d7d78bca1894c8b)

running 0 tests

test result: ok. 0 passed; 0 failed; 0 ignored; 0 measured; 0 filtered out; finished in 0.00s

[1m[92m     Running[0m unittests src/bin/hft_bench.rs (target/debug/deps/hft_bench-77e0d5531fa87c9d)

running 0 tests

test result: ok. 0 passed; 0 failed; 0 ignored; 0 measured; 0 filtered out; finished in 0.00s

[1m[92m     Running[0m unittests src/bin/kbench.rs (target/debug/deps/kbench-4bb94fa949f08972)

running 0 tests

test result: ok. 0 passed; 0 failed; 0 ignored; 0 measured; 0 filtered out; finished in 0.00s

[1m[92m     Running[0m unittests src/bin/replay.rs (target/debug/deps/replay-0ff2083d86b40b63)

running 0 tests

test result: ok. 0 passed; 0 failed; 0 ignored; 0 measured; 0 filtered out; finished in 0.00s

[1m[92m     Running[0m tests/xdp_tests.rs (target/debug/deps/xdp_tests-51cc3573b9588ba6)

running 6 tests
test test_x1_xdp_smoke ... ok
test test_x4_fill_ring_discipline ... ok
test test_x5_alloc_window_xdp ... ok
test test_x6_malicious_frames ... ok
test test_x3_scripted_dual_drop ... ok
test test_x2_conformance_mini ... ok

test result: ok. 6 passed; 0 failed; 0 ignored; 0 measured; 0 filtered out; finished in 0.03s

[1m[92m     Running[0m unittests src/lib.rs (target/debug/deps/nf_protocol-885ff5d190450fa5)

running 21 tests
test itch5::tests::t2_tv_it2_stock_directory ... ok
test itch5::tests::t1_tv_it1_system_event ... ok
test itch5::tests::t3_case_trap ... ok
test gates::tests::test_gates_tripwires_fail_on_bad_inputs ... ok
test itch5::tests::t5_table_totality ... ok
test itch5::tests::t7_extended_overlays ... ok
test itch5::tests::t4_synthetic_add_order ... ok
test itch5::tests::t6_error_paths ... ok
test moldudp64::tests::t11_span_calculation ... ok
test moldudp64::tests::t1_tv1_golden ... ok
test moldudp64::tests::t13_spec_slice_edges ... ok
test moldudp64::tests::t2_t3_heartbeat_and_eos ... ok
test moldudp64::tests::t4_encode_request ... ok
test moldudp64::tests::t5_truncated_frame ... ok
test moldudp64::tests::t6_block_overrun ... ok
test moldudp64::tests::t7_trailing_bytes ... ok
test moldudp64::tests::t8_zero_length_message ... ok
test moldudp64::tests::t9_seq_overflow ... ok
test packet::tests::test_validate_frame_synthetic ... ok
test moldudp64::tests::t10_round_trip_property ... ok
test moldudp64::tests::t12_spec_slice_matches_blocks ... ok

test result: ok. 21 passed; 0 failed; 0 ignored; 0 measured; 0 filtered out; finished in 0.04s

[1m[92m     Running[0m unittests src/lib.rs (target/debug/deps/nf_recovery-a4273f375a48027e)

running 0 tests

test result: ok. 0 passed; 0 failed; 0 ignored; 0 measured; 0 filtered out; finished in 0.00s

[1m[92m     Running[0m tests/recovery_tests.rs (target/debug/deps/recovery_tests-6c123f8406540150)

running 17 tests
test test_r10_session_boundary_during_recovery ... ok
test test_r11_socket_disconnect ... ok
test test_r12_vt_grace_stepping ... ok
test test_r13_retry_counting_determinism ... ok
test test_r14_state_transition_matrix ... ok
test test_e2e_2b_split_dual_drop ... ok
test test_e2e_2a_canonical_dual_drop ... ok
test test_e2e_2c_double_run_confluence ... ok
test test_r4_request_encode_from_intent ... ok
test test_r1_fakeserver_drop_request_fault ... ok
test test_r5_partial_fill_truncate_after ... ok
test test_r7_silence_dead ... ok
test test_r2_fakeserver_drop_response_fault ... ok
test test_r3_inv_r5_wrong_session ... ok
test test_r9_dual_drop_repair ... ok
test test_r6_drop_request_dead ... ok
test test_r8_duplicate_first ... ok

test result: ok. 17 passed; 0 failed; 0 ignored; 0 measured; 0 filtered out; finished in 0.16s

[1m[92m     Running[0m unittests src/lib.rs (target/debug/deps/nf_testkit-c60ad869f026b239)

running 76 tests
test affinity::fabric_placement_tests::t_fabric_placement_distinct_workers_on_distinct_cores ... ok
test affinity::l3_tests::t_l3_groups_partition ... ok
test affinity::fabric_placement_tests::t_fabric_placement_no_worker_on_main_sibling_when_possible ... ok
test affinity::l3_tests::t_pipeline_placement_distinct ... ok
test affinity::l3_tests::t_topology_verification_same_cpu_violates ... ok
test affinity::tests::t_affinity_order_nonempty_and_bounded ... ok
test affinity::l3_tests::t_topology_verification_placement_consistent ... ok
test affinity::tests::t_affinity_pin_roundtrip ... ok
test batch_parity::t_r12_soa_parity_default_schedule ... ok
test batch_parity::t_r12_soa_parity_lossy_schedule ... ok
test batch_parity::t_r12_soa_parity_multi_pass_resets ... ok
test batch_parity::t_r12_soa_parity_reorder_schedule ... ok
test batch_parity::t_r12_soa_parity_session_split ... ok
test batch_parity::t_r12_soa_parity_single_feed_seeded ... ok
test batch_parity::t_r8_batch_parity_default_schedule ... ok
test batch_parity::t_r8_batch_parity_fast_sink ... ok
test batch_parity::t_r8_batch_parity_lossy_schedule ... ok
test batch_parity::t_r8_batch_parity_multi_pass_reset ... ok
test batch_parity::t_r8_batch_parity_per_message_sink ... ok
test batch_parity::t_r8_batch_parity_reorder_schedule ... ok
test batch_parity::t_r8_batch_parity_session_split ... ok
test batch_parity::t_r8_batch_parity_single_feed_seeded ... ok
test batch_parity::t_r8_coalesced_pacing_parity ... ok
test batch_parity::t_r8_pipeline_parity_canonical ... ok
test crcfold::tests::t_affine_kernel_8lane_differential ... ok
test crcfold::tests::t_affine_kernel_models ... ok
test crcfold::tests::t_affine_kernel_scalar_differential ... ok
test crcfold::tests::t_affine_span_derivation_oracle ... ok
test crcfold::tests::t_dfold_constants_derivation ... ok
test crcfold::tests::t_fold_differential_exhaustive ... ok
test crcfold::tests::t_gfni_bitrev_matrix ... ok
test crcfold::tests::t_golden_vectors ... ok
test crcfold::tests::t_ofold_constants_derivation ... ok
test crcfold::tests::t_r23c_tag_core ... ok
test crcfold::tests::t_reference_matches_standard_vector ... ok
test crcfold::tests::t_reflect_constants_derivation ... ok
test crcfold::tests::t_spec_slice_vec_differential ... ok
test crcfold::tests::t_transpose_arena_public_api ... ok
test crcfold::tests::t_tri_constants_derivation ... ok
test crcfold::tests::t_vend_constants_derivation ... ok
test crcfold::tests::t_vtail_constants_derivation ... ok
test hydra::tests::t_hydra_bitparity_chaos_schedule ... ok
test hydra::tests::t_hydra_bitparity_default_schedule ... ok
test batch_parity::t_f2_rxbuild_chaos_sustained_soak ... ok
test batch_parity::t_f1_rxwarm_chaos_sustained_soak ... ok
test hydra::tests::t_hydra_bitparity_ring_wraparound ... ok
test hydra::tests::t_hydra_bitparity_seeded_range ... ok
test hydra::tests::t_hydra_bitparity_worker_counts ... ok
test hydra::tests::t_hydra_crosspass_overlap_bitparity ... ok
test hydra::tests::t_r23c_affine_ledger_pipeline_parity ... ok
test hydra::tests::t_r23c_affine_tag_parity ... ok
test batch_parity::t_i7_prepatch_chaos_sustained_soak ... ok
test hydra::tests::t_hydra_bitparity_fixed1 ... ok
test soa::tests::t_ladder_alternating_group_passes ... ok
test soa::tests::t_ladder_avx512_matches_scalar_when_present ... ok
test soa::tests::t_ladder_gap_fails ... ok
test soa::tests::t_ladder_pair_mismatch_fails ... ok
test soa::tests::t_ladder_partial_dup_fails_or_passes_correctly ... ok
test soa::tests::t_ladder_two_emits_fails ... ok
test soa::tests::t_ladder_wrapping_group_rejected ... ok
test tests::t10_max_rate_mode ... ok
test tests::t1_golden_walker_mini ... ok
test tests::t2_schedule_determinism ... ok
test tests::t3_packetization_modes ... ok
test tests::t4_render_round_trip ... ok
test tests::t5_accounting_identity_guarantee_coverage ... ok
test tests::t6_th1_structure ... ok
test tests::t7_session_split_invariance ... ok
test tests::t8_delay_distribution_sanity ... ok
test tests::t9_full_mini_chaos_run ... ok
test tests::test_e2e_1_mini_chaos_conformance ... ok
test tests::test_e2e_1b_mini_chaos_determinism_double_run ... ok
test tests::test_u5_w1_property_1m_ops ... ok
test hydra::tests::t_hydra_pipeline_soa_chaos_bitparity ... ok
test hydra::tests::t_rxdesc_sustained_multipass_parity ... ok
test hydra::tests::t_rxdesc_parity_matrix ... ok

test result: ok. 76 passed; 0 failed; 0 ignored; 0 measured; 0 filtered out; finished in 5.16s

[1m[92m     Running[0m unittests src/bin/diff_oracle.rs (target/debug/deps/diff_oracle-fa81e8970129c313)

running 0 tests

test result: ok. 0 passed; 0 failed; 0 ignored; 0 measured; 0 filtered out; finished in 0.00s

[1m[92m     Running[0m unittests src/bin/fakeserver.rs (target/debug/deps/fakeserver-cafe9c737f62a6cf)

running 0 tests

test result: ok. 0 passed; 0 failed; 0 ignored; 0 measured; 0 filtered out; finished in 0.00s

[1m[92m     Running[0m unittests src/bin/fbench.rs (target/debug/deps/fbench-125af8e1b5e4ff98)

running 0 tests

test result: ok. 0 passed; 0 failed; 0 ignored; 0 measured; 0 filtered out; finished in 0.00s

[1m[92m     Running[0m unittests src/bin/fuzz_campaign.rs (target/debug/deps/fuzz_campaign-5df8befc36b68eb5)

running 0 tests

test result: ok. 0 passed; 0 failed; 0 ignored; 0 measured; 0 filtered out; finished in 0.00s

[1m[92m     Running[0m unittests src/bin/matrix_sweep.rs (target/debug/deps/matrix_sweep-7c6987c33b3656ab)

running 0 tests

test result: ok. 0 passed; 0 failed; 0 ignored; 0 measured; 0 filtered out; finished in 0.00s

[1m[92m     Running[0m unittests src/bin/spec_server.rs (target/debug/deps/spec_server-cb8f9ed5a20ba269)

running 0 tests

test result: ok. 0 passed; 0 failed; 0 ignored; 0 measured; 0 filtered out; finished in 0.00s

[1m[92m     Running[0m unittests src/bin/venue.rs (target/debug/deps/venue-785153f8a034a3bf)

running 0 tests

test result: ok. 0 passed; 0 failed; 0 ignored; 0 measured; 0 filtered out; finished in 0.00s

[1m[92m     Running[0m unittests src/bin/window_sweep.rs (target/debug/deps/window_sweep-6d125350cd8689be)

running 0 tests

test result: ok. 0 passed; 0 failed; 0 ignored; 0 measured; 0 filtered out; finished in 0.00s

[1m[92m     Running[0m unittests src/lib.rs (target/debug/deps/nf_transport-1bacef6ed3ea05d1)

running 24 tests
test pipeline::tests::t_pipeline_armed_rejects_plain_reset ... ok
test pipeline::tests::t_pipeline_auto_advance_multi_pass ... ok
test pipeline::tests::t_pipeline_auto_advance_session_divergence_failstops ... ok
test pipeline::tests::t_pipeline_coalesce128 ... ok
test pipeline::tests::t_pipeline_multi_reset ... ok
test pipeline::tests::t_pipeline_single_pass_coalesce1 ... ok
test pipeline::tests::t_pipeline_single_pass_coalesce8 ... ok
test pipeline::tests::t_rxbuild_constant_session ... ok
test pipeline::tests::t_rxbuild_mid_pass_abandon ... ok
test pipeline::tests::t_nbuf32_parity_vs_depth16 ... ok
test pipeline::tests::t_rxwarm_mid_pass_abandon ... ok
test pipeline::tests::t_rxbuild_parity_vs_classic ... ok
test render::tests::t_r2_memo_all_valid ... ok
test render::tests::t_r2_memo_default_trait_none ... ok
test render::tests::t_r2_memo_exact_prefix ... ok
test render::tests::t_r2_memo_none_for_hb ... ok
test render::tests::t_r2_memo_none_oob ... ok
test render::tests::t_r2_memo_stable_across_reset ... ok
test render::tests::t_r8_batch_entries_match_side_tables ... ok
test pipeline::tests::t_rxwarm_unarmed_constant_session ... ok
test render::tests::t_r9_aliasing_dual_feed_identical_bytes_and_smaller_blob ... ok
test render::tests::t_r9_aliasing_not_for_distinct_ranges ... ok
test pipeline::tests::t_rxwarm_parity_vs_classic ... ok
test pipeline::tests::t_prepatch_marker_sentinel_head_invariant ... ok

test result: ok. 24 passed; 0 failed; 0 ignored; 0 measured; 0 filtered out; finished in 0.11s

[1m[92m   Doc-tests[0m nf_arbitrator

running 0 tests

test result: ok. 0 passed; 0 failed; 0 ignored; 0 measured; 0 filtered out; finished in 0.00s

[1m[92m   Doc-tests[0m nf_engine

running 0 tests

test result: ok. 0 passed; 0 failed; 0 ignored; 0 measured; 0 filtered out; finished in 0.00s

[1m[92m   Doc-tests[0m nf_protocol

running 0 tests

test result: ok. 0 passed; 0 failed; 0 ignored; 0 measured; 0 filtered out; finished in 0.00s

[1m[92m   Doc-tests[0m nf_recovery

running 0 tests

test result: ok. 0 passed; 0 failed; 0 ignored; 0 measured; 0 filtered out; finished in 0.00s

[1m[92m   Doc-tests[0m nf_testkit

running 0 tests

test result: ok. 0 passed; 0 failed; 0 ignored; 0 measured; 0 filtered out; finished in 0.00s

[1m[92m   Doc-tests[0m nf_transport

running 0 tests

test result: ok. 0 passed; 0 failed; 0 ignored; 0 measured; 0 filtered out; finished in 0.00s

=== 6. Full Day Audit & Histogram Diff ===
[1m[92m    Finished[0m `release` profile [optimized] target(s) in 0.01s
[1m[92m     Running[0m `target/release/audit data/tests/sample-mini.itch`
AUDIT file=data/tests/sample-mini.itch bytes=14999991 blocks=505849 violations=0 truncated_tail=true
HIST 0x41 A len=36 count=180684 pct=35.72
HIST 0x43 C len=36 count=20 pct=0.00
HIST 0x44 D len=19 count=164385 pct=32.50
HIST 0x45 E len=31 count=1507 pct=0.30
HIST 0x46 F len=40 count=27934 pct=5.52
HIST 0x48 H len=25 count=8900 pct=1.76
HIST 0x4C L len=26 count=6171 pct=1.22
HIST 0x4E N len=20 count=76670 pct=15.16
HIST 0x50 P len=44 count=1544 pct=0.31
HIST 0x52 R len=39 count=8906 pct=1.76
HIST 0x53 S len=12 count=3 pct=0.00
HIST 0x55 U len=35 count=18395 pct=3.64
HIST 0x56 V len=35 count=1 pct=0.00
HIST 0x58 X len=23 count=1821 pct=0.36
HIST 0x59 Y len=20 count=8908 pct=1.76
=== 7. Replay Conformance & Golden Hash Check ===
[1m[92m    Finished[0m `release` profile [optimized] target(s) in 0.01s
[1m[92m     Running[0m `target/release/replay --config ci-mode1.toml`
BLOB_BACKING mode=mmap anon_huge_kb=16384 map_mb=16.5 verdict=thp-granted
VERDICT hash=0xF6EF154EFDE905D8 count=505849 watermark=255850 violations=0
=== 8. Zero-Allocation Window (ALLOC_DELTA=0) ===
BLOB_BACKING mode=mmap anon_huge_kb=16384 map_mb=16.5 verdict=thp-granted
WINDOW_BEGIN
WINDOW_END
ALLOC_DELTA=0
VERDICT hash=0xF6EF154EFDE905D8 count=505849 watermark=255850 violations=0
=== 9. Kernel Syscall Strace Diff Probe ===
BLOB_BACKING mode=mmap anon_huge_kb=16384 map_mb=16.5 verdict=thp-granted
BLOB_BACKING mode=mmap anon_huge_kb=16384 map_mb=16.5 verdict=thp-granted
VERDICT hash=0xF6EF154EFDE905D8 count=505849 watermark=255850 violations=0
=== 10. Venue Sender & XDP Transport Smoke Check ===
[1m[92m    Finished[0m `release` profile [optimized] target(s) in 0.01s
[1m[92m     Running[0m `target/release/venue --sample data/tests/sample-mini.itch`
VENUE_SENDER starting: sending 101202 events
VENUE_SENDER finished: 101202 packets transmitted
=== 11. Benchmark & G12-T1 Tail Attribution Study ===
[1m[92m    Finished[0m `release` profile [optimized] target(s) in 0.01s
[1m[92m     Running[0m `target/release/bench --sample data/tests/sample-mini.itch --runs 5 --study`
BENCH_CALIBRATION invariant_tsc=true freq_mhz=2596.12 mark_overhead_cycles=52
=== 1. PR-1 UN-INSTRUMENTED BURST THROUGHPUT EVALUATION ===
BLOB_BACKING mode=mmap anon_huge_kb=16384 map_mb=16.5 verdict=thp-granted
BENCH mode=replay-burst-uninstrumented msgs=505849 rate=677142302 allocs=0 freq=2596.12MHz run=1
BENCH mode=replay-burst-uninstrumented msgs=505849 rate=704700754 allocs=0 freq=2596.12MHz run=2
BENCH mode=replay-burst-uninstrumented msgs=505849 rate=841852561 allocs=0 freq=2596.12MHz run=3
BENCH mode=replay-burst-uninstrumented msgs=505849 rate=879663958 allocs=0 freq=2596.12MHz run=4
BENCH mode=replay-burst-uninstrumented msgs=505849 rate=903858627 allocs=0 freq=2596.12MHz run=5
BENCH_MEDIAN mode=replay-burst-uninstrumented rate=841852561
PR1_TITAN_VERDICT rate=841852561 target=100000000 -> PASS (span conformance: every emitted byte CRC32C-checked in-window, 8 lanes)
=== 2. PR-1 SUSTAINED LOOP MODE (>= 5 SECONDS) ===
BENCH mode=replay-sustained-5s total_msgs=4674044760 duration=5.00s sustained_rate=934755999 msg/s allocs=0
PR1_TITAN_SUSTAINED_VERDICT rate=934755999 target=100000000 -> PASS
=== 3. SAMPLED MARKS EVALUATION (1-in-256) & PR-2 VERDICT ===
BENCH mode=replay-core-sampled-256-fast msgs=505849 rate=66384836 p50=52 p99=78 mean=60.78 allocs=0 freq=2596.12MHz run=1
BENCH mode=replay-core-sampled-256-fast msgs=505849 rate=65915457 p50=52 p99=78 mean=60.91 allocs=0 freq=2596.12MHz run=2
BENCH mode=replay-core-sampled-256-fast msgs=505849 rate=65650033 p50=52 p99=78 mean=61.11 allocs=0 freq=2596.12MHz run=3
BENCH mode=replay-core-sampled-256-fast msgs=505849 rate=66200723 p50=52 p99=78 mean=61.07 allocs=0 freq=2596.12MHz run=4
BENCH mode=replay-core-sampled-256-fast msgs=505849 rate=64405576 p50=52 p99=104 mean=61.87 allocs=0 freq=2596.12MHz run=5
PR2_SAMPLED_VERDICT rate=65915457 p50=52 p99=78 (tax=92.17%) -> p50 < 60: PASS, p99 < 150: PASS
=== 4. H5 PACKET-SIZE SWEEP ===
H5_SWEEP packetize=Fixed(1) packets=1011710 rep=1 p50=104 p99=156 p99.9=156
H5_SWEEP packetize=Fixed(1) packets=1011710 rep=2 p50=104 p99=130 p99.9=156
H5_SWEEP packetize=Fixed(16) packets=63258 rep=1 p50=104 p99=130 p99.9=156
H5_SWEEP packetize=Fixed(16) packets=63258 rep=2 p50=104 p99=130 p99.9=156
H5_SWEEP packetize=MtuBound(1400) packets=21996 rep=1 p50=104 p99=156 p99.9=364
H5_SWEEP packetize=MtuBound(1400) packets=21996 rep=2 p50=104 p99=130 p99.9=364
=== 5. G12-T1 TAIL ATTRIBUTION STUDY PHASE 2 (PER-MESSAGE MEASUREMENT) ===
BENCH mode=replay-core-msg arm=cold msgs=505849 rate=14402234 raw[p50=78 p90=130 p99=130 p99.99=494 max=62764] adj[p50=26 p90=78 p99=78 p99.99=442 max=62712] allocs=0 freq=2596.12MHz run=1
BENCH mode=replay-core-msg arm=cold msgs=505849 rate=14341467 raw[p50=78 p90=130 p99=130 p99.99=416 max=59150] adj[p50=26 p90=78 p99=78 p99.99=364 max=59098] allocs=0 freq=2596.12MHz run=2
BENCH mode=replay-core-msg arm=cold msgs=505849 rate=14352498 raw[p50=78 p90=130 p99=130 p99.99=546 max=58084] adj[p50=26 p90=78 p99=78 p99.99=494 max=58032] allocs=0 freq=2596.12MHz run=3
BENCH mode=replay-core-msg arm=cold msgs=505849 rate=14427720 raw[p50=78 p90=130 p99=130 p99.99=416 max=93080] adj[p50=26 p90=78 p99=78 p99.99=364 max=93028] allocs=0 freq=2596.12MHz run=4
BENCH mode=replay-core-msg arm=cold msgs=505849 rate=14476469 raw[p50=78 p90=130 p99=130 p99.99=442 max=57070] adj[p50=26 p90=78 p99=78 p99.99=390 max=57018] allocs=0 freq=2596.12MHz run=5
T1_PHASE2 arm=cold rate=14402234 raw[p50=78 p90=130 p99=130 p99.9=156 p99.99=442 max=59150] adj[p50=26 p90=78 p99=78 p99.9=104 p99.99=390 max=59098] unknown_pct=0.00% (samples_above_p99=136514)
BENCH mode=replay-core-msg arm=prefault msgs=505849 rate=14742148 raw[p50=78 p90=130 p99=130 p99.99=416 max=32734] adj[p50=26 p90=78 p99=78 p99.99=364 max=32682] allocs=0 freq=2596.12MHz run=1
BENCH mode=replay-core-msg arm=prefault msgs=505849 rate=14554555 raw[p50=78 p90=130 p99=130 p99.99=416 max=53170] adj[p50=26 p90=78 p99=78 p99.99=364 max=53118] allocs=0 freq=2596.12MHz run=2
BENCH mode=replay-core-msg arm=prefault msgs=505849 rate=14479428 raw[p50=78 p90=130 p99=130 p99.99=416 max=154180] adj[p50=26 p90=78 p99=78 p99.99=364 max=154128] allocs=0 freq=2596.12MHz run=3
BENCH mode=replay-core-msg arm=prefault msgs=505849 rate=14540016 raw[p50=78 p90=130 p99=130 p99.99=442 max=36192] adj[p50=26 p90=78 p99=78 p99.99=390 max=36140] allocs=0 freq=2596.12MHz run=4
BENCH mode=replay-core-msg arm=prefault msgs=505849 rate=14567441 raw[p50=78 p90=130 p99=130 p99.99=468 max=59696] adj[p50=26 p90=78 p99=78 p99.99=416 max=59644] allocs=0 freq=2596.12MHz run=5
T1_PHASE2 arm=prefault rate=14554555 raw[p50=78 p90=130 p99=130 p99.9=156 p99.99=416 max=53170] adj[p50=26 p90=78 p99=78 p99.9=104 p99.99=364 max=53118] unknown_pct=0.00% (samples_above_p99=138411)
BENCH mode=replay-core-msg arm=empty msgs=1011698 rate=22596400 raw[p50=52 p90=52 p99=52 p99.99=78 max=43368] adj[p50=0 p90=0 p99=0 p99.99=26 max=43316] allocs=0 freq=2596.12MHz run=1
BENCH mode=replay-core-msg arm=empty msgs=1011698 rate=22628410 raw[p50=52 p90=52 p99=52 p99.99=78 max=52832] adj[p50=0 p90=0 p99=0 p99.99=26 max=52780] allocs=0 freq=2596.12MHz run=2
BENCH mode=replay-core-msg arm=empty msgs=1011698 rate=22459750 raw[p50=52 p90=52 p99=52 p99.99=78 max=27846] adj[p50=0 p90=0 p99=0 p99.99=26 max=27794] allocs=0 freq=2596.12MHz run=3
BENCH mode=replay-core-msg arm=empty msgs=1011698 rate=22677974 raw[p50=52 p90=52 p99=52 p99.99=78 max=140712] adj[p50=0 p90=0 p99=0 p99.99=26 max=140660] allocs=0 freq=2596.12MHz run=4
BENCH mode=replay-core-msg arm=empty msgs=1011698 rate=22598928 raw[p50=52 p90=52 p99=52 p99.99=78 max=55042] adj[p50=0 p90=0 p99=0 p99.99=26 max=54990] allocs=0 freq=2596.12MHz run=5
T1_PHASE2 arm=empty rate=22598928 raw[p50=52 p90=52 p99=52 p99.9=52 p99.99=78 max=52832] adj[p50=0 p90=0 p99=0 p99.9=0 p99.99=26 max=52780] unknown_pct=0.00% (samples_above_p99=388979)
STUDY_REPORT written to docs/artifacts/tail-study/study-report.md
=== 6. TARGET-1 PHASE A: 3-ARM SKELETON BASELINE SWEEP (20 RUNS) ===
BENCH mode=replay-core-msg arm=empty msgs=1011698 rate=22618860 raw[p50=52 p90=52 p99=52 p99.99=78 max=43602] adj[p50=0 p90=0 p99=0 p99.99=26 max=43550] allocs=0 freq=2596.12MHz run=1
T1_PHASE2 arm=empty rate=22618860 raw[p50=52 p90=52 p99=52 p99.9=52 p99.99=78 max=43602] adj[p50=0 p90=0 p99=0 p99.9=0 p99.99=26 max=43550] unknown_pct=0.00% (samples_above_p99=382453)
BENCH mode=replay-core-msg arm=loop msgs=1011698 rate=23014872 raw[p50=52 p90=52 p99=52 p99.99=78 max=44954] adj[p50=0 p90=0 p99=0 p99.99=26 max=44902] allocs=0 freq=2596.12MHz run=1
T1_PHASE2 arm=loop rate=23014872 raw[p50=52 p90=52 p99=52 p99.9=52 p99.99=78 max=44954] adj[p50=0 p90=0 p99=0 p99.9=0 p99.99=26 max=44902] unknown_pct=0.00% (samples_above_p99=372217)
BENCH mode=replay-core-msg arm=cold msgs=505849 rate=14940944 raw[p50=78 p90=130 p99=130 p99.99=390 max=48048] adj[p50=26 p90=78 p99=78 p99.99=338 max=47996] allocs=0 freq=2596.12MHz run=1
T1_PHASE2 arm=cold rate=14940944 raw[p50=78 p90=130 p99=130 p99.9=156 p99.99=390 max=48048] adj[p50=26 p90=78 p99=78 p99.9=104 p99.99=338 max=47996] unknown_pct=0.00% (samples_above_p99=109906)
BENCH mode=replay-core-msg arm=empty msgs=1011698 rate=22934464 raw[p50=52 p90=52 p99=52 p99.99=78 max=117026] adj[p50=0 p90=0 p99=0 p99.99=26 max=116974] allocs=0 freq=2596.12MHz run=1
T1_PHASE2 arm=empty rate=22934464 raw[p50=52 p90=52 p99=52 p99.9=52 p99.99=78 max=117026] adj[p50=0 p90=0 p99=0 p99.9=0 p99.99=26 max=116974] unknown_pct=0.00% (samples_above_p99=372101)
BENCH mode=replay-core-msg arm=loop msgs=1011698 rate=23254898 raw[p50=52 p90=52 p99=52 p99.99=78 max=33956] adj[p50=0 p90=0 p99=0 p99.99=26 max=33904] allocs=0 freq=2596.12MHz run=1
T1_PHASE2 arm=loop rate=23254898 raw[p50=52 p90=52 p99=52 p99.9=52 p99.99=78 max=33956] adj[p50=0 p90=0 p99=0 p99.9=0 p99.99=26 max=33904] unknown_pct=0.00% (samples_above_p99=363598)
BENCH mode=replay-core-msg arm=cold msgs=505849 rate=14917018 raw[p50=78 p90=130 p99=130 p99.99=390 max=61646] adj[p50=26 p90=78 p99=78 p99.99=338 max=61594] allocs=0 freq=2596.12MHz run=1
T1_PHASE2 arm=cold rate=14917018 raw[p50=78 p90=130 p99=130 p99.9=156 p99.99=390 max=61646] adj[p50=26 p90=78 p99=78 p99.9=104 p99.99=338 max=61594] unknown_pct=0.00% (samples_above_p99=110614)
BENCH mode=replay-core-msg arm=empty msgs=1011698 rate=22973158 raw[p50=52 p90=52 p99=52 p99.99=78 max=53118] adj[p50=0 p90=0 p99=0 p99.99=26 max=53066] allocs=0 freq=2596.12MHz run=1
T1_PHASE2 arm=empty rate=22973158 raw[p50=52 p90=52 p99=52 p99.9=52 p99.99=78 max=53118] adj[p50=0 p90=0 p99=0 p99.9=0 p99.99=26 max=53066] unknown_pct=0.00% (samples_above_p99=366439)
BENCH mode=replay-core-msg arm=loop msgs=1011698 rate=23231538 raw[p50=52 p90=52 p99=52 p99.99=78 max=18720] adj[p50=0 p90=0 p99=0 p99.99=26 max=18668] allocs=0 freq=2596.12MHz run=1
T1_PHASE2 arm=loop rate=23231538 raw[p50=52 p90=52 p99=52 p99.9=52 p99.99=78 max=18720] adj[p50=0 p90=0 p99=0 p99.9=0 p99.99=26 max=18668] unknown_pct=0.00% (samples_above_p99=368248)
BENCH mode=replay-core-msg arm=cold msgs=505849 rate=15105628 raw[p50=78 p90=130 p99=130 p99.99=416 max=71786] adj[p50=26 p90=78 p99=78 p99.99=364 max=71734] allocs=0 freq=2596.12MHz run=1
T1_PHASE2 arm=cold rate=15105628 raw[p50=78 p90=130 p99=130 p99.9=130 p99.99=416 max=71786] adj[p50=26 p90=78 p99=78 p99.9=78 p99.99=364 max=71734] unknown_pct=0.00% (samples_above_p99=93570)
BENCH mode=replay-core-msg arm=empty msgs=1011698 rate=20147909 raw[p50=52 p90=52 p99=52 p99.99=78 max=528320] adj[p50=0 p90=0 p99=0 p99.99=26 max=528268] allocs=0 freq=2596.12MHz run=1
T1_PHASE2 arm=empty rate=20147909 raw[p50=52 p90=52 p99=52 p99.9=52 p99.99=78 max=528320] adj[p50=0 p90=0 p99=0 p99.9=0 p99.99=26 max=528268] unknown_pct=0.00% (samples_above_p99=362090)
BENCH mode=replay-core-msg arm=loop msgs=1011698 rate=23566103 raw[p50=52 p90=52 p99=52 p99.99=78 max=26962] adj[p50=0 p90=0 p99=0 p99.99=26 max=26910] allocs=0 freq=2596.12MHz run=1
T1_PHASE2 arm=loop rate=23566103 raw[p50=52 p90=52 p99=52 p99.9=52 p99.99=78 max=26962] adj[p50=0 p90=0 p99=0 p99.9=0 p99.99=26 max=26910] unknown_pct=0.00% (samples_above_p99=349747)
BENCH mode=replay-core-msg arm=cold msgs=505849 rate=14883261 raw[p50=78 p90=130 p99=130 p99.99=4000 max=30914] adj[p50=26 p90=78 p99=78 p99.99=3936 max=30862] allocs=0 freq=2596.12MHz run=1
T1_PHASE2 arm=cold rate=14883261 raw[p50=78 p90=130 p99=130 p99.9=156 p99.99=4000 max=30914] adj[p50=26 p90=78 p99=78 p99.9=104 p99.99=3936 max=30862] unknown_pct=0.00% (samples_above_p99=104484)
BENCH mode=replay-core-msg arm=empty msgs=1011698 rate=22733706 raw[p50=52 p90=52 p99=52 p99.99=78 max=69290] adj[p50=0 p90=0 p99=0 p99.99=26 max=69238] allocs=0 freq=2596.12MHz run=1
T1_PHASE2 arm=empty rate=22733706 raw[p50=52 p90=52 p99=52 p99.9=52 p99.99=78 max=69290] adj[p50=0 p90=0 p99=0 p99.9=0 p99.99=26 max=69238] unknown_pct=0.00% (samples_above_p99=372093)
BENCH mode=replay-core-msg arm=loop msgs=1011698 rate=23190579 raw[p50=52 p90=52 p99=52 p99.99=78 max=130208] adj[p50=0 p90=0 p99=0 p99.99=26 max=130156] allocs=0 freq=2596.12MHz run=1
T1_PHASE2 arm=loop rate=23190579 raw[p50=52 p90=52 p99=52 p99.9=52 p99.99=78 max=130208] adj[p50=0 p90=0 p99=0 p99.9=0 p99.99=26 max=130156] unknown_pct=0.00% (samples_above_p99=351482)
BENCH mode=replay-core-msg arm=cold msgs=505849 rate=14732984 raw[p50=78 p90=130 p99=130 p99.99=416 max=47684] adj[p50=26 p90=78 p99=78 p99.99=364 max=47632] allocs=0 freq=2596.12MHz run=1
T1_PHASE2 arm=cold rate=14732984 raw[p50=78 p90=130 p99=130 p99.9=156 p99.99=416 max=47684] adj[p50=26 p90=78 p99=78 p99.9=104 p99.99=364 max=47632] unknown_pct=0.00% (samples_above_p99=122502)
BENCH mode=replay-core-msg arm=empty msgs=1011698 rate=22713331 raw[p50=52 p90=52 p99=52 p99.99=78 max=55146] adj[p50=0 p90=0 p99=0 p99.99=26 max=55094] allocs=0 freq=2596.12MHz run=1
T1_PHASE2 arm=empty rate=22713331 raw[p50=52 p90=52 p99=52 p99.9=52 p99.99=78 max=55146] adj[p50=0 p90=0 p99=0 p99.9=0 p99.99=26 max=55094] unknown_pct=0.00% (samples_above_p99=378003)
BENCH mode=replay-core-msg arm=loop msgs=1011698 rate=23002185 raw[p50=52 p90=52 p99=52 p99.99=78 max=35048] adj[p50=0 p90=0 p99=0 p99.99=26 max=34996] allocs=0 freq=2596.12MHz run=1
T1_PHASE2 arm=loop rate=23002185 raw[p50=52 p90=52 p99=52 p99.9=52 p99.99=78 max=35048] adj[p50=0 p90=0 p99=0 p99.9=0 p99.99=26 max=34996] unknown_pct=0.00% (samples_above_p99=375186)
BENCH mode=replay-core-msg arm=cold msgs=505849 rate=14815468 raw[p50=78 p90=130 p99=130 p99.99=2560 max=70434] adj[p50=26 p90=78 p99=78 p99.99=2496 max=70382] allocs=0 freq=2596.12MHz run=1
T1_PHASE2 arm=cold rate=14815468 raw[p50=78 p90=130 p99=130 p99.9=156 p99.99=2560 max=70434] adj[p50=26 p90=78 p99=78 p99.9=104 p99.99=2496 max=70382] unknown_pct=0.00% (samples_above_p99=111825)
BENCH mode=replay-core-msg arm=empty msgs=1011698 rate=22518166 raw[p50=52 p90=52 p99=52 p99.99=78 max=83226] adj[p50=0 p90=0 p99=0 p99.99=26 max=83174] allocs=0 freq=2596.12MHz run=1
T1_PHASE2 arm=empty rate=22518166 raw[p50=52 p90=52 p99=52 p99.9=52 p99.99=78 max=83226] adj[p50=0 p90=0 p99=0 p99.9=0 p99.99=26 max=83174] unknown_pct=0.00% (samples_above_p99=384111)
BENCH mode=replay-core-msg arm=loop msgs=1011698 rate=22815472 raw[p50=52 p90=52 p99=52 p99.99=78 max=36348] adj[p50=0 p90=0 p99=0 p99.99=26 max=36296] allocs=0 freq=2596.12MHz run=1
T1_PHASE2 arm=loop rate=22815472 raw[p50=52 p90=52 p99=52 p99.9=52 p99.99=78 max=36348] adj[p50=0 p90=0 p99=0 p99.9=0 p99.99=26 max=36296] unknown_pct=0.00% (samples_above_p99=384046)
BENCH mode=replay-core-msg arm=cold msgs=505849 rate=14782147 raw[p50=78 p90=130 p99=130 p99.99=390 max=46436] adj[p50=26 p90=78 p99=78 p99.99=338 max=46384] allocs=0 freq=2596.12MHz run=1
T1_PHASE2 arm=cold rate=14782147 raw[p50=78 p90=130 p99=130 p99.9=156 p99.99=390 max=46436] adj[p50=26 p90=78 p99=78 p99.9=104 p99.99=338 max=46384] unknown_pct=0.00% (samples_above_p99=123171)
BENCH mode=replay-core-msg arm=empty msgs=1011698 rate=22493507 raw[p50=52 p90=52 p99=52 p99.99=78 max=51324] adj[p50=0 p90=0 p99=0 p99.99=26 max=51272] allocs=0 freq=2596.12MHz run=1
T1_PHASE2 arm=empty rate=22493507 raw[p50=52 p90=52 p99=52 p99.9=52 p99.99=78 max=51324] adj[p50=0 p90=0 p99=0 p99.9=0 p99.99=26 max=51272] unknown_pct=0.00% (samples_above_p99=393122)
BENCH mode=replay-core-msg arm=loop msgs=1011698 rate=22964468 raw[p50=52 p90=52 p99=52 p99.99=78 max=53742] adj[p50=0 p90=0 p99=0 p99.99=26 max=53690] allocs=0 freq=2596.12MHz run=1
T1_PHASE2 arm=loop rate=22964468 raw[p50=52 p90=52 p99=52 p99.9=52 p99.99=78 max=53742] adj[p50=0 p90=0 p99=0 p99.9=0 p99.99=26 max=53690] unknown_pct=0.00% (samples_above_p99=376453)
BENCH mode=replay-core-msg arm=cold msgs=505849 rate=14751077 raw[p50=78 p90=130 p99=130 p99.99=442 max=33046] adj[p50=26 p90=78 p99=78 p99.99=390 max=32994] allocs=0 freq=2596.12MHz run=1
T1_PHASE2 arm=cold rate=14751077 raw[p50=78 p90=130 p99=130 p99.9=156 p99.99=442 max=33046] adj[p50=26 p90=78 p99=78 p99.9=104 p99.99=390 max=32994] unknown_pct=0.00% (samples_above_p99=119194)
BENCH mode=replay-core-msg arm=empty msgs=1011698 rate=22747082 raw[p50=52 p90=52 p99=52 p99.99=78 max=22698] adj[p50=0 p90=0 p99=0 p99.99=26 max=22646] allocs=0 freq=2596.12MHz run=1
T1_PHASE2 arm=empty rate=22747082 raw[p50=52 p90=52 p99=52 p99.9=52 p99.99=78 max=22698] adj[p50=0 p90=0 p99=0 p99.9=0 p99.99=26 max=22646] unknown_pct=0.00% (samples_above_p99=376153)
BENCH mode=replay-core-msg arm=loop msgs=1011698 rate=22941417 raw[p50=52 p90=52 p99=52 p99.99=78 max=96044] adj[p50=0 p90=0 p99=0 p99.99=26 max=95992] allocs=0 freq=2596.12MHz run=1
T1_PHASE2 arm=loop rate=22941417 raw[p50=52 p90=52 p99=52 p99.9=52 p99.99=78 max=96044] adj[p50=0 p90=0 p99=0 p99.9=0 p99.99=26 max=95992] unknown_pct=0.00% (samples_above_p99=375771)
BENCH mode=replay-core-msg arm=cold msgs=505849 rate=14927414 raw[p50=78 p90=130 p99=130 p99.99=364 max=57980] adj[p50=26 p90=78 p99=78 p99.99=312 max=57928] allocs=0 freq=2596.12MHz run=1
T1_PHASE2 arm=cold rate=14927414 raw[p50=78 p90=130 p99=130 p99.9=156 p99.99=364 max=57980] adj[p50=26 p90=78 p99=78 p99.9=104 p99.99=312 max=57928] unknown_pct=0.00% (samples_above_p99=112114)
BENCH mode=replay-core-msg arm=empty msgs=1011698 rate=22648338 raw[p50=52 p90=52 p99=52 p99.99=78 max=41288] adj[p50=0 p90=0 p99=0 p99.99=26 max=41236] allocs=0 freq=2596.12MHz run=1
T1_PHASE2 arm=empty rate=22648338 raw[p50=52 p90=52 p99=52 p99.9=52 p99.99=78 max=41288] adj[p50=0 p90=0 p99=0 p99.9=0 p99.99=26 max=41236] unknown_pct=0.00% (samples_above_p99=378360)
BENCH mode=replay-core-msg arm=loop msgs=1011698 rate=22024728 raw[p50=52 p90=52 p99=52 p99.99=78 max=158366] adj[p50=0 p90=0 p99=0 p99.99=26 max=158314] allocs=0 freq=2596.12MHz run=1
T1_PHASE2 arm=loop rate=22024728 raw[p50=52 p90=52 p99=52 p99.9=52 p99.99=78 max=158366] adj[p50=0 p90=0 p99=0 p99.9=0 p99.99=26 max=158314] unknown_pct=0.00% (samples_above_p99=417253)
BENCH mode=replay-core-msg arm=cold msgs=505849 rate=14750603 raw[p50=78 p90=130 p99=130 p99.99=416 max=37778] adj[p50=26 p90=78 p99=78 p99.99=364 max=37726] allocs=0 freq=2596.12MHz run=1
T1_PHASE2 arm=cold rate=14750603 raw[p50=78 p90=130 p99=130 p99.9=156 p99.99=416 max=37778] adj[p50=26 p90=78 p99=78 p99.9=104 p99.99=364 max=37726] unknown_pct=0.00% (samples_above_p99=123218)
BENCH mode=replay-core-msg arm=empty msgs=1011698 rate=22572644 raw[p50=52 p90=52 p99=52 p99.99=78 max=40716] adj[p50=0 p90=0 p99=0 p99.99=26 max=40664] allocs=0 freq=2596.12MHz run=1
T1_PHASE2 arm=empty rate=22572644 raw[p50=52 p90=52 p99=52 p99.9=52 p99.99=78 max=40716] adj[p50=0 p90=0 p99=0 p99.9=0 p99.99=26 max=40664] unknown_pct=0.00% (samples_above_p99=384905)
BENCH mode=replay-core-msg arm=loop msgs=1011698 rate=22895224 raw[p50=52 p90=52 p99=52 p99.99=78 max=38350] adj[p50=0 p90=0 p99=0 p99.99=26 max=38298] allocs=0 freq=2596.12MHz run=1
T1_PHASE2 arm=loop rate=22895224 raw[p50=52 p90=52 p99=52 p99.9=52 p99.99=78 max=38350] adj[p50=0 p90=0 p99=0 p99.9=0 p99.99=26 max=38298] unknown_pct=0.00% (samples_above_p99=377948)
BENCH mode=replay-core-msg arm=cold msgs=505849 rate=14791168 raw[p50=78 p90=130 p99=130 p99.99=390 max=153140] adj[p50=26 p90=78 p99=78 p99.99=338 max=153088] allocs=0 freq=2596.12MHz run=1
T1_PHASE2 arm=cold rate=14791168 raw[p50=78 p90=130 p99=130 p99.9=156 p99.99=390 max=153140] adj[p50=26 p90=78 p99=78 p99.9=104 p99.99=338 max=153088] unknown_pct=0.00% (samples_above_p99=119323)
BENCH mode=replay-core-msg arm=empty msgs=1011698 rate=22575907 raw[p50=52 p90=52 p99=52 p99.99=78 max=35438] adj[p50=0 p90=0 p99=0 p99.99=26 max=35386] allocs=0 freq=2596.12MHz run=1
T1_PHASE2 arm=empty rate=22575907 raw[p50=52 p90=52 p99=52 p99.9=52 p99.99=78 max=35438] adj[p50=0 p90=0 p99=0 p99.9=0 p99.99=26 max=35386] unknown_pct=0.00% (samples_above_p99=382894)
BENCH mode=replay-core-msg arm=loop msgs=1011698 rate=22852753 raw[p50=52 p90=52 p99=52 p99.99=78 max=18642] adj[p50=0 p90=0 p99=0 p99.99=26 max=18590] allocs=0 freq=2596.12MHz run=1
T1_PHASE2 arm=loop rate=22852753 raw[p50=52 p90=52 p99=52 p99.9=52 p99.99=78 max=18642] adj[p50=0 p90=0 p99=0 p99.9=0 p99.99=26 max=18590] unknown_pct=0.00% (samples_above_p99=382117)
BENCH mode=replay-core-msg arm=cold msgs=505849 rate=14773029 raw[p50=78 p90=130 p99=130 p99.99=442 max=34138] adj[p50=26 p90=78 p99=78 p99.99=390 max=34086] allocs=0 freq=2596.12MHz run=1
T1_PHASE2 arm=cold rate=14773029 raw[p50=78 p90=130 p99=130 p99.9=156 p99.99=442 max=34138] adj[p50=26 p90=78 p99=78 p99.9=104 p99.99=390 max=34086] unknown_pct=0.00% (samples_above_p99=120893)
BENCH mode=replay-core-msg arm=empty msgs=1011698 rate=22639070 raw[p50=52 p90=52 p99=52 p99.99=78 max=40872] adj[p50=0 p90=0 p99=0 p99.99=26 max=40820] allocs=0 freq=2596.12MHz run=1
T1_PHASE2 arm=empty rate=22639070 raw[p50=52 p90=52 p99=52 p99.9=52 p99.99=78 max=40872] adj[p50=0 p90=0 p99=0 p99.9=0 p99.99=26 max=40820] unknown_pct=0.00% (samples_above_p99=386331)
BENCH mode=replay-core-msg arm=loop msgs=1011698 rate=22867973 raw[p50=52 p90=52 p99=52 p99.99=78 max=43628] adj[p50=0 p90=0 p99=0 p99.99=26 max=43576] allocs=0 freq=2596.12MHz run=1
T1_PHASE2 arm=loop rate=22867973 raw[p50=52 p90=52 p99=52 p99.9=52 p99.99=78 max=43628] adj[p50=0 p90=0 p99=0 p99.9=0 p99.99=26 max=43576] unknown_pct=0.00% (samples_above_p99=380619)
BENCH mode=replay-core-msg arm=cold msgs=505849 rate=14798306 raw[p50=78 p90=130 p99=130 p99.99=416 max=139282] adj[p50=26 p90=78 p99=78 p99.99=364 max=139230] allocs=0 freq=2596.12MHz run=1
T1_PHASE2 arm=cold rate=14798306 raw[p50=78 p90=130 p99=130 p99.9=156 p99.99=416 max=139282] adj[p50=26 p90=78 p99=78 p99.9=104 p99.99=364 max=139230] unknown_pct=0.00% (samples_above_p99=119088)
BENCH mode=replay-core-msg arm=empty msgs=1011698 rate=22784376 raw[p50=52 p90=52 p99=52 p99.99=78 max=58968] adj[p50=0 p90=0 p99=0 p99.99=26 max=58916] allocs=0 freq=2596.12MHz run=1
T1_PHASE2 arm=empty rate=22784376 raw[p50=52 p90=52 p99=52 p99.9=52 p99.99=78 max=58968] adj[p50=0 p90=0 p99=0 p99.9=0 p99.99=26 max=58916] unknown_pct=0.00% (samples_above_p99=375941)
BENCH mode=replay-core-msg arm=loop msgs=1011698 rate=22902881 raw[p50=52 p90=52 p99=52 p99.99=78 max=35646] adj[p50=0 p90=0 p99=0 p99.99=26 max=35594] allocs=0 freq=2596.12MHz run=1
T1_PHASE2 arm=loop rate=22902881 raw[p50=52 p90=52 p99=52 p99.9=52 p99.99=78 max=35646] adj[p50=0 p90=0 p99=0 p99.9=0 p99.99=26 max=35594] unknown_pct=0.00% (samples_above_p99=380530)
BENCH mode=replay-core-msg arm=cold msgs=505849 rate=14818420 raw[p50=78 p90=130 p99=130 p99.99=598 max=50752] adj[p50=26 p90=78 p99=78 p99.99=546 max=50700] allocs=0 freq=2596.12MHz run=1
T1_PHASE2 arm=cold rate=14818420 raw[p50=78 p90=130 p99=130 p99.9=156 p99.99=598 max=50752] adj[p50=26 p90=78 p99=78 p99.9=104 p99.99=546 max=50700] unknown_pct=0.00% (samples_above_p99=117819)
BENCH mode=replay-core-msg arm=empty msgs=1011698 rate=22713719 raw[p50=52 p90=52 p99=52 p99.99=78 max=57772] adj[p50=0 p90=0 p99=0 p99.99=26 max=57720] allocs=0 freq=2596.12MHz run=1
T1_PHASE2 arm=empty rate=22713719 raw[p50=52 p90=52 p99=52 p99.9=52 p99.99=78 max=57772] adj[p50=0 p90=0 p99=0 p99.9=0 p99.99=26 max=57720] unknown_pct=0.00% (samples_above_p99=380535)
BENCH mode=replay-core-msg arm=loop msgs=1011698 rate=22835839 raw[p50=52 p90=52 p99=52 p99.99=78 max=45890] adj[p50=0 p90=0 p99=0 p99.99=26 max=45838] allocs=0 freq=2596.12MHz run=1
T1_PHASE2 arm=loop rate=22835839 raw[p50=52 p90=52 p99=52 p99.9=52 p99.99=78 max=45890] adj[p50=0 p90=0 p99=0 p99.9=0 p99.99=26 max=45838] unknown_pct=0.00% (samples_above_p99=378876)
BENCH mode=replay-core-msg arm=cold msgs=505849 rate=14814208 raw[p50=78 p90=130 p99=130 p99.99=416 max=148720] adj[p50=26 p90=78 p99=78 p99.99=364 max=148668] allocs=0 freq=2596.12MHz run=1
T1_PHASE2 arm=cold rate=14814208 raw[p50=78 p90=130 p99=130 p99.9=156 p99.99=416 max=148720] adj[p50=26 p90=78 p99=78 p99.9=104 p99.99=364 max=148668] unknown_pct=0.00% (samples_above_p99=116194)
BENCH mode=replay-core-msg arm=empty msgs=1011698 rate=22406998 raw[p50=52 p90=52 p99=52 p99.99=78 max=103376] adj[p50=0 p90=0 p99=0 p99.99=26 max=103324] allocs=0 freq=2596.12MHz run=1
T1_PHASE2 arm=empty rate=22406998 raw[p50=52 p90=52 p99=52 p99.9=52 p99.99=78 max=103376] adj[p50=0 p90=0 p99=0 p99.9=0 p99.99=26 max=103324] unknown_pct=0.00% (samples_above_p99=373066)
BENCH mode=replay-core-msg arm=loop msgs=1011698 rate=22919155 raw[p50=52 p90=52 p99=52 p99.99=78 max=20670] adj[p50=0 p90=0 p99=0 p99.99=26 max=20618] allocs=0 freq=2596.12MHz run=1
T1_PHASE2 arm=loop rate=22919155 raw[p50=52 p90=52 p99=52 p99.9=52 p99.99=78 max=20670] adj[p50=0 p90=0 p99=0 p99.9=0 p99.99=26 max=20618] unknown_pct=0.00% (samples_above_p99=376216)
BENCH mode=replay-core-msg arm=cold msgs=505849 rate=14873343 raw[p50=78 p90=130 p99=130 p99.99=390 max=90740] adj[p50=26 p90=78 p99=78 p99.99=338 max=90688] allocs=0 freq=2596.12MHz run=1
T1_PHASE2 arm=cold rate=14873343 raw[p50=78 p90=130 p99=130 p99.9=156 p99.99=390 max=90740] adj[p50=26 p90=78 p99=78 p99.9=104 p99.99=338 max=90688] unknown_pct=0.00% (samples_above_p99=114369)
BENCH mode=replay-core-msg arm=empty msgs=1011698 rate=22744383 raw[p50=52 p90=52 p99=52 p99.99=78 max=106418] adj[p50=0 p90=0 p99=0 p99.99=26 max=106366] allocs=0 freq=2596.12MHz run=1
T1_PHASE2 arm=empty rate=22744383 raw[p50=52 p90=52 p99=52 p99.9=52 p99.99=78 max=106418] adj[p50=0 p90=0 p99=0 p99.9=0 p99.99=26 max=106366] unknown_pct=0.00% (samples_above_p99=374150)
BENCH mode=replay-core-msg arm=loop msgs=1011698 rate=22866135 raw[p50=52 p90=52 p99=52 p99.99=78 max=59722] adj[p50=0 p90=0 p99=0 p99.99=26 max=59670] allocs=0 freq=2596.12MHz run=1
T1_PHASE2 arm=loop rate=22866135 raw[p50=52 p90=52 p99=52 p99.9=52 p99.99=78 max=59722] adj[p50=0 p90=0 p99=0 p99.9=0 p99.99=26 max=59670] unknown_pct=0.00% (samples_above_p99=379447)
BENCH mode=replay-core-msg arm=cold msgs=505849 rate=14817024 raw[p50=78 p90=130 p99=130 p99.99=416 max=57044] adj[p50=26 p90=78 p99=78 p99.99=364 max=56992] allocs=0 freq=2596.12MHz run=1
T1_PHASE2 arm=cold rate=14817024 raw[p50=78 p90=130 p99=130 p99.9=156 p99.99=416 max=57044] adj[p50=26 p90=78 p99=78 p99.9=104 p99.99=364 max=56992] unknown_pct=0.00% (samples_above_p99=117906)
BENCH mode=replay-core-msg arm=empty msgs=1011698 rate=22830606 raw[p50=52 p90=52 p99=52 p99.99=78 max=29770] adj[p50=0 p90=0 p99=0 p99.99=26 max=29718] allocs=0 freq=2596.12MHz run=1
T1_PHASE2 arm=empty rate=22830606 raw[p50=52 p90=52 p99=52 p99.9=52 p99.99=78 max=29770] adj[p50=0 p90=0 p99=0 p99.9=0 p99.99=26 max=29718] unknown_pct=0.00% (samples_above_p99=373521)
BENCH mode=replay-core-msg arm=loop msgs=1011698 rate=22774467 raw[p50=52 p90=52 p99=52 p99.99=78 max=172900] adj[p50=0 p90=0 p99=0 p99.99=26 max=172848] allocs=0 freq=2596.12MHz run=1
T1_PHASE2 arm=loop rate=22774467 raw[p50=52 p90=52 p99=52 p99.9=52 p99.99=78 max=172900] adj[p50=0 p90=0 p99=0 p99.9=0 p99.99=26 max=172848] unknown_pct=0.00% (samples_above_p99=377526)
BENCH mode=replay-core-msg arm=cold msgs=505849 rate=14663766 raw[p50=78 p90=130 p99=130 p99.99=468 max=147108] adj[p50=26 p90=78 p99=78 p99.99=416 max=147056] allocs=0 freq=2596.12MHz run=1
T1_PHASE2 arm=cold rate=14663766 raw[p50=78 p90=130 p99=130 p99.9=156 p99.99=468 max=147108] adj[p50=26 p90=78 p99=78 p99.9=104 p99.99=416 max=147056] unknown_pct=0.00% (samples_above_p99=128094)
BENCH mode=replay-core-msg arm=empty msgs=1011698 rate=22593247 raw[p50=52 p90=52 p99=52 p99.99=78 max=39806] adj[p50=0 p90=0 p99=0 p99.99=26 max=39754] allocs=0 freq=2596.12MHz run=1
T1_PHASE2 arm=empty rate=22593247 raw[p50=52 p90=52 p99=52 p99.9=52 p99.99=78 max=39806] adj[p50=0 p90=0 p99=0 p99.9=0 p99.99=26 max=39754] unknown_pct=0.00% (samples_above_p99=384664)
BENCH mode=replay-core-msg arm=loop msgs=1011698 rate=22682542 raw[p50=52 p90=52 p99=52 p99.99=78 max=379522] adj[p50=0 p90=0 p99=0 p99.99=26 max=379470] allocs=0 freq=2596.12MHz run=1
T1_PHASE2 arm=loop rate=22682542 raw[p50=52 p90=52 p99=52 p99.9=52 p99.99=78 max=379522] adj[p50=0 p90=0 p99=0 p99.9=0 p99.99=26 max=379470] unknown_pct=0.00% (samples_above_p99=387273)
BENCH mode=replay-core-msg arm=cold msgs=505849 rate=14748885 raw[p50=78 p90=130 p99=130 p99.99=390 max=74516] adj[p50=26 p90=78 p99=78 p99.99=338 max=74464] allocs=0 freq=2596.12MHz run=1
T1_PHASE2 arm=cold rate=14748885 raw[p50=78 p90=130 p99=130 p99.9=156 p99.99=390 max=74516] adj[p50=26 p90=78 p99=78 p99.9=104 p99.99=338 max=74464] unknown_pct=0.00% (samples_above_p99=122876)
BENCH mode=replay-core-msg arm=empty msgs=1011698 rate=22496101 raw[p50=52 p90=52 p99=52 p99.99=78 max=52156] adj[p50=0 p90=0 p99=0 p99.99=26 max=52104] allocs=0 freq=2596.12MHz run=1
T1_PHASE2 arm=empty rate=22496101 raw[p50=52 p90=52 p99=52 p99.9=52 p99.99=78 max=52156] adj[p50=0 p90=0 p99=0 p99.9=0 p99.99=26 max=52104] unknown_pct=0.00% (samples_above_p99=387587)
BENCH mode=replay-core-msg arm=loop msgs=1011698 rate=22706954 raw[p50=52 p90=52 p99=52 p99.99=78 max=28340] adj[p50=0 p90=0 p99=0 p99.99=26 max=28288] allocs=0 freq=2596.12MHz run=1
T1_PHASE2 arm=loop rate=22706954 raw[p50=52 p90=52 p99=52 p99.9=52 p99.99=78 max=28340] adj[p50=0 p90=0 p99=0 p99.9=0 p99.99=26 max=28288] unknown_pct=0.00% (samples_above_p99=385664)
BENCH mode=replay-core-msg arm=cold msgs=505849 rate=14880595 raw[p50=78 p90=130 p99=130 p99.99=390 max=56108] adj[p50=26 p90=78 p99=78 p99.99=338 max=56056] allocs=0 freq=2596.12MHz run=1
T1_PHASE2 arm=cold rate=14880595 raw[p50=78 p90=130 p99=130 p99.9=156 p99.99=390 max=56108] adj[p50=26 p90=78 p99=78 p99.9=104 p99.99=338 max=56056] unknown_pct=0.00% (samples_above_p99=114797)
TARGET1_PHASE_A empty_p50=52 cyc (spread=0 cyc) loop_p50=52 cyc (spread=0 cyc) full_p50=78 cyc (spread=0 cyc) loop_cost=0 cyc work_residual=26 cyc VERDICT=PASS
=== 7. DOSE-RESPONSE VALIDATION SWEEP (Law A-1d) ===
DOSE_RESPONSE_POINT K=0 p50=52 cyc
DOSE_RESPONSE_POINT K=10 p50=52 cyc
DOSE_RESPONSE_POINT K=20 p50=52 cyc
DOSE_RESPONSE_POINT K=50 p50=52 cyc
DOSE_RESPONSE_POINT K=100 p50=52 cyc
DOSE_RESPONSE_VERDICT K0=52 K10=52 K20=52 K50=52 K100=52 slope=0.000 cyc/unit VERDICT=PASS
=== 7b. LAW B-3b (i) SAMPLING BIAS PROBE (1-IN-4 DENSE vs 1-IN-256 SPARSE) ===
BIAS_PROBE dense_mean=61.18 cyc sparse_mean=59.98 cyc bias=1.96% VERDICT=PASS
=== 7c. LAW B-3b (ii) INTER-BRACKET GAP PROBE ===
GAP_PROBE sampled_intervals=1974 total_period_cyc=16366792 sparse_period_est=32.39 cyc
=== 8. PHASE B-REDO: STRICT 8-ARM STAGE-ECTOMY DECOMPOSITION (20 RUNS EACH) ===
RUNNER_IDENTITY cpu="AMD EPYC 9V45 96-Core Processor" freq_mhz=2596.12
STAGE_ECTOMY_RATES CONFIG_TAG="clean_replay" sampling="none" r0_hash=35.32M r0_fast=81.57M r0_disp=767.03M r1_count=803.36M r2_noproof=918.87M r3_noseq=1491.91M r4_noitch=969.55M r5_noblock=5843.30M r6_poll=6079.62M
STAGE_ECTOMY_CYCLES CONFIG_TAG="clean_replay" c0=73.50 c0_fast=31.83 c0_disp=3.38 c1=3.23 c2=2.83 c3=1.74 c4=2.68 c5=0.44 c6=0.43
PR2_PROD_VERDICT rate=81573010 c0_fast=31.83 cyc fast_hash=28.44 cyc -> p50 < 60: PASS
H10_SINK_SPLIT total_sink=70.27 cyc fnv_math=70.12 cyc (99.8%) sink_dispatch=0.15 cyc (0.2%) H10_VERDICT=CONFIRMED (Invocation dispatch non-zero)
STAGE_ECTOMY_DECOMPOSITION delta_hash_total=70.27 (fnv=70.12, disp=0.15) delta_proof=0.41 (< 1.00 cyc bounded) delta_seq=1.09 delta_itch=0.00 (< 1.00 cyc bounded) delta_block=2.23 delta_header=0.02 poll_base=0.43
RECONCILIATION_COMPOSITE rate_total_c0=73.50 cyc bracket_mean=61.07 cyc sparse_period_est=32.39 cyc diff_rate_bracket=16.91% diff_bracket_gap=46.97% composite_residual=46.97% VERDICT=FAIL
=== 9. H9 REPETITION OVERHEAD SWEEP ===
H9_POINT limit=10000 msgs rate=28.03M msg/s cyc_msg=92.61
H9_POINT limit=50000 msgs rate=35.40M msg/s cyc_msg=73.34
H9_POINT limit=250000 msgs rate=35.94M msg/s cyc_msg=72.24
H9_POINT limit=505849 msgs rate=35.44M msg/s cyc_msg=73.26
=== 11b. R6: PR-1 HYDRA Bit-Exact Multi-Core Span Conformance (UNPINNED) ===
[1m[92m    Finished[0m `release` profile [optimized] target(s) in 0.01s
[1m[92m     Running[0m `target/release/bench --sample data/tests/sample-mini.itch --hydra-only --runs 7`
BENCH_CALIBRATION invariant_tsc=true freq_mhz=2596.12 mark_overhead_cycles=52
=== R6. PR-1 HYDRA BIT-EXACT MULTI-CORE SPAN CONFORMANCE ===
BLOB_BACKING mode=mmap anon_huge_kb=14336 map_mb=16.5 verdict=thp-granted
HYDRA_BITPARITY sequential=(count=505849 hash=0x881639cead506f25 msg_hash=0xcbf29ce484222325) hydra=(count=505849 hash=0x881639cead506f25 msg_hash=0xcbf29ce484222325) -> BIT-EXACT
BENCH mode=replay-hydra-burst msgs=505849 rate=1455852345 allocs=0 freq=2596.12MHz workers=2 run=1
BENCH mode=replay-hydra-burst msgs=505849 rate=1536129559 allocs=0 freq=2596.12MHz workers=2 run=2
BENCH mode=replay-hydra-burst msgs=505849 rate=1524077672 allocs=0 freq=2596.12MHz workers=2 run=3
BENCH mode=replay-hydra-burst msgs=505849 rate=1574240109 allocs=0 freq=2596.12MHz workers=2 run=4
BENCH mode=replay-hydra-burst msgs=505849 rate=1516206673 allocs=0 freq=2596.12MHz workers=2 run=5
BENCH mode=replay-hydra-burst msgs=505849 rate=1631702541 allocs=0 freq=2596.12MHz workers=2 run=6
BENCH mode=replay-hydra-burst msgs=505849 rate=1669678045 allocs=0 freq=2596.12MHz workers=2 run=7
BENCH_MEDIAN mode=replay-hydra-burst rate=1536129559
R23B_AFFINE_VERDICT arm=burst armed=false tag_hits=0 payload_fallbacks=0 ledger_rows=0 (R23c: workers verify spans from register tags, zero payload reads; the (prefix,cum) triple checked per-span by the scalar affine law)
PR1_HYDRA_VERDICT rate=1536129559 (bit-exact multi-core span conformance: 2 workers, every emitted byte CRC32C-checked in-window, ordered serial fold)
PR1_GIGAHFT_BURST_VERDICT rate=1536129559 target=1000000000 -> PASS (R7 burst reference; the sustained arm below is the gate)
DIAG sustained: passes=16890 reset_ms=500.2 scan_ms=4496.1 end_ms=1.0 pending_max=10338 batches=371580 wait_ms=41.6 work_ms=4082.3 fold_ms=285.9 assist_chunks=367150 bytes_per_msg=27.65 crc_demand_gb_s=47.25
DIAG worker[0] sustained: cpu0(pinned) placement=[0, 2] batches=568262 spans=72718807 eval_ms=4938.0 idle_iters=79319 res_waits=284 fw=0 fw_ms=0.0
DIAG worker[1] sustained: cpu2(pinned) placement=[0, 2] batches=719337 spans=92051644 eval_ms=4925.7 idle_iters=81179 res_waits=1331 fw=0 fw_ms=0.0
DIAG rx sustained: publications=371640 polls=1469668 prod_ms=1486.9 bufwait_laps=135135 resets=16892 eos_parks=0 nbuf=16 rx_actual_cpu=3
ADVANCE_DIAGNOSTIC sustained: advances=16892 advance_ms=131.0 us_per_advance=7.8 (F-5 reset/auto-advance hygiene — the synchronous bake tail the per-publication prepatch budget drains; HFT_PREPATCH_BUDGET prices it)
RXWARM_DIAGNOSTIC sustained: enabled=false fixes=0 uncovered=0 last_pass_fixes=0 (F-1 frame-entry warm start; the steady-state law is fixes==0 on pass>=2 — the kill rule reads persistent fixes)
RXBUILD_DIAGNOSTIC sustained: enabled=true patches=371535588 last_pass_patches=21996 frames=21996 (F-2 publish-by-reference master; the steady-state law is every patchable entry patched exactly once per pass boundary)
DIAG cons sustained: parks=23 park_ms=7.7 slow_waits=23 slow_ms=8.0
BENCH mode=replay-hydra-sustained-5s total_msgs=8543789610 duration=5.00s sustained_rate=1708645164 msg/s allocs=0 workers=2 crc_kernel=reflect
PR1_HYDRA_SUSTAINED_VERDICT rate=1708645164 (duration=5.00s, total_msgs=8543789610, workers=2)
PR1_GIGAHFT_VERDICT rate=1708645164 target=1000000000 -> PASS (Project 1.0B: bit-exact, zero-alloc, every byte verified in-window, cross-pass double-buffered fabric)
PR1_R8_FULL_VERIFY_VERDICT rate=1708645164 target=1000000000 -> PASS (R8: 1B msg/s sustained full verification — bit-exact, zero-alloc, every byte CRC32C-verified in-window)
PR1_R16_FULL_VERIFY_VERDICT rate=1708645164 target=2000000000 -> FAIL (R16: 2B msg/s sustained full verification — the Double Helix program, docs/29)
R16B_RXDESC_VERDICT rx_fixes=0 assist_chunks=367150 (array-driven submission telemetry; fixes=0 means every RX prefill entry was already exact)
R23B_AFFINE_VERDICT arm=sustained armed=false tag_hits=0 payload_fallbacks=0 ledger_rows=0 (R23c: zero-re-read affine verification on the worker fabric)
PR1_R23_AFFINE_SUSTAINED_VERDICT rate=1708645164 target=2500000000 -> FAIL (R23: 2.5B+ sustained full verification from register tags — the affine-span algebra program, docs/36)
BLOB_BACKING mode=mmap anon_huge_kb=14336 map_mb=16.5 verdict=thp-granted
=== 11c. R8: Kernel-Ceiling Microbenchmark (fabric physics telemetry) ===
[1m[92m    Finished[0m `release` profile [optimized] target(s) in 0.01s
[1m[92m     Running[0m `target/release/kbench`
KBENCH topo cpus=[0, 2, 1, 3] phys=2 smt=true fold512=true
KBENCH spec_slice_vec=true
KBENCH mode=scalar8lane threads=1 cpu=0 pinned=true gb_s=73.85 bytes=22160842368 iters=2642 sink=0xbedb8ba779de450f
KBENCH mode=pclmul128_raw threads=1 cpu=0 pinned=true gb_s=15.06 bytes=4521459712 iters=539 sink=0x942dad7c7a327323
KBENCH mode=crc32_pclmul_mix threads=1 cpu=0 pinned=true gb_s=33.48 bytes=10049552384 iters=1198 sink=0x5c504f01bdfb43ce
KBENCH mode=fold512 threads=1 cpu=0 pinned=true gb_s=60.95 bytes=18294018624 iters=2181 sink=0xbedb8ba779de450f
KBENCH mode=fold512_r threads=1 cpu=0 pinned=true gb_s=57.52 bytes=17262306432 iters=2058 sink=0xbedb8ba779de450f
KBENCH mode=fold512_rv threads=1 cpu=0 pinned=true gb_s=58.39 bytes=17522331456 iters=2089 sink=0xbedb8ba779de450f
KBENCH mode=fold512_rc threads=1 cpu=0 pinned=true gb_s=63.32 bytes=18998602560 iters=2265 sink=0xbedb8ba779de450f
KBENCH mode=fold512_rd threads=1 cpu=0 pinned=true gb_s=46.04 bytes=13814877888 iters=1647 sink=0xbedb8ba779de450f
KBENCH mode=fold512_ro threads=1 cpu=0 pinned=true gb_s=38.33 bytes=11499816384 iters=1371 sink=0xbedb8ba779de450f
KBENCH mode=fold512_r_pair threads=1 cpu=0 pinned=true gb_s=57.34 bytes=17209221120 iters=2052 sink=0x719eebd64a14675a
KBENCH mode=fold512_eval2 threads=1 cpu=0 pinned=true gb_s=56.28 bytes=16890531840 iters=2014 sink=0x719eebd64a14675a
KBENCH mode=fold512_pair threads=1 cpu=0 pinned=true gb_s=50.05 bytes=15020328960 iters=1791 sink=0x719eebd64a14675a
KBENCH mode=fold512_tri threads=1 cpu=0 pinned=true gb_s=61.29 bytes=18386285568 iters=2192 sink=0xbedb8ba779de450f
KBENCH mode=fold512_tri_r threads=1 cpu=0 pinned=true gb_s=41.94 bytes=12581856000 iters=1500 sink=0xbedb8ba779de450f
KBENCH mode=fold512_pclmul_mix threads=1 cpu=0 pinned=true gb_s=34.45 bytes=10342285632 iters=1233 sink=0x3e36c56e483ee8a7
KBENCH mode=fold512_noend threads=1 cpu=0 pinned=true gb_s=57.43 bytes=17228754816 iters=2054 sink=0x4bb11da019b76839
KBENCH mode=fold512_pre threads=1 cpu=0 pinned=true gb_s=52.64 bytes=15794423232 iters=1883 sink=0xbedb8ba779de450f
KBENCH mode=fold512_t threads=1 cpu=0 pinned=true gb_s=57.44 bytes=17237142720 iters=2055 sink=0xbedb8ba779de450f
KBENCH mode=fold512_supply threads=1 cpu=0 pinned=true gb_s=57.20 bytes=17169284160 iters=1145 sink=0x633508877c074750
KBENCH mode=affine_sub_1t threads=1 cpu=0 pinned=true gb_s=147.63 ns_per_span=9.10 msgs_s=4613583143 bytes=44296521024 iters=5281 sink=0xb6d735b8
KBENCH mode=affine_sub_8lane threads=1 cpu=0 pinned=true gb_s=113.25 ns_per_span=11.87 msgs_s=3538985292 bytes=33979399104 iters=4051 sink=0xbedb8ba779de450f
KBENCH mode=spec_slice_512 threads=1 cpu=0 pinned=true gb_s=3.48 msgs_s=160117402 ns_per_msg=6.245 msgs=48184000 iters=125 sink=0x0
KBENCH mode=spec_slice_512_vec threads=1 cpu=0 pinned=true gb_s=3.47 msgs_s=159427775 ns_per_msg=6.272 msgs=48184000 iters=125 sink=0x0
KBENCH mode=scalar8lane threads=2 placement=2cpu_distinct cpus=0,2 pinned=true gb_s=143.71 bytes=71272020288 sink=0xd48a9dbb3705b94e
KBENCH mode=fold512 threads=2 placement=2cpu_distinct cpus=0,2 pinned=true gb_s=114.57 bytes=56920316544 sink=0xd48a9dbb3705b94e
KBENCH mode=fold512_r threads=2 placement=2cpu_distinct cpus=0,2 pinned=true gb_s=114.10 bytes=56702231040 sink=0xd48a9dbb3705b94e
KBENCH mode=fold512_rv threads=2 placement=2cpu_distinct cpus=0,2 pinned=true gb_s=113.78 bytes=56584800384 sink=0xd48a9dbb3705b94e
KBENCH mode=fold512_rc threads=2 placement=2cpu_distinct cpus=0,2 pinned=true gb_s=122.94 bytes=61055553216 sink=0xd48a9dbb3705b94e
KBENCH mode=fold512_rd threads=2 placement=2cpu_distinct cpus=0,2 pinned=true gb_s=96.75 bytes=48054302016 sink=0xd48a9dbb3705b94e
KBENCH mode=fold512_ro threads=2 placement=2cpu_distinct cpus=0,2 pinned=true gb_s=75.20 bytes=37359724416 sink=0xd48a9dbb3705b94e
KBENCH mode=fold512_tri threads=2 placement=2cpu_distinct cpus=0,2 pinned=true gb_s=119.64 bytes=59520566784 sink=0xd48a9dbb3705b94e
KBENCH mode=fold512_tri_r threads=2 placement=2cpu_distinct cpus=0,2 pinned=true gb_s=85.03 bytes=42275036160 sink=0xd48a9dbb3705b94e
KBENCH mode=scalar8lane threads=2 placement=2cpu_smt cpus=0,1 pinned=true gb_s=74.72 bytes=37124863104 sink=0xf0ad3334c151ef0a
KBENCH mode=fold512 threads=2 placement=2cpu_smt cpus=0,1 pinned=true gb_s=64.41 bytes=31999853760 sink=0xf0ad3334c151ef0a
KBENCH mode=fold512_r threads=2 placement=2cpu_smt cpus=0,1 pinned=true gb_s=55.88 bytes=27839453376 sink=0xf0ad3334c151ef0a
KBENCH mode=fold512_rv threads=2 placement=2cpu_smt cpus=0,1 pinned=true gb_s=55.70 bytes=27696859008 sink=0xf0ad3334c151ef0a
KBENCH mode=fold512_rc threads=2 placement=2cpu_smt cpus=0,1 pinned=true gb_s=63.57 bytes=31614010176 sink=0xf0ad3334c151ef0a
KBENCH mode=fold512_rd threads=2 placement=2cpu_smt cpus=0,1 pinned=true gb_s=48.71 bytes=24190715136 sink=0xf0ad3334c151ef0a
KBENCH mode=fold512_ro threads=2 placement=2cpu_smt cpus=0,1 pinned=true gb_s=35.30 bytes=17530719360 sink=0xf0ad3334c151ef0a
KBENCH mode=fold512_tri threads=2 placement=2cpu_smt cpus=0,1 pinned=true gb_s=61.22 bytes=30448091520 sink=0xf0ad3334c151ef0a
KBENCH mode=fold512_tri_r threads=2 placement=2cpu_smt cpus=0,1 pinned=true gb_s=42.81 bytes=21288500352 sink=0xf0ad3334c151ef0a
KBENCH done
=== 11d. R9: Fabric-Shape Kernel Ablation (layout attribution telemetry) ===
[1m[92m    Finished[0m `release` profile [optimized] target(s) in 0.00s
[1m[92m     Running[0m `target/release/fbench --stage all --workers 2 --ms 1000`
BLOB_BACKING mode=mmap anon_huge_kb=14336 map_mb=16.5 verdict=thp-granted
FBENCH lens total=10992 lt64=0 lt192=0 lt512=0 ge512=10992 bytes_lt192=0 pct_bytes_lt192=0.00
FBENCH topo cpus=[0, 2, 1, 3] kernel=reflect workers=2 place=smt bodies=10992 msgs=505849 avg_bytes=1362.6 total_mb=15.0 freq_mhz=4279
FBENCH stage=P spans=35741296 gb_s=48.72 cyc_span=239.3 sink=0x8229bbb806e0fc91
FBENCH stage=K spans=36368400 gb_s=49.57 cyc_span=235.2 sink=0x8229bbb806e0fc91
FBENCH stage=D spans=33787218 gb_s=46.60 cyc_span=250.1 sink=0x2038d52
FBENCH stage=R spans=34054606 gb_s=46.87 cyc_span=248.8 sink=0x207a1ce
FBENCH stage=F spans=34013259 gb_s=46.83 cyc_span=249.0 sink=0x207004b
FBENCH done
=== 11e. R11: Unarmed Prepatch Soak (rollback evidence) ===
[1m[92m    Finished[0m `release` profile [optimized] target(s) in 0.01s
[1m[92m     Running[0m `target/release/bench --hydra-only`
BENCH_CALIBRATION invariant_tsc=true freq_mhz=2596.12 mark_overhead_cycles=52
=== R6. PR-1 HYDRA BIT-EXACT MULTI-CORE SPAN CONFORMANCE ===
BLOB_BACKING mode=mmap anon_huge_kb=14336 map_mb=16.5 verdict=thp-granted
HYDRA_BITPARITY sequential=(count=505849 hash=0x881639cead506f25 msg_hash=0xcbf29ce484222325) hydra=(count=505849 hash=0x881639cead506f25 msg_hash=0xcbf29ce484222325) -> BIT-EXACT
BENCH mode=replay-hydra-burst msgs=505849 rate=1419759635 allocs=0 freq=2596.12MHz workers=2 run=1
BENCH mode=replay-hydra-burst msgs=505849 rate=1444321351 allocs=0 freq=2596.12MHz workers=2 run=2
BENCH mode=replay-hydra-burst msgs=505849 rate=1594510849 allocs=0 freq=2596.12MHz workers=2 run=3
BENCH mode=replay-hydra-burst msgs=505849 rate=1679172378 allocs=0 freq=2596.12MHz workers=2 run=4
BENCH mode=replay-hydra-burst msgs=505849 rate=1659364595 allocs=0 freq=2596.12MHz workers=2 run=5
BENCH_MEDIAN mode=replay-hydra-burst rate=1594510849
R23B_AFFINE_VERDICT arm=burst armed=false tag_hits=0 payload_fallbacks=0 ledger_rows=0 (R23c: workers verify spans from register tags, zero payload reads; the (prefix,cum) triple checked per-span by the scalar affine law)
PR1_HYDRA_VERDICT rate=1594510849 (bit-exact multi-core span conformance: 2 workers, every emitted byte CRC32C-checked in-window, ordered serial fold)
PR1_GIGAHFT_BURST_VERDICT rate=1594510849 target=1000000000 -> PASS (R7 burst reference; the sustained arm below is the gate)
DIAG sustained: passes=16679 reset_ms=945.9 scan_ms=4050.4 end_ms=1.0 pending_max=10674 batches=366938 wait_ms=34.4 work_ms=3643.8 fold_ms=285.7 assist_chunks=270272 bytes_per_msg=27.65 crc_demand_gb_s=46.66
DIAG worker[0] sustained: cpu0(pinned) placement=[0, 2] batches=593401 spans=75910714 eval_ms=4949.6 idle_iters=53317 res_waits=568 fw=0 fw_ms=0.0
DIAG worker[1] sustained: cpu2(pinned) placement=[0, 2] batches=726266 spans=92796171 eval_ms=4938.8 idle_iters=50674 res_waits=0 fw=0 fw_ms=0.0
DIAG rx sustained: publications=366998 polls=1451311 prod_ms=1482.4 bufwait_laps=133699 resets=16681 eos_parks=0 nbuf=16 rx_actual_cpu=3
ADVANCE_DIAGNOSTIC sustained: advances=16681 advance_ms=568.5 us_per_advance=34.1 (F-5 reset/auto-advance hygiene — the synchronous bake tail the per-publication prepatch budget drains; HFT_PREPATCH_BUDGET prices it)
RXWARM_DIAGNOSTIC sustained: enabled=false fixes=0 uncovered=0 last_pass_fixes=0 (F-1 frame-entry warm start; the steady-state law is fixes==0 on pass>=2 — the kill rule reads persistent fixes)
RXBUILD_DIAGNOSTIC sustained: enabled=true patches=366893280 last_pass_patches=21996 frames=21996 (F-2 publish-by-reference master; the steady-state law is every patchable entry patched exactly once per pass boundary)
DIAG cons sustained: parks=12 park_ms=1.1 slow_waits=12 slow_ms=1.3
BENCH mode=replay-hydra-sustained-5s total_msgs=8437055471 duration=5.00s sustained_rate=1687345588 msg/s allocs=0 workers=2 crc_kernel=reflect
PR1_HYDRA_SUSTAINED_VERDICT rate=1687345588 (duration=5.00s, total_msgs=8437055471, workers=2)
PR1_GIGAHFT_VERDICT rate=1687345588 target=1000000000 -> PASS (Project 1.0B: bit-exact, zero-alloc, every byte verified in-window, cross-pass double-buffered fabric)
PR1_R8_FULL_VERIFY_VERDICT rate=1687345588 target=1000000000 -> PASS (R8: 1B msg/s sustained full verification — bit-exact, zero-alloc, every byte CRC32C-verified in-window)
PR1_R16_FULL_VERIFY_VERDICT rate=1687345588 target=2000000000 -> FAIL (R16: 2B msg/s sustained full verification — the Double Helix program, docs/29)
R16B_RXDESC_VERDICT rx_fixes=0 assist_chunks=270272 (array-driven submission telemetry; fixes=0 means every RX prefill entry was already exact)
R23B_AFFINE_VERDICT arm=sustained armed=false tag_hits=0 payload_fallbacks=0 ledger_rows=0 (R23c: zero-re-read affine verification on the worker fabric)
PR1_R23_AFFINE_SUSTAINED_VERDICT rate=1687345588 target=2500000000 -> FAIL (R23: 2.5B+ sustained full verification from register tags — the affine-span algebra program, docs/36)
=== 11k. R16d/R17: Siblings Placement Soak (ring+siblings — the A1 anomaly pricing) ===
[1m[92m    Finished[0m `release` profile [optimized] target(s) in 0.01s
[1m[92m     Running[0m `target/release/bench --hydra-only`
BENCH_CALIBRATION invariant_tsc=true freq_mhz=2596.12 mark_overhead_cycles=52
=== R6. PR-1 HYDRA BIT-EXACT MULTI-CORE SPAN CONFORMANCE ===
BLOB_BACKING mode=mmap anon_huge_kb=16384 map_mb=16.5 verdict=thp-granted
HYDRA_BITPARITY sequential=(count=505849 hash=0x881639cead506f25 msg_hash=0xcbf29ce484222325) hydra=(count=505849 hash=0x881639cead506f25 msg_hash=0xcbf29ce484222325) -> BIT-EXACT
BENCH mode=replay-hydra-burst msgs=505849 rate=1175731332 allocs=0 freq=2596.12MHz workers=2 run=1
BENCH mode=replay-hydra-burst msgs=505849 rate=1342337106 allocs=0 freq=2596.12MHz workers=2 run=2
BENCH mode=replay-hydra-burst msgs=505849 rate=1427987883 allocs=0 freq=2596.12MHz workers=2 run=3
BENCH mode=replay-hydra-burst msgs=505849 rate=1440533213 allocs=0 freq=2596.12MHz workers=2 run=4
BENCH mode=replay-hydra-burst msgs=505849 rate=1497418697 allocs=0 freq=2596.12MHz workers=2 run=5
BENCH_MEDIAN mode=replay-hydra-burst rate=1427987883
R23B_AFFINE_VERDICT arm=burst armed=false tag_hits=0 payload_fallbacks=0 ledger_rows=0 (R23c: workers verify spans from register tags, zero payload reads; the (prefix,cum) triple checked per-span by the scalar affine law)
PR1_HYDRA_VERDICT rate=1427987883 (bit-exact multi-core span conformance: 2 workers, every emitted byte CRC32C-checked in-window, ordered serial fold)
PR1_GIGAHFT_BURST_VERDICT rate=1427987883 target=1000000000 -> PASS (R7 burst reference; the sustained arm below is the gate)
DIAG sustained: passes=17306 reset_ms=411.4 scan_ms=4579.6 end_ms=1.8 pending_max=11495 batches=380732 wait_ms=24.9 work_ms=4192.0 fold_ms=288.2 assist_chunks=607471 bytes_per_msg=27.65 crc_demand_gb_s=48.41
DIAG worker[0] sustained: cpu2(pinned) placement=[2, 3] batches=602399 spans=77100388 eval_ms=4958.6 idle_iters=25415 res_waits=2494 fw=0 fw_ms=0.0
DIAG worker[1] sustained: cpu3(pinned) placement=[2, 3] batches=599691 spans=76758137 eval_ms=4958.7 idle_iters=24831 res_waits=1873 fw=0 fw_ms=0.0
DIAG rx sustained: publications=380792 polls=1505860 prod_ms=1523.3 bufwait_laps=138611 resets=17308 eos_parks=0 nbuf=16 rx_actual_cpu=1
ADVANCE_DIAGNOSTIC sustained: advances=17308 advance_ms=77.2 us_per_advance=4.5 (F-5 reset/auto-advance hygiene — the synchronous bake tail the per-publication prepatch budget drains; HFT_PREPATCH_BUDGET prices it)
RXWARM_DIAGNOSTIC sustained: enabled=false fixes=0 uncovered=0 last_pass_fixes=0 (F-1 frame-entry warm start; the steady-state law is fixes==0 on pass>=2 — the kill rule reads persistent fixes)
RXBUILD_DIAGNOSTIC sustained: enabled=true patches=380685988 last_pass_patches=21996 frames=21996 (F-2 publish-by-reference master; the steady-state law is every patchable entry patched exactly once per pass boundary)
DIAG cons sustained: parks=12 park_ms=1.0 slow_waits=12 slow_ms=1.2
BENCH mode=replay-hydra-sustained-5s total_msgs=8754222794 duration=5.00s sustained_rate=1750758983 msg/s allocs=0 workers=2 crc_kernel=reflect
PR1_HYDRA_SUSTAINED_VERDICT rate=1750758983 (duration=5.00s, total_msgs=8754222794, workers=2)
PR1_GIGAHFT_VERDICT rate=1750758983 target=1000000000 -> PASS (Project 1.0B: bit-exact, zero-alloc, every byte verified in-window, cross-pass double-buffered fabric)
PR1_R8_FULL_VERIFY_VERDICT rate=1750758983 target=1000000000 -> PASS (R8: 1B msg/s sustained full verification — bit-exact, zero-alloc, every byte CRC32C-verified in-window)
PR1_R16_FULL_VERIFY_VERDICT rate=1750758983 target=2000000000 -> FAIL (R16: 2B msg/s sustained full verification — the Double Helix program, docs/29)
R16B_RXDESC_VERDICT rx_fixes=0 assist_chunks=607471 (array-driven submission telemetry; fixes=0 means every RX prefill entry was already exact)
R23B_AFFINE_VERDICT arm=sustained armed=false tag_hits=0 payload_fallbacks=0 ledger_rows=0 (R23c: zero-re-read affine verification on the worker fabric)
PR1_R23_AFFINE_SUSTAINED_VERDICT rate=1750758983 target=2500000000 -> FAIL (R23: 2.5B+ sustained full verification from register tags — the affine-span algebra program, docs/36)
=== 11l. R22.1: Tri-Stream Fold ARMED Soak (the value-exact mirror tri) ===
[1m[92m    Finished[0m `release` profile [optimized] target(s) in 0.01s
[1m[92m     Running[0m `target/release/bench --hydra-only`
BENCH_CALIBRATION invariant_tsc=true freq_mhz=2596.12 mark_overhead_cycles=52
=== R6. PR-1 HYDRA BIT-EXACT MULTI-CORE SPAN CONFORMANCE ===
BLOB_BACKING mode=mmap anon_huge_kb=14336 map_mb=16.5 verdict=thp-granted
HYDRA_BITPARITY sequential=(count=505849 hash=0x881639cead506f25 msg_hash=0xcbf29ce484222325) hydra=(count=505849 hash=0x881639cead506f25 msg_hash=0xcbf29ce484222325) -> BIT-EXACT
BENCH mode=replay-hydra-burst msgs=505849 rate=1330002077 allocs=0 freq=2596.12MHz workers=2 run=1
BENCH mode=replay-hydra-burst msgs=505849 rate=1338816355 allocs=0 freq=2596.12MHz workers=2 run=2
BENCH mode=replay-hydra-burst msgs=505849 rate=1514794618 allocs=0 freq=2596.12MHz workers=2 run=3
BENCH mode=replay-hydra-burst msgs=505849 rate=1562598270 allocs=0 freq=2596.12MHz workers=2 run=4
BENCH mode=replay-hydra-burst msgs=505849 rate=1576349567 allocs=0 freq=2596.12MHz workers=2 run=5
BENCH_MEDIAN mode=replay-hydra-burst rate=1514794618
R23B_AFFINE_VERDICT arm=burst armed=false tag_hits=0 payload_fallbacks=0 ledger_rows=0 (R23c: workers verify spans from register tags, zero payload reads; the (prefix,cum) triple checked per-span by the scalar affine law)
PR1_HYDRA_VERDICT rate=1514794618 (bit-exact multi-core span conformance: 2 workers, every emitted byte CRC32C-checked in-window, ordered serial fold)
PR1_GIGAHFT_BURST_VERDICT rate=1514794618 target=1000000000 -> PASS (R7 burst reference; the sustained arm below is the gate)
DIAG sustained: passes=16223 reset_ms=481.5 scan_ms=4515.1 end_ms=0.9 pending_max=8561 batches=356906 wait_ms=35.4 work_ms=4135.6 fold_ms=275.6 assist_chunks=397537 bytes_per_msg=27.65 crc_demand_gb_s=45.38
DIAG worker[0] sustained: cpu0(pinned) placement=[0, 2] batches=548273 spans=70166558 eval_ms=4956.4 idle_iters=50618 res_waits=0 fw=0 fw_ms=0.0
DIAG worker[1] sustained: cpu2(pinned) placement=[0, 2] batches=665565 spans=85180128 eval_ms=4946.2 idle_iters=48762 res_waits=0 fw=0 fw_ms=0.0
DIAG rx sustained: publications=356966 polls=1411639 prod_ms=1391.8 bufwait_laps=129924 resets=16225 eos_parks=0 nbuf=16 rx_actual_cpu=3
ADVANCE_DIAGNOSTIC sustained: advances=16225 advance_ms=129.1 us_per_advance=8.0 (F-5 reset/auto-advance hygiene — the synchronous bake tail the per-publication prepatch budget drains; HFT_PREPATCH_BUDGET prices it)
RXWARM_DIAGNOSTIC sustained: enabled=false fixes=0 uncovered=0 last_pass_fixes=0 (F-1 frame-entry warm start; the steady-state law is fixes==0 on pass>=2 — the kill rule reads persistent fixes)
RXBUILD_DIAGNOSTIC sustained: enabled=true patches=356864256 last_pass_patches=21996 frames=21996 (F-2 publish-by-reference master; the steady-state law is every patchable entry patched exactly once per pass boundary)
DIAG cons sustained: parks=45 park_ms=4.9 slow_waits=45 slow_ms=5.7
BENCH mode=replay-hydra-sustained-5s total_msgs=8206388327 duration=5.00s sustained_rate=1641185943 msg/s allocs=0 workers=2 crc_kernel=reflect
PR1_HYDRA_SUSTAINED_VERDICT rate=1641185943 (duration=5.00s, total_msgs=8206388327, workers=2)
PR1_GIGAHFT_VERDICT rate=1641185943 target=1000000000 -> PASS (Project 1.0B: bit-exact, zero-alloc, every byte verified in-window, cross-pass double-buffered fabric)
PR1_R8_FULL_VERIFY_VERDICT rate=1641185943 target=1000000000 -> PASS (R8: 1B msg/s sustained full verification — bit-exact, zero-alloc, every byte CRC32C-verified in-window)
PR1_R16_FULL_VERIFY_VERDICT rate=1641185943 target=2000000000 -> FAIL (R16: 2B msg/s sustained full verification — the Double Helix program, docs/29)
R16B_RXDESC_VERDICT rx_fixes=0 assist_chunks=397537 (array-driven submission telemetry; fixes=0 means every RX prefill entry was already exact)
R23B_AFFINE_VERDICT arm=sustained armed=false tag_hits=0 payload_fallbacks=0 ledger_rows=0 (R23c: zero-re-read affine verification on the worker fabric)
PR1_R23_AFFINE_SUSTAINED_VERDICT rate=1641185943 target=2500000000 -> FAIL (R23: 2.5B+ sustained full verification from register tags — the affine-span algebra program, docs/36)
=== 11m. R12: Vectorized Watermark Ladder ARMED Soak (the refuted experiment) ===
[1m[92m    Finished[0m `release` profile [optimized] target(s) in 0.01s
[1m[92m     Running[0m `target/release/bench --hydra-only`
BENCH_CALIBRATION invariant_tsc=true freq_mhz=2596.12 mark_overhead_cycles=52
=== R6. PR-1 HYDRA BIT-EXACT MULTI-CORE SPAN CONFORMANCE ===
BLOB_BACKING mode=mmap anon_huge_kb=14336 map_mb=16.5 verdict=thp-granted
HYDRA_BITPARITY sequential=(count=505849 hash=0x881639cead506f25 msg_hash=0xcbf29ce484222325) hydra=(count=505849 hash=0x881639cead506f25 msg_hash=0xcbf29ce484222325) -> BIT-EXACT
BENCH mode=replay-hydra-burst msgs=505849 rate=1248935865 allocs=0 freq=2596.12MHz workers=2 run=1
BENCH mode=replay-hydra-burst msgs=505849 rate=1404172692 allocs=0 freq=2596.12MHz workers=2 run=2
BENCH mode=replay-hydra-burst msgs=505849 rate=1467530621 allocs=0 freq=2596.12MHz workers=2 run=3
BENCH mode=replay-hydra-burst msgs=505849 rate=1658162495 allocs=0 freq=2596.12MHz workers=2 run=4
BENCH mode=replay-hydra-burst msgs=505849 rate=1669066528 allocs=0 freq=2596.12MHz workers=2 run=5
BENCH_MEDIAN mode=replay-hydra-burst rate=1467530621
R23B_AFFINE_VERDICT arm=burst armed=false tag_hits=0 payload_fallbacks=0 ledger_rows=0 (R23c: workers verify spans from register tags, zero payload reads; the (prefix,cum) triple checked per-span by the scalar affine law)
PR1_HYDRA_VERDICT rate=1467530621 (bit-exact multi-core span conformance: 2 workers, every emitted byte CRC32C-checked in-window, ordered serial fold)
PR1_GIGAHFT_BURST_VERDICT rate=1467530621 target=1000000000 -> PASS (R7 burst reference; the sustained arm below is the gate)
DIAG sustained: passes=16531 reset_ms=507.2 scan_ms=4489.3 end_ms=0.9 pending_max=6847 batches=363682 wait_ms=32.2 work_ms=4097.1 fold_ms=277.6 assist_chunks=296769 bytes_per_msg=27.65 crc_demand_gb_s=46.24
DIAG worker[0] sustained: cpu0(pinned) placement=[0, 2] batches=581511 spans=74420347 eval_ms=4963.1 idle_iters=32104 res_waits=0 fw=0 fw_ms=0.0
DIAG worker[1] sustained: cpu2(pinned) placement=[0, 2] batches=710305 spans=90903971 eval_ms=4951.4 idle_iters=35538 res_waits=0 fw=0 fw_ms=0.0
DIAG rx sustained: publications=363742 polls=1438435 prod_ms=1388.7 bufwait_laps=132374 resets=16533 eos_parks=0 nbuf=16 rx_actual_cpu=3
ADVANCE_DIAGNOSTIC sustained: advances=16533 advance_ms=138.6 us_per_advance=8.4 (F-5 reset/auto-advance hygiene — the synchronous bake tail the per-publication prepatch budget drains; HFT_PREPATCH_BUDGET prices it)
RXWARM_DIAGNOSTIC sustained: enabled=false fixes=0 uncovered=0 last_pass_fixes=0 (F-1 frame-entry warm start; the steady-state law is fixes==0 on pass>=2 — the kill rule reads persistent fixes)
RXBUILD_DIAGNOSTIC sustained: enabled=true patches=363639024 last_pass_patches=21996 frames=21996 (F-2 publish-by-reference master; the steady-state law is every patchable entry patched exactly once per pass boundary)
DIAG cons sustained: parks=16 park_ms=1.9 slow_waits=16 slow_ms=2.1
BENCH mode=replay-hydra-sustained-5s total_msgs=8362189819 duration=5.00s sustained_rate=1672305105 msg/s allocs=0 workers=2 crc_kernel=reflect
PR1_HYDRA_SUSTAINED_VERDICT rate=1672305105 (duration=5.00s, total_msgs=8362189819, workers=2)
PR1_GIGAHFT_VERDICT rate=1672305105 target=1000000000 -> PASS (Project 1.0B: bit-exact, zero-alloc, every byte verified in-window, cross-pass double-buffered fabric)
PR1_R8_FULL_VERIFY_VERDICT rate=1672305105 target=1000000000 -> PASS (R8: 1B msg/s sustained full verification — bit-exact, zero-alloc, every byte CRC32C-verified in-window)
PR1_R16_FULL_VERIFY_VERDICT rate=1672305105 target=2000000000 -> FAIL (R16: 2B msg/s sustained full verification — the Double Helix program, docs/29)
R16B_RXDESC_VERDICT rx_fixes=0 assist_chunks=296769 (array-driven submission telemetry; fixes=0 means every RX prefill entry was already exact)
R23B_AFFINE_VERDICT arm=sustained armed=false tag_hits=0 payload_fallbacks=0 ledger_rows=0 (R23c: zero-re-read affine verification on the worker fabric)
PR1_R23_AFFINE_SUSTAINED_VERDICT rate=1672305105 target=2500000000 -> FAIL (R23: 2.5B+ sustained full verification from register tags — the affine-span algebra program, docs/36)
=== 11n. R12: Compact 8-Byte Span Descriptors OFF (rollback attribution) ===
[1m[92m    Finished[0m `release` profile [optimized] target(s) in 0.01s
[1m[92m     Running[0m `target/release/bench --hydra-only`
BENCH_CALIBRATION invariant_tsc=true freq_mhz=2596.12 mark_overhead_cycles=52
=== R6. PR-1 HYDRA BIT-EXACT MULTI-CORE SPAN CONFORMANCE ===
BLOB_BACKING mode=mmap anon_huge_kb=16384 map_mb=16.5 verdict=thp-granted
HYDRA_BITPARITY sequential=(count=505849 hash=0x881639cead506f25 msg_hash=0xcbf29ce484222325) hydra=(count=505849 hash=0x881639cead506f25 msg_hash=0xcbf29ce484222325) -> BIT-EXACT
BENCH mode=replay-hydra-burst msgs=505849 rate=1260403299 allocs=0 freq=2596.12MHz workers=2 run=1
BENCH mode=replay-hydra-burst msgs=505849 rate=1422402496 allocs=0 freq=2596.12MHz workers=2 run=2
BENCH mode=replay-hydra-burst msgs=505849 rate=1441929341 allocs=0 freq=2596.12MHz workers=2 run=3
BENCH mode=replay-hydra-burst msgs=505849 rate=1622949452 allocs=0 freq=2596.12MHz workers=2 run=4
BENCH mode=replay-hydra-burst msgs=505849 rate=1620500647 allocs=0 freq=2596.12MHz workers=2 run=5
BENCH_MEDIAN mode=replay-hydra-burst rate=1441929341
R23B_AFFINE_VERDICT arm=burst armed=false tag_hits=0 payload_fallbacks=0 ledger_rows=0 (R23c: workers verify spans from register tags, zero payload reads; the (prefix,cum) triple checked per-span by the scalar affine law)
PR1_HYDRA_VERDICT rate=1441929341 (bit-exact multi-core span conformance: 2 workers, every emitted byte CRC32C-checked in-window, ordered serial fold)
PR1_GIGAHFT_BURST_VERDICT rate=1441929341 target=1000000000 -> PASS (R7 burst reference; the sustained arm below is the gate)
DIAG sustained: passes=16790 reset_ms=531.0 scan_ms=4465.3 end_ms=0.9 pending_max=9584 batches=369380 wait_ms=35.6 work_ms=4068.2 fold_ms=275.9 assist_chunks=365403 bytes_per_msg=27.65 crc_demand_gb_s=46.97
DIAG worker[0] sustained: cpu0(pinned) placement=[0, 2] batches=560775 spans=71769824 eval_ms=4960.0 idle_iters=35270 res_waits=0 fw=0 fw_ms=0.0
DIAG worker[1] sustained: cpu2(pinned) placement=[0, 2] batches=698999 spans=89463408 eval_ms=4942.3 idle_iters=31869 res_waits=848 fw=0 fw_ms=0.0
DIAG rx sustained: publications=369440 polls=1460968 prod_ms=1429.7 bufwait_laps=134359 resets=16792 eos_parks=0 nbuf=16 rx_actual_cpu=3
ADVANCE_DIAGNOSTIC sustained: advances=16792 advance_ms=121.0 us_per_advance=7.2 (F-5 reset/auto-advance hygiene — the synchronous bake tail the per-publication prepatch budget drains; HFT_PREPATCH_BUDGET prices it)
RXWARM_DIAGNOSTIC sustained: enabled=false fixes=0 uncovered=0 last_pass_fixes=0 (F-1 frame-entry warm start; the steady-state law is fixes==0 on pass>=2 — the kill rule reads persistent fixes)
RXBUILD_DIAGNOSTIC sustained: enabled=true patches=369335924 last_pass_patches=21996 frames=21996 (F-2 publish-by-reference master; the steady-state law is every patchable entry patched exactly once per pass boundary)
DIAG cons sustained: parks=22 park_ms=3.7 slow_waits=22 slow_ms=4.1
BENCH mode=replay-hydra-sustained-5s total_msgs=8493204710 duration=5.00s sustained_rate=1698588751 msg/s allocs=0 workers=2 crc_kernel=reflect
PR1_HYDRA_SUSTAINED_VERDICT rate=1698588751 (duration=5.00s, total_msgs=8493204710, workers=2)
PR1_GIGAHFT_VERDICT rate=1698588751 target=1000000000 -> PASS (Project 1.0B: bit-exact, zero-alloc, every byte verified in-window, cross-pass double-buffered fabric)
PR1_R8_FULL_VERIFY_VERDICT rate=1698588751 target=1000000000 -> PASS (R8: 1B msg/s sustained full verification — bit-exact, zero-alloc, every byte CRC32C-verified in-window)
PR1_R16_FULL_VERIFY_VERDICT rate=1698588751 target=2000000000 -> FAIL (R16: 2B msg/s sustained full verification — the Double Helix program, docs/29)
R16B_RXDESC_VERDICT rx_fixes=0 assist_chunks=365403 (array-driven submission telemetry; fixes=0 means every RX prefill entry was already exact)
R23B_AFFINE_VERDICT arm=sustained armed=false tag_hits=0 payload_fallbacks=0 ledger_rows=0 (R23c: zero-re-read affine verification on the worker fabric)
PR1_R23_AFFINE_SUSTAINED_VERDICT rate=1698588751 target=2500000000 -> FAIL (R23: 2.5B+ sustained full verification from register tags — the affine-span algebra program, docs/36)
=== 11r. R13: Mirror-Domain Fold Kernel Soak (rollback attribution) ===
[1m[92m    Finished[0m `release` profile [optimized] target(s) in 0.01s
[1m[92m     Running[0m `target/release/bench --hydra-only`
BENCH_CALIBRATION invariant_tsc=true freq_mhz=2596.12 mark_overhead_cycles=52
=== R6. PR-1 HYDRA BIT-EXACT MULTI-CORE SPAN CONFORMANCE ===
BLOB_BACKING mode=mmap anon_huge_kb=16384 map_mb=16.5 verdict=thp-granted
HYDRA_BITPARITY sequential=(count=505849 hash=0x881639cead506f25 msg_hash=0xcbf29ce484222325) hydra=(count=505849 hash=0x881639cead506f25 msg_hash=0xcbf29ce484222325) -> BIT-EXACT
BENCH mode=replay-hydra-burst msgs=505849 rate=1350446768 allocs=0 freq=2596.12MHz workers=2 run=1
BENCH mode=replay-hydra-burst msgs=505849 rate=1388920464 allocs=0 freq=2596.12MHz workers=2 run=2
BENCH mode=replay-hydra-burst msgs=505849 rate=1548653249 allocs=0 freq=2596.12MHz workers=2 run=3
BENCH mode=replay-hydra-burst msgs=505849 rate=1615011318 allocs=0 freq=2596.12MHz workers=2 run=4
BENCH mode=replay-hydra-burst msgs=505849 rate=1736313865 allocs=0 freq=2596.12MHz workers=2 run=5
BENCH_MEDIAN mode=replay-hydra-burst rate=1548653249
R23B_AFFINE_VERDICT arm=burst armed=false tag_hits=0 payload_fallbacks=0 ledger_rows=0 (R23c: workers verify spans from register tags, zero payload reads; the (prefix,cum) triple checked per-span by the scalar affine law)
PR1_HYDRA_VERDICT rate=1548653249 (bit-exact multi-core span conformance: 2 workers, every emitted byte CRC32C-checked in-window, ordered serial fold)
PR1_GIGAHFT_BURST_VERDICT rate=1548653249 target=1000000000 -> PASS (R7 burst reference; the sustained arm below is the gate)
DIAG sustained: passes=17082 reset_ms=472.2 scan_ms=4524.1 end_ms=1.0 pending_max=9923 batches=375804 wait_ms=41.4 work_ms=4116.1 fold_ms=287.1 assist_chunks=378429 bytes_per_msg=27.65 crc_demand_gb_s=47.79
DIAG worker[0] sustained: cpu0(pinned) placement=[0, 2] batches=582237 spans=74508421 eval_ms=4946.4 idle_iters=61690 res_waits=1032 fw=0 fw_ms=0.0
DIAG worker[1] sustained: cpu2(pinned) placement=[0, 2] batches=716291 spans=91668591 eval_ms=4935.8 idle_iters=62558 res_waits=428 fw=0 fw_ms=0.0
DIAG rx sustained: publications=375864 polls=1486372 prod_ms=1527.7 bufwait_laps=136744 resets=17084 eos_parks=0 nbuf=16 rx_actual_cpu=3
ADVANCE_DIAGNOSTIC sustained: advances=17084 advance_ms=116.1 us_per_advance=6.8 (F-5 reset/auto-advance hygiene — the synchronous bake tail the per-publication prepatch budget drains; HFT_PREPATCH_BUDGET prices it)
RXWARM_DIAGNOSTIC sustained: enabled=false fixes=0 uncovered=0 last_pass_fixes=0 (F-1 frame-entry warm start; the steady-state law is fixes==0 on pass>=2 — the kill rule reads persistent fixes)
RXBUILD_DIAGNOSTIC sustained: enabled=true patches=375758820 last_pass_patches=21996 frames=21996 (F-2 publish-by-reference master; the steady-state law is every patchable entry patched exactly once per pass boundary)
DIAG cons sustained: parks=27 park_ms=7.0 slow_waits=27 slow_ms=7.4
BENCH mode=replay-hydra-sustained-5s total_msgs=8640912618 duration=5.00s sustained_rate=1728119246 msg/s allocs=0 workers=2 crc_kernel=fold512
PR1_HYDRA_SUSTAINED_VERDICT rate=1728119246 (duration=5.00s, total_msgs=8640912618, workers=2)
PR1_GIGAHFT_VERDICT rate=1728119246 target=1000000000 -> PASS (Project 1.0B: bit-exact, zero-alloc, every byte verified in-window, cross-pass double-buffered fabric)
PR1_R8_FULL_VERIFY_VERDICT rate=1728119246 target=1000000000 -> PASS (R8: 1B msg/s sustained full verification — bit-exact, zero-alloc, every byte CRC32C-verified in-window)
PR1_R16_FULL_VERIFY_VERDICT rate=1728119246 target=2000000000 -> FAIL (R16: 2B msg/s sustained full verification — the Double Helix program, docs/29)
R16B_RXDESC_VERDICT rx_fixes=0 assist_chunks=378429 (array-driven submission telemetry; fixes=0 means every RX prefill entry was already exact)
R23B_AFFINE_VERDICT arm=sustained armed=false tag_hits=0 payload_fallbacks=0 ledger_rows=0 (R23c: zero-re-read affine verification on the worker fabric)
PR1_R23_AFFINE_SUSTAINED_VERDICT rate=1728119246 target=2500000000 -> FAIL (R23: 2.5B+ sustained full verification from register tags — the affine-span algebra program, docs/36)
=== 11s. R14: Vector Barrett Ending OFF (rollback attribution) ===
[1m[92m    Finished[0m `release` profile [optimized] target(s) in 0.01s
[1m[92m     Running[0m `target/release/bench --hydra-only`
BENCH_CALIBRATION invariant_tsc=true freq_mhz=2596.12 mark_overhead_cycles=52
=== R6. PR-1 HYDRA BIT-EXACT MULTI-CORE SPAN CONFORMANCE ===
BLOB_BACKING mode=mmap anon_huge_kb=16384 map_mb=16.5 verdict=thp-granted
HYDRA_BITPARITY sequential=(count=505849 hash=0x881639cead506f25 msg_hash=0xcbf29ce484222325) hydra=(count=505849 hash=0x881639cead506f25 msg_hash=0xcbf29ce484222325) -> BIT-EXACT
BENCH mode=replay-hydra-burst msgs=505849 rate=1376954443 allocs=0 freq=2596.12MHz workers=2 run=1
BENCH mode=replay-hydra-burst msgs=505849 rate=1411980293 allocs=0 freq=2596.12MHz workers=2 run=2
BENCH mode=replay-hydra-burst msgs=505849 rate=1525134544 allocs=0 freq=2596.12MHz workers=2 run=3
BENCH mode=replay-hydra-burst msgs=505849 rate=1546569931 allocs=0 freq=2596.12MHz workers=2 run=4
BENCH mode=replay-hydra-burst msgs=505849 rate=1549464417 allocs=0 freq=2596.12MHz workers=2 run=5
BENCH_MEDIAN mode=replay-hydra-burst rate=1525134544
R23B_AFFINE_VERDICT arm=burst armed=false tag_hits=0 payload_fallbacks=0 ledger_rows=0 (R23c: workers verify spans from register tags, zero payload reads; the (prefix,cum) triple checked per-span by the scalar affine law)
PR1_HYDRA_VERDICT rate=1525134544 (bit-exact multi-core span conformance: 2 workers, every emitted byte CRC32C-checked in-window, ordered serial fold)
PR1_GIGAHFT_BURST_VERDICT rate=1525134544 target=1000000000 -> PASS (R7 burst reference; the sustained arm below is the gate)
DIAG sustained: passes=15674 reset_ms=680.8 scan_ms=4315.5 end_ms=0.9 pending_max=11349 batches=344828 wait_ms=55.8 work_ms=3901.8 fold_ms=272.2 assist_chunks=336328 bytes_per_msg=27.65 crc_demand_gb_s=43.85
DIAG worker[0] sustained: cpu0(pinned) placement=[0, 2] batches=533256 spans=68201107 eval_ms=4763.8 idle_iters=371591 res_waits=8939 fw=0 fw_ms=0.0
DIAG worker[1] sustained: cpu2(pinned) placement=[0, 2] batches=664520 spans=84990676 eval_ms=4751.1 idle_iters=374406 res_waits=480 fw=0 fw_ms=0.0
DIAG rx sustained: publications=344888 polls=1363876 prod_ms=1425.9 bufwait_laps=126962 resets=15676 eos_parks=0 nbuf=16 rx_actual_cpu=3
ADVANCE_DIAGNOSTIC sustained: advances=15676 advance_ms=130.8 us_per_advance=8.3 (F-5 reset/auto-advance hygiene — the synchronous bake tail the per-publication prepatch budget drains; HFT_PREPATCH_BUDGET prices it)
RXWARM_DIAGNOSTIC sustained: enabled=false fixes=0 uncovered=0 last_pass_fixes=0 (F-1 frame-entry warm start; the steady-state law is fixes==0 on pass>=2 — the kill rule reads persistent fixes)
RXBUILD_DIAGNOSTIC sustained: enabled=true patches=344788452 last_pass_patches=21996 frames=21996 (F-2 publish-by-reference master; the steady-state law is every patchable entry patched exactly once per pass boundary)
DIAG cons sustained: parks=40 park_ms=24.4 slow_waits=40 slow_ms=25.0
BENCH mode=replay-hydra-sustained-5s total_msgs=7928677226 duration=5.00s sustained_rate=1585624952 msg/s allocs=0 workers=2 crc_kernel=reflect
PR1_HYDRA_SUSTAINED_VERDICT rate=1585624952 (duration=5.00s, total_msgs=7928677226, workers=2)
PR1_GIGAHFT_VERDICT rate=1585624952 target=1000000000 -> PASS (Project 1.0B: bit-exact, zero-alloc, every byte verified in-window, cross-pass double-buffered fabric)
PR1_R8_FULL_VERIFY_VERDICT rate=1585624952 target=1000000000 -> PASS (R8: 1B msg/s sustained full verification — bit-exact, zero-alloc, every byte CRC32C-verified in-window)
PR1_R16_FULL_VERIFY_VERDICT rate=1585624952 target=2000000000 -> FAIL (R16: 2B msg/s sustained full verification — the Double Helix program, docs/29)
R16B_RXDESC_VERDICT rx_fixes=0 assist_chunks=336328 (array-driven submission telemetry; fixes=0 means every RX prefill entry was already exact)
R23B_AFFINE_VERDICT arm=sustained armed=false tag_hits=0 payload_fallbacks=0 ledger_rows=0 (R23c: zero-re-read affine verification on the worker fabric)
PR1_R23_AFFINE_SUSTAINED_VERDICT rate=1585624952 target=2500000000 -> FAIL (R23: 2.5B+ sustained full verification from register tags — the affine-span algebra program, docs/36)
=== 11t. R15: Vectorized Tail (vtail) OFF (rollback attribution) ===
[1m[92m    Finished[0m `release` profile [optimized] target(s) in 0.01s
[1m[92m     Running[0m `target/release/bench --hydra-only`
BENCH_CALIBRATION invariant_tsc=true freq_mhz=2596.12 mark_overhead_cycles=52
=== R6. PR-1 HYDRA BIT-EXACT MULTI-CORE SPAN CONFORMANCE ===
BLOB_BACKING mode=mmap anon_huge_kb=16384 map_mb=16.5 verdict=thp-granted
HYDRA_BITPARITY sequential=(count=505849 hash=0x881639cead506f25 msg_hash=0xcbf29ce484222325) hydra=(count=505849 hash=0x881639cead506f25 msg_hash=0xcbf29ce484222325) -> BIT-EXACT
BENCH mode=replay-hydra-burst msgs=505849 rate=1342871629 allocs=0 freq=2596.12MHz workers=2 run=1
BENCH mode=replay-hydra-burst msgs=505849 rate=1479956114 allocs=0 freq=2596.12MHz workers=2 run=2
BENCH mode=replay-hydra-burst msgs=505849 rate=1586449682 allocs=0 freq=2596.12MHz workers=2 run=3
BENCH mode=replay-hydra-burst msgs=505849 rate=1694375406 allocs=0 freq=2596.12MHz workers=2 run=4
BENCH mode=replay-hydra-burst msgs=505849 rate=1708649156 allocs=0 freq=2596.12MHz workers=2 run=5
BENCH_MEDIAN mode=replay-hydra-burst rate=1586449682
R23B_AFFINE_VERDICT arm=burst armed=false tag_hits=0 payload_fallbacks=0 ledger_rows=0 (R23c: workers verify spans from register tags, zero payload reads; the (prefix,cum) triple checked per-span by the scalar affine law)
PR1_HYDRA_VERDICT rate=1586449682 (bit-exact multi-core span conformance: 2 workers, every emitted byte CRC32C-checked in-window, ordered serial fold)
PR1_GIGAHFT_BURST_VERDICT rate=1586449682 target=1000000000 -> PASS (R7 burst reference; the sustained arm below is the gate)
DIAG sustained: passes=16505 reset_ms=490.7 scan_ms=4505.4 end_ms=1.0 pending_max=8000 batches=363110 wait_ms=35.4 work_ms=4097.3 fold_ms=286.2 assist_chunks=360665 bytes_per_msg=27.65 crc_demand_gb_s=46.17
DIAG worker[0] sustained: cpu0(pinned) placement=[0, 2] batches=556425 spans=71209474 eval_ms=4964.1 idle_iters=29854 res_waits=0 fw=0 fw_ms=0.0
DIAG worker[1] sustained: cpu2(pinned) placement=[0, 2] batches=700798 spans=89682235 eval_ms=4951.4 idle_iters=35931 res_waits=912 fw=0 fw_ms=0.0
DIAG rx sustained: publications=363170 polls=1436173 prod_ms=1489.9 bufwait_laps=132308 resets=16507 eos_parks=0 nbuf=16 rx_actual_cpu=3
ADVANCE_DIAGNOSTIC sustained: advances=16507 advance_ms=132.6 us_per_advance=8.0 (F-5 reset/auto-advance hygiene — the synchronous bake tail the per-publication prepatch budget drains; HFT_PREPATCH_BUDGET prices it)
RXWARM_DIAGNOSTIC sustained: enabled=false fixes=0 uncovered=0 last_pass_fixes=0 (F-1 frame-entry warm start; the steady-state law is fixes==0 on pass>=2 — the kill rule reads persistent fixes)
RXBUILD_DIAGNOSTIC sustained: enabled=true patches=363067128 last_pass_patches=21996 frames=21996 (F-2 publish-by-reference master; the steady-state law is every patchable entry patched exactly once per pass boundary)
DIAG cons sustained: parks=16 park_ms=1.2 slow_waits=16 slow_ms=1.5
BENCH mode=replay-hydra-sustained-5s total_msgs=8349037745 duration=5.00s sustained_rate=1669754836 msg/s allocs=0 workers=2 crc_kernel=reflect
PR1_HYDRA_SUSTAINED_VERDICT rate=1669754836 (duration=5.00s, total_msgs=8349037745, workers=2)
PR1_GIGAHFT_VERDICT rate=1669754836 target=1000000000 -> PASS (Project 1.0B: bit-exact, zero-alloc, every byte verified in-window, cross-pass double-buffered fabric)
PR1_R8_FULL_VERIFY_VERDICT rate=1669754836 target=1000000000 -> PASS (R8: 1B msg/s sustained full verification — bit-exact, zero-alloc, every byte CRC32C-verified in-window)
PR1_R16_FULL_VERIFY_VERDICT rate=1669754836 target=2000000000 -> FAIL (R16: 2B msg/s sustained full verification — the Double Helix program, docs/29)
R16B_RXDESC_VERDICT rx_fixes=0 assist_chunks=360665 (array-driven submission telemetry; fixes=0 means every RX prefill entry was already exact)
R23B_AFFINE_VERDICT arm=sustained armed=false tag_hits=0 payload_fallbacks=0 ledger_rows=0 (R23c: zero-re-read affine verification on the worker fabric)
PR1_R23_AFFINE_SUSTAINED_VERDICT rate=1669754836 target=2500000000 -> FAIL (R23: 2.5B+ sustained full verification from register tags — the affine-span algebra program, docs/36)
=== 11u. R15: Worker Drain Granularity Sweep (the supply-side rebalance) ===
[1m[92m    Finished[0m `release` profile [optimized] target(s) in 0.01s
[1m[92m     Running[0m `target/release/bench --hydra-only`
BENCH_CALIBRATION invariant_tsc=true freq_mhz=2596.12 mark_overhead_cycles=52
=== R6. PR-1 HYDRA BIT-EXACT MULTI-CORE SPAN CONFORMANCE ===
BLOB_BACKING mode=mmap anon_huge_kb=16384 map_mb=16.5 verdict=thp-granted
HYDRA_BITPARITY sequential=(count=505849 hash=0x881639cead506f25 msg_hash=0xcbf29ce484222325) hydra=(count=505849 hash=0x881639cead506f25 msg_hash=0xcbf29ce484222325) -> BIT-EXACT
BENCH mode=replay-hydra-burst msgs=505849 rate=1256486748 allocs=0 freq=2596.12MHz workers=2 run=1
BENCH mode=replay-hydra-burst msgs=505849 rate=1340945781 allocs=0 freq=2596.12MHz workers=2 run=2
BENCH mode=replay-hydra-burst msgs=505849 rate=1458547303 allocs=0 freq=2596.12MHz workers=2 run=3
BENCH mode=replay-hydra-burst msgs=505849 rate=1413286060 allocs=0 freq=2596.12MHz workers=2 run=4
BENCH mode=replay-hydra-burst msgs=505849 rate=1608479151 allocs=0 freq=2596.12MHz workers=2 run=5
BENCH_MEDIAN mode=replay-hydra-burst rate=1413286060
R23B_AFFINE_VERDICT arm=burst armed=false tag_hits=0 payload_fallbacks=0 ledger_rows=0 (R23c: workers verify spans from register tags, zero payload reads; the (prefix,cum) triple checked per-span by the scalar affine law)
PR1_HYDRA_VERDICT rate=1413286060 (bit-exact multi-core span conformance: 2 workers, every emitted byte CRC32C-checked in-window, ordered serial fold)
PR1_GIGAHFT_BURST_VERDICT rate=1413286060 target=1000000000 -> PASS (R7 burst reference; the sustained arm below is the gate)
DIAG sustained: passes=16629 reset_ms=491.2 scan_ms=4505.3 end_ms=0.9 pending_max=7338 batches=365838 wait_ms=35.3 work_ms=4098.8 fold_ms=285.8 assist_chunks=376796 bytes_per_msg=27.65 crc_demand_gb_s=46.52
DIAG worker[0] sustained: cpu0(pinned) placement=[0, 2] batches=1115422 spans=71383412 eval_ms=4937.6 idle_iters=32423 res_waits=0 fw=0 fw_ms=0.0
DIAG worker[1] sustained: cpu2(pinned) placement=[0, 2] batches=1404068 spans=89856673 eval_ms=4917.4 idle_iters=31075 res_waits=62 fw=0 fw_ms=0.0
DIAG rx sustained: publications=365898 polls=1446961 prod_ms=1470.6 bufwait_laps=133061 resets=16631 eos_parks=0 nbuf=16 rx_actual_cpu=3
ADVANCE_DIAGNOSTIC sustained: advances=16631 advance_ms=133.8 us_per_advance=8.0 (F-5 reset/auto-advance hygiene — the synchronous bake tail the per-publication prepatch budget drains; HFT_PREPATCH_BUDGET prices it)
RXWARM_DIAGNOSTIC sustained: enabled=false fixes=0 uncovered=0 last_pass_fixes=0 (F-1 frame-entry warm start; the steady-state law is fixes==0 on pass>=2 — the kill rule reads persistent fixes)
RXBUILD_DIAGNOSTIC sustained: enabled=true patches=365794632 last_pass_patches=21996 frames=21996 (F-2 publish-by-reference master; the steady-state law is every patchable entry patched exactly once per pass boundary)
DIAG cons sustained: parks=21 park_ms=1.7 slow_waits=21 slow_ms=2.0
BENCH mode=replay-hydra-sustained-5s total_msgs=8411763021 duration=5.00s sustained_rate=1682232980 msg/s allocs=0 workers=2 crc_kernel=reflect
PR1_HYDRA_SUSTAINED_VERDICT rate=1682232980 (duration=5.00s, total_msgs=8411763021, workers=2)
PR1_GIGAHFT_VERDICT rate=1682232980 target=1000000000 -> PASS (Project 1.0B: bit-exact, zero-alloc, every byte verified in-window, cross-pass double-buffered fabric)
PR1_R8_FULL_VERIFY_VERDICT rate=1682232980 target=1000000000 -> PASS (R8: 1B msg/s sustained full verification — bit-exact, zero-alloc, every byte CRC32C-verified in-window)
PR1_R16_FULL_VERIFY_VERDICT rate=1682232980 target=2000000000 -> FAIL (R16: 2B msg/s sustained full verification — the Double Helix program, docs/29)
R16B_RXDESC_VERDICT rx_fixes=0 assist_chunks=376796 (array-driven submission telemetry; fixes=0 means every RX prefill entry was already exact)
R23B_AFFINE_VERDICT arm=sustained armed=false tag_hits=0 payload_fallbacks=0 ledger_rows=0 (R23c: zero-re-read affine verification on the worker fabric)
PR1_R23_AFFINE_SUSTAINED_VERDICT rate=1682232980 target=2500000000 -> FAIL (R23: 2.5B+ sustained full verification from register tags — the affine-span algebra program, docs/36)
[1m[92m    Finished[0m `release` profile [optimized] target(s) in 0.01s
[1m[92m     Running[0m `target/release/bench --hydra-only`
BENCH_CALIBRATION invariant_tsc=true freq_mhz=2596.12 mark_overhead_cycles=52
=== R6. PR-1 HYDRA BIT-EXACT MULTI-CORE SPAN CONFORMANCE ===
BLOB_BACKING mode=mmap anon_huge_kb=14336 map_mb=16.5 verdict=thp-granted
HYDRA_BITPARITY sequential=(count=505849 hash=0x881639cead506f25 msg_hash=0xcbf29ce484222325) hydra=(count=505849 hash=0x881639cead506f25 msg_hash=0xcbf29ce484222325) -> BIT-EXACT
BENCH mode=replay-hydra-burst msgs=505849 rate=1314767741 allocs=0 freq=2596.12MHz workers=2 run=1
BENCH mode=replay-hydra-burst msgs=505849 rate=1454094670 allocs=0 freq=2596.12MHz workers=2 run=2
BENCH mode=replay-hydra-burst msgs=505849 rate=1614645310 allocs=0 freq=2596.12MHz workers=2 run=3
BENCH mode=replay-hydra-burst msgs=505849 rate=1606685935 allocs=0 freq=2596.12MHz workers=2 run=4
BENCH mode=replay-hydra-burst msgs=505849 rate=1632018402 allocs=0 freq=2596.12MHz workers=2 run=5
BENCH_MEDIAN mode=replay-hydra-burst rate=1606685935
R23B_AFFINE_VERDICT arm=burst armed=false tag_hits=0 payload_fallbacks=0 ledger_rows=0 (R23c: workers verify spans from register tags, zero payload reads; the (prefix,cum) triple checked per-span by the scalar affine law)
PR1_HYDRA_VERDICT rate=1606685935 (bit-exact multi-core span conformance: 2 workers, every emitted byte CRC32C-checked in-window, ordered serial fold)
PR1_GIGAHFT_BURST_VERDICT rate=1606685935 target=1000000000 -> PASS (R7 burst reference; the sustained arm below is the gate)
DIAG sustained: passes=17363 reset_ms=490.4 scan_ms=4505.9 end_ms=1.0 pending_max=6945 batches=381986 wait_ms=35.4 work_ms=4098.6 fold_ms=286.3 assist_chunks=379892 bytes_per_msg=27.65 crc_demand_gb_s=48.57
DIAG worker[0] sustained: cpu0(pinned) placement=[0, 2] batches=294933 spans=75469807 eval_ms=4978.8 idle_iters=30041 res_waits=155 fw=0 fw_ms=0.0
DIAG worker[1] sustained: cpu2(pinned) placement=[0, 2] batches=366437 spans=93773399 eval_ms=4972.5 idle_iters=29869 res_waits=0 fw=0 fw_ms=0.0
DIAG rx sustained: publications=382046 polls=1510819 prod_ms=1446.6 bufwait_laps=138907 resets=17365 eos_parks=0 nbuf=16 rx_actual_cpu=3
ADVANCE_DIAGNOSTIC sustained: advances=17365 advance_ms=112.2 us_per_advance=6.5 (F-5 reset/auto-advance hygiene — the synchronous bake tail the per-publication prepatch budget drains; HFT_PREPATCH_BUDGET prices it)
RXWARM_DIAGNOSTIC sustained: enabled=false fixes=0 uncovered=0 last_pass_fixes=0 (F-1 frame-entry warm start; the steady-state law is fixes==0 on pass>=2 — the kill rule reads persistent fixes)
RXBUILD_DIAGNOSTIC sustained: enabled=true patches=381939696 last_pass_patches=21996 frames=21996 (F-2 publish-by-reference master; the steady-state law is every patchable entry patched exactly once per pass boundary)
DIAG cons sustained: parks=20 park_ms=1.6 slow_waits=20 slow_ms=1.9
BENCH mode=replay-hydra-sustained-5s total_msgs=8783056187 duration=5.00s sustained_rate=1756517830 msg/s allocs=0 workers=2 crc_kernel=reflect
PR1_HYDRA_SUSTAINED_VERDICT rate=1756517830 (duration=5.00s, total_msgs=8783056187, workers=2)
PR1_GIGAHFT_VERDICT rate=1756517830 target=1000000000 -> PASS (Project 1.0B: bit-exact, zero-alloc, every byte verified in-window, cross-pass double-buffered fabric)
PR1_R8_FULL_VERIFY_VERDICT rate=1756517830 target=1000000000 -> PASS (R8: 1B msg/s sustained full verification — bit-exact, zero-alloc, every byte CRC32C-verified in-window)
PR1_R16_FULL_VERIFY_VERDICT rate=1756517830 target=2000000000 -> FAIL (R16: 2B msg/s sustained full verification — the Double Helix program, docs/29)
R16B_RXDESC_VERDICT rx_fixes=0 assist_chunks=379892 (array-driven submission telemetry; fixes=0 means every RX prefill entry was already exact)
R23B_AFFINE_VERDICT arm=sustained armed=false tag_hits=0 payload_fallbacks=0 ledger_rows=0 (R23c: zero-re-read affine verification on the worker fabric)
PR1_R23_AFFINE_SUSTAINED_VERDICT rate=1756517830 target=2500000000 -> FAIL (R23: 2.5B+ sustained full verification from register tags — the affine-span algebra program, docs/36)
=== 11wm. R17: Assist-Watermark Deep-Soak, SIBLINGS (the A3-b pricing where the assist lives) ===
[1m[92m    Finished[0m `release` profile [optimized] target(s) in 0.00s
[1m[92m     Running[0m `target/release/bench --hydra-only`
BENCH_CALIBRATION invariant_tsc=true freq_mhz=2596.12 mark_overhead_cycles=52
=== R6. PR-1 HYDRA BIT-EXACT MULTI-CORE SPAN CONFORMANCE ===
BLOB_BACKING mode=mmap anon_huge_kb=16384 map_mb=16.5 verdict=thp-granted
HYDRA_BITPARITY sequential=(count=505849 hash=0x881639cead506f25 msg_hash=0xcbf29ce484222325) hydra=(count=505849 hash=0x881639cead506f25 msg_hash=0xcbf29ce484222325) -> BIT-EXACT
BENCH mode=replay-hydra-burst msgs=505849 rate=1277038506 allocs=0 freq=2596.12MHz workers=2 run=1
BENCH mode=replay-hydra-burst msgs=505849 rate=1340803609 allocs=0 freq=2596.12MHz workers=2 run=2
BENCH mode=replay-hydra-burst msgs=505849 rate=1392556682 allocs=0 freq=2596.12MHz workers=2 run=3
BENCH mode=replay-hydra-burst msgs=505849 rate=1475892875 allocs=0 freq=2596.12MHz workers=2 run=4
BENCH mode=replay-hydra-burst msgs=505849 rate=1466420257 allocs=0 freq=2596.12MHz workers=2 run=5
BENCH_MEDIAN mode=replay-hydra-burst rate=1392556682
R23B_AFFINE_VERDICT arm=burst armed=false tag_hits=0 payload_fallbacks=0 ledger_rows=0 (R23c: workers verify spans from register tags, zero payload reads; the (prefix,cum) triple checked per-span by the scalar affine law)
PR1_HYDRA_VERDICT rate=1392556682 (bit-exact multi-core span conformance: 2 workers, every emitted byte CRC32C-checked in-window, ordered serial fold)
PR1_GIGAHFT_BURST_VERDICT rate=1392556682 target=1000000000 -> PASS (R7 burst reference; the sustained arm below is the gate)
DIAG sustained: passes=17573 reset_ms=408.3 scan_ms=4577.9 end_ms=1.7 pending_max=11557 batches=386606 wait_ms=26.8 work_ms=4185.6 fold_ms=290.1 assist_chunks=614490 bytes_per_msg=27.65 crc_demand_gb_s=49.16
DIAG worker[0] sustained: cpu2(pinned) placement=[2, 3] batches=611963 spans=78327454 eval_ms=4962.0 idle_iters=21488 res_waits=2990 fw=0 fw_ms=0.0
DIAG worker[1] sustained: cpu3(pinned) placement=[2, 3] batches=609841 spans=78055068 eval_ms=4961.0 idle_iters=18130 res_waits=216 fw=0 fw_ms=0.0
DIAG rx sustained: publications=386666 polls=1529089 prod_ms=1523.2 bufwait_laps=140671 resets=17575 eos_parks=0 nbuf=16 rx_actual_cpu=1
ADVANCE_DIAGNOSTIC sustained: advances=17575 advance_ms=78.9 us_per_advance=4.5 (F-5 reset/auto-advance hygiene — the synchronous bake tail the per-publication prepatch budget drains; HFT_PREPATCH_BUDGET prices it)
RXWARM_DIAGNOSTIC sustained: enabled=false fixes=0 uncovered=0 last_pass_fixes=0 (F-1 frame-entry warm start; the steady-state law is fixes==0 on pass>=2 — the kill rule reads persistent fixes)
RXBUILD_DIAGNOSTIC sustained: enabled=true patches=386558920 last_pass_patches=21996 frames=21996 (F-2 publish-by-reference master; the steady-state law is every patchable entry patched exactly once per pass boundary)
DIAG cons sustained: parks=24 park_ms=1.3 slow_waits=24 slow_ms=1.6
BENCH mode=replay-hydra-sustained-5s total_msgs=8889284477 duration=5.00s sustained_rate=1777762266 msg/s allocs=0 workers=2 crc_kernel=reflect
PR1_HYDRA_SUSTAINED_VERDICT rate=1777762266 (duration=5.00s, total_msgs=8889284477, workers=2)
PR1_GIGAHFT_VERDICT rate=1777762266 target=1000000000 -> PASS (Project 1.0B: bit-exact, zero-alloc, every byte verified in-window, cross-pass double-buffered fabric)
PR1_R8_FULL_VERIFY_VERDICT rate=1777762266 target=1000000000 -> PASS (R8: 1B msg/s sustained full verification — bit-exact, zero-alloc, every byte CRC32C-verified in-window)
PR1_R16_FULL_VERIFY_VERDICT rate=1777762266 target=2000000000 -> FAIL (R16: 2B msg/s sustained full verification — the Double Helix program, docs/29)
R16B_RXDESC_VERDICT rx_fixes=0 assist_chunks=614490 (array-driven submission telemetry; fixes=0 means every RX prefill entry was already exact)
R23B_AFFINE_VERDICT arm=sustained armed=false tag_hits=0 payload_fallbacks=0 ledger_rows=0 (R23c: zero-re-read affine verification on the worker fabric)
PR1_R23_AFFINE_SUSTAINED_VERDICT rate=1777762266 target=2500000000 -> FAIL (R23: 2.5B+ sustained full verification from register tags — the affine-span algebra program, docs/36)
=== 11v. R16: Dual-Stream Fold (dfold) ARMED Soak (attribution) ===
[1m[92m    Finished[0m `release` profile [optimized] target(s) in 0.01s
[1m[92m     Running[0m `target/release/bench --hydra-only`
BENCH_CALIBRATION invariant_tsc=true freq_mhz=2596.12 mark_overhead_cycles=52
=== R6. PR-1 HYDRA BIT-EXACT MULTI-CORE SPAN CONFORMANCE ===
BLOB_BACKING mode=mmap anon_huge_kb=14336 map_mb=16.5 verdict=thp-granted
HYDRA_BITPARITY sequential=(count=505849 hash=0x881639cead506f25 msg_hash=0xcbf29ce484222325) hydra=(count=505849 hash=0x881639cead506f25 msg_hash=0xcbf29ce484222325) -> BIT-EXACT
BENCH mode=replay-hydra-burst msgs=505849 rate=1443249936 allocs=0 freq=2596.12MHz workers=2 run=1
BENCH mode=replay-hydra-burst msgs=505849 rate=1502404267 allocs=0 freq=2596.12MHz workers=2 run=2
BENCH mode=replay-hydra-burst msgs=505849 rate=1651768017 allocs=0 freq=2596.12MHz workers=2 run=3
BENCH mode=replay-hydra-burst msgs=505849 rate=1640178203 allocs=0 freq=2596.12MHz workers=2 run=4
BENCH mode=replay-hydra-burst msgs=505849 rate=1614805096 allocs=0 freq=2596.12MHz workers=2 run=5
BENCH_MEDIAN mode=replay-hydra-burst rate=1614805096
R23B_AFFINE_VERDICT arm=burst armed=false tag_hits=0 payload_fallbacks=0 ledger_rows=0 (R23c: workers verify spans from register tags, zero payload reads; the (prefix,cum) triple checked per-span by the scalar affine law)
PR1_HYDRA_VERDICT rate=1614805096 (bit-exact multi-core span conformance: 2 workers, every emitted byte CRC32C-checked in-window, ordered serial fold)
PR1_GIGAHFT_BURST_VERDICT rate=1614805096 target=1000000000 -> PASS (R7 burst reference; the sustained arm below is the gate)
DIAG sustained: passes=17015 reset_ms=521.1 scan_ms=4475.2 end_ms=1.0 pending_max=6848 batches=374330 wait_ms=33.1 work_ms=4071.4 fold_ms=284.7 assist_chunks=372477 bytes_per_msg=27.65 crc_demand_gb_s=47.60
DIAG worker[0] sustained: cpu0(pinned) placement=[0, 2] batches=577250 spans=73853454 eval_ms=4948.5 idle_iters=58721 res_waits=0 fw=0 fw_ms=0.0
DIAG worker[1] sustained: cpu2(pinned) placement=[0, 2] batches=718744 spans=91964963 eval_ms=4936.4 idle_iters=57843 res_waits=0 fw=0 fw_ms=0.0
DIAG rx sustained: publications=374390 polls=1480543 prod_ms=1421.8 bufwait_laps=136149 resets=17017 eos_parks=0 nbuf=16 rx_actual_cpu=3
ADVANCE_DIAGNOSTIC sustained: advances=17017 advance_ms=122.3 us_per_advance=7.2 (F-5 reset/auto-advance hygiene — the synchronous bake tail the per-publication prepatch budget drains; HFT_PREPATCH_BUDGET prices it)
RXWARM_DIAGNOSTIC sustained: enabled=false fixes=0 uncovered=0 last_pass_fixes=0 (F-1 frame-entry warm start; the steady-state law is fixes==0 on pass>=2 — the kill rule reads persistent fixes)
RXBUILD_DIAGNOSTIC sustained: enabled=true patches=374285088 last_pass_patches=21996 frames=21996 (F-2 publish-by-reference master; the steady-state law is every patchable entry patched exactly once per pass boundary)
DIAG cons sustained: parks=20 park_ms=1.0 slow_waits=20 slow_ms=1.4
BENCH mode=replay-hydra-sustained-5s total_msgs=8607020735 duration=5.00s sustained_rate=1721337462 msg/s allocs=0 workers=2 crc_kernel=reflect
PR1_HYDRA_SUSTAINED_VERDICT rate=1721337462 (duration=5.00s, total_msgs=8607020735, workers=2)
PR1_GIGAHFT_VERDICT rate=1721337462 target=1000000000 -> PASS (Project 1.0B: bit-exact, zero-alloc, every byte verified in-window, cross-pass double-buffered fabric)
PR1_R8_FULL_VERIFY_VERDICT rate=1721337462 target=1000000000 -> PASS (R8: 1B msg/s sustained full verification — bit-exact, zero-alloc, every byte CRC32C-verified in-window)
PR1_R16_FULL_VERIFY_VERDICT rate=1721337462 target=2000000000 -> FAIL (R16: 2B msg/s sustained full verification — the Double Helix program, docs/29)
R16B_RXDESC_VERDICT rx_fixes=0 assist_chunks=372477 (array-driven submission telemetry; fixes=0 means every RX prefill entry was already exact)
R23B_AFFINE_VERDICT arm=sustained armed=false tag_hits=0 payload_fallbacks=0 ledger_rows=0 (R23c: zero-re-read affine verification on the worker fabric)
PR1_R23_AFFINE_SUSTAINED_VERDICT rate=1721337462 target=2500000000 -> FAIL (R23: 2.5B+ sustained full verification from register tags — the affine-span algebra program, docs/36)
=== 11oa. R21: Octo-Stream Fold (ofold) ARMED Soak (attribution) ===
[1m[92m    Finished[0m `release` profile [optimized] target(s) in 0.01s
[1m[92m     Running[0m `target/release/bench --hydra-only`
BENCH_CALIBRATION invariant_tsc=true freq_mhz=2596.12 mark_overhead_cycles=52
=== R6. PR-1 HYDRA BIT-EXACT MULTI-CORE SPAN CONFORMANCE ===
BLOB_BACKING mode=mmap anon_huge_kb=16384 map_mb=16.5 verdict=thp-granted
HYDRA_BITPARITY sequential=(count=505849 hash=0x881639cead506f25 msg_hash=0xcbf29ce484222325) hydra=(count=505849 hash=0x881639cead506f25 msg_hash=0xcbf29ce484222325) -> BIT-EXACT
BENCH mode=replay-hydra-burst msgs=505849 rate=663131965 allocs=0 freq=2596.12MHz workers=2 run=1
BENCH mode=replay-hydra-burst msgs=505849 rate=906225982 allocs=0 freq=2596.12MHz workers=2 run=2
BENCH mode=replay-hydra-burst msgs=505849 rate=1287619382 allocs=0 freq=2596.12MHz workers=2 run=3
BENCH mode=replay-hydra-burst msgs=505849 rate=1684265727 allocs=0 freq=2596.12MHz workers=2 run=4
BENCH mode=replay-hydra-burst msgs=505849 rate=1677774461 allocs=0 freq=2596.12MHz workers=2 run=5
BENCH_MEDIAN mode=replay-hydra-burst rate=1287619382
R23B_AFFINE_VERDICT arm=burst armed=false tag_hits=0 payload_fallbacks=0 ledger_rows=0 (R23c: workers verify spans from register tags, zero payload reads; the (prefix,cum) triple checked per-span by the scalar affine law)
PR1_HYDRA_VERDICT rate=1287619382 (bit-exact multi-core span conformance: 2 workers, every emitted byte CRC32C-checked in-window, ordered serial fold)
PR1_GIGAHFT_BURST_VERDICT rate=1287619382 target=1000000000 -> PASS (R7 burst reference; the sustained arm below is the gate)
DIAG sustained: passes=17106 reset_ms=477.0 scan_ms=4519.3 end_ms=1.0 pending_max=6293 batches=376332 wait_ms=35.0 work_ms=4110.7 fold_ms=288.2 assist_chunks=372308 bytes_per_msg=27.65 crc_demand_gb_s=47.85
DIAG worker[0] sustained: cpu0(pinned) placement=[0, 2] batches=574942 spans=73582633 eval_ms=4960.8 idle_iters=38637 res_waits=0 fw=0 fw_ms=0.0
DIAG worker[1] sustained: cpu2(pinned) placement=[0, 2] batches=728725 spans=93263297 eval_ms=4948.3 idle_iters=42863 res_waits=0 fw=0 fw_ms=0.0
DIAG rx sustained: publications=376392 polls=1488460 prod_ms=1488.7 bufwait_laps=136820 resets=17108 eos_parks=0 nbuf=16 rx_actual_cpu=3
ADVANCE_DIAGNOSTIC sustained: advances=17108 advance_ms=129.3 us_per_advance=7.6 (F-5 reset/auto-advance hygiene — the synchronous bake tail the per-publication prepatch budget drains; HFT_PREPATCH_BUDGET prices it)
RXWARM_DIAGNOSTIC sustained: enabled=false fixes=0 uncovered=0 last_pass_fixes=0 (F-1 frame-entry warm start; the steady-state law is fixes==0 on pass>=2 — the kill rule reads persistent fixes)
RXBUILD_DIAGNOSTIC sustained: enabled=true patches=376286724 last_pass_patches=21996 frames=21996 (F-2 publish-by-reference master; the steady-state law is every patchable entry patched exactly once per pass boundary)
DIAG cons sustained: parks=12 park_ms=0.6 slow_waits=12 slow_ms=0.7
BENCH mode=replay-hydra-sustained-5s total_msgs=8653052994 duration=5.00s sustained_rate=1730520980 msg/s allocs=0 workers=2 crc_kernel=reflect
PR1_HYDRA_SUSTAINED_VERDICT rate=1730520980 (duration=5.00s, total_msgs=8653052994, workers=2)
PR1_GIGAHFT_VERDICT rate=1730520980 target=1000000000 -> PASS (Project 1.0B: bit-exact, zero-alloc, every byte verified in-window, cross-pass double-buffered fabric)
PR1_R8_FULL_VERIFY_VERDICT rate=1730520980 target=1000000000 -> PASS (R8: 1B msg/s sustained full verification — bit-exact, zero-alloc, every byte CRC32C-verified in-window)
PR1_R16_FULL_VERIFY_VERDICT rate=1730520980 target=2000000000 -> FAIL (R16: 2B msg/s sustained full verification — the Double Helix program, docs/29)
R16B_RXDESC_VERDICT rx_fixes=0 assist_chunks=372308 (array-driven submission telemetry; fixes=0 means every RX prefill entry was already exact)
R23B_AFFINE_VERDICT arm=sustained armed=false tag_hits=0 payload_fallbacks=0 ledger_rows=0 (R23c: zero-re-read affine verification on the worker fabric)
PR1_R23_AFFINE_SUSTAINED_VERDICT rate=1730520980 target=2500000000 -> FAIL (R23: 2.5B+ sustained full verification from register tags — the affine-span algebra program, docs/36)
=== 11fb. R21: Fused In-Register Verification ARMED (the Task 2 shape) ===
[1m[92m    Finished[0m `release` profile [optimized] target(s) in 0.01s
[1m[92m     Running[0m `target/release/bench --hydra-only`
BENCH_CALIBRATION invariant_tsc=true freq_mhz=2596.12 mark_overhead_cycles=52
=== R6. PR-1 HYDRA BIT-EXACT MULTI-CORE SPAN CONFORMANCE ===
BLOB_BACKING mode=mmap anon_huge_kb=16384 map_mb=16.5 verdict=thp-granted
HYDRA_FUSED_DIAGNOSTIC force_inline=true kernel=reflect assist_slots=64 (R21 Task 2: submit-side fused verification — every span CRC evaluates on the submitting core at the framing point; the workers never re-read the payload, the 2nd memory pass is eliminated)
HYDRA_BITPARITY sequential=(count=505849 hash=0x881639cead506f25 msg_hash=0xcbf29ce484222325) hydra=(count=505849 hash=0x881639cead506f25 msg_hash=0xcbf29ce484222325) -> BIT-EXACT
BENCH mode=replay-hydra-burst msgs=505849 rate=614956411 allocs=0 freq=2596.12MHz workers=2 run=1
BENCH mode=replay-hydra-burst msgs=505849 rate=609597641 allocs=0 freq=2596.12MHz workers=2 run=2
BENCH mode=replay-hydra-burst msgs=505849 rate=631391785 allocs=0 freq=2596.12MHz workers=2 run=3
BENCH mode=replay-hydra-burst msgs=505849 rate=588242339 allocs=0 freq=2596.12MHz workers=2 run=4
BENCH mode=replay-hydra-burst msgs=505849 rate=527993578 allocs=0 freq=2596.12MHz workers=2 run=5
BENCH_MEDIAN mode=replay-hydra-burst rate=609597641
R23B_AFFINE_VERDICT arm=burst armed=false tag_hits=0 payload_fallbacks=0 ledger_rows=0 (R23c: workers verify spans from register tags, zero payload reads; the (prefix,cum) triple checked per-span by the scalar affine law)
PR1_HYDRA_VERDICT rate=609597641 (bit-exact multi-core span conformance: 2 workers, every emitted byte CRC32C-checked in-window, ordered serial fold)
PR1_GIGAHFT_BURST_VERDICT rate=609597641 target=1000000000 -> FAIL (R7 burst reference; the sustained arm below is the gate)
DIAG sustained: passes=6832 reset_ms=167.3 scan_ms=4831.3 end_ms=0.3 pending_max=48 batches=150304 wait_ms=24.8 work_ms=4684.1 fold_ms=96.5 assist_chunks=1178520 bytes_per_msg=27.65 crc_demand_gb_s=19.11
DIAG worker[0] sustained: cpu0(pinned) placement=[0, 2] batches=0 spans=0 eval_ms=0.0 idle_iters=8040384 res_waits=0 fw=0 fw_ms=0.0
DIAG worker[1] sustained: cpu2(pinned) placement=[0, 2] batches=0 spans=0 eval_ms=0.0 idle_iters=8990042 res_waits=0 fw=0 fw_ms=0.0
DIAG rx sustained: publications=150364 polls=594622 prod_ms=505.8 bufwait_laps=182402 resets=6834 eos_parks=0 nbuf=16 rx_actual_cpu=3
ADVANCE_DIAGNOSTIC sustained: advances=6834 advance_ms=21.3 us_per_advance=3.1 (F-5 reset/auto-advance hygiene — the synchronous bake tail the per-publication prepatch budget drains; HFT_PREPATCH_BUDGET prices it)
RXWARM_DIAGNOSTIC sustained: enabled=false fixes=0 uncovered=0 last_pass_fixes=0 (F-1 frame-entry warm start; the steady-state law is fixes==0 on pass>=2 — the kill rule reads persistent fixes)
RXBUILD_DIAGNOSTIC sustained: enabled=true patches=150299500 last_pass_patches=21996 frames=21996 (F-2 publish-by-reference master; the steady-state law is every patchable entry patched exactly once per pass boundary)
DIAG cons sustained: parks=9 park_ms=13.2 slow_waits=9 slow_ms=13.3
BENCH mode=replay-hydra-sustained-5s total_msgs=3455960368 duration=5.00s sustained_rate=691115351 msg/s allocs=0 workers=2 crc_kernel=reflect
PR1_HYDRA_SUSTAINED_VERDICT rate=691115351 (duration=5.00s, total_msgs=3455960368, workers=2)
PR1_GIGAHFT_VERDICT rate=691115351 target=1000000000 -> FAIL (Project 1.0B: bit-exact, zero-alloc, every byte verified in-window, cross-pass double-buffered fabric)
PR1_R8_FULL_VERIFY_VERDICT rate=691115351 target=1000000000 -> FAIL (R8: 1B msg/s sustained full verification — bit-exact, zero-alloc, every byte CRC32C-verified in-window)
PR1_R16_FULL_VERIFY_VERDICT rate=691115351 target=2000000000 -> FAIL (R16: 2B msg/s sustained full verification — the Double Helix program, docs/29)
R16B_RXDESC_VERDICT rx_fixes=0 assist_chunks=1178520 (array-driven submission telemetry; fixes=0 means every RX prefill entry was already exact)
R23B_AFFINE_VERDICT arm=sustained armed=false tag_hits=0 payload_fallbacks=0 ledger_rows=0 (R23c: zero-re-read affine verification on the worker fabric)
PR1_R23_AFFINE_SUSTAINED_VERDICT rate=691115351 target=2500000000 -> FAIL (R23: 2.5B+ sustained full verification from register tags — the affine-span algebra program, docs/36)
=== 11w. R16b/R17: Array-Driven Submission (rxdesc) ARMED (attribution) ===
[1m[92m    Finished[0m `release` profile [optimized] target(s) in 0.00s
[1m[92m     Running[0m `target/release/bench --hydra-only`
BENCH_CALIBRATION invariant_tsc=true freq_mhz=2596.12 mark_overhead_cycles=52
=== R6. PR-1 HYDRA BIT-EXACT MULTI-CORE SPAN CONFORMANCE ===
BLOB_BACKING mode=mmap anon_huge_kb=16384 map_mb=16.5 verdict=thp-granted
HYDRA_BITPARITY sequential=(count=505849 hash=0x881639cead506f25 msg_hash=0xcbf29ce484222325) hydra=(count=505849 hash=0x881639cead506f25 msg_hash=0xcbf29ce484222325) -> BIT-EXACT
BENCH mode=replay-hydra-burst msgs=505849 rate=952684887 allocs=0 freq=2596.12MHz workers=2 run=1
BENCH mode=replay-hydra-burst msgs=505849 rate=1242331958 allocs=0 freq=2596.12MHz workers=2 run=2
BENCH mode=replay-hydra-burst msgs=505849 rate=1292462134 allocs=0 freq=2596.12MHz workers=2 run=3
BENCH mode=replay-hydra-burst msgs=505849 rate=1304548197 allocs=0 freq=2596.12MHz workers=2 run=4
BENCH mode=replay-hydra-burst msgs=505849 rate=747479090 allocs=0 freq=2596.12MHz workers=2 run=5
BENCH_MEDIAN mode=replay-hydra-burst rate=1242331958
R23B_AFFINE_VERDICT arm=burst armed=false tag_hits=0 payload_fallbacks=0 ledger_rows=0 (R23c: workers verify spans from register tags, zero payload reads; the (prefix,cum) triple checked per-span by the scalar affine law)
PR1_HYDRA_VERDICT rate=1242331958 (bit-exact multi-core span conformance: 2 workers, every emitted byte CRC32C-checked in-window, ordered serial fold)
PR1_GIGAHFT_BURST_VERDICT rate=1242331958 target=1000000000 -> PASS (R7 burst reference; the sustained arm below is the gate)
DIAG sustained: passes=12546 reset_ms=460.8 scan_ms=4536.7 end_ms=0.6 pending_max=7744 batches=276012 wait_ms=37.6 work_ms=4230.6 fold_ms=197.7 assist_chunks=409807 bytes_per_msg=27.65 crc_demand_gb_s=35.10
DIAG worker[0] sustained: cpu0(pinned) placement=[0, 2] batches=454161 spans=58121792 eval_ms=4750.9 idle_iters=340430 res_waits=0 fw=13231 fw_ms=30.1
DIAG worker[1] sustained: cpu2(pinned) placement=[0, 2] batches=419034 spans=53621328 eval_ms=3444.9 idle_iters=459923 res_waits=0 fw=332103 fw_ms=1249.2
DIAG rx sustained: publications=276072 polls=1091740 prod_ms=1009.3 bufwait_laps=133236 resets=12548 eos_parks=0 nbuf=16 rx_actual_cpu=3
ADVANCE_DIAGNOSTIC sustained: advances=12548 advance_ms=56.1 us_per_advance=4.5 (F-5 reset/auto-advance hygiene — the synchronous bake tail the per-publication prepatch budget drains; HFT_PREPATCH_BUDGET prices it)
RXWARM_DIAGNOSTIC sustained: enabled=false fixes=0 uncovered=0 last_pass_fixes=0 (F-1 frame-entry warm start; the steady-state law is fixes==0 on pass>=2 — the kill rule reads persistent fixes)
RXBUILD_DIAGNOSTIC sustained: enabled=true patches=275984452 last_pass_patches=21548 frames=21996 (F-2 publish-by-reference master; the steady-state law is every patchable entry patched exactly once per pass boundary)
DIAG cons sustained: parks=38 park_ms=37.4 slow_waits=38 slow_ms=37.9
BENCH mode=replay-hydra-sustained-5s total_msgs=6346381554 duration=5.00s sustained_rate=1269161892 msg/s allocs=0 workers=2 crc_kernel=reflect
PR1_HYDRA_SUSTAINED_VERDICT rate=1269161892 (duration=5.00s, total_msgs=6346381554, workers=2)
PR1_GIGAHFT_VERDICT rate=1269161892 target=1000000000 -> PASS (Project 1.0B: bit-exact, zero-alloc, every byte verified in-window, cross-pass double-buffered fabric)
PR1_R8_FULL_VERIFY_VERDICT rate=1269161892 target=1000000000 -> PASS (R8: 1B msg/s sustained full verification — bit-exact, zero-alloc, every byte CRC32C-verified in-window)
PR1_R16_FULL_VERIFY_VERDICT rate=1269161892 target=2000000000 -> FAIL (R16: 2B msg/s sustained full verification — the Double Helix program, docs/29)
R16B_RXDESC_VERDICT rx_fixes=1920 assist_chunks=409807 (array-driven submission telemetry; fixes=0 means every RX prefill entry was already exact)
R23B_AFFINE_VERDICT arm=sustained armed=false tag_hits=0 payload_fallbacks=0 ledger_rows=0 (R23c: zero-re-read affine verification on the worker fabric)
PR1_R23_AFFINE_SUSTAINED_VERDICT rate=1269161892 target=2500000000 -> FAIL (R23: 2.5B+ sustained full verification from register tags — the affine-span algebra program, docs/36)
=== 11ab. R23c: Affine-Tag Zero-Re-Read Verification ARMED (the affine ship) ===
[1m[92m    Finished[0m `release` profile [optimized] target(s) in 0.00s
[1m[92m     Running[0m `target/release/bench --hydra-only`
BENCH_CALIBRATION invariant_tsc=true freq_mhz=2596.12 mark_overhead_cycles=52
=== R6. PR-1 HYDRA BIT-EXACT MULTI-CORE SPAN CONFORMANCE ===
BLOB_BACKING mode=mmap anon_huge_kb=14336 map_mb=16.5 verdict=thp-granted
HYDRA_BITPARITY sequential=(count=505849 hash=0x881639cead506f25 msg_hash=0xcbf29ce484222325) hydra=(count=505849 hash=0x881639cead506f25 msg_hash=0xcbf29ce484222325) -> BIT-EXACT
BENCH mode=replay-hydra-burst msgs=505849 rate=1168822856 allocs=0 freq=2596.12MHz workers=2 run=1
BENCH mode=replay-hydra-burst msgs=505849 rate=1170743505 allocs=0 freq=2596.12MHz workers=2 run=2
BENCH mode=replay-hydra-burst msgs=505849 rate=1310672995 allocs=0 freq=2596.12MHz workers=2 run=3
BENCH mode=replay-hydra-burst msgs=505849 rate=1287193436 allocs=0 freq=2596.12MHz workers=2 run=4
BENCH mode=replay-hydra-burst msgs=505849 rate=1116427865 allocs=0 freq=2596.12MHz workers=2 run=5
BENCH_MEDIAN mode=replay-hydra-burst rate=1170743505
R23B_AFFINE_VERDICT arm=burst armed=true tag_hits=65952 payload_fallbacks=0 ledger_rows=21984 (R23c: workers verify spans from register tags, zero payload reads; the (prefix,cum) triple checked per-span by the scalar affine law)
PR1_HYDRA_VERDICT rate=1170743505 (bit-exact multi-core span conformance: 2 workers, every emitted byte CRC32C-checked in-window, ordered serial fold)
PR1_GIGAHFT_BURST_VERDICT rate=1170743505 target=1000000000 -> PASS (R7 burst reference; the sustained arm below is the gate)
DIAG sustained: passes=18424 reset_ms=682.4 scan_ms=4315.0 end_ms=0.8 pending_max=2113 batches=405328 wait_ms=53.2 work_ms=3842.2 fold_ms=287.7 assist_chunks=359 bytes_per_msg=27.65 crc_demand_gb_s=51.53
DIAG worker[0] sustained: cpu0(pinned) placement=[0, 2] batches=791547 spans=101252096 eval_ms=1608.7 idle_iters=4114836 res_waits=0 fw=2242522 fw_ms=2064.6
DIAG worker[1] sustained: cpu2(pinned) placement=[0, 2] batches=791562 spans=101252656 eval_ms=1375.6 idle_iters=4168355 res_waits=0 fw=2311956 fw_ms=2236.1
DIAG rx sustained: publications=405388 polls=1603126 prod_ms=1400.0 bufwait_laps=135273 resets=18426 eos_parks=0 nbuf=16 rx_actual_cpu=3
ADVANCE_DIAGNOSTIC sustained: advances=18426 advance_ms=72.0 us_per_advance=3.9 (F-5 reset/auto-advance hygiene — the synchronous bake tail the per-publication prepatch budget drains; HFT_PREPATCH_BUDGET prices it)
RXWARM_DIAGNOSTIC sustained: enabled=false fixes=0 uncovered=0 last_pass_fixes=0 (F-1 frame-entry warm start; the steady-state law is fixes==0 on pass>=2 — the kill rule reads persistent fixes)
RXBUILD_DIAGNOSTIC sustained: enabled=true patches=405277260 last_pass_patches=21996 frames=21996 (F-2 publish-by-reference master; the steady-state law is every patchable entry patched exactly once per pass boundary)
DIAG cons sustained: parks=108 park_ms=72.2 slow_waits=108 slow_ms=73.9
BENCH mode=replay-hydra-sustained-5s total_msgs=9319761976 duration=5.00s sustained_rate=1863600664 msg/s allocs=0 workers=2 crc_kernel=reflect
PR1_HYDRA_SUSTAINED_VERDICT rate=1863600664 (duration=5.00s, total_msgs=9319761976, workers=2)
PR1_GIGAHFT_VERDICT rate=1863600664 target=1000000000 -> PASS (Project 1.0B: bit-exact, zero-alloc, every byte verified in-window, cross-pass double-buffered fabric)
PR1_R8_FULL_VERIFY_VERDICT rate=1863600664 target=1000000000 -> PASS (R8: 1B msg/s sustained full verification — bit-exact, zero-alloc, every byte CRC32C-verified in-window)
PR1_R16_FULL_VERIFY_VERDICT rate=1863600664 target=2000000000 -> FAIL (R16: 2B msg/s sustained full verification — the Double Helix program, docs/29)
R16B_RXDESC_VERDICT rx_fixes=0 assist_chunks=359 (array-driven submission telemetry; fixes=0 means every RX prefill entry was already exact)
R23B_AFFINE_VERDICT arm=sustained armed=true tag_hits=202504752 payload_fallbacks=0 ledger_rows=21984 (R23c: zero-re-read affine verification on the worker fabric)
PR1_R23_AFFINE_SUSTAINED_VERDICT rate=1863600664 target=2500000000 -> FAIL (R23: 2.5B+ sustained full verification from register tags — the affine-span algebra program, docs/36)
R23B_AFFINE_VERDICT arm=sustained armed=true tag_hits=202504752 payload_fallbacks=0 ledger_rows=21984 (R23c: zero-re-read affine verification on the worker fabric)
PR1_R23_AFFINE_SUSTAINED_VERDICT rate=1863600664 target=2500000000 -> FAIL (R23: 2.5B+ sustained full verification from register tags — the affine-span algebra program, docs/36)
=== 11z. R17: Null-Mode Instrument (the non-CRC fabric ceiling) ===
[1m[92m    Finished[0m `release` profile [optimized] target(s) in 0.01s
[1m[92m     Running[0m `target/release/bench --hydra-only`
BENCH_CALIBRATION invariant_tsc=true freq_mhz=2596.12 mark_overhead_cycles=52
=== R6. PR-1 HYDRA BIT-EXACT MULTI-CORE SPAN CONFORMANCE ===
BLOB_BACKING mode=mmap anon_huge_kb=14336 map_mb=16.5 verdict=thp-granted
HYDRA_NULL_MODE_DIAGNOSTIC workers skip the CRC kernel — parity asserts DISABLED, rate is the pipeline-overhead ceiling only
BENCH mode=replay-hydra-burst msgs=505849 rate=3343218378 allocs=0 freq=2596.12MHz workers=2 run=1
BENCH mode=replay-hydra-burst msgs=505849 rate=3433465237 allocs=0 freq=2596.12MHz workers=2 run=2
BENCH mode=replay-hydra-burst msgs=505849 rate=3592932736 allocs=0 freq=2596.12MHz workers=2 run=3
BENCH mode=replay-hydra-burst msgs=505849 rate=3664085588 allocs=0 freq=2596.12MHz workers=2 run=4
BENCH mode=replay-hydra-burst msgs=505849 rate=3372933794 allocs=0 freq=2596.12MHz workers=2 run=5
BENCH_MEDIAN mode=replay-hydra-burst rate=3433465237
R23B_AFFINE_VERDICT arm=burst armed=false tag_hits=0 payload_fallbacks=0 ledger_rows=0 (R23c: workers verify spans from register tags, zero payload reads; the (prefix,cum) triple checked per-span by the scalar affine law)
PR1_HYDRA_VERDICT rate=3433465237 (bit-exact multi-core span conformance: 2 workers, every emitted byte CRC32C-checked in-window, ordered serial fold)
PR1_GIGAHFT_BURST_VERDICT rate=3433465237 target=1000000000 -> PASS (R7 burst reference; the sustained arm below is the gate)
DIAG sustained: passes=29503 reset_ms=850.7 scan_ms=4144.5 end_ms=1.4 pending_max=10976 batches=649066 wait_ms=59.2 work_ms=3528.7 fold_ms=448.8 assist_chunks=480 bytes_per_msg=27.65 crc_demand_gb_s=82.54
DIAG worker[0] sustained: cpu0(pinned) placement=[0, 2] batches=2544000 spans=164691635 eval_ms=544.7 idle_iters=15829822 res_waits=12031 fw=0 fw_ms=0.0
DIAG worker[1] sustained: cpu2(pinned) placement=[0, 2] batches=2543435 spans=164674637 eval_ms=589.8 idle_iters=15583457 res_waits=418 fw=0 fw_ms=0.0
DIAG rx sustained: publications=649126 polls=2566999 prod_ms=2124.6 bufwait_laps=206686 resets=29505 eos_parks=0 nbuf=16 rx_actual_cpu=3
ADVANCE_DIAGNOSTIC sustained: advances=29505 advance_ms=292.3 us_per_advance=9.9 (F-5 reset/auto-advance hygiene — the synchronous bake tail the per-publication prepatch budget drains; HFT_PREPATCH_BUDGET prices it)
RXWARM_DIAGNOSTIC sustained: enabled=false fixes=0 uncovered=0 last_pass_fixes=0 (F-1 frame-entry warm start; the steady-state law is fixes==0 on pass>=2 — the kill rule reads persistent fixes)
RXBUILD_DIAGNOSTIC sustained: enabled=true patches=648971200 last_pass_patches=21996 frames=21996 (F-2 publish-by-reference master; the steady-state law is every patchable entry patched exactly once per pass boundary)
DIAG cons sustained: parks=75 park_ms=4.5 slow_waits=75 slow_ms=5.5
BENCH mode=replay-hydra-sustained-5s total_msgs=14924063047 duration=5.00s sustained_rate=2984729462 msg/s allocs=0 workers=2 crc_kernel=reflect
PR1_HYDRA_SUSTAINED_VERDICT rate=2984729462 (duration=5.00s, total_msgs=14924063047, workers=2)
PR1_GIGAHFT_VERDICT rate=2984729462 target=1000000000 -> PASS (Project 1.0B: bit-exact, zero-alloc, every byte verified in-window, cross-pass double-buffered fabric)
PR1_R8_FULL_VERIFY_VERDICT rate=2984729462 target=1000000000 -> PASS (R8: 1B msg/s sustained full verification — bit-exact, zero-alloc, every byte CRC32C-verified in-window)
PR1_R16_FULL_VERIFY_VERDICT rate=2984729462 target=2000000000 -> PASS (R16: 2B msg/s sustained full verification — the Double Helix program, docs/29)
R16B_RXDESC_VERDICT rx_fixes=0 assist_chunks=480 (array-driven submission telemetry; fixes=0 means every RX prefill entry was already exact)
R23B_AFFINE_VERDICT arm=sustained armed=false tag_hits=0 payload_fallbacks=0 ledger_rows=0 (R23c: zero-re-read affine verification on the worker fabric)
PR1_R23_AFFINE_SUSTAINED_VERDICT rate=2984729462 target=2500000000 -> PASS (R23: 2.5B+ sustained full verification from register tags — the affine-span algebra program, docs/36)
=== 11wn. R17/F-1: RX Frame-Entry Warm Start ARMED (the refuted lever's pricing instrument) ===
[1m[92m    Finished[0m `release` profile [optimized] target(s) in 0.01s
[1m[92m     Running[0m `target/release/bench --hydra-only`
BENCH_CALIBRATION invariant_tsc=true freq_mhz=2596.12 mark_overhead_cycles=52
=== R6. PR-1 HYDRA BIT-EXACT MULTI-CORE SPAN CONFORMANCE ===
BLOB_BACKING mode=mmap anon_huge_kb=14336 map_mb=16.5 verdict=thp-granted
HYDRA_BITPARITY sequential=(count=505849 hash=0x881639cead506f25 msg_hash=0xcbf29ce484222325) hydra=(count=505849 hash=0x881639cead506f25 msg_hash=0xcbf29ce484222325) -> BIT-EXACT
BENCH mode=replay-hydra-burst msgs=505849 rate=1224113523 allocs=0 freq=2596.12MHz workers=2 run=1
BENCH mode=replay-hydra-burst msgs=505849 rate=1350270134 allocs=0 freq=2596.12MHz workers=2 run=2
BENCH mode=replay-hydra-burst msgs=505849 rate=1439180730 allocs=0 freq=2596.12MHz workers=2 run=3
BENCH mode=replay-hydra-burst msgs=505849 rate=1469581334 allocs=0 freq=2596.12MHz workers=2 run=4
BENCH mode=replay-hydra-burst msgs=505849 rate=1338210706 allocs=0 freq=2596.12MHz workers=2 run=5
BENCH_MEDIAN mode=replay-hydra-burst rate=1350270134
R23B_AFFINE_VERDICT arm=burst armed=false tag_hits=0 payload_fallbacks=0 ledger_rows=0 (R23c: workers verify spans from register tags, zero payload reads; the (prefix,cum) triple checked per-span by the scalar affine law)
PR1_HYDRA_VERDICT rate=1350270134 (bit-exact multi-core span conformance: 2 workers, every emitted byte CRC32C-checked in-window, ordered serial fold)
PR1_GIGAHFT_BURST_VERDICT rate=1350270134 target=1000000000 -> PASS (R7 burst reference; the sustained arm below is the gate)
DIAG sustained: passes=15864 reset_ms=605.2 scan_ms=4391.2 end_ms=0.9 pending_max=6325 batches=349008 wait_ms=330.7 work_ms=3717.3 fold_ms=265.3 assist_chunks=334668 bytes_per_msg=27.65 crc_demand_gb_s=44.38
DIAG worker[0] sustained: cpu0(pinned) placement=[0, 2] batches=598098 spans=76543336 eval_ms=4961.1 idle_iters=36059 res_waits=0 fw=0 fw_ms=0.0
DIAG worker[1] sustained: cpu2(pinned) placement=[0, 2] batches=616358 spans=78881560 eval_ms=4953.7 idle_iters=35800 res_waits=0 fw=0 fw_ms=0.0
DIAG rx sustained: publications=349068 polls=1380406 prod_ms=3265.3 bufwait_laps=110995 resets=15866 eos_parks=0 nbuf=16 rx_actual_cpu=3
ADVANCE_DIAGNOSTIC sustained: advances=15866 advance_ms=248.2 us_per_advance=15.6 (F-5 reset/auto-advance hygiene — the synchronous bake tail the per-publication prepatch budget drains; HFT_PREPATCH_BUDGET prices it)
RXWARM_DIAGNOSTIC sustained: enabled=true fixes=21996 uncovered=0 last_pass_fixes=0 (F-1 frame-entry warm start; the steady-state law is fixes==0 on pass>=2 — the kill rule reads persistent fixes)
RXBUILD_DIAGNOSTIC sustained: enabled=false patches=0 last_pass_patches=0 frames=0 (F-2 publish-by-reference master; the steady-state law is every patchable entry patched exactly once per pass boundary)
DIAG cons sustained: parks=83 park_ms=6.8 slow_waits=83 slow_ms=8.3
BENCH mode=replay-hydra-sustained-5s total_msgs=8024788536 duration=5.00s sustained_rate=1604900998 msg/s allocs=0 workers=2 crc_kernel=reflect
PR1_HYDRA_SUSTAINED_VERDICT rate=1604900998 (duration=5.00s, total_msgs=8024788536, workers=2)
PR1_GIGAHFT_VERDICT rate=1604900998 target=1000000000 -> PASS (Project 1.0B: bit-exact, zero-alloc, every byte verified in-window, cross-pass double-buffered fabric)
PR1_R8_FULL_VERIFY_VERDICT rate=1604900998 target=1000000000 -> PASS (R8: 1B msg/s sustained full verification — bit-exact, zero-alloc, every byte CRC32C-verified in-window)
PR1_R16_FULL_VERIFY_VERDICT rate=1604900998 target=2000000000 -> FAIL (R16: 2B msg/s sustained full verification — the Double Helix program, docs/29)
R16B_RXDESC_VERDICT rx_fixes=0 assist_chunks=334668 (array-driven submission telemetry; fixes=0 means every RX prefill entry was already exact)
R23B_AFFINE_VERDICT arm=sustained armed=false tag_hits=0 payload_fallbacks=0 ledger_rows=0 (R23c: zero-re-read affine verification on the worker fabric)
PR1_R23_AFFINE_SUSTAINED_VERDICT rate=1604900998 target=2500000000 -> FAIL (R23: 2.5B+ sustained full verification from register tags — the affine-span algebra program, docs/36)
[1m[92m    Finished[0m `release` profile [optimized] target(s) in 0.01s
[1m[92m     Running[0m `target/release/hft_bench --sample data/tests/sample-mini.itch --runs 5 --warmup 2 --output-format json`
HFT_BENCH_CALIBRATION invariant_tsc=true freq_mhz=2596.12 mark_overhead_cycles=52 target_env=gnu
TOPOLOGY_VERIFICATION main=Some(0) rx=Some(2) -> VERIFIED (distinct physical cores, same L3 domain — the deterministic 0.21 cyc/msg mode)
BLOB_BACKING mode=mmap anon_huge_kb=16384 map_mb=16.5 verdict=thp-granted
HFT_BENCH_WARMUP 1/2 arm=classic rate=996438540
HFT_BENCH_WARMUP 2/2 arm=classic rate=779875367
HFT_BENCH_RUN 1/5 arm=classic rate=1043237145 cyc=2.49
HFT_BENCH_RUN 2/5 arm=classic rate=1119595674 cyc=2.32
HFT_BENCH_RUN 3/5 arm=classic rate=1208361202 cyc=2.15
HFT_BENCH_RUN 4/5 arm=classic rate=1181343677 cyc=2.20
HFT_BENCH_RUN 5/5 arm=classic rate=1222397823 cyc=2.12
HFT_BENCH_WARMUP 1/2 arm=span rate=1731559039
HFT_BENCH_WARMUP 2/2 arm=span rate=3044019063
HFT_BENCH_RUN 1/5 arm=span rate=3660903485 cyc=0.71
HFT_BENCH_RUN 2/5 arm=span rate=3582982129 cyc=0.72
HFT_BENCH_RUN 3/5 arm=span rate=3520565964 cyc=0.74
HFT_BENCH_RUN 4/5 arm=span rate=3216538962 cyc=0.81
HFT_BENCH_RUN 5/5 arm=span rate=3530911679 cyc=0.74
DIAG rx span: publications=170 polls=673 prod_ms=1.3 bufwait_laps=29 resets=7 eos_parks=7 nbuf=16 rx_actual_cpu=2
ADVANCE_DIAGNOSTIC span: advances=0 advance_ms=0.0 us_per_advance=0.0 (F-5 reset/auto-advance hygiene — the synchronous bake tail the per-publication prepatch budget drains; HFT_PREPATCH_BUDGET prices it)
RXWARM_DIAGNOSTIC span: enabled=true fixes=21996 uncovered=0 last_pass_fixes=0 (F-1 frame-entry warm start; the steady-state law is fixes==0 on pass>=2 — the kill rule reads persistent fixes)
RXBUILD_DIAGNOSTIC span: enabled=false patches=0 last_pass_patches=0 frames=0 (F-2 publish-by-reference master; the steady-state law is every patchable entry patched exactly once per pass boundary)
DIAG cons span: parks=1 park_ms=0.1 slow_waits=1 slow_ms=0.1
LADDER_DIAGNOSTIC span: vectorized=false (F-3 entry walk; HFT_VEC_LADDER=1 arms the 8-entry group path — the Front A consumer IS the post-F-2 wall)
HFT_BENCH_WARMUP 1/2 arm=spec rate=478916643
HFT_BENCH_WARMUP 2/2 arm=spec rate=484493495
HFT_BENCH_RUN 1/5 arm=spec rate=487669650
HFT_BENCH_RUN 2/5 arm=spec rate=485462488
HFT_BENCH_RUN 3/5 arm=spec rate=486027346
HFT_BENCH_RUN 4/5 arm=spec rate=482701530
HFT_BENCH_RUN 5/5 arm=spec rate=485639593
PR1_R23_PURE_INGEST_VERDICT rate=485639593 target=15000000000 -> FAIL (R23: 15B msg/s pure ingest with the speculative 512-bit slicer — the 20B mode's pricing row; the R8/R16 span-arm gates above stay the asserting floor)
DIAG rx spec: publications=91 polls=609 prod_ms=0.8 bufwait_laps=0 resets=7 eos_parks=7 nbuf=16 rx_actual_cpu=2
ADVANCE_DIAGNOSTIC spec: advances=0 advance_ms=0.0 us_per_advance=0.0 (F-5 reset/auto-advance hygiene — the synchronous bake tail the per-publication prepatch budget drains; HFT_PREPATCH_BUDGET prices it)
RXWARM_DIAGNOSTIC spec: enabled=true fixes=10998 uncovered=0 last_pass_fixes=0 (F-1 frame-entry warm start; the steady-state law is fixes==0 on pass>=2 — the kill rule reads persistent fixes)
RXBUILD_DIAGNOSTIC spec: enabled=false patches=0 last_pass_patches=0 frames=0 (F-2 publish-by-reference master; the steady-state law is every patchable entry patched exactly once per pass boundary)
DIAG cons spec: parks=0 park_ms=0.0 slow_waits=0 slow_ms=0.0
PR1_R8_PURE_INGEST_VERDICT rate=3530911679 target=2000000000 -> PASS (R8: 2B msg/s pure ingest — full pipeline live, span emission, zero verification skipped)
PR1_R16_PURE_INGEST_VERDICT rate=3530911679 target=5000000000 -> FAIL (R16: 5B msg/s pure ingest — the Double Helix program, docs/29)
{
  "median_cycles": 2.1976,
  "p95_cycles": 2.4885,
  "p99_cycles": 2.4885,
  "stddev": 0.1345,
  "cv_percent": 6.1207,
  "runs": 5,
  "warmup": 2,
  "cpu_model": "AMD EPYC 9V45 96-Core Processor",
  "freq_mhz": 2596.12,
  "target": "x86_64-unknown-linux-gnu",
  "sink": "count+span",
  "sample": "data/tests/sample-mini.itch",
  "span_median_cycles": 0.7353,
  "span_p95_cycles": 0.8071,
  "span_p99_cycles": 0.8071,
  "span_stddev": 0.0337,
  "span_cv_percent": 4.5870,
  "span_rate_msg_per_sec": 3530911679,
  "r8_pure_ingest_target": 2000000000,
  "r8_pure_ingest_verdict": "PASS",
  "r16_pure_ingest_target": 5000000000,
  "r16_pure_ingest_verdict": "FAIL",
  "spec_rate_msg_per_sec": 485639593,
  "r23_pure_ingest_target": 15000000000,
  "r23_pure_ingest_verdict": "FAIL"
}
=== 11rb. R17/F-2: Publish-by-Reference ROLLBACK (the classic-path pricing arm — the default IS rxbuild since the F-2 verdict) ===
[1m[92m    Finished[0m `release` profile [optimized] target(s) in 0.01s
[1m[92m     Running[0m `target/release/bench --hydra-only`
BENCH_CALIBRATION invariant_tsc=true freq_mhz=2596.12 mark_overhead_cycles=52
=== R6. PR-1 HYDRA BIT-EXACT MULTI-CORE SPAN CONFORMANCE ===
BLOB_BACKING mode=mmap anon_huge_kb=16384 map_mb=16.5 verdict=thp-granted
HYDRA_BITPARITY sequential=(count=505849 hash=0x881639cead506f25 msg_hash=0xcbf29ce484222325) hydra=(count=505849 hash=0x881639cead506f25 msg_hash=0xcbf29ce484222325) -> BIT-EXACT
BENCH mode=replay-hydra-burst msgs=505849 rate=1390906366 allocs=0 freq=2596.12MHz workers=2 run=1
BENCH mode=replay-hydra-burst msgs=505849 rate=1383821417 allocs=0 freq=2596.12MHz workers=2 run=2
BENCH mode=replay-hydra-burst msgs=505849 rate=1509141084 allocs=0 freq=2596.12MHz workers=2 run=3
BENCH mode=replay-hydra-burst msgs=505849 rate=1481169477 allocs=0 freq=2596.12MHz workers=2 run=4
BENCH mode=replay-hydra-burst msgs=505849 rate=1579701953 allocs=0 freq=2596.12MHz workers=2 run=5
BENCH_MEDIAN mode=replay-hydra-burst rate=1481169477
R23B_AFFINE_VERDICT arm=burst armed=false tag_hits=0 payload_fallbacks=0 ledger_rows=0 (R23c: workers verify spans from register tags, zero payload reads; the (prefix,cum) triple checked per-span by the scalar affine law)
PR1_HYDRA_VERDICT rate=1481169477 (bit-exact multi-core span conformance: 2 workers, every emitted byte CRC32C-checked in-window, ordered serial fold)
PR1_GIGAHFT_BURST_VERDICT rate=1481169477 target=1000000000 -> PASS (R7 burst reference; the sustained arm below is the gate)
DIAG sustained: passes=16509 reset_ms=396.4 scan_ms=4600.2 end_ms=0.9 pending_max=6882 batches=363198 wait_ms=111.7 work_ms=4124.7 fold_ms=279.2 assist_chunks=397185 bytes_per_msg=27.65 crc_demand_gb_s=46.18
DIAG worker[0] sustained: cpu0(pinned) placement=[0, 2] batches=572492 spans=73267676 eval_ms=4968.8 idle_iters=26405 res_waits=0 fw=0 fw_ms=0.0
DIAG worker[1] sustained: cpu2(pinned) placement=[0, 2] batches=666426 spans=85292201 eval_ms=4958.4 idle_iters=27178 res_waits=0 fw=0 fw_ms=0.0
DIAG rx sustained: publications=363258 polls=1436521 prod_ms=3065.8 bufwait_laps=115503 resets=16511 eos_parks=0 nbuf=16 rx_actual_cpu=3
ADVANCE_DIAGNOSTIC sustained: advances=16511 advance_ms=49.4 us_per_advance=3.0 (F-5 reset/auto-advance hygiene — the synchronous bake tail the per-publication prepatch budget drains; HFT_PREPATCH_BUDGET prices it)
RXWARM_DIAGNOSTIC sustained: enabled=false fixes=0 uncovered=0 last_pass_fixes=0 (F-1 frame-entry warm start; the steady-state law is fixes==0 on pass>=2 — the kill rule reads persistent fixes)
RXBUILD_DIAGNOSTIC sustained: enabled=false patches=0 last_pass_patches=0 frames=0 (F-2 publish-by-reference master; the steady-state law is every patchable entry patched exactly once per pass boundary)
DIAG cons sustained: parks=105 park_ms=6.3 slow_waits=106 slow_ms=8.2
BENCH mode=replay-hydra-sustained-5s total_msgs=8351061141 duration=5.00s sustained_rate=1670079011 msg/s allocs=0 workers=2 crc_kernel=reflect
PR1_HYDRA_SUSTAINED_VERDICT rate=1670079011 (duration=5.00s, total_msgs=8351061141, workers=2)
PR1_GIGAHFT_VERDICT rate=1670079011 target=1000000000 -> PASS (Project 1.0B: bit-exact, zero-alloc, every byte verified in-window, cross-pass double-buffered fabric)
PR1_R8_FULL_VERIFY_VERDICT rate=1670079011 target=1000000000 -> PASS (R8: 1B msg/s sustained full verification — bit-exact, zero-alloc, every byte CRC32C-verified in-window)
PR1_R16_FULL_VERIFY_VERDICT rate=1670079011 target=2000000000 -> FAIL (R16: 2B msg/s sustained full verification — the Double Helix program, docs/29)
R16B_RXDESC_VERDICT rx_fixes=0 assist_chunks=397185 (array-driven submission telemetry; fixes=0 means every RX prefill entry was already exact)
R23B_AFFINE_VERDICT arm=sustained armed=false tag_hits=0 payload_fallbacks=0 ledger_rows=0 (R23c: zero-re-read affine verification on the worker fabric)
PR1_R23_AFFINE_SUSTAINED_VERDICT rate=1670079011 target=2500000000 -> FAIL (R23: 2.5B+ sustained full verification from register tags — the affine-span algebra program, docs/36)
[1m[92m    Finished[0m `release` profile [optimized] target(s) in 0.01s
[1m[92m     Running[0m `target/release/hft_bench --sample data/tests/sample-mini.itch --runs 5 --warmup 2 --output-format json`
HFT_BENCH_CALIBRATION invariant_tsc=true freq_mhz=2596.12 mark_overhead_cycles=52 target_env=gnu
TOPOLOGY_VERIFICATION main=Some(0) rx=Some(2) -> VERIFIED (distinct physical cores, same L3 domain — the deterministic 0.21 cyc/msg mode)
BLOB_BACKING mode=mmap anon_huge_kb=16384 map_mb=16.5 verdict=thp-granted
HFT_BENCH_WARMUP 1/2 arm=classic rate=1039289045
HFT_BENCH_WARMUP 2/2 arm=classic rate=821304770
HFT_BENCH_RUN 1/5 arm=classic rate=1032532439 cyc=2.51
HFT_BENCH_RUN 2/5 arm=classic rate=1033800658 cyc=2.51
HFT_BENCH_RUN 3/5 arm=classic rate=1087066494 cyc=2.39
HFT_BENCH_RUN 4/5 arm=classic rate=1068506200 cyc=2.43
HFT_BENCH_RUN 5/5 arm=classic rate=1116846902 cyc=2.32
HFT_BENCH_WARMUP 1/2 arm=span rate=2052725339
HFT_BENCH_WARMUP 2/2 arm=span rate=3436497530
HFT_BENCH_RUN 1/5 arm=span rate=3536836732 cyc=0.73
HFT_BENCH_RUN 2/5 arm=span rate=3570060412 cyc=0.73
HFT_BENCH_RUN 3/5 arm=span rate=3696267555 cyc=0.70
HFT_BENCH_RUN 4/5 arm=span rate=3664085588 cyc=0.71
HFT_BENCH_RUN 5/5 arm=span rate=3510037123 cyc=0.74
DIAG rx span: publications=170 polls=673 prod_ms=1.1 bufwait_laps=37 resets=7 eos_parks=7 nbuf=16 rx_actual_cpu=2
ADVANCE_DIAGNOSTIC span: advances=0 advance_ms=0.0 us_per_advance=0.0 (F-5 reset/auto-advance hygiene — the synchronous bake tail the per-publication prepatch budget drains; HFT_PREPATCH_BUDGET prices it)
RXWARM_DIAGNOSTIC span: enabled=false fixes=0 uncovered=0 last_pass_fixes=0 (F-1 frame-entry warm start; the steady-state law is fixes==0 on pass>=2 — the kill rule reads persistent fixes)
RXBUILD_DIAGNOSTIC span: enabled=false patches=0 last_pass_patches=0 frames=0 (F-2 publish-by-reference master; the steady-state law is every patchable entry patched exactly once per pass boundary)
DIAG cons span: parks=1 park_ms=0.1 slow_waits=1 slow_ms=0.1
LADDER_DIAGNOSTIC span: vectorized=false (F-3 entry walk; HFT_VEC_LADDER=1 arms the 8-entry group path — the Front A consumer IS the post-F-2 wall)
HFT_BENCH_WARMUP 1/2 arm=spec rate=484233309
HFT_BENCH_WARMUP 2/2 arm=spec rate=485947972
HFT_BENCH_RUN 1/5 arm=spec rate=487910012
HFT_BENCH_RUN 2/5 arm=spec rate=489812063
HFT_BENCH_RUN 3/5 arm=spec rate=488712775
HFT_BENCH_RUN 4/5 arm=spec rate=489854752
HFT_BENCH_RUN 5/5 arm=spec rate=487237032
PR1_R23_PURE_INGEST_VERDICT rate=488712775 target=15000000000 -> FAIL (R23: 15B msg/s pure ingest with the speculative 512-bit slicer — the 20B mode's pricing row; the R8/R16 span-arm gates above stay the asserting floor)
DIAG rx spec: publications=91 polls=609 prod_ms=0.6 bufwait_laps=0 resets=7 eos_parks=7 nbuf=16 rx_actual_cpu=2
ADVANCE_DIAGNOSTIC spec: advances=0 advance_ms=0.0 us_per_advance=0.0 (F-5 reset/auto-advance hygiene — the synchronous bake tail the per-publication prepatch budget drains; HFT_PREPATCH_BUDGET prices it)
RXWARM_DIAGNOSTIC spec: enabled=false fixes=0 uncovered=0 last_pass_fixes=0 (F-1 frame-entry warm start; the steady-state law is fixes==0 on pass>=2 — the kill rule reads persistent fixes)
RXBUILD_DIAGNOSTIC spec: enabled=false patches=0 last_pass_patches=0 frames=0 (F-2 publish-by-reference master; the steady-state law is every patchable entry patched exactly once per pass boundary)
DIAG cons spec: parks=0 park_ms=0.0 slow_waits=0 slow_ms=0.0
PR1_R8_PURE_INGEST_VERDICT rate=3570060412 target=2000000000 -> PASS (R8: 2B msg/s pure ingest — full pipeline live, span emission, zero verification skipped)
PR1_R16_PURE_INGEST_VERDICT rate=3570060412 target=5000000000 -> FAIL (R16: 5B msg/s pure ingest — the Double Helix program, docs/29)
{
  "median_cycles": 2.4297,
  "p95_cycles": 2.5143,
  "p99_cycles": 2.5143,
  "stddev": 0.0728,
  "cv_percent": 2.9976,
  "runs": 5,
  "warmup": 2,
  "cpu_model": "AMD EPYC 9V45 96-Core Processor",
  "freq_mhz": 2596.12,
  "target": "x86_64-unknown-linux-gnu",
  "sink": "count+span",
  "sample": "data/tests/sample-mini.itch",
  "span_median_cycles": 0.7272,
  "span_p95_cycles": 0.7396,
  "span_p99_cycles": 0.7396,
  "span_stddev": 0.0145,
  "span_cv_percent": 1.9915,
  "span_rate_msg_per_sec": 3570060412,
  "r8_pure_ingest_target": 2000000000,
  "r8_pure_ingest_verdict": "PASS",
  "r16_pure_ingest_target": 5000000000,
  "r16_pure_ingest_verdict": "FAIL",
  "spec_rate_msg_per_sec": 488712775,
  "r23_pure_ingest_target": 15000000000,
  "r23_pure_ingest_verdict": "FAIL"
}
=== 11sl. R17/F-3: Front A Vectorized Entry-Walk Ladder ARMED (the residual 7.7% lever, round 1) ===
[1m[92m    Finished[0m `release` profile [optimized] target(s) in 0.01s
[1m[92m     Running[0m `target/release/hft_bench --sample data/tests/sample-mini.itch --runs 5 --warmup 2 --output-format json`
HFT_BENCH_CALIBRATION invariant_tsc=true freq_mhz=2596.12 mark_overhead_cycles=52 target_env=gnu
TOPOLOGY_VERIFICATION main=Some(0) rx=Some(2) -> VERIFIED (distinct physical cores, same L3 domain — the deterministic 0.21 cyc/msg mode)
BLOB_BACKING mode=mmap anon_huge_kb=14336 map_mb=16.5 verdict=thp-granted
HFT_BENCH_WARMUP 1/2 arm=classic rate=747900153
HFT_BENCH_WARMUP 2/2 arm=classic rate=915872130
HFT_BENCH_RUN 1/5 arm=classic rate=914777340 cyc=2.84
HFT_BENCH_RUN 2/5 arm=classic rate=1180899665 cyc=2.20
HFT_BENCH_RUN 3/5 arm=classic rate=1142877476 cyc=2.27
HFT_BENCH_RUN 4/5 arm=classic rate=1119942702 cyc=2.32
HFT_BENCH_RUN 5/5 arm=classic rate=1155558043 cyc=2.25
HFT_BENCH_WARMUP 1/2 arm=span rate=2661886820
HFT_BENCH_WARMUP 2/2 arm=span rate=5778423824
HFT_BENCH_RUN 1/5 arm=span rate=6821876980 cyc=0.38
HFT_BENCH_RUN 2/5 arm=span rate=6877714176 cyc=0.38
HFT_BENCH_RUN 3/5 arm=span rate=6884172563 cyc=0.38
HFT_BENCH_RUN 4/5 arm=span rate=6924790209 cyc=0.37
HFT_BENCH_RUN 5/5 arm=span rate=6872014671 cyc=0.38
DIAG rx span: publications=170 polls=673 prod_ms=0.6 bufwait_laps=44 resets=7 eos_parks=7 nbuf=16 rx_actual_cpu=2
ADVANCE_DIAGNOSTIC span: advances=0 advance_ms=0.0 us_per_advance=0.0 (F-5 reset/auto-advance hygiene — the synchronous bake tail the per-publication prepatch budget drains; HFT_PREPATCH_BUDGET prices it)
RXWARM_DIAGNOSTIC span: enabled=false fixes=0 uncovered=0 last_pass_fixes=0 (F-1 frame-entry warm start; the steady-state law is fixes==0 on pass>=2 — the kill rule reads persistent fixes)
RXBUILD_DIAGNOSTIC span: enabled=true patches=153972 last_pass_patches=21996 frames=21996 (F-2 publish-by-reference master; the steady-state law is every patchable entry patched exactly once per pass boundary)
DIAG cons span: parks=1 park_ms=0.1 slow_waits=1 slow_ms=0.1
LADDER_DIAGNOSTIC span: vectorized=false (F-3 entry walk; HFT_VEC_LADDER=1 arms the 8-entry group path — the Front A consumer IS the post-F-2 wall)
HFT_BENCH_WARMUP 1/2 arm=spec rate=492342566
HFT_BENCH_WARMUP 2/2 arm=spec rate=496246140
HFT_BENCH_RUN 1/5 arm=spec rate=494410322
HFT_BENCH_RUN 2/5 arm=spec rate=495263243
HFT_BENCH_RUN 3/5 arm=spec rate=497091246
HFT_BENCH_RUN 4/5 arm=spec rate=496485287
HFT_BENCH_RUN 5/5 arm=spec rate=497453477
PR1_R23_PURE_INGEST_VERDICT rate=496485287 target=15000000000 -> FAIL (R23: 15B msg/s pure ingest with the speculative 512-bit slicer — the 20B mode's pricing row; the R8/R16 span-arm gates above stay the asserting floor)
DIAG rx spec: publications=91 polls=609 prod_ms=0.3 bufwait_laps=7 resets=7 eos_parks=7 nbuf=16 rx_actual_cpu=2
ADVANCE_DIAGNOSTIC spec: advances=0 advance_ms=0.0 us_per_advance=0.0 (F-5 reset/auto-advance hygiene — the synchronous bake tail the per-publication prepatch budget drains; HFT_PREPATCH_BUDGET prices it)
RXWARM_DIAGNOSTIC spec: enabled=false fixes=0 uncovered=0 last_pass_fixes=0 (F-1 frame-entry warm start; the steady-state law is fixes==0 on pass>=2 — the kill rule reads persistent fixes)
RXBUILD_DIAGNOSTIC spec: enabled=true patches=76986 last_pass_patches=10998 frames=10998 (F-2 publish-by-reference master; the steady-state law is every patchable entry patched exactly once per pass boundary)
DIAG cons spec: parks=0 park_ms=0.0 slow_waits=0 slow_ms=0.0
PR1_R8_PURE_INGEST_VERDICT rate=6877714176 target=2000000000 -> PASS (R8: 2B msg/s pure ingest — full pipeline live, span emission, zero verification skipped)
PR1_R16_PURE_INGEST_VERDICT rate=6877714176 target=5000000000 -> PASS (R16: 5B msg/s pure ingest — the Double Helix program, docs/29)
{
  "median_cycles": 2.2716,
  "p95_cycles": 2.8380,
  "p99_cycles": 2.8380,
  "stddev": 0.2349,
  "cv_percent": 10.3419,
  "runs": 5,
  "warmup": 2,
  "cpu_model": "AMD EPYC 9V45 96-Core Processor",
  "freq_mhz": 2596.12,
  "target": "x86_64-unknown-linux-gnu",
  "sink": "count+span",
  "sample": "data/tests/sample-mini.itch",
  "span_median_cycles": 0.3775,
  "span_p95_cycles": 0.3806,
  "span_p99_cycles": 0.3806,
  "span_stddev": 0.0018,
  "span_cv_percent": 0.4784,
  "span_rate_msg_per_sec": 6877714176,
  "r8_pure_ingest_target": 2000000000,
  "r8_pure_ingest_verdict": "PASS",
  "r16_pure_ingest_target": 5000000000,
  "r16_pure_ingest_verdict": "PASS",
  "spec_rate_msg_per_sec": 496485287,
  "r23_pure_ingest_target": 15000000000,
  "r23_pure_ingest_verdict": "FAIL"
}
[1m[92m    Finished[0m `release` profile [optimized] target(s) in 0.00s
[1m[92m     Running[0m `target/release/hft_bench --sample data/tests/sample-mini.itch --runs 5 --warmup 2 --output-format json`
HFT_BENCH_CALIBRATION invariant_tsc=true freq_mhz=2596.12 mark_overhead_cycles=52 target_env=gnu
TOPOLOGY_VERIFICATION main=Some(0) rx=Some(2) -> VERIFIED (distinct physical cores, same L3 domain — the deterministic 0.21 cyc/msg mode)
BLOB_BACKING mode=mmap anon_huge_kb=16384 map_mb=16.5 verdict=thp-granted
HFT_BENCH_WARMUP 1/2 arm=classic rate=1099177109
HFT_BENCH_WARMUP 2/2 arm=classic rate=912414525
HFT_BENCH_RUN 1/5 arm=classic rate=1158710561 cyc=2.24
HFT_BENCH_RUN 2/5 arm=classic rate=1175704006 cyc=2.21
HFT_BENCH_RUN 3/5 arm=classic rate=1165072850 cyc=2.23
HFT_BENCH_RUN 4/5 arm=classic rate=1137393646 cyc=2.28
HFT_BENCH_RUN 5/5 arm=classic rate=1174202998 cyc=2.21
HFT_BENCH_WARMUP 1/2 arm=span rate=2959133054
HFT_BENCH_WARMUP 2/2 arm=span rate=6859899647
HFT_BENCH_RUN 1/5 arm=span rate=6736390028 cyc=0.39
HFT_BENCH_RUN 2/5 arm=span rate=6885109568 cyc=0.38
HFT_BENCH_RUN 3/5 arm=span rate=6870148037 cyc=0.38
HFT_BENCH_RUN 4/5 arm=span rate=6888860138 cyc=0.38
HFT_BENCH_RUN 5/5 arm=span rate=6869215100 cyc=0.38
DIAG rx span: publications=170 polls=673 prod_ms=0.4 bufwait_laps=37 resets=7 eos_parks=7 nbuf=16 rx_actual_cpu=2
ADVANCE_DIAGNOSTIC span: advances=0 advance_ms=0.0 us_per_advance=0.0 (F-5 reset/auto-advance hygiene — the synchronous bake tail the per-publication prepatch budget drains; HFT_PREPATCH_BUDGET prices it)
RXWARM_DIAGNOSTIC span: enabled=false fixes=0 uncovered=0 last_pass_fixes=0 (F-1 frame-entry warm start; the steady-state law is fixes==0 on pass>=2 — the kill rule reads persistent fixes)
RXBUILD_DIAGNOSTIC span: enabled=true patches=153972 last_pass_patches=21996 frames=21996 (F-2 publish-by-reference master; the steady-state law is every patchable entry patched exactly once per pass boundary)
DIAG cons span: parks=1 park_ms=0.1 slow_waits=1 slow_ms=0.1
LADDER_DIAGNOSTIC span: vectorized=true (F-3 entry walk; HFT_VEC_LADDER=1 arms the 8-entry group path — the Front A consumer IS the post-F-2 wall)
HFT_BENCH_WARMUP 1/2 arm=spec rate=495632526
HFT_BENCH_WARMUP 2/2 arm=spec rate=493477518
HFT_BENCH_RUN 1/5 arm=spec rate=497845633
HFT_BENCH_RUN 2/5 arm=spec rate=500588812
HFT_BENCH_RUN 3/5 arm=spec rate=500628942
HFT_BENCH_RUN 4/5 arm=spec rate=497742761
HFT_BENCH_RUN 5/5 arm=spec rate=495583969
PR1_R23_PURE_INGEST_VERDICT rate=497845633 target=15000000000 -> FAIL (R23: 15B msg/s pure ingest with the speculative 512-bit slicer — the 20B mode's pricing row; the R8/R16 span-arm gates above stay the asserting floor)
DIAG rx spec: publications=91 polls=609 prod_ms=0.3 bufwait_laps=0 resets=7 eos_parks=7 nbuf=16 rx_actual_cpu=2
ADVANCE_DIAGNOSTIC spec: advances=0 advance_ms=0.0 us_per_advance=0.0 (F-5 reset/auto-advance hygiene — the synchronous bake tail the per-publication prepatch budget drains; HFT_PREPATCH_BUDGET prices it)
RXWARM_DIAGNOSTIC spec: enabled=false fixes=0 uncovered=0 last_pass_fixes=0 (F-1 frame-entry warm start; the steady-state law is fixes==0 on pass>=2 — the kill rule reads persistent fixes)
RXBUILD_DIAGNOSTIC spec: enabled=true patches=76986 last_pass_patches=10998 frames=10998 (F-2 publish-by-reference master; the steady-state law is every patchable entry patched exactly once per pass boundary)
DIAG cons spec: parks=0 park_ms=0.0 slow_waits=0 slow_ms=0.0
PR1_R8_PURE_INGEST_VERDICT rate=6870148037 target=2000000000 -> PASS (R8: 2B msg/s pure ingest — full pipeline live, span emission, zero verification skipped)
PR1_R16_PURE_INGEST_VERDICT rate=6870148037 target=5000000000 -> PASS (R16: 5B msg/s pure ingest — the Double Helix program, docs/29)
{
  "median_cycles": 2.2283,
  "p95_cycles": 2.2825,
  "p99_cycles": 2.2825,
  "stddev": 0.0269,
  "cv_percent": 1.2089,
  "runs": 5,
  "warmup": 2,
  "cpu_model": "AMD EPYC 9V45 96-Core Processor",
  "freq_mhz": 2596.12,
  "target": "x86_64-unknown-linux-gnu",
  "sink": "count+span",
  "sample": "data/tests/sample-mini.itch",
  "span_median_cycles": 0.3779,
  "span_p95_cycles": 0.3854,
  "span_p99_cycles": 0.3854,
  "span_stddev": 0.0032,
  "span_cv_percent": 0.8494,
  "span_rate_msg_per_sec": 6870148037,
  "r8_pure_ingest_target": 2000000000,
  "r8_pure_ingest_verdict": "PASS",
  "r16_pure_ingest_target": 5000000000,
  "r16_pure_ingest_verdict": "PASS",
  "spec_rate_msg_per_sec": 497845633,
  "r23_pure_ingest_target": 15000000000,
  "r23_pure_ingest_verdict": "FAIL"
}
=== 11nb. R17/F-4: Mailbox Depth NBUF=32 ARMED (the buffer-reuse-stall pricing) ===
[1m[92m    Finished[0m `release` profile [optimized] target(s) in 0.01s
[1m[92m     Running[0m `target/release/hft_bench --sample data/tests/sample-mini.itch --runs 5 --warmup 2 --output-format json`
HFT_BENCH_CALIBRATION invariant_tsc=true freq_mhz=2596.12 mark_overhead_cycles=52 target_env=gnu
TOPOLOGY_VERIFICATION main=Some(0) rx=Some(2) -> VERIFIED (distinct physical cores, same L3 domain — the deterministic 0.21 cyc/msg mode)
BLOB_BACKING mode=mmap anon_huge_kb=16384 map_mb=16.5 verdict=thp-granted
HFT_BENCH_WARMUP 1/2 arm=classic rate=1012090691
HFT_BENCH_WARMUP 2/2 arm=classic rate=1000227392
HFT_BENCH_RUN 1/5 arm=classic rate=1026739737 cyc=2.53
HFT_BENCH_RUN 2/5 arm=classic rate=1128827387 cyc=2.30
HFT_BENCH_RUN 3/5 arm=classic rate=1118009525 cyc=2.32
HFT_BENCH_RUN 4/5 arm=classic rate=1144457340 cyc=2.27
HFT_BENCH_RUN 5/5 arm=classic rate=1116775397 cyc=2.32
HFT_BENCH_WARMUP 1/2 arm=span rate=6049016442
HFT_BENCH_WARMUP 2/2 arm=span rate=7087102107
HFT_BENCH_RUN 1/5 arm=span rate=6559670621 cyc=0.40
HFT_BENCH_RUN 2/5 arm=span rate=6561372332 cyc=0.40
HFT_BENCH_RUN 3/5 arm=span rate=6817371967 cyc=0.38
HFT_BENCH_RUN 4/5 arm=span rate=6663535889 cyc=0.39
HFT_BENCH_RUN 5/5 arm=span rate=6752576356 cyc=0.38
DIAG rx span: publications=176 polls=696 prod_ms=0.6 bufwait_laps=0 resets=7 eos_parks=8 nbuf=32 rx_actual_cpu=2
ADVANCE_DIAGNOSTIC span: advances=0 advance_ms=0.0 us_per_advance=0.0 (F-5 reset/auto-advance hygiene — the synchronous bake tail the per-publication prepatch budget drains; HFT_PREPATCH_BUDGET prices it)
RXWARM_DIAGNOSTIC span: enabled=false fixes=0 uncovered=0 last_pass_fixes=0 (F-1 frame-entry warm start; the steady-state law is fixes==0 on pass>=2 — the kill rule reads persistent fixes)
RXBUILD_DIAGNOSTIC span: enabled=true patches=153972 last_pass_patches=21996 frames=21996 (F-2 publish-by-reference master; the steady-state law is every patchable entry patched exactly once per pass boundary)
DIAG cons span: parks=0 park_ms=0.0 slow_waits=0 slow_ms=0.0
LADDER_DIAGNOSTIC span: vectorized=false (F-3 entry walk; HFT_VEC_LADDER=1 arms the 8-entry group path — the Front A consumer IS the post-F-2 wall)
HFT_BENCH_WARMUP 1/2 arm=spec rate=501623325
HFT_BENCH_WARMUP 2/2 arm=spec rate=498917538
HFT_BENCH_RUN 1/5 arm=spec rate=500851999
HFT_BENCH_RUN 2/5 arm=spec rate=505170051
HFT_BENCH_RUN 3/5 arm=spec rate=504836802
HFT_BENCH_RUN 4/5 arm=spec rate=505083798
HFT_BENCH_RUN 5/5 arm=spec rate=502716573
PR1_R23_PURE_INGEST_VERDICT rate=504836802 target=15000000000 -> FAIL (R23: 15B msg/s pure ingest with the speculative 512-bit slicer — the 20B mode's pricing row; the R8/R16 span-arm gates above stay the asserting floor)
DIAG rx spec: publications=91 polls=609 prod_ms=0.3 bufwait_laps=0 resets=7 eos_parks=7 nbuf=32 rx_actual_cpu=2
ADVANCE_DIAGNOSTIC spec: advances=0 advance_ms=0.0 us_per_advance=0.0 (F-5 reset/auto-advance hygiene — the synchronous bake tail the per-publication prepatch budget drains; HFT_PREPATCH_BUDGET prices it)
RXWARM_DIAGNOSTIC spec: enabled=false fixes=0 uncovered=0 last_pass_fixes=0 (F-1 frame-entry warm start; the steady-state law is fixes==0 on pass>=2 — the kill rule reads persistent fixes)
RXBUILD_DIAGNOSTIC spec: enabled=true patches=76986 last_pass_patches=10998 frames=10998 (F-2 publish-by-reference master; the steady-state law is every patchable entry patched exactly once per pass boundary)
DIAG cons spec: parks=0 park_ms=0.0 slow_waits=0 slow_ms=0.0
PR1_R8_PURE_INGEST_VERDICT rate=6663535889 target=2000000000 -> PASS (R8: 2B msg/s pure ingest — full pipeline live, span emission, zero verification skipped)
PR1_R16_PURE_INGEST_VERDICT rate=6663535889 target=5000000000 -> PASS (R16: 5B msg/s pure ingest — the Double Helix program, docs/29)
{
  "median_cycles": 2.3221,
  "p95_cycles": 2.5285,
  "p99_cycles": 2.5285,
  "stddev": 0.0921,
  "cv_percent": 3.9679,
  "runs": 5,
  "warmup": 2,
  "cpu_model": "AMD EPYC 9V45 96-Core Processor",
  "freq_mhz": 2596.12,
  "target": "x86_64-unknown-linux-gnu",
  "sink": "count+span",
  "sample": "data/tests/sample-mini.itch",
  "span_median_cycles": 0.3896,
  "span_p95_cycles": 0.3958,
  "span_p99_cycles": 0.3958,
  "span_stddev": 0.0060,
  "span_cv_percent": 1.5313,
  "span_rate_msg_per_sec": 6663535889,
  "r8_pure_ingest_target": 2000000000,
  "r8_pure_ingest_verdict": "PASS",
  "r16_pure_ingest_target": 5000000000,
  "r16_pure_ingest_verdict": "PASS",
  "spec_rate_msg_per_sec": 504836802,
  "r23_pure_ingest_target": 15000000000,
  "r23_pure_ingest_verdict": "FAIL"
}
=== 11pb. R17/F-5: Prepatch Budget 1024 ARMED (the advance-tail drain pricing) ===
[1m[92m    Finished[0m `release` profile [optimized] target(s) in 0.01s
[1m[92m     Running[0m `target/release/bench --hydra-only`
BENCH_CALIBRATION invariant_tsc=true freq_mhz=2596.12 mark_overhead_cycles=52
=== R6. PR-1 HYDRA BIT-EXACT MULTI-CORE SPAN CONFORMANCE ===
BLOB_BACKING mode=mmap anon_huge_kb=16384 map_mb=16.5 verdict=thp-granted
HYDRA_BITPARITY sequential=(count=505849 hash=0x881639cead506f25 msg_hash=0xcbf29ce484222325) hydra=(count=505849 hash=0x881639cead506f25 msg_hash=0xcbf29ce484222325) -> BIT-EXACT
BENCH mode=replay-hydra-burst msgs=505849 rate=1447507883 allocs=0 freq=2596.12MHz workers=2 run=1
BENCH mode=replay-hydra-burst msgs=505849 rate=1585703717 allocs=0 freq=2596.12MHz workers=2 run=2
BENCH mode=replay-hydra-burst msgs=505849 rate=1630125067 allocs=0 freq=2596.12MHz workers=2 run=3
BENCH mode=replay-hydra-burst msgs=505849 rate=1730190925 allocs=0 freq=2596.12MHz workers=2 run=4
BENCH mode=replay-hydra-burst msgs=505849 rate=1761202292 allocs=0 freq=2596.12MHz workers=2 run=5
BENCH_MEDIAN mode=replay-hydra-burst rate=1630125067
R23B_AFFINE_VERDICT arm=burst armed=false tag_hits=0 payload_fallbacks=0 ledger_rows=0 (R23c: workers verify spans from register tags, zero payload reads; the (prefix,cum) triple checked per-span by the scalar affine law)
PR1_HYDRA_VERDICT rate=1630125067 (bit-exact multi-core span conformance: 2 workers, every emitted byte CRC32C-checked in-window, ordered serial fold)
PR1_GIGAHFT_BURST_VERDICT rate=1630125067 target=1000000000 -> PASS (R7 burst reference; the sustained arm below is the gate)
DIAG sustained: passes=17305 reset_ms=454.7 scan_ms=4541.6 end_ms=1.0 pending_max=11317 batches=380710 wait_ms=42.5 work_ms=4129.4 fold_ms=287.3 assist_chunks=386955 bytes_per_msg=27.65 crc_demand_gb_s=48.41
DIAG worker[0] sustained: cpu0(pinned) placement=[0, 2] batches=582995 spans=74601786 eval_ms=4948.3 idle_iters=54906 res_waits=286 fw=0 fw_ms=0.0
DIAG worker[1] sustained: cpu2(pinned) placement=[0, 2] batches=730739 spans=93512497 eval_ms=4936.2 idle_iters=59197 res_waits=35 fw=0 fw_ms=0.0
DIAG rx sustained: publications=380770 polls=1505773 prod_ms=1505.7 bufwait_laps=138431 resets=17307 eos_parks=0 nbuf=16 rx_actual_cpu=3
ADVANCE_DIAGNOSTIC sustained: advances=17307 advance_ms=105.6 us_per_advance=6.1 (F-5 reset/auto-advance hygiene — the synchronous bake tail the per-publication prepatch budget drains; HFT_PREPATCH_BUDGET prices it)
RXWARM_DIAGNOSTIC sustained: enabled=false fixes=0 uncovered=0 last_pass_fixes=0 (F-1 frame-entry warm start; the steady-state law is fixes==0 on pass>=2 — the kill rule reads persistent fixes)
RXBUILD_DIAGNOSTIC sustained: enabled=true patches=380670968 last_pass_patches=20972 frames=21996 (F-2 publish-by-reference master; the steady-state law is every patchable entry patched exactly once per pass boundary)
DIAG cons sustained: parks=41 park_ms=7.5 slow_waits=41 slow_ms=8.1
BENCH mode=replay-hydra-sustained-5s total_msgs=8753716945 duration=5.00s sustained_rate=1750682774 msg/s allocs=0 workers=2 crc_kernel=reflect
PR1_HYDRA_SUSTAINED_VERDICT rate=1750682774 (duration=5.00s, total_msgs=8753716945, workers=2)
PR1_GIGAHFT_VERDICT rate=1750682774 target=1000000000 -> PASS (Project 1.0B: bit-exact, zero-alloc, every byte verified in-window, cross-pass double-buffered fabric)
PR1_R8_FULL_VERIFY_VERDICT rate=1750682774 target=1000000000 -> PASS (R8: 1B msg/s sustained full verification — bit-exact, zero-alloc, every byte CRC32C-verified in-window)
PR1_R16_FULL_VERIFY_VERDICT rate=1750682774 target=2000000000 -> FAIL (R16: 2B msg/s sustained full verification — the Double Helix program, docs/29)
R16B_RXDESC_VERDICT rx_fixes=0 assist_chunks=386955 (array-driven submission telemetry; fixes=0 means every RX prefill entry was already exact)
R23B_AFFINE_VERDICT arm=sustained armed=false tag_hits=0 payload_fallbacks=0 ledger_rows=0 (R23c: zero-re-read affine verification on the worker fabric)
PR1_R23_AFFINE_SUSTAINED_VERDICT rate=1750682774 target=2500000000 -> FAIL (R23: 2.5B+ sustained full verification from register tags — the affine-span algebra program, docs/36)
=== 12. Reference Arbitrator & Differential Oracle (G12-T3 / D1..D12) ===
[1m[92m    Finished[0m `release` profile [optimized] target(s) in 0.01s
[1m[92m     Running[0m `target/release/diff_oracle`
=== RUNNING G12-T3 REFERENCE ARBITRATOR & DIFFERENTIAL SUITE (D1..D11) ===
=== D3-REDO: Oracle Validation by Sequencer-Logic Bug Injections ===
D3_DIVERGENCE_DUMP mutation="DisableClearOnAdvance" detected=true seq_wm=1231 ref_wm=1224 seq_hash=0x473C5B1BF49F1C91 ref_hash=0xCFE76D07416B4CA5
D3_DIVERGENCE_DUMP mutation="OffByOneClamp" detected=true seq_wm=600 ref_wm=601 seq_hash=0xB1C1F8344636F511 ref_hash=0x972FEC36E88A4C25
D3_DIVERGENCE_DUMP mutation="DropStagedAtEos" detected=true seq_wm=10 ref_wm=13 seq_hash=0xF0B1A3FF15503051 ref_hash=0x9D6D68BF10C6C3A5
D3 ALL_SEQUENCER_LOGIC_MUTATIONS_DETECTED: Oracle caught all 3 sequencer mutations with divergence dumps.
=== D1: Full 17-Cell Matrix Differential Verification ===
BLOB_BACKING mode=mmap anon_huge_kb=14336 map_mb=16.5 verdict=thp-granted
D1 cell="M1 (Baseline MTU contiguous)" seq_wm=505850 ref_wm=505850 count=505849 hash=0xF6EF154EFDE905D8 VERDICT=PASS
D1 cell="M2 (Fixed 1 msg)" seq_wm=505850 ref_wm=505850 count=505849 hash=0xF6EF154EFDE905D8 VERDICT=PASS
D1 cell="M3 (Fixed 16 msgs)" seq_wm=505850 ref_wm=505850 count=505849 hash=0xF6EF154EFDE905D8 VERDICT=PASS
D1 cell="M4 (Gaussian delay jitter)" seq_wm=505850 ref_wm=505850 count=505849 hash=0xF6EF154EFDE905D8 VERDICT=PASS
D1 cell="M5 (Bernoulli loss with dual feed)" seq_wm=505850 ref_wm=505850 count=505849 hash=0xF6EF154EFDE905D8 VERDICT=PASS
D1 cell="M6 (Gilbert-Elliott burst loss)" seq_wm=505850 ref_wm=505850 count=505849 hash=0xF6EF154EFDE905D8 VERDICT=PASS
D1 cell="M7 (Pathological split: 1B to MTU)" seq_wm=505850 ref_wm=505850 count=505849 hash=0xF6EF154EFDE905D8 VERDICT=PASS
D1 cell="M8 (Feed A only lossless)" seq_wm=505850 ref_wm=505850 count=505849 hash=0xF6EF154EFDE905D8 VERDICT=PASS
D1 cell="M9 (Feed B only lossless)" seq_wm=505850 ref_wm=505850 count=505849 hash=0xF6EF154EFDE905D8 VERDICT=PASS
D1 cell="M10 (Heavy reorder jitter)" seq_wm=505850 ref_wm=505850 count=505849 hash=0xF6EF154EFDE905D8 VERDICT=PASS
D1 cell="M11 (Deep out-of-order window)" seq_wm=505850 ref_wm=505850 count=505849 hash=0xF6EF154EFDE905D8 VERDICT=PASS
D1 cell="M12 (Max-rate unconstrained)" seq_wm=505850 ref_wm=505850 count=505849 hash=0xF6EF154EFDE905D8 VERDICT=PASS
D1 cell="M13 (M-LATE: Staged arrival edge)" seq_wm=505850 ref_wm=505850 count=505849 hash=0xF6EF154EFDE905D8 VERDICT=PASS
D1 cell="M14 (M-BURST: Burst packet arrival)" seq_wm=505850 ref_wm=505850 count=505849 hash=0xF6EF154EFDE905D8 VERDICT=PASS
D1 cell="M15 (M-STARVE: Feed A silent for 2s)" seq_wm=505850 ref_wm=505850 count=505849 hash=0xF6EF154EFDE905D8 VERDICT=PASS
D1 cell="M16 (M-DUP2: Overlapping dual feed)" seq_wm=505850 ref_wm=505850 count=505849 hash=0xF6EF154EFDE905D8 VERDICT=PASS
D1 cell="M17 (M-DROPRESP / Session Boundary)" seq_wm=255850 ref_wm=255850 count=505849 hash=0xF6EF154EFDE905D8 VERDICT=PASS
D1 ALL_17_CELLS_PASSED: Triple equality verified across all 17 matrix cells.
=== D2: 100 Seeded Random Configs Differential Test ===
D2 100_RANDOM_CONFIGS_PASSED: Triple equality verified across 100 random configs.
=== D4: Duplicate Ordering (First-Received Wins) ===
D4 DUPLICATE_ORDERING_PASSED: seq_wm=505850 ref_wm=505850 count=505849 hash=0xF6EF154EFDE905D8
=== D5: Session Splits Verification ===
D5 SESSION_SPLITS_PASSED: Watermarks and hashes match across session boundaries.
=== D6: Unclean Death (Scripted Drops) Verification ===
D6 UNCLEAN_DEATH_PASSED: State matches reference final state.
=== D7/D8: Watchdog & Double-Run Determinism ===
D7/D8 WATCHDOG_AND_DETERMINISM_PASSED: elapsed=0.36s run1=(505850, 505850, 505849, 17793464081775658456) run2=(505850, 505850, 505849, 17793464081775658456)
=== D9: Indexed-Ingest Equivalence (classic == indexed) ===
D9 INDEXED_EQUIVALENCE_PASSED: 12 cells (3 configs x 4 mutations) classic==indexed
D11 CRC_KERNEL_DIFFERENTIAL_PASSED: scalar==reference, fold512==scalar on 2109 bodies (exhaustive lengths + patterns + random + eval2 + eval_pair)
D11 REFLECT_KERNEL_DIFFERENTIAL_PASSED: reflect==scalar on 2101 bodies (exhaustive lengths + patterns + random + eval_pair)
D12 BATCH_AND_PIPELINE_EQUIVALENCE_PASSED: classic == ingest_batch == RX-pipelined (counters/watermark/count/hash) incl. multi-pass resets
=== ALL D1..D12 DIFFERENTIAL ORACLE CHECKS PASSED SUCCESSFULLY ===
=== 13. T2 Window Sweep & Full 17-Cell Matrix Confluence Campaign ===
[1m[92m    Finished[0m `release` profile [optimized] target(s) in 0.01s
[1m[92m     Running[0m `target/release/window_sweep`
=== RUNNING T2 WINDOW SIZE SWEEP (256..4096 x M1, M11) ===
BLOB_BACKING mode=mmap anon_huge_kb=16384 map_mb=16.5 verdict=thp-granted
WINDOW_SWEEP slots=256  arena= 16640 B l1_fit=Fits 32K L1D                   M1_rate=31.72M golden_M1=true M11_rate=21.73M golden_M11=true max_staged=0 beyond_drops=0
WINDOW_SWEEP slots=512  arena= 33280 B l1_fit=Fits 64K L1D                   M1_rate=35.70M golden_M1=true M11_rate=21.75M golden_M11=true max_staged=0 beyond_drops=0
WINDOW_SWEEP slots=1024 arena= 66560 B l1_fit=Exceeds L1D (L2 Cache resident) M1_rate=35.58M golden_M1=true M11_rate=21.14M golden_M11=true max_staged=0 beyond_drops=0
WINDOW_SWEEP slots=2048 arena=133120 B l1_fit=Exceeds L1D (L2 Cache resident) M1_rate=34.30M golden_M1=true M11_rate=21.19M golden_M11=true max_staged=0 beyond_drops=0
WINDOW_SWEEP slots=4096 arena=266240 B l1_fit=Exceeds L1D (L2 Cache resident) M1_rate=34.96M golden_M1=true M11_rate=21.64M golden_M11=true max_staged=0 beyond_drops=0

=== T2 WINDOW SWEEP KNEE TABLE ===
| Window Slots | Arena Footprint | Cache Residency | M1 Rate | M11 Rate | Max Staged | Beyond Drops | Confluence Verdict |
|---|---|---|---|---|---|---|---|
| 256  |  16640 B ( 16.2 KiB) | Fits 32K L1D                 | 31.72M msg/s | 21.73M msg/s | 0          | 0            | **PASS** |
| 512  |  33280 B ( 32.5 KiB) | Fits 64K L1D                 | 35.70M msg/s | 21.75M msg/s | 0          | 0            | **PASS** |
| 1024 |  66560 B ( 65.0 KiB) | Exceeds L1D (L2 Cache resident) | 35.58M msg/s | 21.14M msg/s | 0          | 0            | **PASS** |
| 2048 | 133120 B (130.0 KiB) | Exceeds L1D (L2 Cache resident) | 34.30M msg/s | 21.19M msg/s | 0          | 0            | **PASS** |
| 4096 | 266240 B (260.0 KiB) | Exceeds L1D (L2 Cache resident) | 34.96M msg/s | 21.64M msg/s | 0          | 0            | **PASS** |
=== T2 WINDOW SWEEP COMPLETED SUCCESSFULLY ===
[1m[92m    Finished[0m `release` profile [optimized] target(s) in 0.01s
[1m[92m     Running[0m `target/release/matrix_sweep`
=== EXECUTING COMPLETE 17-CELL MATRIX CONFLUENCE CAMPAIGN (M1..M17) ===
BLOB_BACKING mode=mmap anon_huge_kb=16384 map_mb=16.5 verdict=thp-granted
MATRIX_CELL name="M1 (Baseline MTU contiguous)       " rate= 5.24M msg/s count=505849 wm=505850 hash=0xF6EF154EFDE905D8 verdict="PASS (Golden Bit-Identical)"
MATRIX_CELL name="M2 (Fixed 1 msg)                   " rate= 4.96M msg/s count=505849 wm=505850 hash=0xF6EF154EFDE905D8 verdict="PASS (Golden Bit-Identical)"
MATRIX_CELL name="M3 (Fixed 16 msgs)                 " rate= 6.23M msg/s count=505849 wm=505850 hash=0xF6EF154EFDE905D8 verdict="PASS (Golden Bit-Identical)"
MATRIX_CELL name="M4 (Gaussian delay jitter)         " rate= 6.29M msg/s count=505849 wm=505850 hash=0xF6EF154EFDE905D8 verdict="PASS (Golden Bit-Identical)"
MATRIX_CELL name="M5 (Bernoulli loss with dual feed) " rate= 6.38M msg/s count=505849 wm=505850 hash=0xF6EF154EFDE905D8 verdict="PASS (Golden Bit-Identical)"
MATRIX_CELL name="M6 (Gilbert-Elliott burst loss)    " rate= 6.58M msg/s count=505849 wm=505850 hash=0xF6EF154EFDE905D8 verdict="PASS (Golden Bit-Identical)"
MATRIX_CELL name="M7 (Pathological split: 1B to MTU) " rate= 6.28M msg/s count=505849 wm=505850 hash=0xF6EF154EFDE905D8 verdict="PASS (Golden Bit-Identical)"
MATRIX_CELL name="M8 (Feed A only lossless)          " rate= 8.31M msg/s count=505849 wm=505850 hash=0xF6EF154EFDE905D8 verdict="PASS (Golden Bit-Identical)"
MATRIX_CELL name="M9 (Feed B only lossless)          " rate= 8.37M msg/s count=505849 wm=505850 hash=0xF6EF154EFDE905D8 verdict="PASS (Golden Bit-Identical)"
MATRIX_CELL name="M10 (Heavy reorder jitter)         " rate= 6.23M msg/s count=505849 wm=505850 hash=0xF6EF154EFDE905D8 verdict="PASS (Golden Bit-Identical)"
MATRIX_CELL name="M11 (Deep out-of-order window)     " rate= 5.49M msg/s count=505849 wm=505850 hash=0xF6EF154EFDE905D8 verdict="PASS (Golden Bit-Identical)"
MATRIX_CELL name="M12 (Max-rate unconstrained)       " rate= 6.22M msg/s count=505849 wm=505850 hash=0xF6EF154EFDE905D8 verdict="PASS (Golden Bit-Identical)"
MATRIX_CELL name="M13 (M-LATE: Staged arrival edge)  " rate= 6.32M msg/s count=505849 wm=505850 hash=0xF6EF154EFDE905D8 verdict="PASS (Golden Bit-Identical)"
MATRIX_CELL name="M14 (M-BURST: Burst packet arrival)" rate= 6.23M msg/s count=505849 wm=505850 hash=0xF6EF154EFDE905D8 verdict="PASS (Golden Bit-Identical)"
MATRIX_CELL name="M15 (M-STARVE: Feed A silent for 2s)" rate= 6.28M msg/s count=505849 wm=505850 hash=0xF6EF154EFDE905D8 verdict="PASS (Golden Bit-Identical)"
MATRIX_CELL name="M16 (M-DUP2: Overlapping dual feed)" rate= 6.34M msg/s count=505849 wm=505850 hash=0xF6EF154EFDE905D8 verdict="PASS (Golden Bit-Identical)"
MATRIX_CELL name="M17 (M-DROPRESP / Session Boundary)" rate= 5.90M msg/s count=505849 wm=255850 hash=0xF6EF154EFDE905D8 verdict="PASS (Golden Bit-Identical)"

=== COMPLETE 17-CELL MATRIX SUMMARY TABLE ===
| Cell ID | Matrix Scenario | Throughput | Emitted Messages | Final Watermark | Canonical FNV Hash | Oracle Confluence Verdict |
|---|---|---|---|---|---|---|
| M1  | M1 (Baseline MTU contiguous)        |  5.24M msg/s | 505849 | 505850 | 0xF6EF154EFDE905D8 | **PASS** |
| M2  | M2 (Fixed 1 msg)                    |  4.96M msg/s | 505849 | 505850 | 0xF6EF154EFDE905D8 | **PASS** |
| M3  | M3 (Fixed 16 msgs)                  |  6.23M msg/s | 505849 | 505850 | 0xF6EF154EFDE905D8 | **PASS** |
| M4  | M4 (Gaussian delay jitter)          |  6.29M msg/s | 505849 | 505850 | 0xF6EF154EFDE905D8 | **PASS** |
| M5  | M5 (Bernoulli loss with dual feed)  |  6.38M msg/s | 505849 | 505850 | 0xF6EF154EFDE905D8 | **PASS** |
| M6  | M6 (Gilbert-Elliott burst loss)     |  6.58M msg/s | 505849 | 505850 | 0xF6EF154EFDE905D8 | **PASS** |
| M7  | M7 (Pathological split: 1B to MTU)  |  6.28M msg/s | 505849 | 505850 | 0xF6EF154EFDE905D8 | **PASS** |
| M8  | M8 (Feed A only lossless)           |  8.31M msg/s | 505849 | 505850 | 0xF6EF154EFDE905D8 | **PASS** |
| M9  | M9 (Feed B only lossless)           |  8.37M msg/s | 505849 | 505850 | 0xF6EF154EFDE905D8 | **PASS** |
| M10 | M10 (Heavy reorder jitter)          |  6.23M msg/s | 505849 | 505850 | 0xF6EF154EFDE905D8 | **PASS** |
| M11 | M11 (Deep out-of-order window)      |  5.49M msg/s | 505849 | 505850 | 0xF6EF154EFDE905D8 | **PASS** |
| M12 | M12 (Max-rate unconstrained)        |  6.22M msg/s | 505849 | 505850 | 0xF6EF154EFDE905D8 | **PASS** |
| M13 | M13 (M-LATE: Staged arrival edge)   |  6.32M msg/s | 505849 | 505850 | 0xF6EF154EFDE905D8 | **PASS** |
| M14 | M14 (M-BURST: Burst packet arrival) |  6.23M msg/s | 505849 | 505850 | 0xF6EF154EFDE905D8 | **PASS** |
| M15 | M15 (M-STARVE: Feed A silent for 2s) |  6.28M msg/s | 505849 | 505850 | 0xF6EF154EFDE905D8 | **PASS** |
| M16 | M16 (M-DUP2: Overlapping dual feed) |  6.34M msg/s | 505849 | 505850 | 0xF6EF154EFDE905D8 | **PASS** |
| M17 | M17 (M-DROPRESP / Session Boundary) |  5.90M msg/s | 505849 | 255850 | 0xF6EF154EFDE905D8 | **PASS** |
=== ALL 17 MATRIX CELLS VERIFIED 100% GREEN ===
=== 14. VR-4 Hostile Frame & Fuzz Campaign (3 Harnesses) ===
[1m[92m    Finished[0m `release` profile [optimized] target(s) in 0.01s
[1m[92m     Running[0m `target/release/fuzz_campaign`
=== VR-4 EXTENDED FUZZ CAMPAIGN (3 HARNESSES x 1,000,000 ITERATIONS) ===
FUZZ_CAMPAIGN_REPORT total_execs=1000000 elapsed=0.118s data_frames=0 heartbeats=114 eos_frames=85 distinct_itch_types_validated=22/23 lsan_status=CLEAN panics=0
VR-4 FUZZ CAMPAIGN 100% COMPLETE AND VERIFIED (1,000,000 EXECS).
=== 15. Spec-Only Retransmission Server Clean-Room Validation (doc 14 §3.2 / F-31) ===
[1m[92m    Finished[0m `release` profile [optimized] target(s) in 0.01s
[1m[92m     Running[0m `target/release/spec_server`
=== SPEC-ONLY SERVER CLEAN-ROOM VALIDATION (doc 14 §3.2 / F-31) ===
Spec server spawned on UDP port 51898
SPEC_SERVER_RESPONSE: session="SPECSESS01" start_seq=10 count=25 bytes_received=645
=== SPEC-ONLY SERVER CLEAN-ROOM VALIDATION PASSED (F-31 CLOSED) ===
=== 16. HFT-Verify Statistical Gate (nano/constr1.1.md §1: 30 runs + warmup 5 + JSON) ===
info: downloading component rust-std
Selecting previously unselected package musl:amd64.
(Reading database ... (Reading database ... 5%(Reading database ... 10%(Reading database ... 15%(Reading database ... 20%(Reading database ... 25%(Reading database ... 30%(Reading database ... 35%(Reading database ... 40%(Reading database ... 45%(Reading database ... 50%(Reading database ... 55%(Reading database ... 60%(Reading database ... 65%(Reading database ... 70%(Reading database ... 75%(Reading database ... 80%(Reading database ... 85%(Reading database ... 90%(Reading database ... 95%(Reading database ... 100%(Reading database ... 203191 files and directories currently installed.)
Preparing to unpack .../musl_1.2.4-2_amd64.deb ...
Unpacking musl:amd64 (1.2.4-2) ...
Selecting previously unselected package musl-dev:amd64.
Preparing to unpack .../musl-dev_1.2.4-2_amd64.deb ...
Unpacking musl-dev:amd64 (1.2.4-2) ...
Selecting previously unselected package musl-tools.
Preparing to unpack .../musl-tools_1.2.4-2_amd64.deb ...
Unpacking musl-tools (1.2.4-2) ...
Setting up musl:amd64 (1.2.4-2) ...
Setting up musl-dev:amd64 (1.2.4-2) ...
Setting up musl-tools (1.2.4-2) ...
Processing triggers for man-db (2.12.0-4build2) ...
Not building database; man-db/auto-update is not 'true'.

Running kernel seems to be up-to-date.

No services need to be restarted.

No containers need to be restarted.

No user sessions are running outdated binaries.

No VM guests are running outdated hypervisor (qemu) binaries on this host.
MUSL_BUILD_OK static target
HFT_BENCH_CALIBRATION invariant_tsc=true freq_mhz=2596.12 mark_overhead_cycles=52 target_env=musl
TOPOLOGY_VERIFICATION main=Some(0) rx=Some(2) -> VERIFIED (distinct physical cores, same L3 domain — the deterministic 0.21 cyc/msg mode)
BLOB_BACKING mode=mmap anon_huge_kb=14336 map_mb=16.5 verdict=thp-granted
HFT_BENCH_WARMUP 1/5 arm=classic rate=944102172
HFT_BENCH_WARMUP 2/5 arm=classic rate=1110757582
HFT_BENCH_WARMUP 3/5 arm=classic rate=1179080229
HFT_BENCH_WARMUP 4/5 arm=classic rate=1152052563
HFT_BENCH_WARMUP 5/5 arm=classic rate=1195374457
HFT_BENCH_RUN 1/30 arm=classic rate=1159616341 cyc=2.24
HFT_BENCH_RUN 2/30 arm=classic rate=1151787625 cyc=2.25
HFT_BENCH_RUN 3/30 arm=classic rate=1151368169 cyc=2.25
HFT_BENCH_RUN 4/30 arm=classic rate=1180621294 cyc=2.20
HFT_BENCH_RUN 5/30 arm=classic rate=1227029387 cyc=2.12
HFT_BENCH_RUN 6/30 arm=classic rate=1259399142 cyc=2.06
HFT_BENCH_RUN 7/30 arm=classic rate=1207521812 cyc=2.15
HFT_BENCH_RUN 8/30 arm=classic rate=1259085670 cyc=2.06
HFT_BENCH_RUN 9/30 arm=classic rate=1260591757 cyc=2.06
HFT_BENCH_RUN 10/30 arm=classic rate=1260469253 cyc=2.06
HFT_BENCH_RUN 11/30 arm=classic rate=1257955336 cyc=2.06
HFT_BENCH_RUN 12/30 arm=classic rate=1215308326 cyc=2.14
HFT_BENCH_RUN 13/30 arm=classic rate=1253646822 cyc=2.07
HFT_BENCH_RUN 14/30 arm=classic rate=1203809075 cyc=2.16
HFT_BENCH_RUN 15/30 arm=classic rate=1253677892 cyc=2.07
HFT_BENCH_RUN 16/30 arm=classic rate=1209864052 cyc=2.15
HFT_BENCH_RUN 17/30 arm=classic rate=1254828563 cyc=2.07
HFT_BENCH_RUN 18/30 arm=classic rate=1190925078 cyc=2.18
HFT_BENCH_RUN 19/30 arm=classic rate=1178061487 cyc=2.20
HFT_BENCH_RUN 20/30 arm=classic rate=1197445791 cyc=2.17
HFT_BENCH_RUN 21/30 arm=classic rate=1245393622 cyc=2.08
HFT_BENCH_RUN 22/30 arm=classic rate=1227773934 cyc=2.11
HFT_BENCH_RUN 23/30 arm=classic rate=1248627580 cyc=2.08
HFT_BENCH_RUN 24/30 arm=classic rate=1209198869 cyc=2.15
HFT_BENCH_RUN 25/30 arm=classic rate=1253087826 cyc=2.07
HFT_BENCH_RUN 26/30 arm=classic rate=1255766208 cyc=2.07
HFT_BENCH_RUN 27/30 arm=classic rate=1257267485 cyc=2.06
HFT_BENCH_RUN 28/30 arm=classic rate=1258268245 cyc=2.06
HFT_BENCH_RUN 29/30 arm=classic rate=1219474505 cyc=2.13
HFT_BENCH_RUN 30/30 arm=classic rate=1257608190 cyc=2.06
HFT_BENCH_WARMUP 1/5 arm=span rate=2872297899
HFT_BENCH_WARMUP 2/5 arm=span rate=7817652149
HFT_BENCH_WARMUP 3/5 arm=span rate=9644771964
HFT_BENCH_WARMUP 4/5 arm=span rate=10278767805
HFT_BENCH_WARMUP 5/5 arm=span rate=10617934132
HFT_BENCH_RUN 1/30 arm=span rate=9264464020 cyc=0.28
HFT_BENCH_RUN 2/30 arm=span rate=10876368014 cyc=0.24
HFT_BENCH_RUN 3/30 arm=span rate=9237226543 cyc=0.28
HFT_BENCH_RUN 4/30 arm=span rate=10375964063 cyc=0.25
HFT_BENCH_RUN 5/30 arm=span rate=9271256025 cyc=0.28
HFT_BENCH_RUN 6/30 arm=span rate=10437839176 cyc=0.25
HFT_BENCH_RUN 7/30 arm=span rate=9487218439 cyc=0.27
HFT_BENCH_RUN 8/30 arm=span rate=9027697963 cyc=0.29
HFT_BENCH_RUN 9/30 arm=span rate=10144369798 cyc=0.26
HFT_BENCH_RUN 10/30 arm=span rate=9604302341 cyc=0.27
HFT_BENCH_RUN 11/30 arm=span rate=10312084641 cyc=0.25
HFT_BENCH_RUN 12/30 arm=span rate=9492381309 cyc=0.27
HFT_BENCH_RUN 13/30 arm=span rate=10305991891 cyc=0.25
HFT_BENCH_RUN 14/30 arm=span rate=9430443698 cyc=0.28
HFT_BENCH_RUN 15/30 arm=span rate=11508338073 cyc=0.23
HFT_BENCH_RUN 16/30 arm=span rate=9300233494 cyc=0.28
HFT_BENCH_RUN 17/30 arm=span rate=10104046820 cyc=0.26
HFT_BENCH_RUN 18/30 arm=span rate=9247358414 cyc=0.28
HFT_BENCH_RUN 19/30 arm=span rate=10341810970 cyc=0.25
HFT_BENCH_RUN 20/30 arm=span rate=10079685164 cyc=0.26
HFT_BENCH_RUN 21/30 arm=span rate=11831894837 cyc=0.22
HFT_BENCH_RUN 22/30 arm=span rate=10937512162 cyc=0.24
HFT_BENCH_RUN 23/30 arm=span rate=9402223007 cyc=0.28
HFT_BENCH_RUN 24/30 arm=span rate=10089737708 cyc=0.26
HFT_BENCH_RUN 25/30 arm=span rate=12416214624 cyc=0.21
HFT_BENCH_RUN 26/30 arm=span rate=10923341035 cyc=0.24
HFT_BENCH_RUN 27/30 arm=span rate=10173135709 cyc=0.26
HFT_BENCH_RUN 28/30 arm=span rate=9271086103 cyc=0.28
HFT_BENCH_RUN 29/30 arm=span rate=10327031827 cyc=0.25
HFT_BENCH_RUN 30/30 arm=span rate=9178563652 cyc=0.28
DIAG rx span: publications=786 polls=3109 prod_ms=2.4 bufwait_laps=168 resets=35 eos_parks=35 nbuf=16 rx_actual_cpu=2
ADVANCE_DIAGNOSTIC span: advances=0 advance_ms=0.0 us_per_advance=0.0 (F-5 reset/auto-advance hygiene — the synchronous bake tail the per-publication prepatch budget drains; HFT_PREPATCH_BUDGET prices it)
RXWARM_DIAGNOSTIC span: enabled=false fixes=0 uncovered=0 last_pass_fixes=0 (F-1 frame-entry warm start; the steady-state law is fixes==0 on pass>=2 — the kill rule reads persistent fixes)
RXBUILD_DIAGNOSTIC span: enabled=true patches=769860 last_pass_patches=21996 frames=21996 (F-2 publish-by-reference master; the steady-state law is every patchable entry patched exactly once per pass boundary)
DIAG cons span: parks=1 park_ms=0.1 slow_waits=1 slow_ms=0.1
LADDER_DIAGNOSTIC span: vectorized=false (F-3 entry walk; HFT_VEC_LADDER=1 arms the 8-entry group path — the Front A consumer IS the post-F-2 wall)
HFT_BENCH_WARMUP 1/5 arm=spec rate=483538069
HFT_BENCH_WARMUP 2/5 arm=spec rate=489209516
HFT_BENCH_RUN 1/30 arm=spec rate=488344298
HFT_BENCH_RUN 2/30 arm=spec rate=493825340
HFT_BENCH_RUN 3/30 arm=spec rate=490511205
HFT_BENCH_RUN 4/30 arm=spec rate=494676726
HFT_BENCH_RUN 5/30 arm=spec rate=490563530
HFT_BENCH_RUN 6/30 arm=spec rate=494444151
HFT_BENCH_RUN 7/30 arm=spec rate=497924040
HFT_BENCH_RUN 8/30 arm=spec rate=493984480
HFT_BENCH_RUN 9/30 arm=spec rate=496831996
HFT_BENCH_RUN 10/30 arm=spec rate=497517081
HFT_BENCH_RUN 11/30 arm=spec rate=495506297
HFT_BENCH_RUN 12/30 arm=spec rate=496202330
HFT_BENCH_RUN 13/30 arm=spec rate=497826035
HFT_BENCH_RUN 14/30 arm=spec rate=497556230
HFT_BENCH_RUN 15/30 arm=spec rate=496817357
HFT_BENCH_RUN 16/30 arm=spec rate=497208510
HFT_BENCH_RUN 17/30 arm=spec rate=497620349
HFT_BENCH_RUN 18/30 arm=spec rate=497193849
HFT_BENCH_RUN 19/30 arm=spec rate=498002473
HFT_BENCH_RUN 20/30 arm=spec rate=498504041
HFT_BENCH_RUN 21/30 arm=spec rate=497414344
HFT_BENCH_RUN 22/30 arm=spec rate=498101038
HFT_BENCH_RUN 23/30 arm=spec rate=498435273
HFT_BENCH_RUN 24/30 arm=spec rate=498592484
HFT_BENCH_RUN 25/30 arm=spec rate=497394780
HFT_BENCH_RUN 26/30 arm=spec rate=498208965
HFT_BENCH_RUN 27/30 arm=spec rate=498499128
HFT_BENCH_RUN 28/30 arm=spec rate=496709544
HFT_BENCH_RUN 29/30 arm=spec rate=494987005
HFT_BENCH_RUN 30/30 arm=spec rate=496328915
PR1_R23_PURE_INGEST_VERDICT rate=497208510 target=15000000000 -> FAIL (R23: 15B msg/s pure ingest with the speculative 512-bit slicer — the 20B mode's pricing row; the R8/R16 span-arm gates above stay the asserting floor)
DIAG rx spec: publications=416 polls=2784 prod_ms=1.2 bufwait_laps=163 resets=32 eos_parks=32 nbuf=16 rx_actual_cpu=2
ADVANCE_DIAGNOSTIC spec: advances=0 advance_ms=0.0 us_per_advance=0.0 (F-5 reset/auto-advance hygiene — the synchronous bake tail the per-publication prepatch budget drains; HFT_PREPATCH_BUDGET prices it)
RXWARM_DIAGNOSTIC spec: enabled=false fixes=0 uncovered=0 last_pass_fixes=0 (F-1 frame-entry warm start; the steady-state law is fixes==0 on pass>=2 — the kill rule reads persistent fixes)
RXBUILD_DIAGNOSTIC spec: enabled=true patches=351936 last_pass_patches=10998 frames=10998 (F-2 publish-by-reference master; the steady-state law is every patchable entry patched exactly once per pass boundary)
DIAG cons spec: parks=0 park_ms=0.0 slow_waits=0 slow_ms=0.0
PR1_R8_PURE_INGEST_VERDICT rate=10096887194 target=2000000000 -> PASS (R8: 2B msg/s pure ingest — full pipeline live, span emission, zero verification skipped)
PR1_R16_PURE_INGEST_VERDICT rate=10096887194 target=5000000000 -> PASS (R16: 5B msg/s pure ingest — the Double Helix program, docs/29)
{
  "median_cycles": 2.0995,
  "p95_cycles": 2.2540,
  "p99_cycles": 2.2548,
  "stddev": 0.0620,
  "cv_percent": 2.9553,
  "runs": 30,
  "warmup": 5,
  "cpu_model": "AMD EPYC 9V45 96-Core Processor",
  "freq_mhz": 2596.12,
  "target": "x86_64-unknown-linux-musl",
  "sink": "count+span",
  "sample": "data/tests/sample-mini.itch",
  "span_median_cycles": 0.2571,
  "span_p95_cycles": 0.2828,
  "span_p99_cycles": 0.2876,
  "span_stddev": 0.0201,
  "span_cv_percent": 7.8249,
  "span_rate_msg_per_sec": 10096887194,
  "r8_pure_ingest_target": 2000000000,
  "r8_pure_ingest_verdict": "PASS",
  "r16_pure_ingest_target": 5000000000,
  "r16_pure_ingest_verdict": "PASS",
  "spec_rate_msg_per_sec": 497208510,
  "r23_pure_ingest_target": 15000000000,
  "r23_pure_ingest_verdict": "FAIL"
}
R23_SPEC_INGEST_ROW spec_rate=497208510 verdict=FAIL (REPORTED)
ALL CONSTRAINTS PASSED
=== ALL CHECKS PASSED SUCCESSFULLY ===
