RUSTFLAGS (env): -C target-cpu=x86-64-v3
rustc: rustc 1.99.0 (b940084d7 2026-09-28)
target_arch="x86_64"
target_feature="fxsr"
target_feature="sse"
target_feature="sse2"
CPUS: 4
model name	: AMD EPYC 9V45 96-Core Processor
cpu0 siblings: 0-1 L3: 0-3
cpu1 siblings: 0-1 L3: 0-3
cpu2 siblings: 2-3 L3: 0-3
cpu3 siblings: 2-3 L3: 0-3
taskset: pid 2144's current affinity list: 0-3
=== 1. Mini Sample SHA256 Check ===
data/tests/sample-mini.itch: OK
=== 2. Build Workspace Release ===
[1m[92m    Updating[0m crates.io index
[1m[92m   Compiling[0m nf-protocol v0.1.0 (/home/runner/work/HFT-Proj/HFT-Proj/crates/nf-protocol)
[1m[92m   Compiling[0m nf-arbitrator v0.1.0 (/home/runner/work/HFT-Proj/HFT-Proj/crates/nf-arbitrator)
[1m[92m   Compiling[0m nf-transport v0.1.0 (/home/runner/work/HFT-Proj/HFT-Proj/crates/nf-transport)
[1m[92m   Compiling[0m nf-recovery v0.1.0 (/home/runner/work/HFT-Proj/HFT-Proj/crates/nf-recovery)
[1m[92m   Compiling[0m nf-testkit v0.1.0 (/home/runner/work/HFT-Proj/HFT-Proj/crates/nf-testkit)
[1m[92m   Compiling[0m nf-engine v0.1.0 (/home/runner/work/HFT-Proj/HFT-Proj/crates/nf-engine)
[1m[92m    Finished[0m `release` profile [optimized] target(s) in 16.42s
=== 3. Clippy Workspace ===
[1m[92m    Checking[0m nf-protocol v0.1.0 (/home/runner/work/HFT-Proj/HFT-Proj/crates/nf-protocol)
[1m[92m    Checking[0m nf-arbitrator v0.1.0 (/home/runner/work/HFT-Proj/HFT-Proj/crates/nf-arbitrator)
[1m[92m    Checking[0m nf-transport v0.1.0 (/home/runner/work/HFT-Proj/HFT-Proj/crates/nf-transport)
[1m[92m    Checking[0m nf-recovery v0.1.0 (/home/runner/work/HFT-Proj/HFT-Proj/crates/nf-recovery)
[1m[92m    Checking[0m nf-testkit v0.1.0 (/home/runner/work/HFT-Proj/HFT-Proj/crates/nf-testkit)
[1m[92m    Checking[0m nf-engine v0.1.0 (/home/runner/work/HFT-Proj/HFT-Proj/crates/nf-engine)
[1m[92m    Finished[0m `dev` profile [unoptimized + debuginfo] target(s) in 1.70s
=== 4. Negative Lint Tripwire Test ===
[1m[92m    Checking[0m lint-fixture v0.1.0 (/home/runner/work/HFT-Proj/HFT-Proj/tests/lint_fixture)
[1m[91merror[0m[1m: use of a disallowed type `alloc::vec::Vec`[0m
 [1m[94m--> [0msrc/lib.rs:7:23
  [1m[94m|[0m
[1m[94m7[0m [1m[94m|[0m     let _v: Vec<u8> = Vec::new();
  [1m[94m|[0m                       [1m[91m^^^[0m
  [1m[94m|[0m
  [1m[94m= [0m[1mnote[0m: Tier-F zero-allocation ban
  [1m[94m= [0m[1mhelp[0m: for further information visit https://rust-lang.github.io/rust-clippy/rust-1.99.0/index.html#disallowed_types
[1m[92mnote[0m: the lint level is defined here
 [1m[94m--> [0msrc/lib.rs:3:9
  [1m[94m|[0m
[1m[94m3[0m [1m[94m|[0m #![deny(clippy::disallowed_types)]
  [1m[94m|[0m         [1m[92m^^^^^^^^^^^^^^^^^^^^^^^^[0m

[1m[91merror[0m[1m: use of a disallowed type `alloc::vec::Vec`[0m
 [1m[94m--> [0msrc/lib.rs:7:13
  [1m[94m|[0m
[1m[94m7[0m [1m[94m|[0m     let _v: Vec<u8> = Vec::new();
  [1m[94m|[0m             [1m[91m^^^^^^^[0m
  [1m[94m|[0m
  [1m[94m= [0m[1mnote[0m: Tier-F zero-allocation ban
  [1m[94m= [0m[1mhelp[0m: for further information visit https://rust-lang.github.io/rust-clippy/rust-1.99.0/index.html#disallowed_types

[1m[91merror[0m[1m: use of a disallowed type `alloc::string::String`[0m
 [1m[94m--> [0msrc/lib.rs:8:22
  [1m[94m|[0m
[1m[94m8[0m [1m[94m|[0m     let _s: String = String::new();
  [1m[94m|[0m                      [1m[91m^^^^^^[0m
  [1m[94m|[0m
  [1m[94m= [0m[1mnote[0m: Tier-F zero-allocation ban
  [1m[94m= [0m[1mhelp[0m: for further information visit https://rust-lang.github.io/rust-clippy/rust-1.99.0/index.html#disallowed_types

[1m[91merror[0m[1m: use of a disallowed type `alloc::string::String`[0m
 [1m[94m--> [0msrc/lib.rs:8:13
  [1m[94m|[0m
[1m[94m8[0m [1m[94m|[0m     let _s: String = String::new();
  [1m[94m|[0m             [1m[91m^^^^^^[0m
  [1m[94m|[0m
  [1m[94m= [0m[1mnote[0m: Tier-F zero-allocation ban
  [1m[94m= [0m[1mhelp[0m: for further information visit https://rust-lang.github.io/rust-clippy/rust-1.99.0/index.html#disallowed_types

[1m[91merror[0m[1m: use of a disallowed type `std::collections::HashMap`[0m
 [1m[94m--> [0msrc/lib.rs:9:53
  [1m[94m|[0m
[1m[94m9[0m [1m[94m|[0m     let _map: std::collections::HashMap<u32, u32> = std::collections::HashMap::new();
  [1m[94m|[0m                                                     [1m[91m^^^^^^^^^^^^^^^^^^^^^^^^^[0m
  [1m[94m|[0m
  [1m[94m= [0m[1mnote[0m: Tier-F zero-allocation ban
  [1m[94m= [0m[1mhelp[0m: for further information visit https://rust-lang.github.io/rust-clippy/rust-1.99.0/index.html#disallowed_types

[1m[91merror[0m[1m: use of a disallowed type `std::collections::HashMap`[0m
 [1m[94m--> [0msrc/lib.rs:9:15
  [1m[94m|[0m
[1m[94m9[0m [1m[94m|[0m     let _map: std::collections::HashMap<u32, u32> = std::collections::HashMap::new();
  [1m[94m|[0m               [1m[91m^^^^^^^^^^^^^^^^^^^^^^^^^^^^^^^^^^^[0m
  [1m[94m|[0m
  [1m[94m= [0m[1mnote[0m: Tier-F zero-allocation ban
  [1m[94m= [0m[1mhelp[0m: for further information visit https://rust-lang.github.io/rust-clippy/rust-1.99.0/index.html#disallowed_types

[1m[91merror[0m[1m: use of a disallowed type `alloc::rc::Rc`[0m
  [1m[94m--> [0msrc/lib.rs:10:15
   [1m[94m|[0m
[1m[94m10[0m [1m[94m|[0m     let _rc = std::rc::Rc::new(42);
   [1m[94m|[0m               [1m[91m^^^^^^^^^^^[0m
   [1m[94m|[0m
   [1m[94m= [0m[1mnote[0m: Tier-F zero-allocation ban
   [1m[94m= [0m[1mhelp[0m: for further information visit https://rust-lang.github.io/rust-clippy/rust-1.99.0/index.html#disallowed_types

[1m[91merror[0m[1m: use of a disallowed type `alloc::sync::Arc`[0m
  [1m[94m--> [0msrc/lib.rs:11:16
   [1m[94m|[0m
[1m[94m11[0m [1m[94m|[0m     let _arc = std::sync::Arc::new(42);
   [1m[94m|[0m                [1m[91m^^^^^^^^^^^^^^[0m
   [1m[94m|[0m
   [1m[94m= [0m[1mnote[0m: Tier-F zero-allocation ban
   [1m[94m= [0m[1mhelp[0m: for further information visit https://rust-lang.github.io/rust-clippy/rust-1.99.0/index.html#disallowed_types

[1m[91merror[0m[1m: use of a disallowed method `alloc::string::ToString::to_string`[0m
  [1m[94m--> [0msrc/lib.rs:15:17
   [1m[94m|[0m
[1m[94m15[0m [1m[94m|[0m     let _s = 42.to_string();
   [1m[94m|[0m                 [1m[91m^^^^^^^^^[0m
   [1m[94m|[0m
   [1m[94m= [0m[1mnote[0m: Tier-M zero-allocation hot-loop ban
   [1m[94m= [0m[1mhelp[0m: for further information visit https://rust-lang.github.io/rust-clippy/rust-1.99.0/index.html#disallowed_methods
[1m[92mnote[0m: the lint level is defined here
  [1m[94m--> [0msrc/lib.rs:4:9
   [1m[94m|[0m
[1m[94m 4[0m [1m[94m|[0m #![deny(clippy::disallowed_methods)]
   [1m[94m|[0m         [1m[92m^^^^^^^^^^^^^^^^^^^^^^^^^^[0m

[1m[91merror[0m[1m: use of a disallowed method `alloc::borrow::ToOwned::to_owned`[0m
  [1m[94m--> [0msrc/lib.rs:17:24
   [1m[94m|[0m
[1m[94m17[0m [1m[94m|[0m     let _owned = slice.to_owned();
   [1m[94m|[0m                        [1m[91m^^^^^^^^[0m
   [1m[94m|[0m
   [1m[94m= [0m[1mnote[0m: Tier-M zero-allocation hot-loop ban
   [1m[94m= [0m[1mhelp[0m: for further information visit https://rust-lang.github.io/rust-clippy/rust-1.99.0/index.html#disallowed_methods

[1m[91merror[0m: could not compile `lint-fixture` (lib) due to 10 previous errors
=== 5. Unit & Conformance Tests ===
[1m[92m   Compiling[0m nf-protocol v0.1.0 (/home/runner/work/HFT-Proj/HFT-Proj/crates/nf-protocol)
[1m[92m   Compiling[0m nf-transport v0.1.0 (/home/runner/work/HFT-Proj/HFT-Proj/crates/nf-transport)
[1m[92m   Compiling[0m nf-arbitrator v0.1.0 (/home/runner/work/HFT-Proj/HFT-Proj/crates/nf-arbitrator)
[1m[92m   Compiling[0m nf-recovery v0.1.0 (/home/runner/work/HFT-Proj/HFT-Proj/crates/nf-recovery)
[1m[92m   Compiling[0m nf-testkit v0.1.0 (/home/runner/work/HFT-Proj/HFT-Proj/crates/nf-testkit)
[1m[92m   Compiling[0m nf-engine v0.1.0 (/home/runner/work/HFT-Proj/HFT-Proj/crates/nf-engine)
[1m[92m    Finished[0m `test` profile [optimized + debuginfo] target(s) in 13.30s
[1m[92m     Running[0m unittests src/lib.rs (target/debug/deps/nf_arbitrator-6363e96099bf9242)

running 0 tests

test result: ok. 0 passed; 0 failed; 0 ignored; 0 measured; 0 filtered out; finished in 0.00s

[1m[92m     Running[0m tests/compilefail.rs (target/debug/deps/compilefail-478af2cb6c91a996)

running 1 test
[1m[92m    Checking[0m nf-protocol v0.1.0 (/home/runner/work/HFT-Proj/HFT-Proj/crates/nf-protocol)
[1m[92m    Checking[0m nf-arbitrator v0.1.0 (/home/runner/work/HFT-Proj/HFT-Proj/crates/nf-arbitrator)
[1m[92m    Checking[0m nf-transport v0.1.0 (/home/runner/work/HFT-Proj/HFT-Proj/crates/nf-transport)
[1m[92m    Checking[0m nf-recovery v0.1.0 (/home/runner/work/HFT-Proj/HFT-Proj/crates/nf-recovery)
[1m[92m    Checking[0m nf-testkit v0.1.0 (/home/runner/work/HFT-Proj/HFT-Proj/crates/nf-testkit)
[1m[92m    Checking[0m nf-arbitrator-tests v0.0.0 (/home/runner/work/HFT-Proj/HFT-Proj/target/tests/trybuild/nf-arbitrator)
[1m[92m    Finished[0m `dev` profile [unoptimized + debuginfo] target(s) in 0.44s


test tests/ui/cf1_private_field_construction.rs ... ok
test tests/ui/cf2_private_field_read.rs ... ok
test tests/ui/cf3_destructure.rs ... ok
test tests/ui/cf4_lookalike_type.rs ... ok
test tests/ui/cf5_hold_across_calls.rs ... ok
test tests/ui/cf6_orphan_clone.rs ... ok


test test_compile_fail_suite ... ok

test result: ok. 1 passed; 0 failed; 0 ignored; 0 measured; 0 filtered out; finished in 1.49s

[1m[92m     Running[0m tests/sequencer_tests.rs (target/debug/deps/sequencer_tests-c037a0fdfcc57b5c)

running 19 tests
test test_r3_no_optin_unchanged ... ok
test test_r3_span_equivalence_contiguous_flow ... ok
test test_r3_span_fallback_on_invalid ... ok
test test_r3_span_hb_eos ... ok
test test_u10_gen_law ... ok
test test_r3_span_gap_staging_drain ... ok
test test_u12_recovery_intent ... ok
test test_u11_seal ... ok
test test_u13_totality ... ok
test test_u14_byte_identity ... ok
test test_u2_partial_overlap ... ok
test test_u1_dup_fast_path ... ok
test test_u3_reorder_disorder ... ok
test test_u6_session_change ... ok
test test_u4_window_clamp ... ok
test test_u7_heartbeat_gap ... ok
test test_u8_eos_handling ... ok
test test_u9_eos_then_data ... ok
test test_u_zombie_hazard ... ok

test result: ok. 19 passed; 0 failed; 0 ignored; 0 measured; 0 filtered out; finished in 0.00s

[1m[92m     Running[0m tests/split_watermark.rs (target/debug/deps/split_watermark-6b556bc238fd948b)

running 1 test
test test_a1_split_watermark_discriminator ... ok

test result: ok. 1 passed; 0 failed; 0 ignored; 0 measured; 0 filtered out; finished in 0.05s

[1m[92m     Running[0m unittests src/lib.rs (target/debug/deps/nf_engine-2835e0eb584a1f80)

running 4 tests
test histogram::tests::test_static_histogram_percentiles ... ok
test tail_study::tests::test_p2_l1_unit_law_per_message_stamps ... ok
test tests::test_audit_in_memory_stream ... ok
test tests::test_audit_truncated_tail ... ok

test result: ok. 4 passed; 0 failed; 0 ignored; 0 measured; 0 filtered out; finished in 0.00s

[1m[92m     Running[0m unittests src/bin/audit.rs (target/debug/deps/audit-0ffa5e810830aa34)

running 0 tests

test result: ok. 0 passed; 0 failed; 0 ignored; 0 measured; 0 filtered out; finished in 0.00s

[1m[92m     Running[0m unittests src/bin/bench.rs (target/debug/deps/bench-8d7d78bca1894c8b)

running 0 tests

test result: ok. 0 passed; 0 failed; 0 ignored; 0 measured; 0 filtered out; finished in 0.00s

[1m[92m     Running[0m unittests src/bin/hft_bench.rs (target/debug/deps/hft_bench-77e0d5531fa87c9d)

running 0 tests

test result: ok. 0 passed; 0 failed; 0 ignored; 0 measured; 0 filtered out; finished in 0.00s

[1m[92m     Running[0m unittests src/bin/kbench.rs (target/debug/deps/kbench-4bb94fa949f08972)

running 0 tests

test result: ok. 0 passed; 0 failed; 0 ignored; 0 measured; 0 filtered out; finished in 0.00s

[1m[92m     Running[0m unittests src/bin/replay.rs (target/debug/deps/replay-0ff2083d86b40b63)

running 0 tests

test result: ok. 0 passed; 0 failed; 0 ignored; 0 measured; 0 filtered out; finished in 0.00s

[1m[92m     Running[0m tests/xdp_tests.rs (target/debug/deps/xdp_tests-51cc3573b9588ba6)

running 6 tests
test test_x1_xdp_smoke ... ok
test test_x4_fill_ring_discipline ... ok
test test_x6_malicious_frames ... ok
test test_x5_alloc_window_xdp ... ok
test test_x3_scripted_dual_drop ... ok
test test_x2_conformance_mini ... ok

test result: ok. 6 passed; 0 failed; 0 ignored; 0 measured; 0 filtered out; finished in 0.03s

[1m[92m     Running[0m unittests src/lib.rs (target/debug/deps/nf_protocol-885ff5d190450fa5)

running 21 tests
test itch5::tests::t2_tv_it2_stock_directory ... ok
test itch5::tests::t3_case_trap ... ok
test gates::tests::test_gates_tripwires_fail_on_bad_inputs ... ok
test itch5::tests::t1_tv_it1_system_event ... ok
test itch5::tests::t4_synthetic_add_order ... ok
test itch5::tests::t5_table_totality ... ok
test itch5::tests::t6_error_paths ... ok
test itch5::tests::t7_extended_overlays ... ok
test moldudp64::tests::t11_span_calculation ... ok
test moldudp64::tests::t13_spec_slice_edges ... ok
test moldudp64::tests::t1_tv1_golden ... ok
test moldudp64::tests::t2_t3_heartbeat_and_eos ... ok
test moldudp64::tests::t4_encode_request ... ok
test moldudp64::tests::t5_truncated_frame ... ok
test moldudp64::tests::t6_block_overrun ... ok
test moldudp64::tests::t7_trailing_bytes ... ok
test moldudp64::tests::t8_zero_length_message ... ok
test moldudp64::tests::t9_seq_overflow ... ok
test packet::tests::test_validate_frame_synthetic ... ok
test moldudp64::tests::t10_round_trip_property ... ok
test moldudp64::tests::t12_spec_slice_matches_blocks ... ok

test result: ok. 21 passed; 0 failed; 0 ignored; 0 measured; 0 filtered out; finished in 0.03s

[1m[92m     Running[0m unittests src/lib.rs (target/debug/deps/nf_recovery-a4273f375a48027e)

running 0 tests

test result: ok. 0 passed; 0 failed; 0 ignored; 0 measured; 0 filtered out; finished in 0.00s

[1m[92m     Running[0m tests/recovery_tests.rs (target/debug/deps/recovery_tests-6c123f8406540150)

running 17 tests
test test_r10_session_boundary_during_recovery ... ok
test test_r11_socket_disconnect ... ok
test test_r12_vt_grace_stepping ... ok
test test_r13_retry_counting_determinism ... ok
test test_r14_state_transition_matrix ... ok
test test_e2e_2b_split_dual_drop ... ok
test test_e2e_2a_canonical_dual_drop ... ok
test test_e2e_2c_double_run_confluence ... ok
test test_r4_request_encode_from_intent ... ok
test test_r1_fakeserver_drop_request_fault ... ok
test test_r6_drop_request_dead ... ok
test test_r7_silence_dead ... ok
test test_r5_partial_fill_truncate_after ... ok
test test_r2_fakeserver_drop_response_fault ... ok
test test_r3_inv_r5_wrong_session ... ok
test test_r9_dual_drop_repair ... ok
test test_r8_duplicate_first ... ok

test result: ok. 17 passed; 0 failed; 0 ignored; 0 measured; 0 filtered out; finished in 0.14s

[1m[92m     Running[0m unittests src/lib.rs (target/debug/deps/nf_testkit-c60ad869f026b239)

running 76 tests
test affinity::fabric_placement_tests::t_fabric_placement_distinct_workers_on_distinct_cores ... ok
test affinity::l3_tests::t_l3_groups_partition ... ok
test affinity::fabric_placement_tests::t_fabric_placement_no_worker_on_main_sibling_when_possible ... ok
test affinity::l3_tests::t_pipeline_placement_distinct ... ok
test affinity::l3_tests::t_topology_verification_same_cpu_violates ... ok
test affinity::tests::t_affinity_order_nonempty_and_bounded ... ok
test affinity::tests::t_affinity_pin_roundtrip ... ok
test affinity::l3_tests::t_topology_verification_placement_consistent ... ok
test batch_parity::t_r12_soa_parity_default_schedule ... ok
test batch_parity::t_r12_soa_parity_lossy_schedule ... ok
test batch_parity::t_r12_soa_parity_multi_pass_resets ... ok
test batch_parity::t_r12_soa_parity_reorder_schedule ... ok
test batch_parity::t_r12_soa_parity_session_split ... ok
test batch_parity::t_r12_soa_parity_single_feed_seeded ... ok
test batch_parity::t_r8_batch_parity_default_schedule ... ok
test batch_parity::t_r8_batch_parity_fast_sink ... ok
test batch_parity::t_r8_batch_parity_lossy_schedule ... ok
test batch_parity::t_r8_batch_parity_multi_pass_reset ... ok
test batch_parity::t_r8_batch_parity_per_message_sink ... ok
test batch_parity::t_r8_batch_parity_reorder_schedule ... ok
test batch_parity::t_r8_batch_parity_session_split ... ok
test batch_parity::t_r8_batch_parity_single_feed_seeded ... ok
test batch_parity::t_r8_coalesced_pacing_parity ... ok
test batch_parity::t_r8_pipeline_parity_canonical ... ok
test crcfold::tests::t_affine_kernel_8lane_differential ... ok
test crcfold::tests::t_affine_kernel_models ... ok
test crcfold::tests::t_affine_kernel_scalar_differential ... ok
test crcfold::tests::t_affine_span_derivation_oracle ... ok
test crcfold::tests::t_dfold_constants_derivation ... ok
test crcfold::tests::t_fold_differential_exhaustive ... ok
test crcfold::tests::t_gfni_bitrev_matrix ... ok
test crcfold::tests::t_golden_vectors ... ok
test crcfold::tests::t_ofold_constants_derivation ... ok
test crcfold::tests::t_r23c_tag_core ... ok
test crcfold::tests::t_reference_matches_standard_vector ... ok
test crcfold::tests::t_reflect_constants_derivation ... ok
test crcfold::tests::t_spec_slice_vec_differential ... ok
test crcfold::tests::t_transpose_arena_public_api ... ok
test crcfold::tests::t_tri_constants_derivation ... ok
test crcfold::tests::t_vend_constants_derivation ... ok
test crcfold::tests::t_vtail_constants_derivation ... ok
test hydra::tests::t_hydra_bitparity_chaos_schedule ... ok
test hydra::tests::t_hydra_bitparity_default_schedule ... ok
test batch_parity::t_f2_rxbuild_chaos_sustained_soak ... ok
test batch_parity::t_f1_rxwarm_chaos_sustained_soak ... ok
test hydra::tests::t_hydra_bitparity_seeded_range ... ok
test hydra::tests::t_hydra_bitparity_ring_wraparound ... ok
test hydra::tests::t_hydra_bitparity_worker_counts ... ok
test hydra::tests::t_hydra_crosspass_overlap_bitparity ... ok
test hydra::tests::t_r23c_affine_ledger_pipeline_parity ... ok
test hydra::tests::t_r23c_affine_tag_parity ... ok
test hydra::tests::t_hydra_bitparity_fixed1 ... ok
test batch_parity::t_i7_prepatch_chaos_sustained_soak ... ok
test soa::tests::t_ladder_alternating_group_passes ... ok
test soa::tests::t_ladder_avx512_matches_scalar_when_present ... ok
test soa::tests::t_ladder_gap_fails ... ok
test soa::tests::t_ladder_pair_mismatch_fails ... ok
test soa::tests::t_ladder_partial_dup_fails_or_passes_correctly ... ok
test soa::tests::t_ladder_two_emits_fails ... ok
test soa::tests::t_ladder_wrapping_group_rejected ... ok
test tests::t10_max_rate_mode ... ok
test tests::t1_golden_walker_mini ... ok
test tests::t2_schedule_determinism ... ok
test tests::t3_packetization_modes ... ok
test tests::t4_render_round_trip ... ok
test tests::t5_accounting_identity_guarantee_coverage ... ok
test tests::t6_th1_structure ... ok
test tests::t7_session_split_invariance ... ok
test tests::t8_delay_distribution_sanity ... ok
test tests::t9_full_mini_chaos_run ... ok
test tests::test_e2e_1_mini_chaos_conformance ... ok
test tests::test_e2e_1b_mini_chaos_determinism_double_run ... ok
test hydra::tests::t_rxdesc_sustained_multipass_parity ... ok
test tests::test_u5_w1_property_1m_ops ... ok
test hydra::tests::t_hydra_pipeline_soa_chaos_bitparity ... ok
test hydra::tests::t_rxdesc_parity_matrix ... ok

test result: ok. 76 passed; 0 failed; 0 ignored; 0 measured; 0 filtered out; finished in 5.08s

[1m[92m     Running[0m unittests src/bin/diff_oracle.rs (target/debug/deps/diff_oracle-fa81e8970129c313)

running 0 tests

test result: ok. 0 passed; 0 failed; 0 ignored; 0 measured; 0 filtered out; finished in 0.00s

[1m[92m     Running[0m unittests src/bin/fakeserver.rs (target/debug/deps/fakeserver-cafe9c737f62a6cf)

running 0 tests

test result: ok. 0 passed; 0 failed; 0 ignored; 0 measured; 0 filtered out; finished in 0.00s

[1m[92m     Running[0m unittests src/bin/fbench.rs (target/debug/deps/fbench-125af8e1b5e4ff98)

running 0 tests

test result: ok. 0 passed; 0 failed; 0 ignored; 0 measured; 0 filtered out; finished in 0.00s

[1m[92m     Running[0m unittests src/bin/fuzz_campaign.rs (target/debug/deps/fuzz_campaign-5df8befc36b68eb5)

running 0 tests

test result: ok. 0 passed; 0 failed; 0 ignored; 0 measured; 0 filtered out; finished in 0.00s

[1m[92m     Running[0m unittests src/bin/matrix_sweep.rs (target/debug/deps/matrix_sweep-7c6987c33b3656ab)

running 0 tests

test result: ok. 0 passed; 0 failed; 0 ignored; 0 measured; 0 filtered out; finished in 0.00s

[1m[92m     Running[0m unittests src/bin/spec_server.rs (target/debug/deps/spec_server-cb8f9ed5a20ba269)

running 0 tests

test result: ok. 0 passed; 0 failed; 0 ignored; 0 measured; 0 filtered out; finished in 0.00s

[1m[92m     Running[0m unittests src/bin/venue.rs (target/debug/deps/venue-785153f8a034a3bf)

running 0 tests

test result: ok. 0 passed; 0 failed; 0 ignored; 0 measured; 0 filtered out; finished in 0.00s

[1m[92m     Running[0m unittests src/bin/window_sweep.rs (target/debug/deps/window_sweep-6d125350cd8689be)

running 0 tests

test result: ok. 0 passed; 0 failed; 0 ignored; 0 measured; 0 filtered out; finished in 0.00s

[1m[92m     Running[0m unittests src/lib.rs (target/debug/deps/nf_transport-1bacef6ed3ea05d1)

running 24 tests
test pipeline::tests::t_pipeline_armed_rejects_plain_reset ... ok
test pipeline::tests::t_pipeline_auto_advance_multi_pass ... ok
test pipeline::tests::t_pipeline_auto_advance_session_divergence_failstops ... ok
test pipeline::tests::t_pipeline_coalesce128 ... ok
test pipeline::tests::t_pipeline_multi_reset ... ok
test pipeline::tests::t_pipeline_single_pass_coalesce8 ... ok
test pipeline::tests::t_pipeline_single_pass_coalesce1 ... ok
test pipeline::tests::t_rxbuild_constant_session ... ok
test pipeline::tests::t_rxbuild_mid_pass_abandon ... ok
test pipeline::tests::t_nbuf32_parity_vs_depth16 ... ok
test pipeline::tests::t_rxwarm_mid_pass_abandon ... ok
test pipeline::tests::t_rxbuild_parity_vs_classic ... ok
test render::tests::t_r2_memo_all_valid ... ok
test render::tests::t_r2_memo_default_trait_none ... ok
test render::tests::t_r2_memo_exact_prefix ... ok
test render::tests::t_r2_memo_none_for_hb ... ok
test render::tests::t_r2_memo_none_oob ... ok
test render::tests::t_r2_memo_stable_across_reset ... ok
test render::tests::t_r8_batch_entries_match_side_tables ... ok
test render::tests::t_r9_aliasing_dual_feed_identical_bytes_and_smaller_blob ... ok
test render::tests::t_r9_aliasing_not_for_distinct_ranges ... ok
test pipeline::tests::t_rxwarm_unarmed_constant_session ... ok
test pipeline::tests::t_rxwarm_parity_vs_classic ... ok
test pipeline::tests::t_prepatch_marker_sentinel_head_invariant ... ok

test result: ok. 24 passed; 0 failed; 0 ignored; 0 measured; 0 filtered out; finished in 0.10s

[1m[92m   Doc-tests[0m nf_arbitrator

running 0 tests

test result: ok. 0 passed; 0 failed; 0 ignored; 0 measured; 0 filtered out; finished in 0.00s

[1m[92m   Doc-tests[0m nf_engine

running 0 tests

test result: ok. 0 passed; 0 failed; 0 ignored; 0 measured; 0 filtered out; finished in 0.00s

[1m[92m   Doc-tests[0m nf_protocol

running 0 tests

test result: ok. 0 passed; 0 failed; 0 ignored; 0 measured; 0 filtered out; finished in 0.00s

[1m[92m   Doc-tests[0m nf_recovery

running 0 tests

test result: ok. 0 passed; 0 failed; 0 ignored; 0 measured; 0 filtered out; finished in 0.00s

[1m[92m   Doc-tests[0m nf_testkit

running 0 tests

test result: ok. 0 passed; 0 failed; 0 ignored; 0 measured; 0 filtered out; finished in 0.00s

[1m[92m   Doc-tests[0m nf_transport

running 0 tests

test result: ok. 0 passed; 0 failed; 0 ignored; 0 measured; 0 filtered out; finished in 0.00s

=== 6. Full Day Audit & Histogram Diff ===
[1m[92m    Finished[0m `release` profile [optimized] target(s) in 0.01s
[1m[92m     Running[0m `target/release/audit data/tests/sample-mini.itch`
AUDIT file=data/tests/sample-mini.itch bytes=14999991 blocks=505849 violations=0 truncated_tail=true
HIST 0x41 A len=36 count=180684 pct=35.72
HIST 0x43 C len=36 count=20 pct=0.00
HIST 0x44 D len=19 count=164385 pct=32.50
HIST 0x45 E len=31 count=1507 pct=0.30
HIST 0x46 F len=40 count=27934 pct=5.52
HIST 0x48 H len=25 count=8900 pct=1.76
HIST 0x4C L len=26 count=6171 pct=1.22
HIST 0x4E N len=20 count=76670 pct=15.16
HIST 0x50 P len=44 count=1544 pct=0.31
HIST 0x52 R len=39 count=8906 pct=1.76
HIST 0x53 S len=12 count=3 pct=0.00
HIST 0x55 U len=35 count=18395 pct=3.64
HIST 0x56 V len=35 count=1 pct=0.00
HIST 0x58 X len=23 count=1821 pct=0.36
HIST 0x59 Y len=20 count=8908 pct=1.76
=== 7. Replay Conformance & Golden Hash Check ===
[1m[92m    Finished[0m `release` profile [optimized] target(s) in 0.00s
[1m[92m     Running[0m `target/release/replay --config ci-mode1.toml`
BLOB_BACKING mode=mmap anon_huge_kb=14336 map_mb=16.5 verdict=thp-granted
VERDICT hash=0xF6EF154EFDE905D8 count=505849 watermark=255850 violations=0
=== 8. Zero-Allocation Window (ALLOC_DELTA=0) ===
BLOB_BACKING mode=mmap anon_huge_kb=14336 map_mb=16.5 verdict=thp-granted
WINDOW_BEGIN
WINDOW_END
ALLOC_DELTA=0
VERDICT hash=0xF6EF154EFDE905D8 count=505849 watermark=255850 violations=0
=== 9. Kernel Syscall Strace Diff Probe ===
BLOB_BACKING mode=mmap anon_huge_kb=14336 map_mb=16.5 verdict=thp-granted
BLOB_BACKING mode=mmap anon_huge_kb=14336 map_mb=16.5 verdict=thp-granted
VERDICT hash=0xF6EF154EFDE905D8 count=505849 watermark=255850 violations=0
=== 10. Venue Sender & XDP Transport Smoke Check ===
[1m[92m    Finished[0m `release` profile [optimized] target(s) in 0.00s
[1m[92m     Running[0m `target/release/venue --sample data/tests/sample-mini.itch`
VENUE_SENDER starting: sending 101202 events
VENUE_SENDER finished: 101202 packets transmitted
=== 11. Benchmark & G12-T1 Tail Attribution Study ===
[1m[92m    Finished[0m `release` profile [optimized] target(s) in 0.00s
[1m[92m     Running[0m `target/release/bench --sample data/tests/sample-mini.itch --runs 5 --study`
BENCH_CALIBRATION invariant_tsc=true freq_mhz=2596.12 mark_overhead_cycles=52
=== 1. PR-1 UN-INSTRUMENTED BURST THROUGHPUT EVALUATION ===
BLOB_BACKING mode=mmap anon_huge_kb=14336 map_mb=16.5 verdict=thp-granted
BENCH mode=replay-burst-uninstrumented msgs=505849 rate=849197302 allocs=0 freq=2596.12MHz run=1
BENCH mode=replay-burst-uninstrumented msgs=505849 rate=874349875 allocs=0 freq=2596.12MHz run=2
BENCH mode=replay-burst-uninstrumented msgs=505849 rate=865051080 allocs=0 freq=2596.12MHz run=3
BENCH mode=replay-burst-uninstrumented msgs=505849 rate=884982644 allocs=0 freq=2596.12MHz run=4
BENCH mode=replay-burst-uninstrumented msgs=505849 rate=914562334 allocs=0 freq=2596.12MHz run=5
BENCH_MEDIAN mode=replay-burst-uninstrumented rate=874349875
PR1_TITAN_VERDICT rate=874349875 target=100000000 -> PASS (span conformance: every emitted byte CRC32C-checked in-window, 8 lanes)
=== 2. PR-1 SUSTAINED LOOP MODE (>= 5 SECONDS) ===
BENCH mode=replay-sustained-5s total_msgs=4698325512 duration=5.00s sustained_rate=939581662 msg/s allocs=0
PR1_TITAN_SUSTAINED_VERDICT rate=939581662 target=100000000 -> PASS
=== 3. SAMPLED MARKS EVALUATION (1-in-256) & PR-2 VERDICT ===
BENCH mode=replay-core-sampled-256-fast msgs=505849 rate=67848658 p50=52 p99=104 mean=69.54 allocs=0 freq=2596.12MHz run=1
BENCH mode=replay-core-sampled-256-fast msgs=505849 rate=68131261 p50=52 p99=78 mean=58.82 allocs=0 freq=2596.12MHz run=2
BENCH mode=replay-core-sampled-256-fast msgs=505849 rate=68258877 p50=52 p99=78 mean=59.11 allocs=0 freq=2596.12MHz run=3
BENCH mode=replay-core-sampled-256-fast msgs=505849 rate=66877707 p50=52 p99=104 mean=59.36 allocs=0 freq=2596.12MHz run=4
BENCH mode=replay-core-sampled-256-fast msgs=505849 rate=68919133 p50=52 p99=78 mean=58.28 allocs=0 freq=2596.12MHz run=5
PR2_SAMPLED_VERDICT rate=68131261 p50=52 p99=78 (tax=92.21%) -> p50 < 60: PASS, p99 < 150: PASS
=== 4. H5 PACKET-SIZE SWEEP ===
H5_SWEEP packetize=Fixed(1) packets=1011710 rep=1 p50=104 p99=130 p99.9=156
H5_SWEEP packetize=Fixed(1) packets=1011710 rep=2 p50=104 p99=130 p99.9=182
H5_SWEEP packetize=Fixed(16) packets=63258 rep=1 p50=104 p99=130 p99.9=156
H5_SWEEP packetize=Fixed(16) packets=63258 rep=2 p50=104 p99=130 p99.9=130
H5_SWEEP packetize=MtuBound(1400) packets=21996 rep=1 p50=104 p99=130 p99.9=156
H5_SWEEP packetize=MtuBound(1400) packets=21996 rep=2 p50=104 p99=130 p99.9=130
=== 5. G12-T1 TAIL ATTRIBUTION STUDY PHASE 2 (PER-MESSAGE MEASUREMENT) ===
BENCH mode=replay-core-msg arm=cold msgs=505849 rate=14730997 raw[p50=78 p90=130 p99=130 p99.99=442 max=34424] adj[p50=26 p90=78 p99=78 p99.99=390 max=34372] allocs=0 freq=2596.12MHz run=1
BENCH mode=replay-core-msg arm=cold msgs=505849 rate=14756570 raw[p50=78 p90=130 p99=130 p99.99=390 max=46462] adj[p50=26 p90=78 p99=78 p99.99=338 max=46410] allocs=0 freq=2596.12MHz run=2
BENCH mode=replay-core-msg arm=cold msgs=505849 rate=14652631 raw[p50=78 p90=130 p99=130 p99.99=442 max=65962] adj[p50=26 p90=78 p99=78 p99.99=390 max=65910] allocs=0 freq=2596.12MHz run=3
BENCH mode=replay-core-msg arm=cold msgs=505849 rate=14867554 raw[p50=78 p90=130 p99=130 p99.99=390 max=37700] adj[p50=26 p90=78 p99=78 p99.99=338 max=37648] allocs=0 freq=2596.12MHz run=4
BENCH mode=replay-core-msg arm=cold msgs=505849 rate=14847751 raw[p50=78 p90=130 p99=130 p99.99=416 max=43186] adj[p50=26 p90=78 p99=78 p99.99=364 max=43134] allocs=0 freq=2596.12MHz run=5
T1_PHASE2 arm=cold rate=14756570 raw[p50=78 p90=130 p99=130 p99.9=156 p99.99=416 max=43186] adj[p50=26 p90=78 p99=78 p99.9=104 p99.99=364 max=43134] unknown_pct=0.00% (samples_above_p99=110047)
BENCH mode=replay-core-msg arm=prefault msgs=505849 rate=15072954 raw[p50=78 p90=130 p99=130 p99.99=364 max=56472] adj[p50=26 p90=78 p99=78 p99.99=312 max=56420] allocs=0 freq=2596.12MHz run=1
BENCH mode=replay-core-msg arm=prefault msgs=505849 rate=14913947 raw[p50=78 p90=130 p99=130 p99.99=442 max=35724] adj[p50=26 p90=78 p99=78 p99.99=390 max=35672] allocs=0 freq=2596.12MHz run=2
BENCH mode=replay-core-msg arm=prefault msgs=505849 rate=14898655 raw[p50=78 p90=130 p99=130 p99.99=416 max=32760] adj[p50=26 p90=78 p99=78 p99.99=364 max=32708] allocs=0 freq=2596.12MHz run=3
BENCH mode=replay-core-msg arm=prefault msgs=505849 rate=15004584 raw[p50=78 p90=130 p99=130 p99.99=442 max=33540] adj[p50=26 p90=78 p99=78 p99.99=390 max=33488] allocs=0 freq=2596.12MHz run=4
BENCH mode=replay-core-msg arm=prefault msgs=505849 rate=15161424 raw[p50=78 p90=130 p99=130 p99.99=442 max=34606] adj[p50=26 p90=78 p99=78 p99.99=390 max=34554] allocs=0 freq=2596.12MHz run=5
T1_PHASE2 arm=prefault rate=15004584 raw[p50=78 p90=130 p99=130 p99.9=156 p99.99=442 max=34606] adj[p50=26 p90=78 p99=78 p99.9=104 p99.99=390 max=34554] unknown_pct=0.00% (samples_above_p99=100021)
BENCH mode=replay-core-msg arm=empty msgs=1011698 rate=23333563 raw[p50=52 p90=52 p99=52 p99.99=78 max=38766] adj[p50=0 p90=0 p99=0 p99.99=26 max=38714] allocs=0 freq=2596.12MHz run=1
BENCH mode=replay-core-msg arm=empty msgs=1011698 rate=23738791 raw[p50=52 p90=52 p99=52 p99.99=78 max=150904] adj[p50=0 p90=0 p99=0 p99.99=26 max=150852] allocs=0 freq=2596.12MHz run=2
BENCH mode=replay-core-msg arm=empty msgs=1011698 rate=23758549 raw[p50=52 p90=52 p99=52 p99.99=78 max=51974] adj[p50=0 p90=0 p99=0 p99.99=26 max=51922] allocs=0 freq=2596.12MHz run=3
BENCH mode=replay-core-msg arm=empty msgs=1011698 rate=22699954 raw[p50=52 p90=52 p99=52 p99.99=78 max=53586] adj[p50=0 p90=0 p99=0 p99.99=26 max=53534] allocs=0 freq=2596.12MHz run=4
BENCH mode=replay-core-msg arm=empty msgs=1011698 rate=22994870 raw[p50=52 p90=52 p99=52 p99.99=78 max=65416] adj[p50=0 p90=0 p99=0 p99.99=26 max=65364] allocs=0 freq=2596.12MHz run=5
T1_PHASE2 arm=empty rate=23333563 raw[p50=52 p90=52 p99=52 p99.9=52 p99.99=78 max=53586] adj[p50=0 p90=0 p99=0 p99.9=0 p99.99=26 max=53534] unknown_pct=0.00% (samples_above_p99=365009)
STUDY_REPORT written to docs/artifacts/tail-study/study-report.md
=== 6. TARGET-1 PHASE A: 3-ARM SKELETON BASELINE SWEEP (20 RUNS) ===
BENCH mode=replay-core-msg arm=empty msgs=1011698 rate=22549084 raw[p50=52 p90=52 p99=52 p99.99=78 max=32526] adj[p50=0 p90=0 p99=0 p99.99=26 max=32474] allocs=0 freq=2596.12MHz run=1
T1_PHASE2 arm=empty rate=22549084 raw[p50=52 p90=52 p99=52 p99.9=52 p99.99=78 max=32526] adj[p50=0 p90=0 p99=0 p99.9=0 p99.99=26 max=32474] unknown_pct=0.00% (samples_above_p99=382761)
BENCH mode=replay-core-msg arm=loop msgs=1011698 rate=23051457 raw[p50=52 p90=52 p99=52 p99.99=78 max=71344] adj[p50=0 p90=0 p99=0 p99.99=26 max=71292] allocs=0 freq=2596.12MHz run=1
T1_PHASE2 arm=loop rate=23051457 raw[p50=52 p90=52 p99=52 p99.9=52 p99.99=78 max=71344] adj[p50=0 p90=0 p99=0 p99.9=0 p99.99=26 max=71292] unknown_pct=0.00% (samples_above_p99=371979)
BENCH mode=replay-core-msg arm=cold msgs=505849 rate=14957316 raw[p50=78 p90=130 p99=130 p99.99=468 max=55822] adj[p50=26 p90=78 p99=78 p99.99=416 max=55770] allocs=0 freq=2596.12MHz run=1
T1_PHASE2 arm=cold rate=14957316 raw[p50=78 p90=130 p99=130 p99.9=156 p99.99=468 max=55822] adj[p50=26 p90=78 p99=78 p99.9=104 p99.99=416 max=55770] unknown_pct=0.00% (samples_above_p99=107801)
BENCH mode=replay-core-msg arm=empty msgs=1011698 rate=22959802 raw[p50=52 p90=52 p99=52 p99.99=78 max=40534] adj[p50=0 p90=0 p99=0 p99.99=26 max=40482] allocs=0 freq=2596.12MHz run=1
T1_PHASE2 arm=empty rate=22959802 raw[p50=52 p90=52 p99=52 p99.9=52 p99.99=78 max=40534] adj[p50=0 p90=0 p99=0 p99.9=0 p99.99=26 max=40482] unknown_pct=0.00% (samples_above_p99=367779)
BENCH mode=replay-core-msg arm=loop msgs=1011698 rate=23186672 raw[p50=52 p90=52 p99=52 p99.99=78 max=45474] adj[p50=0 p90=0 p99=0 p99.99=26 max=45422] allocs=0 freq=2596.12MHz run=1
T1_PHASE2 arm=loop rate=23186672 raw[p50=52 p90=52 p99=52 p99.9=52 p99.99=78 max=45474] adj[p50=0 p90=0 p99=0 p99.9=0 p99.99=26 max=45422] unknown_pct=0.00% (samples_above_p99=365759)
BENCH mode=replay-core-msg arm=cold msgs=505849 rate=14975863 raw[p50=78 p90=130 p99=130 p99.99=572 max=146874] adj[p50=26 p90=78 p99=78 p99.99=520 max=146822] allocs=0 freq=2596.12MHz run=1
T1_PHASE2 arm=cold rate=14975863 raw[p50=78 p90=130 p99=130 p99.9=156 p99.99=572 max=146874] adj[p50=26 p90=78 p99=78 p99.9=104 p99.99=520 max=146822] unknown_pct=0.00% (samples_above_p99=105279)
BENCH mode=replay-core-msg arm=empty msgs=1011698 rate=23077781 raw[p50=52 p90=52 p99=52 p99.99=78 max=56290] adj[p50=0 p90=0 p99=0 p99.99=26 max=56238] allocs=0 freq=2596.12MHz run=1
T1_PHASE2 arm=empty rate=23077781 raw[p50=52 p90=52 p99=52 p99.9=52 p99.99=78 max=56290] adj[p50=0 p90=0 p99=0 p99.9=0 p99.99=26 max=56238] unknown_pct=0.00% (samples_above_p99=363938)
BENCH mode=replay-core-msg arm=loop msgs=1011698 rate=23437625 raw[p50=52 p90=52 p99=52 p99.99=78 max=28028] adj[p50=0 p90=0 p99=0 p99.99=26 max=27976] allocs=0 freq=2596.12MHz run=1
T1_PHASE2 arm=loop rate=23437625 raw[p50=52 p90=52 p99=52 p99.9=52 p99.99=78 max=28028] adj[p50=0 p90=0 p99=0 p99.9=0 p99.99=26 max=27976] unknown_pct=0.00% (samples_above_p99=357912)
BENCH mode=replay-core-msg arm=cold msgs=505849 rate=14543778 raw[p50=78 p90=130 p99=130 p99.99=416 max=44018] adj[p50=26 p90=78 p99=78 p99.99=364 max=43966] allocs=0 freq=2596.12MHz run=1
T1_PHASE2 arm=cold rate=14543778 raw[p50=78 p90=130 p99=130 p99.9=156 p99.99=416 max=44018] adj[p50=26 p90=78 p99=78 p99.9=104 p99.99=364 max=43966] unknown_pct=0.00% (samples_above_p99=140782)
BENCH mode=replay-core-msg arm=empty msgs=1011698 rate=22086916 raw[p50=52 p90=52 p99=52 p99.99=78 max=39858] adj[p50=0 p90=0 p99=0 p99.99=26 max=39806] allocs=0 freq=2596.12MHz run=1
T1_PHASE2 arm=empty rate=22086916 raw[p50=52 p90=52 p99=52 p99.9=52 p99.99=78 max=39858] adj[p50=0 p90=0 p99=0 p99.9=0 p99.99=26 max=39806] unknown_pct=0.00% (samples_above_p99=406889)
BENCH mode=replay-core-msg arm=loop msgs=1011698 rate=22503414 raw[p50=52 p90=52 p99=52 p99.99=78 max=238680] adj[p50=0 p90=0 p99=0 p99.99=26 max=238628] allocs=0 freq=2596.12MHz run=1
T1_PHASE2 arm=loop rate=22503414 raw[p50=52 p90=52 p99=52 p99.9=52 p99.99=78 max=238680] adj[p50=0 p90=0 p99=0 p99.9=0 p99.99=26 max=238628] unknown_pct=0.00% (samples_above_p99=384665)
BENCH mode=replay-core-msg arm=cold msgs=505849 rate=14917022 raw[p50=78 p90=130 p99=130 p99.99=494 max=39858] adj[p50=26 p90=78 p99=78 p99.99=442 max=39806] allocs=0 freq=2596.12MHz run=1
T1_PHASE2 arm=cold rate=14917022 raw[p50=78 p90=130 p99=130 p99.9=156 p99.99=494 max=39858] adj[p50=26 p90=78 p99=78 p99.9=104 p99.99=442 max=39806] unknown_pct=0.00% (samples_above_p99=112184)
BENCH mode=replay-core-msg arm=empty msgs=1011698 rate=22770442 raw[p50=52 p90=52 p99=52 p99.99=78 max=41314] adj[p50=0 p90=0 p99=0 p99.99=26 max=41262] allocs=0 freq=2596.12MHz run=1
T1_PHASE2 arm=empty rate=22770442 raw[p50=52 p90=52 p99=52 p99.9=52 p99.99=78 max=41314] adj[p50=0 p90=0 p99=0 p99.9=0 p99.99=26 max=41262] unknown_pct=0.00% (samples_above_p99=374297)
BENCH mode=replay-core-msg arm=loop msgs=1011698 rate=22936198 raw[p50=52 p90=52 p99=52 p99.99=78 max=33410] adj[p50=0 p90=0 p99=0 p99.99=26 max=33358] allocs=0 freq=2596.12MHz run=1
T1_PHASE2 arm=loop rate=22936198 raw[p50=52 p90=52 p99=52 p99.9=52 p99.99=78 max=33410] adj[p50=0 p90=0 p99=0 p99.9=0 p99.99=26 max=33358] unknown_pct=0.00% (samples_above_p99=381243)
BENCH mode=replay-core-msg arm=cold msgs=505849 rate=14985104 raw[p50=78 p90=130 p99=130 p99.99=572 max=42016] adj[p50=26 p90=78 p99=78 p99.99=520 max=41964] allocs=0 freq=2596.12MHz run=1
T1_PHASE2 arm=cold rate=14985104 raw[p50=78 p90=130 p99=130 p99.9=156 p99.99=572 max=42016] adj[p50=26 p90=78 p99=78 p99.9=104 p99.99=520 max=41964] unknown_pct=0.00% (samples_above_p99=100222)
BENCH mode=replay-core-msg arm=empty msgs=1011698 rate=23199282 raw[p50=52 p90=52 p99=52 p99.99=78 max=38844] adj[p50=0 p90=0 p99=0 p99.99=26 max=38792] allocs=0 freq=2596.12MHz run=1
T1_PHASE2 arm=empty rate=23199282 raw[p50=52 p90=52 p99=52 p99.9=52 p99.99=78 max=38844] adj[p50=0 p90=0 p99=0 p99.9=0 p99.99=26 max=38792] unknown_pct=0.00% (samples_above_p99=357686)
BENCH mode=replay-core-msg arm=loop msgs=1011698 rate=23893309 raw[p50=52 p90=52 p99=52 p99.99=78 max=91234] adj[p50=0 p90=0 p99=0 p99.99=26 max=91182] allocs=0 freq=2596.12MHz run=1
T1_PHASE2 arm=loop rate=23893309 raw[p50=52 p90=52 p99=52 p99.9=52 p99.99=78 max=91234] adj[p50=0 p90=0 p99=0 p99.9=0 p99.99=26 max=91182] unknown_pct=0.00% (samples_above_p99=340607)
BENCH mode=replay-core-msg arm=cold msgs=505849 rate=15484387 raw[p50=78 p90=130 p99=130 p99.99=442 max=58786] adj[p50=26 p90=78 p99=78 p99.99=390 max=58734] allocs=0 freq=2596.12MHz run=1
T1_PHASE2 arm=cold rate=15484387 raw[p50=78 p90=130 p99=130 p99.9=130 p99.99=442 max=58786] adj[p50=26 p90=78 p99=78 p99.9=78 p99.99=390 max=58734] unknown_pct=0.00% (samples_above_p99=64151)
BENCH mode=replay-core-msg arm=empty msgs=1011698 rate=22874513 raw[p50=52 p90=52 p99=52 p99.99=78 max=200824] adj[p50=0 p90=0 p99=0 p99.99=26 max=200772] allocs=0 freq=2596.12MHz run=1
T1_PHASE2 arm=empty rate=22874513 raw[p50=52 p90=52 p99=52 p99.9=52 p99.99=78 max=200824] adj[p50=0 p90=0 p99=0 p99.9=0 p99.99=26 max=200772] unknown_pct=0.00% (samples_above_p99=367376)
BENCH mode=replay-core-msg arm=loop msgs=1011698 rate=23308383 raw[p50=52 p90=52 p99=52 p99.99=78 max=48958] adj[p50=0 p90=0 p99=0 p99.99=26 max=48906] allocs=0 freq=2596.12MHz run=1
T1_PHASE2 arm=loop rate=23308383 raw[p50=52 p90=52 p99=52 p99.9=52 p99.99=78 max=48958] adj[p50=0 p90=0 p99=0 p99.9=0 p99.99=26 max=48906] unknown_pct=0.00% (samples_above_p99=364273)
BENCH mode=replay-core-msg arm=cold msgs=505849 rate=15249154 raw[p50=78 p90=130 p99=130 p99.99=624 max=108888] adj[p50=26 p90=78 p99=78 p99.99=572 max=108836] allocs=0 freq=2596.12MHz run=1
T1_PHASE2 arm=cold rate=15249154 raw[p50=78 p90=130 p99=130 p99.9=156 p99.99=624 max=108888] adj[p50=26 p90=78 p99=78 p99.9=104 p99.99=572 max=108836] unknown_pct=0.00% (samples_above_p99=85803)
BENCH mode=replay-core-msg arm=empty msgs=1011698 rate=23425869 raw[p50=52 p90=52 p99=52 p99.99=78 max=24622] adj[p50=0 p90=0 p99=0 p99.99=26 max=24570] allocs=0 freq=2596.12MHz run=1
T1_PHASE2 arm=empty rate=23425869 raw[p50=52 p90=52 p99=52 p99.9=52 p99.99=78 max=24622] adj[p50=0 p90=0 p99=0 p99.9=0 p99.99=26 max=24570] unknown_pct=0.00% (samples_above_p99=347203)
BENCH mode=replay-core-msg arm=loop msgs=1011698 rate=23417370 raw[p50=52 p90=52 p99=52 p99.99=78 max=62348] adj[p50=0 p90=0 p99=0 p99.99=26 max=62296] allocs=0 freq=2596.12MHz run=1
T1_PHASE2 arm=loop rate=23417370 raw[p50=52 p90=52 p99=52 p99.9=52 p99.99=78 max=62348] adj[p50=0 p90=0 p99=0 p99.9=0 p99.99=26 max=62296] unknown_pct=0.00% (samples_above_p99=349151)
BENCH mode=replay-core-msg arm=cold msgs=505849 rate=14924382 raw[p50=78 p90=130 p99=130 p99.99=442 max=28080] adj[p50=26 p90=78 p99=78 p99.99=390 max=28028] allocs=0 freq=2596.12MHz run=1
T1_PHASE2 arm=cold rate=14924382 raw[p50=78 p90=130 p99=130 p99.9=156 p99.99=442 max=28080] adj[p50=26 p90=78 p99=78 p99.9=104 p99.99=390 max=28028] unknown_pct=0.00% (samples_above_p99=110791)
BENCH mode=replay-core-msg arm=empty msgs=1011698 rate=22980334 raw[p50=52 p90=52 p99=52 p99.99=78 max=40430] adj[p50=0 p90=0 p99=0 p99.99=26 max=40378] allocs=0 freq=2596.12MHz run=1
T1_PHASE2 arm=empty rate=22980334 raw[p50=52 p90=52 p99=52 p99.9=52 p99.99=78 max=40430] adj[p50=0 p90=0 p99=0 p99.9=0 p99.99=26 max=40378] unknown_pct=0.00% (samples_above_p99=368670)
BENCH mode=replay-core-msg arm=loop msgs=1011698 rate=23479920 raw[p50=52 p90=52 p99=52 p99.99=78 max=33176] adj[p50=0 p90=0 p99=0 p99.99=26 max=33124] allocs=0 freq=2596.12MHz run=1
T1_PHASE2 arm=loop rate=23479920 raw[p50=52 p90=52 p99=52 p99.9=52 p99.99=78 max=33176] adj[p50=0 p90=0 p99=0 p99.9=0 p99.99=26 max=33124] unknown_pct=0.00% (samples_above_p99=356314)
BENCH mode=replay-core-msg arm=cold msgs=505849 rate=14794871 raw[p50=78 p90=130 p99=130 p99.99=494 max=30836] adj[p50=26 p90=78 p99=78 p99.99=442 max=30784] allocs=0 freq=2596.12MHz run=1
T1_PHASE2 arm=cold rate=14794871 raw[p50=78 p90=130 p99=130 p99.9=156 p99.99=494 max=30836] adj[p50=26 p90=78 p99=78 p99.9=104 p99.99=442 max=30784] unknown_pct=0.00% (samples_above_p99=120349)
BENCH mode=replay-core-msg arm=empty msgs=1011698 rate=22958289 raw[p50=52 p90=52 p99=52 p99.99=78 max=54496] adj[p50=0 p90=0 p99=0 p99.99=26 max=54444] allocs=0 freq=2596.12MHz run=1
T1_PHASE2 arm=empty rate=22958289 raw[p50=52 p90=52 p99=52 p99.9=52 p99.99=78 max=54496] adj[p50=0 p90=0 p99=0 p99.9=0 p99.99=26 max=54444] unknown_pct=0.00% (samples_above_p99=371540)
BENCH mode=replay-core-msg arm=loop msgs=1011698 rate=23449910 raw[p50=52 p90=52 p99=52 p99.99=78 max=38948] adj[p50=0 p90=0 p99=0 p99.99=26 max=38896] allocs=0 freq=2596.12MHz run=1
T1_PHASE2 arm=loop rate=23449910 raw[p50=52 p90=52 p99=52 p99.9=52 p99.99=78 max=38948] adj[p50=0 p90=0 p99=0 p99.9=0 p99.99=26 max=38896] unknown_pct=0.00% (samples_above_p99=352950)
BENCH mode=replay-core-msg arm=cold msgs=505849 rate=14733825 raw[p50=78 p90=130 p99=130 p99.99=442 max=34970] adj[p50=26 p90=78 p99=78 p99.99=390 max=34918] allocs=0 freq=2596.12MHz run=1
T1_PHASE2 arm=cold rate=14733825 raw[p50=78 p90=130 p99=130 p99.9=156 p99.99=442 max=34970] adj[p50=26 p90=78 p99=78 p99.9=104 p99.99=390 max=34918] unknown_pct=0.00% (samples_above_p99=123131)
BENCH mode=replay-core-msg arm=empty msgs=1011698 rate=23209723 raw[p50=52 p90=52 p99=52 p99.99=78 max=33930] adj[p50=0 p90=0 p99=0 p99.99=26 max=33878] allocs=0 freq=2596.12MHz run=1
T1_PHASE2 arm=empty rate=23209723 raw[p50=52 p90=52 p99=52 p99.9=52 p99.99=78 max=33930] adj[p50=0 p90=0 p99=0 p99.9=0 p99.99=26 max=33878] unknown_pct=0.00% (samples_above_p99=360692)
BENCH mode=replay-core-msg arm=loop msgs=1011698 rate=23760030 raw[p50=52 p90=52 p99=52 p99.99=78 max=34216] adj[p50=0 p90=0 p99=0 p99.99=26 max=34164] allocs=0 freq=2596.12MHz run=1
T1_PHASE2 arm=loop rate=23760030 raw[p50=52 p90=52 p99=52 p99.9=52 p99.99=78 max=34216] adj[p50=0 p90=0 p99=0 p99.9=0 p99.99=26 max=34164] unknown_pct=0.00% (samples_above_p99=345266)
BENCH mode=replay-core-msg arm=cold msgs=505849 rate=15595912 raw[p50=78 p90=130 p99=130 p99.99=468 max=44252] adj[p50=26 p90=78 p99=78 p99.99=416 max=44200] allocs=0 freq=2596.12MHz run=1
T1_PHASE2 arm=cold rate=15595912 raw[p50=78 p90=130 p99=130 p99.9=130 p99.99=468 max=44252] adj[p50=26 p90=78 p99=78 p99.9=78 p99.99=416 max=44200] unknown_pct=0.00% (samples_above_p99=65085)
BENCH mode=replay-core-msg arm=empty msgs=1011698 rate=23895474 raw[p50=52 p90=52 p99=52 p99.99=78 max=43108] adj[p50=0 p90=0 p99=0 p99.99=26 max=43056] allocs=0 freq=2596.12MHz run=1
T1_PHASE2 arm=empty rate=23895474 raw[p50=52 p90=52 p99=52 p99.9=52 p99.99=78 max=43108] adj[p50=0 p90=0 p99=0 p99.9=0 p99.99=26 max=43056] unknown_pct=0.00% (samples_above_p99=330406)
BENCH mode=replay-core-msg arm=loop msgs=1011698 rate=23846185 raw[p50=52 p90=52 p99=52 p99.99=78 max=61074] adj[p50=0 p90=0 p99=0 p99.99=26 max=61022] allocs=0 freq=2596.12MHz run=1
T1_PHASE2 arm=loop rate=23846185 raw[p50=52 p90=52 p99=52 p99.9=52 p99.99=78 max=61074] adj[p50=0 p90=0 p99=0 p99.9=0 p99.99=26 max=61022] unknown_pct=0.00% (samples_above_p99=337501)
BENCH mode=replay-core-msg arm=cold msgs=505849 rate=15272665 raw[p50=78 p90=130 p99=130 p99.99=442 max=40638] adj[p50=26 p90=78 p99=78 p99.99=390 max=40586] allocs=0 freq=2596.12MHz run=1
T1_PHASE2 arm=cold rate=15272665 raw[p50=78 p90=130 p99=130 p99.9=130 p99.99=442 max=40638] adj[p50=26 p90=78 p99=78 p99.9=78 p99.99=390 max=40586] unknown_pct=0.00% (samples_above_p99=87095)
BENCH mode=replay-core-msg arm=empty msgs=1011698 rate=22764378 raw[p50=52 p90=52 p99=52 p99.99=78 max=51584] adj[p50=0 p90=0 p99=0 p99.99=26 max=51532] allocs=0 freq=2596.12MHz run=1
T1_PHASE2 arm=empty rate=22764378 raw[p50=52 p90=52 p99=52 p99.9=52 p99.99=78 max=51584] adj[p50=0 p90=0 p99=0 p99.9=0 p99.99=26 max=51532] unknown_pct=0.00% (samples_above_p99=373343)
BENCH mode=replay-core-msg arm=loop msgs=1011698 rate=23043054 raw[p50=52 p90=52 p99=52 p99.99=78 max=91182] adj[p50=0 p90=0 p99=0 p99.99=26 max=91130] allocs=0 freq=2596.12MHz run=1
T1_PHASE2 arm=loop rate=23043054 raw[p50=52 p90=52 p99=52 p99.9=52 p99.99=78 max=91182] adj[p50=0 p90=0 p99=0 p99.9=0 p99.99=26 max=91130] unknown_pct=0.00% (samples_above_p99=368032)
BENCH mode=replay-core-msg arm=cold msgs=505849 rate=15115888 raw[p50=78 p90=130 p99=130 p99.99=520 max=36036] adj[p50=26 p90=78 p99=78 p99.99=468 max=35984] allocs=0 freq=2596.12MHz run=1
T1_PHASE2 arm=cold rate=15115888 raw[p50=78 p90=130 p99=130 p99.9=130 p99.99=520 max=36036] adj[p50=26 p90=78 p99=78 p99.9=78 p99.99=468 max=35984] unknown_pct=0.00% (samples_above_p99=95533)
BENCH mode=replay-core-msg arm=empty msgs=1011698 rate=23595403 raw[p50=52 p90=52 p99=52 p99.99=78 max=24154] adj[p50=0 p90=0 p99=0 p99.99=26 max=24102] allocs=0 freq=2596.12MHz run=1
T1_PHASE2 arm=empty rate=23595403 raw[p50=52 p90=52 p99=52 p99.9=52 p99.99=78 max=24154] adj[p50=0 p90=0 p99=0 p99.9=0 p99.99=26 max=24102] unknown_pct=0.00% (samples_above_p99=340840)
BENCH mode=replay-core-msg arm=loop msgs=1011698 rate=23945965 raw[p50=52 p90=52 p99=52 p99.99=78 max=33488] adj[p50=0 p90=0 p99=0 p99.99=26 max=33436] allocs=0 freq=2596.12MHz run=1
T1_PHASE2 arm=loop rate=23945965 raw[p50=52 p90=52 p99=52 p99.9=52 p99.99=78 max=33488] adj[p50=0 p90=0 p99=0 p99.9=0 p99.99=26 max=33436] unknown_pct=0.00% (samples_above_p99=334503)
BENCH mode=replay-core-msg arm=cold msgs=505849 rate=15310836 raw[p50=78 p90=130 p99=130 p99.99=494 max=134420] adj[p50=26 p90=78 p99=78 p99.99=442 max=134368] allocs=0 freq=2596.12MHz run=1
T1_PHASE2 arm=cold rate=15310836 raw[p50=78 p90=130 p99=130 p99.9=130 p99.99=494 max=134420] adj[p50=26 p90=78 p99=78 p99.9=78 p99.99=442 max=134368] unknown_pct=0.00% (samples_above_p99=82297)
BENCH mode=replay-core-msg arm=empty msgs=1011698 rate=23176342 raw[p50=52 p90=52 p99=52 p99.99=78 max=49894] adj[p50=0 p90=0 p99=0 p99.99=26 max=49842] allocs=0 freq=2596.12MHz run=1
T1_PHASE2 arm=empty rate=23176342 raw[p50=52 p90=52 p99=52 p99.9=52 p99.99=78 max=49894] adj[p50=0 p90=0 p99=0 p99.9=0 p99.99=26 max=49842] unknown_pct=0.00% (samples_above_p99=348068)
BENCH mode=replay-core-msg arm=loop msgs=1011698 rate=23670955 raw[p50=52 p90=52 p99=52 p99.99=78 max=28184] adj[p50=0 p90=0 p99=0 p99.99=26 max=28132] allocs=0 freq=2596.12MHz run=1
T1_PHASE2 arm=loop rate=23670955 raw[p50=52 p90=52 p99=52 p99.9=52 p99.99=78 max=28184] adj[p50=0 p90=0 p99=0 p99.9=0 p99.99=26 max=28132] unknown_pct=0.00% (samples_above_p99=349465)
BENCH mode=replay-core-msg arm=cold msgs=505849 rate=15518817 raw[p50=78 p90=130 p99=130 p99.99=598 max=48334] adj[p50=26 p90=78 p99=78 p99.99=546 max=48282] allocs=0 freq=2596.12MHz run=1
T1_PHASE2 arm=cold rate=15518817 raw[p50=78 p90=130 p99=130 p99.9=130 p99.99=598 max=48334] adj[p50=26 p90=78 p99=78 p99.9=78 p99.99=546 max=48282] unknown_pct=0.00% (samples_above_p99=66481)
BENCH mode=replay-core-msg arm=empty msgs=1011698 rate=23072626 raw[p50=52 p90=52 p99=52 p99.99=78 max=123058] adj[p50=0 p90=0 p99=0 p99.99=26 max=123006] allocs=0 freq=2596.12MHz run=1
T1_PHASE2 arm=empty rate=23072626 raw[p50=52 p90=52 p99=52 p99.9=52 p99.99=78 max=123058] adj[p50=0 p90=0 p99=0 p99.9=0 p99.99=26 max=123006] unknown_pct=0.00% (samples_above_p99=366167)
BENCH mode=replay-core-msg arm=loop msgs=1011698 rate=23972104 raw[p50=52 p90=52 p99=52 p99.99=78 max=35568] adj[p50=0 p90=0 p99=0 p99.99=26 max=35516] allocs=0 freq=2596.12MHz run=1
T1_PHASE2 arm=loop rate=23972104 raw[p50=52 p90=52 p99=52 p99.9=52 p99.99=78 max=35568] adj[p50=0 p90=0 p99=0 p99.9=0 p99.99=26 max=35516] unknown_pct=0.00% (samples_above_p99=337970)
BENCH mode=replay-core-msg arm=cold msgs=505849 rate=14820653 raw[p50=78 p90=130 p99=130 p99.99=520 max=48438] adj[p50=26 p90=78 p99=78 p99.99=468 max=48386] allocs=0 freq=2596.12MHz run=1
T1_PHASE2 arm=cold rate=14820653 raw[p50=78 p90=130 p99=130 p99.9=156 p99.99=520 max=48438] adj[p50=26 p90=78 p99=78 p99.9=104 p99.99=468 max=48386] unknown_pct=0.00% (samples_above_p99=117518)
BENCH mode=replay-core-msg arm=empty msgs=1011698 rate=23025852 raw[p50=52 p90=52 p99=52 p99.99=78 max=50206] adj[p50=0 p90=0 p99=0 p99.99=26 max=50154] allocs=0 freq=2596.12MHz run=1
T1_PHASE2 arm=empty rate=23025852 raw[p50=52 p90=52 p99=52 p99.9=52 p99.99=78 max=50206] adj[p50=0 p90=0 p99=0 p99.9=0 p99.99=26 max=50154] unknown_pct=0.00% (samples_above_p99=368341)
BENCH mode=replay-core-msg arm=loop msgs=1011698 rate=23583609 raw[p50=52 p90=52 p99=52 p99.99=78 max=37440] adj[p50=0 p90=0 p99=0 p99.99=26 max=37388] allocs=0 freq=2596.12MHz run=1
T1_PHASE2 arm=loop rate=23583609 raw[p50=52 p90=52 p99=52 p99.9=52 p99.99=78 max=37440] adj[p50=0 p90=0 p99=0 p99.9=0 p99.99=26 max=37388] unknown_pct=0.00% (samples_above_p99=348790)
BENCH mode=replay-core-msg arm=cold msgs=505849 rate=14688095 raw[p50=78 p90=130 p99=130 p99.99=520 max=46514] adj[p50=26 p90=78 p99=78 p99.99=468 max=46462] allocs=0 freq=2596.12MHz run=1
T1_PHASE2 arm=cold rate=14688095 raw[p50=78 p90=130 p99=130 p99.9=156 p99.99=520 max=46514] adj[p50=26 p90=78 p99=78 p99.9=104 p99.99=468 max=46462] unknown_pct=0.00% (samples_above_p99=124535)
BENCH mode=replay-core-msg arm=empty msgs=1011698 rate=22957204 raw[p50=52 p90=52 p99=52 p99.99=78 max=54262] adj[p50=0 p90=0 p99=0 p99.99=26 max=54210] allocs=0 freq=2596.12MHz run=1
T1_PHASE2 arm=empty rate=22957204 raw[p50=52 p90=52 p99=52 p99.9=52 p99.99=78 max=54262] adj[p50=0 p90=0 p99=0 p99.9=0 p99.99=26 max=54210] unknown_pct=0.00% (samples_above_p99=371611)
BENCH mode=replay-core-msg arm=loop msgs=1011698 rate=23818113 raw[p50=52 p90=52 p99=52 p99.99=78 max=31564] adj[p50=0 p90=0 p99=0 p99.99=26 max=31512] allocs=0 freq=2596.12MHz run=1
T1_PHASE2 arm=loop rate=23818113 raw[p50=52 p90=52 p99=52 p99.9=52 p99.99=78 max=31564] adj[p50=0 p90=0 p99=0 p99.9=0 p99.99=26 max=31512] unknown_pct=0.00% (samples_above_p99=338206)
BENCH mode=replay-core-msg arm=cold msgs=505849 rate=14297844 raw[p50=78 p90=130 p99=130 p99.99=9728 max=510718] adj[p50=26 p90=78 p99=78 p99.99=9728 max=510666] allocs=0 freq=2596.12MHz run=1
T1_PHASE2 arm=cold rate=14297844 raw[p50=78 p90=130 p99=130 p99.9=156 p99.99=9728 max=510718] adj[p50=26 p90=78 p99=78 p99.9=104 p99.99=9728 max=510666] unknown_pct=0.00% (samples_above_p99=89854)
BENCH mode=replay-core-msg arm=empty msgs=1011698 rate=23431677 raw[p50=52 p90=52 p99=52 p99.99=78 max=32760] adj[p50=0 p90=0 p99=0 p99.99=26 max=32708] allocs=0 freq=2596.12MHz run=1
T1_PHASE2 arm=empty rate=23431677 raw[p50=52 p90=52 p99=52 p99.9=52 p99.99=78 max=32760] adj[p50=0 p90=0 p99=0 p99.9=0 p99.99=26 max=32708] unknown_pct=0.00% (samples_above_p99=347797)
BENCH mode=replay-core-msg arm=loop msgs=1011698 rate=22877502 raw[p50=52 p90=52 p99=52 p99.99=78 max=37154] adj[p50=0 p90=0 p99=0 p99.99=26 max=37102] allocs=0 freq=2596.12MHz run=1
T1_PHASE2 arm=loop rate=22877502 raw[p50=52 p90=52 p99=52 p99.9=52 p99.99=78 max=37154] adj[p50=0 p90=0 p99=0 p99.9=0 p99.99=26 max=37102] unknown_pct=0.00% (samples_above_p99=378790)
BENCH mode=replay-core-msg arm=cold msgs=505849 rate=14987705 raw[p50=78 p90=130 p99=130 p99.99=468 max=50518] adj[p50=26 p90=78 p99=78 p99.99=416 max=50466] allocs=0 freq=2596.12MHz run=1
T1_PHASE2 arm=cold rate=14987705 raw[p50=78 p90=130 p99=130 p99.9=156 p99.99=468 max=50518] adj[p50=26 p90=78 p99=78 p99.9=104 p99.99=416 max=50466] unknown_pct=0.00% (samples_above_p99=104541)
BENCH mode=replay-core-msg arm=empty msgs=1011698 rate=23223954 raw[p50=52 p90=52 p99=52 p99.99=78 max=44330] adj[p50=0 p90=0 p99=0 p99.99=26 max=44278] allocs=0 freq=2596.12MHz run=1
T1_PHASE2 arm=empty rate=23223954 raw[p50=52 p90=52 p99=52 p99.9=52 p99.99=78 max=44330] adj[p50=0 p90=0 p99=0 p99.9=0 p99.99=26 max=44278] unknown_pct=0.00% (samples_above_p99=358971)
BENCH mode=replay-core-msg arm=loop msgs=1011698 rate=23879974 raw[p50=52 p90=52 p99=52 p99.99=78 max=40976] adj[p50=0 p90=0 p99=0 p99.99=26 max=40924] allocs=0 freq=2596.12MHz run=1
T1_PHASE2 arm=loop rate=23879974 raw[p50=52 p90=52 p99=52 p99.9=52 p99.99=78 max=40976] adj[p50=0 p90=0 p99=0 p99.9=0 p99.99=26 max=40924] unknown_pct=0.00% (samples_above_p99=340719)
BENCH mode=replay-core-msg arm=cold msgs=505849 rate=15512807 raw[p50=78 p90=130 p99=130 p99.99=442 max=38558] adj[p50=26 p90=78 p99=78 p99.99=390 max=38506] allocs=0 freq=2596.12MHz run=1
T1_PHASE2 arm=cold rate=15512807 raw[p50=78 p90=130 p99=130 p99.9=130 p99.99=442 max=38558] adj[p50=26 p90=78 p99=78 p99.9=78 p99.99=390 max=38506] unknown_pct=0.00% (samples_above_p99=68248)
TARGET1_PHASE_A empty_p50=52 cyc (spread=0 cyc) loop_p50=52 cyc (spread=0 cyc) full_p50=78 cyc (spread=0 cyc) loop_cost=0 cyc work_residual=26 cyc VERDICT=PASS
=== 7. DOSE-RESPONSE VALIDATION SWEEP (Law A-1d) ===
DOSE_RESPONSE_POINT K=0 p50=52 cyc
DOSE_RESPONSE_POINT K=10 p50=52 cyc
DOSE_RESPONSE_POINT K=20 p50=52 cyc
DOSE_RESPONSE_POINT K=50 p50=52 cyc
DOSE_RESPONSE_POINT K=100 p50=52 cyc
DOSE_RESPONSE_VERDICT K0=52 K10=52 K20=52 K50=52 K100=52 slope=0.000 cyc/unit VERDICT=PASS
=== 7b. LAW B-3b (i) SAMPLING BIAS PROBE (1-IN-4 DENSE vs 1-IN-256 SPARSE) ===
BIAS_PROBE dense_mean=60.26 cyc sparse_mean=59.93 cyc bias=0.56% VERDICT=PASS
=== 7c. LAW B-3b (ii) INTER-BRACKET GAP PROBE ===
GAP_PROBE sampled_intervals=1974 total_period_cyc=16301142 sparse_period_est=32.26 cyc
=== 8. PHASE B-REDO: STRICT 8-ARM STAGE-ECTOMY DECOMPOSITION (20 RUNS EACH) ===
RUNNER_IDENTITY cpu="AMD EPYC 9V45 96-Core Processor" freq_mhz=2596.12
STAGE_ECTOMY_RATES CONFIG_TAG="clean_replay" sampling="none" r0_hash=35.62M r0_fast=83.18M r0_disp=750.28M r1_count=792.43M r2_noproof=871.74M r3_noseq=1467.51M r4_noitch=1000.94M r5_noblock=5285.61M r6_poll=5629.68M
STAGE_ECTOMY_CYCLES CONFIG_TAG="clean_replay" c0=72.88 c0_fast=31.21 c0_disp=3.46 c1=3.28 c2=2.98 c3=1.77 c4=2.59 c5=0.49 c6=0.46
PR2_PROD_VERDICT rate=83179285 c0_fast=31.21 cyc fast_hash=27.75 cyc -> p50 < 60: PASS
H10_SINK_SPLIT total_sink=69.61 cyc fnv_math=69.42 cyc (99.7%) sink_dispatch=0.18 cyc (0.3%) H10_VERDICT=CONFIRMED (Invocation dispatch non-zero)
STAGE_ECTOMY_DECOMPOSITION delta_hash_total=69.61 (fnv=69.42, disp=0.18) delta_proof=0.30 (< 1.00 cyc bounded) delta_seq=1.21 delta_itch=0.00 (< 1.00 cyc bounded) delta_block=2.10 delta_header=0.03 poll_base=0.46
RECONCILIATION_COMPOSITE rate_total_c0=72.88 cyc bracket_mean=59.11 cyc sparse_period_est=32.26 cyc diff_rate_bracket=18.90% diff_bracket_gap=45.43% composite_residual=45.43% VERDICT=FAIL
=== 9. H9 REPETITION OVERHEAD SWEEP ===
H9_POINT limit=10000 msgs rate=29.21M msg/s cyc_msg=88.87
H9_POINT limit=50000 msgs rate=36.79M msg/s cyc_msg=70.56
H9_POINT limit=250000 msgs rate=37.50M msg/s cyc_msg=69.22
H9_POINT limit=505849 msgs rate=37.16M msg/s cyc_msg=69.86
=== 11b. R6: PR-1 HYDRA Bit-Exact Multi-Core Span Conformance (UNPINNED) ===
[1m[92m    Finished[0m `release` profile [optimized] target(s) in 0.01s
[1m[92m     Running[0m `target/release/bench --sample data/tests/sample-mini.itch --hydra-only --runs 7`
BENCH_CALIBRATION invariant_tsc=true freq_mhz=2596.12 mark_overhead_cycles=52
=== R6. PR-1 HYDRA BIT-EXACT MULTI-CORE SPAN CONFORMANCE ===
BLOB_BACKING mode=mmap anon_huge_kb=14336 map_mb=16.5 verdict=thp-granted
HYDRA_BITPARITY sequential=(count=505849 hash=0x881639cead506f25 msg_hash=0xcbf29ce484222325) hydra=(count=505849 hash=0x881639cead506f25 msg_hash=0xcbf29ce484222325) -> BIT-EXACT
BENCH mode=replay-hydra-burst msgs=505849 rate=1456862835 allocs=0 freq=2596.12MHz workers=2 run=1
BENCH mode=replay-hydra-burst msgs=505849 rate=1496576963 allocs=0 freq=2596.12MHz workers=2 run=2
BENCH mode=replay-hydra-burst msgs=505849 rate=1661435632 allocs=0 freq=2596.12MHz workers=2 run=3
BENCH mode=replay-hydra-burst msgs=505849 rate=1666158325 allocs=0 freq=2596.12MHz workers=2 run=4
BENCH mode=replay-hydra-burst msgs=505849 rate=1640928406 allocs=0 freq=2596.12MHz workers=2 run=5
BENCH mode=replay-hydra-burst msgs=505849 rate=1709463318 allocs=0 freq=2596.12MHz workers=2 run=6
BENCH mode=replay-hydra-burst msgs=505849 rate=1672443720 allocs=0 freq=2596.12MHz workers=2 run=7
BENCH_MEDIAN mode=replay-hydra-burst rate=1661435632
R23B_AFFINE_VERDICT arm=burst armed=false tag_hits=0 payload_fallbacks=0 ledger_rows=0 (R23c: workers verify spans from register tags, zero payload reads; the (prefix,cum) triple checked per-span by the scalar affine law)
PR1_HYDRA_VERDICT rate=1661435632 (bit-exact multi-core span conformance: 2 workers, every emitted byte CRC32C-checked in-window, ordered serial fold)
PR1_GIGAHFT_BURST_VERDICT rate=1661435632 target=1000000000 -> PASS (R7 burst reference; the sustained arm below is the gate)
DIAG sustained: passes=17028 reset_ms=480.9 scan_ms=4515.5 end_ms=0.9 pending_max=11103 batches=374616 wait_ms=38.6 work_ms=4103.0 fold_ms=287.7 assist_chunks=372396 bytes_per_msg=27.65 crc_demand_gb_s=47.64
DIAG worker[0] sustained: cpu0(pinned) placement=[0, 2] batches=571177 spans=73097342 eval_ms=4961.1 idle_iters=37946 res_waits=728 fw=0 fw_ms=0.0
DIAG worker[1] sustained: cpu2(pinned) placement=[0, 2] batches=725681 spans=92872567 eval_ms=4946.9 idle_iters=35878 res_waits=816 fw=0 fw_ms=0.0
DIAG rx sustained: publications=374676 polls=1481674 prod_ms=1492.8 bufwait_laps=136177 resets=17030 eos_parks=0 nbuf=16 rx_actual_cpu=3
ADVANCE_DIAGNOSTIC sustained: advances=17030 advance_ms=126.5 us_per_advance=7.4 (F-5 reset/auto-advance hygiene — the synchronous bake tail the per-publication prepatch budget drains; HFT_PREPATCH_BUDGET prices it)
RXWARM_DIAGNOSTIC sustained: enabled=false fixes=0 uncovered=0 last_pass_fixes=0 (F-1 frame-entry warm start; the steady-state law is fixes==0 on pass>=2 — the kill rule reads persistent fixes)
RXBUILD_DIAGNOSTIC sustained: enabled=true patches=374571036 last_pass_patches=21996 frames=21996 (F-2 publish-by-reference master; the steady-state law is every patchable entry patched exactly once per pass boundary)
DIAG cons sustained: parks=20 park_ms=3.0 slow_waits=20 slow_ms=3.3
BENCH mode=replay-hydra-sustained-5s total_msgs=8613596772 duration=5.00s sustained_rate=1722672475 msg/s allocs=0 workers=2 crc_kernel=reflect
PR1_HYDRA_SUSTAINED_VERDICT rate=1722672475 (duration=5.00s, total_msgs=8613596772, workers=2)
PR1_GIGAHFT_VERDICT rate=1722672475 target=1000000000 -> PASS (Project 1.0B: bit-exact, zero-alloc, every byte verified in-window, cross-pass double-buffered fabric)
PR1_R8_FULL_VERIFY_VERDICT rate=1722672475 target=1000000000 -> PASS (R8: 1B msg/s sustained full verification — bit-exact, zero-alloc, every byte CRC32C-verified in-window)
PR1_R16_FULL_VERIFY_VERDICT rate=1722672475 target=2000000000 -> FAIL (R16: 2B msg/s sustained full verification — the Double Helix program, docs/29)
R16B_RXDESC_VERDICT rx_fixes=0 assist_chunks=372396 (array-driven submission telemetry; fixes=0 means every RX prefill entry was already exact)
R23B_AFFINE_VERDICT arm=sustained armed=false tag_hits=0 payload_fallbacks=0 ledger_rows=0 (R23c: zero-re-read affine verification on the worker fabric)
PR1_R23_AFFINE_SUSTAINED_VERDICT rate=1722672475 target=2500000000 -> FAIL (R23: 2.5B+ sustained full verification from register tags — the affine-span algebra program, docs/36)
BLOB_BACKING mode=mmap anon_huge_kb=14336 map_mb=16.5 verdict=thp-granted
=== 11c. R8: Kernel-Ceiling Microbenchmark (fabric physics telemetry) ===
[1m[92m    Finished[0m `release` profile [optimized] target(s) in 0.01s
[1m[92m     Running[0m `target/release/kbench`
KBENCH topo cpus=[0, 2, 1, 3] phys=2 smt=true fold512=true
KBENCH spec_slice_vec=true
KBENCH mode=scalar8lane threads=1 cpu=0 pinned=true gb_s=74.58 bytes=22378927872 iters=2668 sink=0xbedb8ba779de450f
KBENCH mode=pclmul128_raw threads=1 cpu=0 pinned=true gb_s=15.90 bytes=4773117952 iters=569 sink=0x942dad7c7a327323
KBENCH mode=crc32_pclmul_mix threads=1 cpu=0 pinned=true gb_s=33.41 bytes=10024386560 iters=1195 sink=0x5c504f01bdfb43ce
KBENCH mode=fold512 threads=1 cpu=0 pinned=true gb_s=61.79 bytes=18545655744 iters=2211 sink=0xbedb8ba779de450f
KBENCH mode=fold512_r threads=1 cpu=0 pinned=true gb_s=58.46 bytes=17539107264 iters=2091 sink=0xbedb8ba779de450f
KBENCH mode=fold512_rv threads=1 cpu=0 pinned=true gb_s=51.86 bytes=15559561920 iters=1855 sink=0xbedb8ba779de450f
KBENCH mode=fold512_rc threads=1 cpu=0 pinned=true gb_s=60.82 bytes=18252079104 iters=2176 sink=0xbedb8ba779de450f
KBENCH mode=fold512_rd threads=1 cpu=0 pinned=true gb_s=45.54 bytes=13663895616 iters=1629 sink=0xbedb8ba779de450f
KBENCH mode=fold512_ro threads=1 cpu=0 pinned=true gb_s=38.01 bytes=11407549440 iters=1360 sink=0xbedb8ba779de450f
KBENCH mode=fold512_r_pair threads=1 cpu=0 pinned=true gb_s=58.06 bytes=17418885120 iters=2077 sink=0x719eebd64a14675a
KBENCH mode=fold512_eval2 threads=1 cpu=0 pinned=true gb_s=57.96 bytes=17393725440 iters=2074 sink=0x719eebd64a14675a
KBENCH mode=fold512_pair threads=1 cpu=0 pinned=true gb_s=52.04 bytes=15615774720 iters=1862 sink=0x719eebd64a14675a
KBENCH mode=fold512_tri threads=1 cpu=0 pinned=true gb_s=62.44 bytes=18738577536 iters=2234 sink=0xbedb8ba779de450f
KBENCH mode=fold512_tri_r threads=1 cpu=0 pinned=true gb_s=41.35 bytes=12414097920 iters=1480 sink=0xbedb8ba779de450f
KBENCH mode=fold512_pclmul_mix threads=1 cpu=0 pinned=true gb_s=31.90 bytes=9570598464 iters=1141 sink=0x3e36c56e483ee8a7
KBENCH mode=fold512_noend threads=1 cpu=0 pinned=true gb_s=57.86 bytes=17362961280 iters=2070 sink=0x4bb11da019b76839
KBENCH mode=fold512_pre threads=1 cpu=0 pinned=true gb_s=52.62 bytes=15794423232 iters=1883 sink=0xbedb8ba779de450f
KBENCH mode=fold512_t threads=1 cpu=0 pinned=true gb_s=57.82 bytes=17354573376 iters=2069 sink=0xbedb8ba779de450f
KBENCH mode=fold512_supply threads=1 cpu=0 pinned=true gb_s=58.62 bytes=17589144384 iters=1173 sink=0x633508877c074750
KBENCH mode=affine_sub_1t threads=1 cpu=0 pinned=true gb_s=145.95 ns_per_span=9.21 msgs_s=4560980033 bytes=43793246784 iters=5221 sink=0xb6d735b8
KBENCH mode=affine_sub_8lane threads=1 cpu=0 pinned=true gb_s=112.19 ns_per_span=11.98 msgs_s=3506075462 bytes=33660658752 iters=4013 sink=0xbedb8ba779de450f
KBENCH mode=spec_slice_512 threads=1 cpu=0 pinned=true gb_s=3.60 msgs_s=165359889 ns_per_msg=6.047 msgs=49725888 iters=129 sink=0x0
KBENCH mode=spec_slice_512_vec threads=1 cpu=0 pinned=true gb_s=3.80 msgs_s=174502882 ns_per_msg=5.731 msgs=52424192 iters=136 sink=0x95e9af94a6268d11
KBENCH mode=scalar8lane threads=2 placement=2cpu_distinct cpus=0,2 pinned=true gb_s=144.42 bytes=71599148544 sink=0xd48a9dbb3705b94e
KBENCH mode=fold512 threads=2 placement=2cpu_distinct cpus=0,2 pinned=true gb_s=123.20 bytes=61248475008 sink=0xd48a9dbb3705b94e
KBENCH mode=fold512_r threads=2 placement=2cpu_distinct cpus=0,2 pinned=true gb_s=114.46 bytes=56953868160 sink=0xd48a9dbb3705b94e
KBENCH mode=fold512_rv threads=2 placement=2cpu_distinct cpus=0,2 pinned=true gb_s=113.10 bytes=56198956800 sink=0xd48a9dbb3705b94e
KBENCH mode=fold512_rc threads=2 placement=2cpu_distinct cpus=0,2 pinned=true gb_s=123.00 bytes=61256862912 sink=0xd48a9dbb3705b94e
KBENCH mode=fold512_rd threads=2 placement=2cpu_distinct cpus=0,2 pinned=true gb_s=97.72 bytes=48607903680 sink=0xd48a9dbb3705b94e
KBENCH mode=fold512_ro threads=2 placement=2cpu_distinct cpus=0,2 pinned=true gb_s=75.25 bytes=37410051840 sink=0xd48a9dbb3705b94e
KBENCH mode=fold512_tri threads=2 placement=2cpu_distinct cpus=0,2 pinned=true gb_s=120.44 bytes=59889634560 sink=0xd48a9dbb3705b94e
KBENCH mode=fold512_tri_r threads=2 placement=2cpu_distinct cpus=0,2 pinned=true gb_s=84.73 bytes=42082114368 sink=0xd48a9dbb3705b94e
KBENCH mode=scalar8lane threads=2 placement=2cpu_smt cpus=0,1 pinned=true gb_s=74.07 bytes=36797734848 sink=0xf0ad3334c151ef0a
KBENCH mode=fold512 threads=2 placement=2cpu_smt cpus=0,1 pinned=true gb_s=62.64 bytes=31169451264 sink=0xf0ad3334c151ef0a
KBENCH mode=fold512_r threads=2 placement=2cpu_smt cpus=0,1 pinned=true gb_s=55.18 bytes=27487161408 sink=0xf0ad3334c151ef0a
KBENCH mode=fold512_rv threads=2 placement=2cpu_smt cpus=0,1 pinned=true gb_s=55.75 bytes=27696859008 sink=0xf0ad3334c151ef0a
KBENCH mode=fold512_rc threads=2 placement=2cpu_smt cpus=0,1 pinned=true gb_s=63.21 bytes=31437864192 sink=0xf0ad3334c151ef0a
KBENCH mode=fold512_rd threads=2 placement=2cpu_smt cpus=0,1 pinned=true gb_s=47.81 bytes=23762932032 sink=0xf0ad3334c151ef0a
KBENCH mode=fold512_ro threads=2 placement=2cpu_smt cpus=0,1 pinned=true gb_s=35.29 bytes=17522331456 sink=0xf0ad3334c151ef0a
KBENCH mode=fold512_tri threads=2 placement=2cpu_smt cpus=0,1 pinned=true gb_s=61.41 bytes=30515194752 sink=0xf0ad3334c151ef0a
KBENCH mode=fold512_tri_r threads=2 placement=2cpu_smt cpus=0,1 pinned=true gb_s=42.19 bytes=20952984192 sink=0xf0ad3334c151ef0a
KBENCH done
=== 11d. R9: Fabric-Shape Kernel Ablation (layout attribution telemetry) ===
[1m[92m    Finished[0m `release` profile [optimized] target(s) in 0.01s
[1m[92m     Running[0m `target/release/fbench --stage all --workers 2 --ms 1000`
BLOB_BACKING mode=mmap anon_huge_kb=14336 map_mb=16.5 verdict=thp-granted
FBENCH lens total=10992 lt64=0 lt192=0 lt512=0 ge512=10992 bytes_lt192=0 pct_bytes_lt192=0.00
FBENCH topo cpus=[0, 2, 1, 3] kernel=reflect workers=2 place=smt bodies=10992 msgs=505849 avg_bytes=1362.6 total_mb=15.0 freq_mhz=4215
FBENCH stage=P spans=35334656 gb_s=48.16 cyc_span=238.5 sink=0xfcecba2cd1fa29cc
FBENCH stage=K spans=35279968 gb_s=48.09 cyc_span=238.8 sink=0xfcecba2cd1fa29cc
FBENCH stage=D spans=34321333 gb_s=47.28 cyc_span=242.9 sink=0x20bb3b5
FBENCH stage=R spans=32747806 gb_s=45.16 cyc_span=254.4 sink=0x1f3b11e
FBENCH stage=F spans=33502807 gb_s=46.11 cyc_span=249.1 sink=0x1ff3657
FBENCH done
=== 11e. R11: Unarmed Prepatch Soak (rollback evidence) ===
[1m[92m    Finished[0m `release` profile [optimized] target(s) in 0.01s
[1m[92m     Running[0m `target/release/bench --hydra-only`
BENCH_CALIBRATION invariant_tsc=true freq_mhz=2596.12 mark_overhead_cycles=52
=== R6. PR-1 HYDRA BIT-EXACT MULTI-CORE SPAN CONFORMANCE ===
BLOB_BACKING mode=mmap anon_huge_kb=16384 map_mb=16.5 verdict=thp-granted
HYDRA_BITPARITY sequential=(count=505849 hash=0x881639cead506f25 msg_hash=0xcbf29ce484222325) hydra=(count=505849 hash=0x881639cead506f25 msg_hash=0xcbf29ce484222325) -> BIT-EXACT
BENCH mode=replay-hydra-burst msgs=505849 rate=1440492191 allocs=0 freq=2596.12MHz workers=2 run=1
BENCH mode=replay-hydra-burst msgs=505849 rate=1554755406 allocs=0 freq=2596.12MHz workers=2 run=2
BENCH mode=replay-hydra-burst msgs=505849 rate=1599158452 allocs=0 freq=2596.12MHz workers=2 run=3
BENCH mode=replay-hydra-burst msgs=505849 rate=1686967454 allocs=0 freq=2596.12MHz workers=2 run=4
BENCH mode=replay-hydra-burst msgs=505849 rate=1635612017 allocs=0 freq=2596.12MHz workers=2 run=5
BENCH_MEDIAN mode=replay-hydra-burst rate=1599158452
R23B_AFFINE_VERDICT arm=burst armed=false tag_hits=0 payload_fallbacks=0 ledger_rows=0 (R23c: workers verify spans from register tags, zero payload reads; the (prefix,cum) triple checked per-span by the scalar affine law)
PR1_HYDRA_VERDICT rate=1599158452 (bit-exact multi-core span conformance: 2 workers, every emitted byte CRC32C-checked in-window, ordered serial fold)
PR1_GIGAHFT_BURST_VERDICT rate=1599158452 target=1000000000 -> PASS (R7 burst reference; the sustained arm below is the gate)
DIAG sustained: passes=16808 reset_ms=927.6 scan_ms=4068.9 end_ms=1.0 pending_max=7198 batches=369776 wait_ms=36.9 work_ms=3659.2 fold_ms=286.1 assist_chunks=267647 bytes_per_msg=27.65 crc_demand_gb_s=47.02
DIAG worker[0] sustained: cpu0(pinned) placement=[0, 2] batches=598514 spans=76582674 eval_ms=4960.7 idle_iters=35589 res_waits=0 fw=0 fw_ms=0.0
DIAG worker[1] sustained: cpu2(pinned) placement=[0, 2] batches=739599 spans=93736465 eval_ms=4929.5 idle_iters=74953 res_waits=0 fw=0 fw_ms=0.0
DIAG rx sustained: publications=369836 polls=1462534 prod_ms=1500.6 bufwait_laps=134662 resets=16810 eos_parks=0 nbuf=16 rx_actual_cpu=3
ADVANCE_DIAGNOSTIC sustained: advances=16810 advance_ms=571.1 us_per_advance=34.0 (F-5 reset/auto-advance hygiene — the synchronous bake tail the per-publication prepatch budget drains; HFT_PREPATCH_BUDGET prices it)
RXWARM_DIAGNOSTIC sustained: enabled=false fixes=0 uncovered=0 last_pass_fixes=0 (F-1 frame-entry warm start; the steady-state law is fixes==0 on pass>=2 — the kill rule reads persistent fixes)
RXBUILD_DIAGNOSTIC sustained: enabled=true patches=369730764 last_pass_patches=21996 frames=21996 (F-2 publish-by-reference master; the steady-state law is every patchable entry patched exactly once per pass boundary)
DIAG cons sustained: parks=10 park_ms=2.3 slow_waits=10 slow_ms=2.5
BENCH mode=replay-hydra-sustained-5s total_msgs=8502309992 duration=5.00s sustained_rate=1700379160 msg/s allocs=0 workers=2 crc_kernel=reflect
PR1_HYDRA_SUSTAINED_VERDICT rate=1700379160 (duration=5.00s, total_msgs=8502309992, workers=2)
PR1_GIGAHFT_VERDICT rate=1700379160 target=1000000000 -> PASS (Project 1.0B: bit-exact, zero-alloc, every byte verified in-window, cross-pass double-buffered fabric)
PR1_R8_FULL_VERIFY_VERDICT rate=1700379160 target=1000000000 -> PASS (R8: 1B msg/s sustained full verification — bit-exact, zero-alloc, every byte CRC32C-verified in-window)
PR1_R16_FULL_VERIFY_VERDICT rate=1700379160 target=2000000000 -> FAIL (R16: 2B msg/s sustained full verification — the Double Helix program, docs/29)
R16B_RXDESC_VERDICT rx_fixes=0 assist_chunks=267647 (array-driven submission telemetry; fixes=0 means every RX prefill entry was already exact)
R23B_AFFINE_VERDICT arm=sustained armed=false tag_hits=0 payload_fallbacks=0 ledger_rows=0 (R23c: zero-re-read affine verification on the worker fabric)
PR1_R23_AFFINE_SUSTAINED_VERDICT rate=1700379160 target=2500000000 -> FAIL (R23: 2.5B+ sustained full verification from register tags — the affine-span algebra program, docs/36)
=== 11k. R16d/R17: Siblings Placement Soak (ring+siblings — the A1 anomaly pricing) ===
[1m[92m    Finished[0m `release` profile [optimized] target(s) in 0.00s
[1m[92m     Running[0m `target/release/bench --hydra-only`
BENCH_CALIBRATION invariant_tsc=true freq_mhz=2596.12 mark_overhead_cycles=52
=== R6. PR-1 HYDRA BIT-EXACT MULTI-CORE SPAN CONFORMANCE ===
BLOB_BACKING mode=mmap anon_huge_kb=16384 map_mb=16.5 verdict=thp-granted
HYDRA_BITPARITY sequential=(count=505849 hash=0x881639cead506f25 msg_hash=0xcbf29ce484222325) hydra=(count=505849 hash=0x881639cead506f25 msg_hash=0xcbf29ce484222325) -> BIT-EXACT
BENCH mode=replay-hydra-burst msgs=505849 rate=1251816418 allocs=0 freq=2596.12MHz workers=2 run=1
BENCH mode=replay-hydra-burst msgs=505849 rate=1397913557 allocs=0 freq=2596.12MHz workers=2 run=2
BENCH mode=replay-hydra-burst msgs=505849 rate=1475892875 allocs=0 freq=2596.12MHz workers=2 run=3
BENCH mode=replay-hydra-burst msgs=505849 rate=1483215021 allocs=0 freq=2596.12MHz workers=2 run=4
BENCH mode=replay-hydra-burst msgs=505849 rate=1550319197 allocs=0 freq=2596.12MHz workers=2 run=5
BENCH_MEDIAN mode=replay-hydra-burst rate=1475892875
R23B_AFFINE_VERDICT arm=burst armed=false tag_hits=0 payload_fallbacks=0 ledger_rows=0 (R23c: workers verify spans from register tags, zero payload reads; the (prefix,cum) triple checked per-span by the scalar affine law)
PR1_HYDRA_VERDICT rate=1475892875 (bit-exact multi-core span conformance: 2 workers, every emitted byte CRC32C-checked in-window, ordered serial fold)
PR1_GIGAHFT_BURST_VERDICT rate=1475892875 target=1000000000 -> PASS (R7 burst reference; the sustained arm below is the gate)
DIAG sustained: passes=17538 reset_ms=385.4 scan_ms=4598.3 end_ms=2.9 pending_max=11131 batches=385836 wait_ms=24.6 work_ms=4204.8 fold_ms=296.1 assist_chunks=613816 bytes_per_msg=27.65 crc_demand_gb_s=49.06
DIAG worker[0] sustained: cpu2(pinned) placement=[2, 3] batches=610807 spans=78178863 eval_ms=4954.3 idle_iters=31375 res_waits=436 fw=0 fw_ms=0.0
DIAG worker[1] sustained: cpu3(pinned) placement=[2, 3] batches=608278 spans=77854922 eval_ms=4954.4 idle_iters=29040 res_waits=0 fw=0 fw_ms=0.0
DIAG rx sustained: publications=385896 polls=1526044 prod_ms=1577.4 bufwait_laps=140411 resets=17540 eos_parks=0 nbuf=16 rx_actual_cpu=1
ADVANCE_DIAGNOSTIC sustained: advances=17540 advance_ms=84.6 us_per_advance=4.8 (F-5 reset/auto-advance hygiene — the synchronous bake tail the per-publication prepatch budget drains; HFT_PREPATCH_BUDGET prices it)
RXWARM_DIAGNOSTIC sustained: enabled=false fixes=0 uncovered=0 last_pass_fixes=0 (F-1 frame-entry warm start; the steady-state law is fixes==0 on pass>=2 — the kill rule reads persistent fixes)
RXBUILD_DIAGNOSTIC sustained: enabled=true patches=385789060 last_pass_patches=21996 frames=21996 (F-2 publish-by-reference master; the steady-state law is every patchable entry patched exactly once per pass boundary)
DIAG cons sustained: parks=11 park_ms=0.9 slow_waits=11 slow_ms=1.0
BENCH mode=replay-hydra-sustained-5s total_msgs=8871579762 duration=5.00s sustained_rate=1774247715 msg/s allocs=0 workers=2 crc_kernel=reflect
PR1_HYDRA_SUSTAINED_VERDICT rate=1774247715 (duration=5.00s, total_msgs=8871579762, workers=2)
PR1_GIGAHFT_VERDICT rate=1774247715 target=1000000000 -> PASS (Project 1.0B: bit-exact, zero-alloc, every byte verified in-window, cross-pass double-buffered fabric)
PR1_R8_FULL_VERIFY_VERDICT rate=1774247715 target=1000000000 -> PASS (R8: 1B msg/s sustained full verification — bit-exact, zero-alloc, every byte CRC32C-verified in-window)
PR1_R16_FULL_VERIFY_VERDICT rate=1774247715 target=2000000000 -> FAIL (R16: 2B msg/s sustained full verification — the Double Helix program, docs/29)
R16B_RXDESC_VERDICT rx_fixes=0 assist_chunks=613816 (array-driven submission telemetry; fixes=0 means every RX prefill entry was already exact)
R23B_AFFINE_VERDICT arm=sustained armed=false tag_hits=0 payload_fallbacks=0 ledger_rows=0 (R23c: zero-re-read affine verification on the worker fabric)
PR1_R23_AFFINE_SUSTAINED_VERDICT rate=1774247715 target=2500000000 -> FAIL (R23: 2.5B+ sustained full verification from register tags — the affine-span algebra program, docs/36)
=== 11l. R22.1: Tri-Stream Fold ARMED Soak (the value-exact mirror tri) ===
[1m[92m    Finished[0m `release` profile [optimized] target(s) in 0.01s
[1m[92m     Running[0m `target/release/bench --hydra-only`
BENCH_CALIBRATION invariant_tsc=true freq_mhz=2596.12 mark_overhead_cycles=52
=== R6. PR-1 HYDRA BIT-EXACT MULTI-CORE SPAN CONFORMANCE ===
BLOB_BACKING mode=mmap anon_huge_kb=14336 map_mb=16.5 verdict=thp-granted
HYDRA_BITPARITY sequential=(count=505849 hash=0x881639cead506f25 msg_hash=0xcbf29ce484222325) hydra=(count=505849 hash=0x881639cead506f25 msg_hash=0xcbf29ce484222325) -> BIT-EXACT
BENCH mode=replay-hydra-burst msgs=505849 rate=1355051887 allocs=0 freq=2596.12MHz workers=2 run=1
BENCH mode=replay-hydra-burst msgs=505849 rate=1379022782 allocs=0 freq=2596.12MHz workers=2 run=2
BENCH mode=replay-hydra-burst msgs=505849 rate=1414392524 allocs=0 freq=2596.12MHz workers=2 run=3
BENCH mode=replay-hydra-burst msgs=505849 rate=1453175677 allocs=0 freq=2596.12MHz workers=2 run=4
BENCH mode=replay-hydra-burst msgs=505849 rate=1522605094 allocs=0 freq=2596.12MHz workers=2 run=5
BENCH_MEDIAN mode=replay-hydra-burst rate=1414392524
R23B_AFFINE_VERDICT arm=burst armed=false tag_hits=0 payload_fallbacks=0 ledger_rows=0 (R23c: workers verify spans from register tags, zero payload reads; the (prefix,cum) triple checked per-span by the scalar affine law)
PR1_HYDRA_VERDICT rate=1414392524 (bit-exact multi-core span conformance: 2 workers, every emitted byte CRC32C-checked in-window, ordered serial fold)
PR1_GIGAHFT_BURST_VERDICT rate=1414392524 target=1000000000 -> PASS (R7 burst reference; the sustained arm below is the gate)
DIAG sustained: passes=15918 reset_ms=537.5 scan_ms=4459.0 end_ms=0.9 pending_max=11694 batches=350196 wait_ms=42.5 work_ms=4072.1 fold_ms=274.0 assist_chunks=383208 bytes_per_msg=27.65 crc_demand_gb_s=44.53
DIAG worker[0] sustained: cpu0(pinned) placement=[0, 2] batches=534094 spans=68336840 eval_ms=4874.1 idle_iters=192541 res_waits=7146 fw=0 fw_ms=0.0
DIAG worker[1] sustained: cpu2(pinned) placement=[0, 2] batches=660721 spans=84541163 eval_ms=4861.9 idle_iters=186698 res_waits=2385 fw=0 fw_ms=0.0
DIAG rx sustained: publications=350256 polls=1385104 prod_ms=1433.7 bufwait_laps=127905 resets=15920 eos_parks=0 nbuf=16 rx_actual_cpu=3
ADVANCE_DIAGNOSTIC sustained: advances=15920 advance_ms=140.9 us_per_advance=8.9 (F-5 reset/auto-advance hygiene — the synchronous bake tail the per-publication prepatch budget drains; HFT_PREPATCH_BUDGET prices it)
RXWARM_DIAGNOSTIC sustained: enabled=false fixes=0 uncovered=0 last_pass_fixes=0 (F-1 frame-entry warm start; the steady-state law is fixes==0 on pass>=2 — the kill rule reads persistent fixes)
RXBUILD_DIAGNOSTIC sustained: enabled=true patches=350155476 last_pass_patches=21996 frames=21996 (F-2 publish-by-reference master; the steady-state law is every patchable entry patched exactly once per pass boundary)
DIAG cons sustained: parks=30 park_ms=8.4 slow_waits=30 slow_ms=8.9
BENCH mode=replay-hydra-sustained-5s total_msgs=8052104382 duration=5.00s sustained_rate=1610359777 msg/s allocs=0 workers=2 crc_kernel=reflect
PR1_HYDRA_SUSTAINED_VERDICT rate=1610359777 (duration=5.00s, total_msgs=8052104382, workers=2)
PR1_GIGAHFT_VERDICT rate=1610359777 target=1000000000 -> PASS (Project 1.0B: bit-exact, zero-alloc, every byte verified in-window, cross-pass double-buffered fabric)
PR1_R8_FULL_VERIFY_VERDICT rate=1610359777 target=1000000000 -> PASS (R8: 1B msg/s sustained full verification — bit-exact, zero-alloc, every byte CRC32C-verified in-window)
PR1_R16_FULL_VERIFY_VERDICT rate=1610359777 target=2000000000 -> FAIL (R16: 2B msg/s sustained full verification — the Double Helix program, docs/29)
R16B_RXDESC_VERDICT rx_fixes=0 assist_chunks=383208 (array-driven submission telemetry; fixes=0 means every RX prefill entry was already exact)
R23B_AFFINE_VERDICT arm=sustained armed=false tag_hits=0 payload_fallbacks=0 ledger_rows=0 (R23c: zero-re-read affine verification on the worker fabric)
PR1_R23_AFFINE_SUSTAINED_VERDICT rate=1610359777 target=2500000000 -> FAIL (R23: 2.5B+ sustained full verification from register tags — the affine-span algebra program, docs/36)
=== 11m. R12: Vectorized Watermark Ladder ARMED Soak (the refuted experiment) ===
[1m[92m    Finished[0m `release` profile [optimized] target(s) in 0.01s
[1m[92m     Running[0m `target/release/bench --hydra-only`
BENCH_CALIBRATION invariant_tsc=true freq_mhz=2596.12 mark_overhead_cycles=52
=== R6. PR-1 HYDRA BIT-EXACT MULTI-CORE SPAN CONFORMANCE ===
BLOB_BACKING mode=mmap anon_huge_kb=16384 map_mb=16.5 verdict=thp-granted
HYDRA_BITPARITY sequential=(count=505849 hash=0x881639cead506f25 msg_hash=0xcbf29ce484222325) hydra=(count=505849 hash=0x881639cead506f25 msg_hash=0xcbf29ce484222325) -> BIT-EXACT
BENCH mode=replay-hydra-burst msgs=505849 rate=1293291540 allocs=0 freq=2596.12MHz workers=2 run=1
BENCH mode=replay-hydra-burst msgs=505849 rate=1504464179 allocs=0 freq=2596.12MHz workers=2 run=2
BENCH mode=replay-hydra-burst msgs=505849 rate=1565553120 allocs=0 freq=2596.12MHz workers=2 run=3
BENCH mode=replay-hydra-burst msgs=505849 rate=1607712330 allocs=0 freq=2596.12MHz workers=2 run=4
BENCH mode=replay-hydra-burst msgs=505849 rate=1567445045 allocs=0 freq=2596.12MHz workers=2 run=5
BENCH_MEDIAN mode=replay-hydra-burst rate=1565553120
R23B_AFFINE_VERDICT arm=burst armed=false tag_hits=0 payload_fallbacks=0 ledger_rows=0 (R23c: workers verify spans from register tags, zero payload reads; the (prefix,cum) triple checked per-span by the scalar affine law)
PR1_HYDRA_VERDICT rate=1565553120 (bit-exact multi-core span conformance: 2 workers, every emitted byte CRC32C-checked in-window, ordered serial fold)
PR1_GIGAHFT_BURST_VERDICT rate=1565553120 target=1000000000 -> PASS (R7 burst reference; the sustained arm below is the gate)
DIAG sustained: passes=16100 reset_ms=658.7 scan_ms=4338.1 end_ms=0.8 pending_max=11225 batches=354200 wait_ms=41.5 work_ms=3962.5 fold_ms=265.8 assist_chunks=305382 bytes_per_msg=27.65 crc_demand_gb_s=45.04
DIAG worker[0] sustained: cpu0(pinned) placement=[0, 2] batches=567976 spans=72654006 eval_ms=4752.9 idle_iters=392478 res_waits=1403 fw=0 fw_ms=0.0
DIAG worker[1] sustained: cpu2(pinned) placement=[0, 2] batches=682499 spans=87301748 eval_ms=4742.3 idle_iters=380513 res_waits=886 fw=0 fw_ms=0.0
DIAG rx sustained: publications=354260 polls=1400938 prod_ms=1412.6 bufwait_laps=129917 resets=16102 eos_parks=0 nbuf=16 rx_actual_cpu=3
ADVANCE_DIAGNOSTIC sustained: advances=16102 advance_ms=136.5 us_per_advance=8.5 (F-5 reset/auto-advance hygiene — the synchronous bake tail the per-publication prepatch budget drains; HFT_PREPATCH_BUDGET prices it)
RXWARM_DIAGNOSTIC sustained: enabled=false fixes=0 uncovered=0 last_pass_fixes=0 (F-1 frame-entry warm start; the steady-state law is fixes==0 on pass>=2 — the kill rule reads persistent fixes)
RXBUILD_DIAGNOSTIC sustained: enabled=true patches=354158748 last_pass_patches=21996 frames=21996 (F-2 publish-by-reference master; the steady-state law is every patchable entry patched exactly once per pass boundary)
DIAG cons sustained: parks=33 park_ms=7.8 slow_waits=33 slow_ms=8.2
BENCH mode=replay-hydra-sustained-5s total_msgs=8144168900 duration=5.00s sustained_rate=1628750823 msg/s allocs=0 workers=2 crc_kernel=reflect
PR1_HYDRA_SUSTAINED_VERDICT rate=1628750823 (duration=5.00s, total_msgs=8144168900, workers=2)
PR1_GIGAHFT_VERDICT rate=1628750823 target=1000000000 -> PASS (Project 1.0B: bit-exact, zero-alloc, every byte verified in-window, cross-pass double-buffered fabric)
PR1_R8_FULL_VERIFY_VERDICT rate=1628750823 target=1000000000 -> PASS (R8: 1B msg/s sustained full verification — bit-exact, zero-alloc, every byte CRC32C-verified in-window)
PR1_R16_FULL_VERIFY_VERDICT rate=1628750823 target=2000000000 -> FAIL (R16: 2B msg/s sustained full verification — the Double Helix program, docs/29)
R16B_RXDESC_VERDICT rx_fixes=0 assist_chunks=305382 (array-driven submission telemetry; fixes=0 means every RX prefill entry was already exact)
R23B_AFFINE_VERDICT arm=sustained armed=false tag_hits=0 payload_fallbacks=0 ledger_rows=0 (R23c: zero-re-read affine verification on the worker fabric)
PR1_R23_AFFINE_SUSTAINED_VERDICT rate=1628750823 target=2500000000 -> FAIL (R23: 2.5B+ sustained full verification from register tags — the affine-span algebra program, docs/36)
=== 11n. R12: Compact 8-Byte Span Descriptors OFF (rollback attribution) ===
[1m[92m    Finished[0m `release` profile [optimized] target(s) in 0.01s
[1m[92m     Running[0m `target/release/bench --hydra-only`
BENCH_CALIBRATION invariant_tsc=true freq_mhz=2596.12 mark_overhead_cycles=52
=== R6. PR-1 HYDRA BIT-EXACT MULTI-CORE SPAN CONFORMANCE ===
BLOB_BACKING mode=mmap anon_huge_kb=16384 map_mb=16.5 verdict=thp-granted
HYDRA_BITPARITY sequential=(count=505849 hash=0x881639cead506f25 msg_hash=0xcbf29ce484222325) hydra=(count=505849 hash=0x881639cead506f25 msg_hash=0xcbf29ce484222325) -> BIT-EXACT
BENCH mode=replay-hydra-burst msgs=505849 rate=1475075160 allocs=0 freq=2596.12MHz workers=2 run=1
BENCH mode=replay-hydra-burst msgs=505849 rate=1550609086 allocs=0 freq=2596.12MHz workers=2 run=2
BENCH mode=replay-hydra-burst msgs=505849 rate=1559895030 allocs=0 freq=2596.12MHz workers=2 run=3
BENCH mode=replay-hydra-burst msgs=505849 rate=1680064698 allocs=0 freq=2596.12MHz workers=2 run=4
BENCH mode=replay-hydra-burst msgs=505849 rate=1644620226 allocs=0 freq=2596.12MHz workers=2 run=5
BENCH_MEDIAN mode=replay-hydra-burst rate=1559895030
R23B_AFFINE_VERDICT arm=burst armed=false tag_hits=0 payload_fallbacks=0 ledger_rows=0 (R23c: workers verify spans from register tags, zero payload reads; the (prefix,cum) triple checked per-span by the scalar affine law)
PR1_HYDRA_VERDICT rate=1559895030 (bit-exact multi-core span conformance: 2 workers, every emitted byte CRC32C-checked in-window, ordered serial fold)
PR1_GIGAHFT_BURST_VERDICT rate=1559895030 target=1000000000 -> PASS (R7 burst reference; the sustained arm below is the gate)
DIAG sustained: passes=16709 reset_ms=591.7 scan_ms=4404.7 end_ms=0.9 pending_max=7120 batches=367598 wait_ms=43.1 work_ms=4015.3 fold_ms=269.0 assist_chunks=370660 bytes_per_msg=27.65 crc_demand_gb_s=46.74
DIAG worker[0] sustained: cpu0(pinned) placement=[0, 2] batches=559208 spans=71540736 eval_ms=4815.8 idle_iters=264021 res_waits=0 fw=0 fw_ms=0.0
DIAG worker[1] sustained: cpu2(pinned) placement=[0, 2] batches=691520 spans=88466496 eval_ms=4805.2 idle_iters=296573 res_waits=3249 fw=0 fw_ms=0.0
DIAG rx sustained: publications=367658 polls=1453921 prod_ms=1472.5 bufwait_laps=135106 resets=16711 eos_parks=0 nbuf=16 rx_actual_cpu=3
ADVANCE_DIAGNOSTIC sustained: advances=16711 advance_ms=115.3 us_per_advance=6.9 (F-5 reset/auto-advance hygiene — the synchronous bake tail the per-publication prepatch budget drains; HFT_PREPATCH_BUDGET prices it)
RXWARM_DIAGNOSTIC sustained: enabled=false fixes=0 uncovered=0 last_pass_fixes=0 (F-1 frame-entry warm start; the steady-state law is fixes==0 on pass>=2 — the kill rule reads persistent fixes)
RXBUILD_DIAGNOSTIC sustained: enabled=true patches=367554312 last_pass_patches=21996 frames=21996 (F-2 publish-by-reference master; the steady-state law is every patchable entry patched exactly once per pass boundary)
DIAG cons sustained: parks=30 park_ms=8.1 slow_waits=30 slow_ms=8.6
BENCH mode=replay-hydra-sustained-5s total_msgs=8452230941 duration=5.00s sustained_rate=1690404436 msg/s allocs=0 workers=2 crc_kernel=reflect
PR1_HYDRA_SUSTAINED_VERDICT rate=1690404436 (duration=5.00s, total_msgs=8452230941, workers=2)
PR1_GIGAHFT_VERDICT rate=1690404436 target=1000000000 -> PASS (Project 1.0B: bit-exact, zero-alloc, every byte verified in-window, cross-pass double-buffered fabric)
PR1_R8_FULL_VERIFY_VERDICT rate=1690404436 target=1000000000 -> PASS (R8: 1B msg/s sustained full verification — bit-exact, zero-alloc, every byte CRC32C-verified in-window)
PR1_R16_FULL_VERIFY_VERDICT rate=1690404436 target=2000000000 -> FAIL (R16: 2B msg/s sustained full verification — the Double Helix program, docs/29)
R16B_RXDESC_VERDICT rx_fixes=0 assist_chunks=370660 (array-driven submission telemetry; fixes=0 means every RX prefill entry was already exact)
R23B_AFFINE_VERDICT arm=sustained armed=false tag_hits=0 payload_fallbacks=0 ledger_rows=0 (R23c: zero-re-read affine verification on the worker fabric)
PR1_R23_AFFINE_SUSTAINED_VERDICT rate=1690404436 target=2500000000 -> FAIL (R23: 2.5B+ sustained full verification from register tags — the affine-span algebra program, docs/36)
=== 11r. R13: Mirror-Domain Fold Kernel Soak (rollback attribution) ===
[1m[92m    Finished[0m `release` profile [optimized] target(s) in 0.01s
[1m[92m     Running[0m `target/release/bench --hydra-only`
BENCH_CALIBRATION invariant_tsc=true freq_mhz=2596.12 mark_overhead_cycles=52
=== R6. PR-1 HYDRA BIT-EXACT MULTI-CORE SPAN CONFORMANCE ===
BLOB_BACKING mode=mmap anon_huge_kb=16384 map_mb=16.5 verdict=thp-granted
HYDRA_BITPARITY sequential=(count=505849 hash=0x881639cead506f25 msg_hash=0xcbf29ce484222325) hydra=(count=505849 hash=0x881639cead506f25 msg_hash=0xcbf29ce484222325) -> BIT-EXACT
BENCH mode=replay-hydra-burst msgs=505849 rate=1024448283 allocs=0 freq=2596.12MHz workers=2 run=1
BENCH mode=replay-hydra-burst msgs=505849 rate=1071067258 allocs=0 freq=2596.12MHz workers=2 run=2
BENCH mode=replay-hydra-burst msgs=505849 rate=1286735041 allocs=0 freq=2596.12MHz workers=2 run=3
BENCH mode=replay-hydra-burst msgs=505849 rate=1385379066 allocs=0 freq=2596.12MHz workers=2 run=4
BENCH mode=replay-hydra-burst msgs=505849 rate=1467317777 allocs=0 freq=2596.12MHz workers=2 run=5
BENCH_MEDIAN mode=replay-hydra-burst rate=1286735041
R23B_AFFINE_VERDICT arm=burst armed=false tag_hits=0 payload_fallbacks=0 ledger_rows=0 (R23c: workers verify spans from register tags, zero payload reads; the (prefix,cum) triple checked per-span by the scalar affine law)
PR1_HYDRA_VERDICT rate=1286735041 (bit-exact multi-core span conformance: 2 workers, every emitted byte CRC32C-checked in-window, ordered serial fold)
PR1_GIGAHFT_BURST_VERDICT rate=1286735041 target=1000000000 -> PASS (R7 burst reference; the sustained arm below is the gate)
DIAG sustained: passes=17018 reset_ms=503.5 scan_ms=4492.9 end_ms=0.9 pending_max=7045 batches=374396 wait_ms=36.9 work_ms=4090.0 fold_ms=286.7 assist_chunks=375848 bytes_per_msg=27.65 crc_demand_gb_s=47.61
DIAG worker[0] sustained: cpu0(pinned) placement=[0, 2] batches=586383 spans=74989148 eval_ms=4945.2 idle_iters=64753 res_waits=0 fw=0 fw_ms=0.0
DIAG worker[1] sustained: cpu2(pinned) placement=[0, 2] batches=708579 spans=90641901 eval_ms=4935.0 idle_iters=55349 res_waits=0 fw=0 fw_ms=0.0
DIAG rx sustained: publications=374456 polls=1480804 prod_ms=1473.7 bufwait_laps=136028 resets=17020 eos_parks=0 nbuf=16 rx_actual_cpu=3
ADVANCE_DIAGNOSTIC sustained: advances=17020 advance_ms=111.5 us_per_advance=6.5 (F-5 reset/auto-advance hygiene — the synchronous bake tail the per-publication prepatch budget drains; HFT_PREPATCH_BUDGET prices it)
RXWARM_DIAGNOSTIC sustained: enabled=false fixes=0 uncovered=0 last_pass_fixes=0 (F-1 frame-entry warm start; the steady-state law is fixes==0 on pass>=2 — the kill rule reads persistent fixes)
RXBUILD_DIAGNOSTIC sustained: enabled=true patches=374351140 last_pass_patches=21996 frames=21996 (F-2 publish-by-reference master; the steady-state law is every patchable entry patched exactly once per pass boundary)
DIAG cons sustained: parks=40 park_ms=3.3 slow_waits=40 slow_ms=3.8
BENCH mode=replay-hydra-sustained-5s total_msgs=8608538282 duration=5.00s sustained_rate=1721657066 msg/s allocs=0 workers=2 crc_kernel=fold512
PR1_HYDRA_SUSTAINED_VERDICT rate=1721657066 (duration=5.00s, total_msgs=8608538282, workers=2)
PR1_GIGAHFT_VERDICT rate=1721657066 target=1000000000 -> PASS (Project 1.0B: bit-exact, zero-alloc, every byte verified in-window, cross-pass double-buffered fabric)
PR1_R8_FULL_VERIFY_VERDICT rate=1721657066 target=1000000000 -> PASS (R8: 1B msg/s sustained full verification — bit-exact, zero-alloc, every byte CRC32C-verified in-window)
PR1_R16_FULL_VERIFY_VERDICT rate=1721657066 target=2000000000 -> FAIL (R16: 2B msg/s sustained full verification — the Double Helix program, docs/29)
R16B_RXDESC_VERDICT rx_fixes=0 assist_chunks=375848 (array-driven submission telemetry; fixes=0 means every RX prefill entry was already exact)
R23B_AFFINE_VERDICT arm=sustained armed=false tag_hits=0 payload_fallbacks=0 ledger_rows=0 (R23c: zero-re-read affine verification on the worker fabric)
PR1_R23_AFFINE_SUSTAINED_VERDICT rate=1721657066 target=2500000000 -> FAIL (R23: 2.5B+ sustained full verification from register tags — the affine-span algebra program, docs/36)
=== 11s. R14: Vector Barrett Ending OFF (rollback attribution) ===
[1m[92m    Finished[0m `release` profile [optimized] target(s) in 0.01s
[1m[92m     Running[0m `target/release/bench --hydra-only`
BENCH_CALIBRATION invariant_tsc=true freq_mhz=2596.12 mark_overhead_cycles=52
=== R6. PR-1 HYDRA BIT-EXACT MULTI-CORE SPAN CONFORMANCE ===
BLOB_BACKING mode=mmap anon_huge_kb=14336 map_mb=16.5 verdict=thp-granted
HYDRA_BITPARITY sequential=(count=505849 hash=0x881639cead506f25 msg_hash=0xcbf29ce484222325) hydra=(count=505849 hash=0x881639cead506f25 msg_hash=0xcbf29ce484222325) -> BIT-EXACT
BENCH mode=replay-hydra-burst msgs=505849 rate=1436764893 allocs=0 freq=2596.12MHz workers=2 run=1
BENCH mode=replay-hydra-burst msgs=505849 rate=1493611869 allocs=0 freq=2596.12MHz workers=2 run=2
BENCH mode=replay-hydra-burst msgs=505849 rate=1591400724 allocs=0 freq=2596.12MHz workers=2 run=3
BENCH mode=replay-hydra-burst msgs=505849 rate=1568421901 allocs=0 freq=2596.12MHz workers=2 run=4
BENCH mode=replay-hydra-burst msgs=505849 rate=1682411555 allocs=0 freq=2596.12MHz workers=2 run=5
BENCH_MEDIAN mode=replay-hydra-burst rate=1568421901
R23B_AFFINE_VERDICT arm=burst armed=false tag_hits=0 payload_fallbacks=0 ledger_rows=0 (R23c: workers verify spans from register tags, zero payload reads; the (prefix,cum) triple checked per-span by the scalar affine law)
PR1_HYDRA_VERDICT rate=1568421901 (bit-exact multi-core span conformance: 2 workers, every emitted byte CRC32C-checked in-window, ordered serial fold)
PR1_GIGAHFT_BURST_VERDICT rate=1568421901 target=1000000000 -> PASS (R7 burst reference; the sustained arm below is the gate)
DIAG sustained: passes=17473 reset_ms=490.7 scan_ms=4505.6 end_ms=1.0 pending_max=7235 batches=384406 wait_ms=35.7 work_ms=4099.3 fold_ms=286.7 assist_chunks=390627 bytes_per_msg=27.65 crc_demand_gb_s=48.88
DIAG worker[0] sustained: cpu0(pinned) placement=[0, 2] batches=598801 spans=76621764 eval_ms=4959.4 idle_iters=37869 res_waits=0 fw=0 fw_ms=0.0
DIAG worker[1] sustained: cpu2(pinned) placement=[0, 2] batches=727789 spans=93130818 eval_ms=4947.4 idle_iters=40532 res_waits=0 fw=0 fw_ms=0.0
DIAG rx sustained: publications=384466 polls=1520389 prod_ms=1438.5 bufwait_laps=139792 resets=17475 eos_parks=0 nbuf=16 rx_actual_cpu=3
ADVANCE_DIAGNOSTIC sustained: advances=17475 advance_ms=108.9 us_per_advance=6.2 (F-5 reset/auto-advance hygiene — the synchronous bake tail the per-publication prepatch budget drains; HFT_PREPATCH_BUDGET prices it)
RXWARM_DIAGNOSTIC sustained: enabled=false fixes=0 uncovered=0 last_pass_fixes=0 (F-1 frame-entry warm start; the steady-state law is fixes==0 on pass>=2 — the kill rule reads persistent fixes)
RXBUILD_DIAGNOSTIC sustained: enabled=true patches=384359256 last_pass_patches=21996 frames=21996 (F-2 publish-by-reference master; the steady-state law is every patchable entry patched exactly once per pass boundary)
DIAG cons sustained: parks=28 park_ms=2.7 slow_waits=28 slow_ms=3.1
BENCH mode=replay-hydra-sustained-5s total_msgs=8838699577 duration=5.00s sustained_rate=1767709004 msg/s allocs=0 workers=2 crc_kernel=reflect
PR1_HYDRA_SUSTAINED_VERDICT rate=1767709004 (duration=5.00s, total_msgs=8838699577, workers=2)
PR1_GIGAHFT_VERDICT rate=1767709004 target=1000000000 -> PASS (Project 1.0B: bit-exact, zero-alloc, every byte verified in-window, cross-pass double-buffered fabric)
PR1_R8_FULL_VERIFY_VERDICT rate=1767709004 target=1000000000 -> PASS (R8: 1B msg/s sustained full verification — bit-exact, zero-alloc, every byte CRC32C-verified in-window)
PR1_R16_FULL_VERIFY_VERDICT rate=1767709004 target=2000000000 -> FAIL (R16: 2B msg/s sustained full verification — the Double Helix program, docs/29)
R16B_RXDESC_VERDICT rx_fixes=0 assist_chunks=390627 (array-driven submission telemetry; fixes=0 means every RX prefill entry was already exact)
R23B_AFFINE_VERDICT arm=sustained armed=false tag_hits=0 payload_fallbacks=0 ledger_rows=0 (R23c: zero-re-read affine verification on the worker fabric)
PR1_R23_AFFINE_SUSTAINED_VERDICT rate=1767709004 target=2500000000 -> FAIL (R23: 2.5B+ sustained full verification from register tags — the affine-span algebra program, docs/36)
=== 11t. R15: Vectorized Tail (vtail) OFF (rollback attribution) ===
[1m[92m    Finished[0m `release` profile [optimized] target(s) in 0.01s
[1m[92m     Running[0m `target/release/bench --hydra-only`
BENCH_CALIBRATION invariant_tsc=true freq_mhz=2596.12 mark_overhead_cycles=52
=== R6. PR-1 HYDRA BIT-EXACT MULTI-CORE SPAN CONFORMANCE ===
BLOB_BACKING mode=mmap anon_huge_kb=14336 map_mb=16.5 verdict=thp-granted
HYDRA_BITPARITY sequential=(count=505849 hash=0x881639cead506f25 msg_hash=0xcbf29ce484222325) hydra=(count=505849 hash=0x881639cead506f25 msg_hash=0xcbf29ce484222325) -> BIT-EXACT
BENCH mode=replay-hydra-burst msgs=505849 rate=1357634005 allocs=0 freq=2596.12MHz workers=2 run=1
BENCH mode=replay-hydra-burst msgs=505849 rate=1489561125 allocs=0 freq=2596.12MHz workers=2 run=2
BENCH mode=replay-hydra-burst msgs=505849 rate=1582127877 allocs=0 freq=2596.12MHz workers=2 run=3
BENCH mode=replay-hydra-burst msgs=505849 rate=1693411132 allocs=0 freq=2596.12MHz workers=2 run=4
BENCH mode=replay-hydra-burst msgs=505849 rate=1699567253 allocs=0 freq=2596.12MHz workers=2 run=5
BENCH_MEDIAN mode=replay-hydra-burst rate=1582127877
R23B_AFFINE_VERDICT arm=burst armed=false tag_hits=0 payload_fallbacks=0 ledger_rows=0 (R23c: workers verify spans from register tags, zero payload reads; the (prefix,cum) triple checked per-span by the scalar affine law)
PR1_HYDRA_VERDICT rate=1582127877 (bit-exact multi-core span conformance: 2 workers, every emitted byte CRC32C-checked in-window, ordered serial fold)
PR1_GIGAHFT_BURST_VERDICT rate=1582127877 target=1000000000 -> PASS (R7 burst reference; the sustained arm below is the gate)
DIAG sustained: passes=17433 reset_ms=449.4 scan_ms=4547.0 end_ms=1.0 pending_max=7195 batches=383526 wait_ms=38.0 work_ms=4146.3 fold_ms=287.7 assist_chunks=390715 bytes_per_msg=27.65 crc_demand_gb_s=48.77
DIAG worker[0] sustained: cpu0(pinned) placement=[0, 2] batches=592700 spans=75850378 eval_ms=4966.6 idle_iters=27746 res_waits=0 fw=0 fw_ms=0.0
DIAG worker[1] sustained: cpu2(pinned) placement=[0, 2] batches=730187 spans=93447823 eval_ms=4953.6 idle_iters=26823 res_waits=0 fw=0 fw_ms=0.0
DIAG rx sustained: publications=383586 polls=1516909 prod_ms=1524.2 bufwait_laps=139427 resets=17435 eos_parks=0 nbuf=16 rx_actual_cpu=3
ADVANCE_DIAGNOSTIC sustained: advances=17435 advance_ms=117.8 us_per_advance=6.8 (F-5 reset/auto-advance hygiene — the synchronous bake tail the per-publication prepatch budget drains; HFT_PREPATCH_BUDGET prices it)
RXWARM_DIAGNOSTIC sustained: enabled=false fixes=0 uncovered=0 last_pass_fixes=0 (F-1 frame-entry warm start; the steady-state law is fixes==0 on pass>=2 — the kill rule reads persistent fixes)
RXBUILD_DIAGNOSTIC sustained: enabled=true patches=383479480 last_pass_patches=21996 frames=21996 (F-2 publish-by-reference master; the steady-state law is every patchable entry patched exactly once per pass boundary)
DIAG cons sustained: parks=16 park_ms=2.2 slow_waits=16 slow_ms=2.4
BENCH mode=replay-hydra-sustained-5s total_msgs=8818465617 duration=5.00s sustained_rate=1763640314 msg/s allocs=0 workers=2 crc_kernel=reflect
PR1_HYDRA_SUSTAINED_VERDICT rate=1763640314 (duration=5.00s, total_msgs=8818465617, workers=2)
PR1_GIGAHFT_VERDICT rate=1763640314 target=1000000000 -> PASS (Project 1.0B: bit-exact, zero-alloc, every byte verified in-window, cross-pass double-buffered fabric)
PR1_R8_FULL_VERIFY_VERDICT rate=1763640314 target=1000000000 -> PASS (R8: 1B msg/s sustained full verification — bit-exact, zero-alloc, every byte CRC32C-verified in-window)
PR1_R16_FULL_VERIFY_VERDICT rate=1763640314 target=2000000000 -> FAIL (R16: 2B msg/s sustained full verification — the Double Helix program, docs/29)
R16B_RXDESC_VERDICT rx_fixes=0 assist_chunks=390715 (array-driven submission telemetry; fixes=0 means every RX prefill entry was already exact)
R23B_AFFINE_VERDICT arm=sustained armed=false tag_hits=0 payload_fallbacks=0 ledger_rows=0 (R23c: zero-re-read affine verification on the worker fabric)
PR1_R23_AFFINE_SUSTAINED_VERDICT rate=1763640314 target=2500000000 -> FAIL (R23: 2.5B+ sustained full verification from register tags — the affine-span algebra program, docs/36)
=== 11u. R15: Worker Drain Granularity Sweep (the supply-side rebalance) ===
[1m[92m    Finished[0m `release` profile [optimized] target(s) in 0.01s
[1m[92m     Running[0m `target/release/bench --hydra-only`
BENCH_CALIBRATION invariant_tsc=true freq_mhz=2596.12 mark_overhead_cycles=52
=== R6. PR-1 HYDRA BIT-EXACT MULTI-CORE SPAN CONFORMANCE ===
BLOB_BACKING mode=mmap anon_huge_kb=16384 map_mb=16.5 verdict=thp-granted
HYDRA_BITPARITY sequential=(count=505849 hash=0x881639cead506f25 msg_hash=0xcbf29ce484222325) hydra=(count=505849 hash=0x881639cead506f25 msg_hash=0xcbf29ce484222325) -> BIT-EXACT
BENCH mode=replay-hydra-burst msgs=505849 rate=1420042613 allocs=0 freq=2596.12MHz workers=2 run=1
BENCH mode=replay-hydra-burst msgs=505849 rate=1540630263 allocs=0 freq=2596.12MHz workers=2 run=2
BENCH mode=replay-hydra-burst msgs=505849 rate=1599562992 allocs=0 freq=2596.12MHz workers=2 run=3
BENCH mode=replay-hydra-burst msgs=505849 rate=1580244792 allocs=0 freq=2596.12MHz workers=2 run=4
BENCH mode=replay-hydra-burst msgs=505849 rate=1679060905 allocs=0 freq=2596.12MHz workers=2 run=5
BENCH_MEDIAN mode=replay-hydra-burst rate=1580244792
R23B_AFFINE_VERDICT arm=burst armed=false tag_hits=0 payload_fallbacks=0 ledger_rows=0 (R23c: workers verify spans from register tags, zero payload reads; the (prefix,cum) triple checked per-span by the scalar affine law)
PR1_HYDRA_VERDICT rate=1580244792 (bit-exact multi-core span conformance: 2 workers, every emitted byte CRC32C-checked in-window, ordered serial fold)
PR1_GIGAHFT_BURST_VERDICT rate=1580244792 target=1000000000 -> PASS (R7 burst reference; the sustained arm below is the gate)
DIAG sustained: passes=17165 reset_ms=467.8 scan_ms=4528.7 end_ms=1.0 pending_max=8957 batches=377630 wait_ms=37.5 work_ms=4128.8 fold_ms=282.5 assist_chunks=359284 bytes_per_msg=27.65 crc_demand_gb_s=48.02
DIAG worker[0] sustained: cpu0(pinned) placement=[0, 2] batches=1181418 spans=75601689 eval_ms=4935.8 idle_iters=35044 res_waits=0 fw=0 fw_ms=0.0
DIAG worker[1] sustained: cpu2(pinned) placement=[0, 2] batches=1449457 spans=92757010 eval_ms=4914.8 idle_iters=31710 res_waits=36 fw=0 fw_ms=0.0
DIAG rx sustained: publications=377690 polls=1493593 prod_ms=1486.7 bufwait_laps=137216 resets=17167 eos_parks=0 nbuf=16 rx_actual_cpu=3
ADVANCE_DIAGNOSTIC sustained: advances=17167 advance_ms=121.6 us_per_advance=7.1 (F-5 reset/auto-advance hygiene — the synchronous bake tail the per-publication prepatch budget drains; HFT_PREPATCH_BUDGET prices it)
RXWARM_DIAGNOSTIC sustained: enabled=false fixes=0 uncovered=0 last_pass_fixes=0 (F-1 frame-entry warm start; the steady-state law is fixes==0 on pass>=2 — the kill rule reads persistent fixes)
RXBUILD_DIAGNOSTIC sustained: enabled=true patches=377584488 last_pass_patches=21996 frames=21996 (F-2 publish-by-reference master; the steady-state law is every patchable entry patched exactly once per pass boundary)
DIAG cons sustained: parks=33 park_ms=2.0 slow_waits=33 slow_ms=2.6
BENCH mode=replay-hydra-sustained-5s total_msgs=8682898085 duration=5.00s sustained_rate=1736483135 msg/s allocs=0 workers=2 crc_kernel=reflect
PR1_HYDRA_SUSTAINED_VERDICT rate=1736483135 (duration=5.00s, total_msgs=8682898085, workers=2)
PR1_GIGAHFT_VERDICT rate=1736483135 target=1000000000 -> PASS (Project 1.0B: bit-exact, zero-alloc, every byte verified in-window, cross-pass double-buffered fabric)
PR1_R8_FULL_VERIFY_VERDICT rate=1736483135 target=1000000000 -> PASS (R8: 1B msg/s sustained full verification — bit-exact, zero-alloc, every byte CRC32C-verified in-window)
PR1_R16_FULL_VERIFY_VERDICT rate=1736483135 target=2000000000 -> FAIL (R16: 2B msg/s sustained full verification — the Double Helix program, docs/29)
R16B_RXDESC_VERDICT rx_fixes=0 assist_chunks=359284 (array-driven submission telemetry; fixes=0 means every RX prefill entry was already exact)
R23B_AFFINE_VERDICT arm=sustained armed=false tag_hits=0 payload_fallbacks=0 ledger_rows=0 (R23c: zero-re-read affine verification on the worker fabric)
PR1_R23_AFFINE_SUSTAINED_VERDICT rate=1736483135 target=2500000000 -> FAIL (R23: 2.5B+ sustained full verification from register tags — the affine-span algebra program, docs/36)
[1m[92m    Finished[0m `release` profile [optimized] target(s) in 0.00s
[1m[92m     Running[0m `target/release/bench --hydra-only`
BENCH_CALIBRATION invariant_tsc=true freq_mhz=2596.12 mark_overhead_cycles=52
=== R6. PR-1 HYDRA BIT-EXACT MULTI-CORE SPAN CONFORMANCE ===
BLOB_BACKING mode=mmap anon_huge_kb=16384 map_mb=16.5 verdict=thp-granted
HYDRA_BITPARITY sequential=(count=505849 hash=0x881639cead506f25 msg_hash=0xcbf29ce484222325) hydra=(count=505849 hash=0x881639cead506f25 msg_hash=0xcbf29ce484222325) -> BIT-EXACT
BENCH mode=replay-hydra-burst msgs=505849 rate=1559798830 allocs=0 freq=2596.12MHz workers=2 run=1
BENCH mode=replay-hydra-burst msgs=505849 rate=1679841529 allocs=0 freq=2596.12MHz workers=2 run=2
BENCH mode=replay-hydra-burst msgs=505849 rate=1765012316 allocs=0 freq=2596.12MHz workers=2 run=3
BENCH mode=replay-hydra-burst msgs=505849 rate=1828995704 allocs=0 freq=2596.12MHz workers=2 run=4
BENCH mode=replay-hydra-burst msgs=505849 rate=1765258691 allocs=0 freq=2596.12MHz workers=2 run=5
BENCH_MEDIAN mode=replay-hydra-burst rate=1765012316
R23B_AFFINE_VERDICT arm=burst armed=false tag_hits=0 payload_fallbacks=0 ledger_rows=0 (R23c: workers verify spans from register tags, zero payload reads; the (prefix,cum) triple checked per-span by the scalar affine law)
PR1_HYDRA_VERDICT rate=1765012316 (bit-exact multi-core span conformance: 2 workers, every emitted byte CRC32C-checked in-window, ordered serial fold)
PR1_GIGAHFT_BURST_VERDICT rate=1765012316 target=1000000000 -> PASS (R7 burst reference; the sustained arm below is the gate)
DIAG sustained: passes=17410 reset_ms=475.9 scan_ms=4520.6 end_ms=1.0 pending_max=10604 batches=383020 wait_ms=39.2 work_ms=4109.8 fold_ms=285.5 assist_chunks=380867 bytes_per_msg=27.65 crc_demand_gb_s=48.71
DIAG worker[0] sustained: cpu0(pinned) placement=[0, 2] batches=294971 spans=75435348 eval_ms=4979.4 idle_iters=29149 res_waits=573 fw=0 fw_ms=0.0
DIAG worker[1] sustained: cpu2(pinned) placement=[0, 2] batches=368614 spans=94256478 eval_ms=4971.6 idle_iters=33992 res_waits=226 fw=0 fw_ms=0.0
DIAG rx sustained: publications=383080 polls=1514908 prod_ms=1516.7 bufwait_laps=139171 resets=17412 eos_parks=0 nbuf=16 rx_actual_cpu=3
ADVANCE_DIAGNOSTIC sustained: advances=17412 advance_ms=121.4 us_per_advance=7.0 (F-5 reset/auto-advance hygiene — the synchronous bake tail the per-publication prepatch budget drains; HFT_PREPATCH_BUDGET prices it)
RXWARM_DIAGNOSTIC sustained: enabled=false fixes=0 uncovered=0 last_pass_fixes=0 (F-1 frame-entry warm start; the steady-state law is fixes==0 on pass>=2 — the kill rule reads persistent fixes)
RXBUILD_DIAGNOSTIC sustained: enabled=true patches=382973508 last_pass_patches=21996 frames=21996 (F-2 publish-by-reference master; the steady-state law is every patchable entry patched exactly once per pass boundary)
DIAG cons sustained: parks=28 park_ms=2.3 slow_waits=28 slow_ms=2.7
BENCH mode=replay-hydra-sustained-5s total_msgs=8806831090 duration=5.00s sustained_rate=1761285151 msg/s allocs=0 workers=2 crc_kernel=reflect
PR1_HYDRA_SUSTAINED_VERDICT rate=1761285151 (duration=5.00s, total_msgs=8806831090, workers=2)
PR1_GIGAHFT_VERDICT rate=1761285151 target=1000000000 -> PASS (Project 1.0B: bit-exact, zero-alloc, every byte verified in-window, cross-pass double-buffered fabric)
PR1_R8_FULL_VERIFY_VERDICT rate=1761285151 target=1000000000 -> PASS (R8: 1B msg/s sustained full verification — bit-exact, zero-alloc, every byte CRC32C-verified in-window)
PR1_R16_FULL_VERIFY_VERDICT rate=1761285151 target=2000000000 -> FAIL (R16: 2B msg/s sustained full verification — the Double Helix program, docs/29)
R16B_RXDESC_VERDICT rx_fixes=0 assist_chunks=380867 (array-driven submission telemetry; fixes=0 means every RX prefill entry was already exact)
R23B_AFFINE_VERDICT arm=sustained armed=false tag_hits=0 payload_fallbacks=0 ledger_rows=0 (R23c: zero-re-read affine verification on the worker fabric)
PR1_R23_AFFINE_SUSTAINED_VERDICT rate=1761285151 target=2500000000 -> FAIL (R23: 2.5B+ sustained full verification from register tags — the affine-span algebra program, docs/36)
=== 11wm. R17: Assist-Watermark Deep-Soak, SIBLINGS (the A3-b pricing where the assist lives) ===
[1m[92m    Finished[0m `release` profile [optimized] target(s) in 0.01s
[1m[92m     Running[0m `target/release/bench --hydra-only`
BENCH_CALIBRATION invariant_tsc=true freq_mhz=2596.12 mark_overhead_cycles=52
=== R6. PR-1 HYDRA BIT-EXACT MULTI-CORE SPAN CONFORMANCE ===
BLOB_BACKING mode=mmap anon_huge_kb=14336 map_mb=16.5 verdict=thp-granted
HYDRA_BITPARITY sequential=(count=505849 hash=0x881639cead506f25 msg_hash=0xcbf29ce484222325) hydra=(count=505849 hash=0x881639cead506f25 msg_hash=0xcbf29ce484222325) -> BIT-EXACT
BENCH mode=replay-hydra-burst msgs=505849 rate=1339131792 allocs=0 freq=2596.12MHz workers=2 run=1
BENCH mode=replay-hydra-burst msgs=505849 rate=1373809439 allocs=0 freq=2596.12MHz workers=2 run=2
BENCH mode=replay-hydra-burst msgs=505849 rate=1538610578 allocs=0 freq=2596.12MHz workers=2 run=3
BENCH mode=replay-hydra-burst msgs=505849 rate=1498620916 allocs=0 freq=2596.12MHz workers=2 run=4
BENCH mode=replay-hydra-burst msgs=505849 rate=1569103017 allocs=0 freq=2596.12MHz workers=2 run=5
BENCH_MEDIAN mode=replay-hydra-burst rate=1498620916
R23B_AFFINE_VERDICT arm=burst armed=false tag_hits=0 payload_fallbacks=0 ledger_rows=0 (R23c: workers verify spans from register tags, zero payload reads; the (prefix,cum) triple checked per-span by the scalar affine law)
PR1_HYDRA_VERDICT rate=1498620916 (bit-exact multi-core span conformance: 2 workers, every emitted byte CRC32C-checked in-window, ordered serial fold)
PR1_GIGAHFT_BURST_VERDICT rate=1498620916 target=1000000000 -> PASS (R7 burst reference; the sustained arm below is the gate)
DIAG sustained: passes=17506 reset_ms=390.7 scan_ms=4597.8 end_ms=2.1 pending_max=11463 batches=385132 wait_ms=24.5 work_ms=4205.8 fold_ms=293.8 assist_chunks=616964 bytes_per_msg=27.65 crc_demand_gb_s=48.97
DIAG worker[0] sustained: cpu2(pinned) placement=[2, 3] batches=608415 spans=77870538 eval_ms=4958.0 idle_iters=25802 res_waits=600 fw=0 fw_ms=0.0
DIAG worker[1] sustained: cpu3(pinned) placement=[2, 3] batches=606294 spans=77598689 eval_ms=4958.0 idle_iters=21579 res_waits=345 fw=0 fw_ms=0.0
DIAG rx sustained: publications=385192 polls=1523260 prod_ms=1569.3 bufwait_laps=140131 resets=17508 eos_parks=0 nbuf=16 rx_actual_cpu=1
ADVANCE_DIAGNOSTIC sustained: advances=17508 advance_ms=82.2 us_per_advance=4.7 (F-5 reset/auto-advance hygiene — the synchronous bake tail the per-publication prepatch budget drains; HFT_PREPATCH_BUDGET prices it)
RXWARM_DIAGNOSTIC sustained: enabled=false fixes=0 uncovered=0 last_pass_fixes=0 (F-1 frame-entry warm start; the steady-state law is fixes==0 on pass>=2 — the kill rule reads persistent fixes)
RXBUILD_DIAGNOSTIC sustained: enabled=true patches=385085188 last_pass_patches=22060 frames=21996 (F-2 publish-by-reference master; the steady-state law is every patchable entry patched exactly once per pass boundary)
DIAG cons sustained: parks=18 park_ms=1.8 slow_waits=18 slow_ms=2.1
BENCH mode=replay-hydra-sustained-5s total_msgs=8855392594 duration=5.00s sustained_rate=1771036169 msg/s allocs=0 workers=2 crc_kernel=reflect
PR1_HYDRA_SUSTAINED_VERDICT rate=1771036169 (duration=5.00s, total_msgs=8855392594, workers=2)
PR1_GIGAHFT_VERDICT rate=1771036169 target=1000000000 -> PASS (Project 1.0B: bit-exact, zero-alloc, every byte verified in-window, cross-pass double-buffered fabric)
PR1_R8_FULL_VERIFY_VERDICT rate=1771036169 target=1000000000 -> PASS (R8: 1B msg/s sustained full verification — bit-exact, zero-alloc, every byte CRC32C-verified in-window)
PR1_R16_FULL_VERIFY_VERDICT rate=1771036169 target=2000000000 -> FAIL (R16: 2B msg/s sustained full verification — the Double Helix program, docs/29)
R16B_RXDESC_VERDICT rx_fixes=0 assist_chunks=616964 (array-driven submission telemetry; fixes=0 means every RX prefill entry was already exact)
R23B_AFFINE_VERDICT arm=sustained armed=false tag_hits=0 payload_fallbacks=0 ledger_rows=0 (R23c: zero-re-read affine verification on the worker fabric)
PR1_R23_AFFINE_SUSTAINED_VERDICT rate=1771036169 target=2500000000 -> FAIL (R23: 2.5B+ sustained full verification from register tags — the affine-span algebra program, docs/36)
=== 11v. R16: Dual-Stream Fold (dfold) ARMED Soak (attribution) ===
[1m[92m    Finished[0m `release` profile [optimized] target(s) in 0.01s
[1m[92m     Running[0m `target/release/bench --hydra-only`
BENCH_CALIBRATION invariant_tsc=true freq_mhz=2596.12 mark_overhead_cycles=52
=== R6. PR-1 HYDRA BIT-EXACT MULTI-CORE SPAN CONFORMANCE ===
BLOB_BACKING mode=mmap anon_huge_kb=16384 map_mb=16.5 verdict=thp-granted
HYDRA_BITPARITY sequential=(count=505849 hash=0x881639cead506f25 msg_hash=0xcbf29ce484222325) hydra=(count=505849 hash=0x881639cead506f25 msg_hash=0xcbf29ce484222325) -> BIT-EXACT
BENCH mode=replay-hydra-burst msgs=505849 rate=1208765448 allocs=0 freq=2596.12MHz workers=2 run=1
BENCH mode=replay-hydra-burst msgs=505849 rate=1550414231 allocs=0 freq=2596.12MHz workers=2 run=2
BENCH mode=replay-hydra-burst msgs=505849 rate=1603985794 allocs=0 freq=2596.12MHz workers=2 run=3
BENCH mode=replay-hydra-burst msgs=505849 rate=1681125560 allocs=0 freq=2596.12MHz workers=2 run=4
BENCH mode=replay-hydra-burst msgs=505849 rate=1701682679 allocs=0 freq=2596.12MHz workers=2 run=5
BENCH_MEDIAN mode=replay-hydra-burst rate=1603985794
R23B_AFFINE_VERDICT arm=burst armed=false tag_hits=0 payload_fallbacks=0 ledger_rows=0 (R23c: workers verify spans from register tags, zero payload reads; the (prefix,cum) triple checked per-span by the scalar affine law)
PR1_HYDRA_VERDICT rate=1603985794 (bit-exact multi-core span conformance: 2 workers, every emitted byte CRC32C-checked in-window, ordered serial fold)
PR1_GIGAHFT_BURST_VERDICT rate=1603985794 target=1000000000 -> PASS (R7 burst reference; the sustained arm below is the gate)
DIAG sustained: passes=17374 reset_ms=461.3 scan_ms=4535.0 end_ms=0.9 pending_max=9314 batches=382228 wait_ms=38.6 work_ms=4136.0 fold_ms=285.9 assist_chunks=387895 bytes_per_msg=27.65 crc_demand_gb_s=48.61
DIAG worker[0] sustained: cpu0(pinned) placement=[0, 2] batches=590954 spans=75625969 eval_ms=4949.8 idle_iters=58003 res_waits=0 fw=0 fw_ms=0.0
DIAG worker[1] sustained: cpu2(pinned) placement=[0, 2] batches=728403 spans=93194443 eval_ms=4934.6 idle_iters=60176 res_waits=1761 fw=0 fw_ms=0.0
DIAG rx sustained: publications=382288 polls=1511776 prod_ms=1508.0 bufwait_laps=139091 resets=17376 eos_parks=0 nbuf=16 rx_actual_cpu=3
ADVANCE_DIAGNOSTIC sustained: advances=17376 advance_ms=116.8 us_per_advance=6.7 (F-5 reset/auto-advance hygiene — the synchronous bake tail the per-publication prepatch budget drains; HFT_PREPATCH_BUDGET prices it)
RXWARM_DIAGNOSTIC sustained: enabled=false fixes=0 uncovered=0 last_pass_fixes=0 (F-1 frame-entry warm start; the steady-state law is fixes==0 on pass>=2 — the kill rule reads persistent fixes)
RXBUILD_DIAGNOSTIC sustained: enabled=true patches=382181652 last_pass_patches=21932 frames=21996 (F-2 publish-by-reference master; the steady-state law is every patchable entry patched exactly once per pass boundary)
DIAG cons sustained: parks=27 park_ms=2.5 slow_waits=27 slow_ms=2.9
BENCH mode=replay-hydra-sustained-5s total_msgs=8788620526 duration=5.00s sustained_rate=1757710577 msg/s allocs=0 workers=2 crc_kernel=reflect
PR1_HYDRA_SUSTAINED_VERDICT rate=1757710577 (duration=5.00s, total_msgs=8788620526, workers=2)
PR1_GIGAHFT_VERDICT rate=1757710577 target=1000000000 -> PASS (Project 1.0B: bit-exact, zero-alloc, every byte verified in-window, cross-pass double-buffered fabric)
PR1_R8_FULL_VERIFY_VERDICT rate=1757710577 target=1000000000 -> PASS (R8: 1B msg/s sustained full verification — bit-exact, zero-alloc, every byte CRC32C-verified in-window)
PR1_R16_FULL_VERIFY_VERDICT rate=1757710577 target=2000000000 -> FAIL (R16: 2B msg/s sustained full verification — the Double Helix program, docs/29)
R16B_RXDESC_VERDICT rx_fixes=0 assist_chunks=387895 (array-driven submission telemetry; fixes=0 means every RX prefill entry was already exact)
R23B_AFFINE_VERDICT arm=sustained armed=false tag_hits=0 payload_fallbacks=0 ledger_rows=0 (R23c: zero-re-read affine verification on the worker fabric)
PR1_R23_AFFINE_SUSTAINED_VERDICT rate=1757710577 target=2500000000 -> FAIL (R23: 2.5B+ sustained full verification from register tags — the affine-span algebra program, docs/36)
=== 11oa. R21: Octo-Stream Fold (ofold) ARMED Soak (attribution) ===
[1m[92m    Finished[0m `release` profile [optimized] target(s) in 0.01s
[1m[92m     Running[0m `target/release/bench --hydra-only`
BENCH_CALIBRATION invariant_tsc=true freq_mhz=2596.12 mark_overhead_cycles=52
=== R6. PR-1 HYDRA BIT-EXACT MULTI-CORE SPAN CONFORMANCE ===
BLOB_BACKING mode=mmap anon_huge_kb=14336 map_mb=16.5 verdict=thp-granted
HYDRA_BITPARITY sequential=(count=505849 hash=0x881639cead506f25 msg_hash=0xcbf29ce484222325) hydra=(count=505849 hash=0x881639cead506f25 msg_hash=0xcbf29ce484222325) -> BIT-EXACT
BENCH mode=replay-hydra-burst msgs=505849 rate=1586952361 allocs=0 freq=2596.12MHz workers=2 run=1
BENCH mode=replay-hydra-burst msgs=505849 rate=1576550997 allocs=0 freq=2596.12MHz workers=2 run=2
BENCH mode=replay-hydra-burst msgs=505849 rate=1638430394 allocs=0 freq=2596.12MHz workers=2 run=3
BENCH mode=replay-hydra-burst msgs=505849 rate=1616249756 allocs=0 freq=2596.12MHz workers=2 run=4
BENCH mode=replay-hydra-burst msgs=505849 rate=1705998408 allocs=0 freq=2596.12MHz workers=2 run=5
BENCH_MEDIAN mode=replay-hydra-burst rate=1616249756
R23B_AFFINE_VERDICT arm=burst armed=false tag_hits=0 payload_fallbacks=0 ledger_rows=0 (R23c: workers verify spans from register tags, zero payload reads; the (prefix,cum) triple checked per-span by the scalar affine law)
PR1_HYDRA_VERDICT rate=1616249756 (bit-exact multi-core span conformance: 2 workers, every emitted byte CRC32C-checked in-window, ordered serial fold)
PR1_GIGAHFT_BURST_VERDICT rate=1616249756 target=1000000000 -> PASS (R7 burst reference; the sustained arm below is the gate)
DIAG sustained: passes=17602 reset_ms=473.5 scan_ms=4522.9 end_ms=0.9 pending_max=9197 batches=387244 wait_ms=39.8 work_ms=4120.4 fold_ms=288.2 assist_chunks=388128 bytes_per_msg=27.65 crc_demand_gb_s=49.24
DIAG worker[0] sustained: cpu0(pinned) placement=[0, 2] batches=598801 spans=76620733 eval_ms=4962.8 idle_iters=29201 res_waits=0 fw=0 fw_ms=0.0
DIAG worker[1] sustained: cpu2(pinned) placement=[0, 2] batches=740305 spans=94734266 eval_ms=4951.1 idle_iters=29929 res_waits=989 fw=0 fw_ms=0.0
DIAG rx sustained: publications=387304 polls=1531612 prod_ms=1523.1 bufwait_laps=140699 resets=17604 eos_parks=0 nbuf=16 rx_actual_cpu=3
ADVANCE_DIAGNOSTIC sustained: advances=17604 advance_ms=109.2 us_per_advance=6.2 (F-5 reset/auto-advance hygiene — the synchronous bake tail the per-publication prepatch budget drains; HFT_PREPATCH_BUDGET prices it)
RXWARM_DIAGNOSTIC sustained: enabled=false fixes=0 uncovered=0 last_pass_fixes=0 (F-1 frame-entry warm start; the steady-state law is fixes==0 on pass>=2 — the kill rule reads persistent fixes)
RXBUILD_DIAGNOSTIC sustained: enabled=true patches=387196740 last_pass_patches=21996 frames=21996 (F-2 publish-by-reference master; the steady-state law is every patchable entry patched exactly once per pass boundary)
DIAG cons sustained: parks=32 park_ms=4.0 slow_waits=32 slow_ms=4.4
BENCH mode=replay-hydra-sustained-5s total_msgs=8903954098 duration=5.00s sustained_rate=1780761517 msg/s allocs=0 workers=2 crc_kernel=reflect
PR1_HYDRA_SUSTAINED_VERDICT rate=1780761517 (duration=5.00s, total_msgs=8903954098, workers=2)
PR1_GIGAHFT_VERDICT rate=1780761517 target=1000000000 -> PASS (Project 1.0B: bit-exact, zero-alloc, every byte verified in-window, cross-pass double-buffered fabric)
PR1_R8_FULL_VERIFY_VERDICT rate=1780761517 target=1000000000 -> PASS (R8: 1B msg/s sustained full verification — bit-exact, zero-alloc, every byte CRC32C-verified in-window)
PR1_R16_FULL_VERIFY_VERDICT rate=1780761517 target=2000000000 -> FAIL (R16: 2B msg/s sustained full verification — the Double Helix program, docs/29)
R16B_RXDESC_VERDICT rx_fixes=0 assist_chunks=388128 (array-driven submission telemetry; fixes=0 means every RX prefill entry was already exact)
R23B_AFFINE_VERDICT arm=sustained armed=false tag_hits=0 payload_fallbacks=0 ledger_rows=0 (R23c: zero-re-read affine verification on the worker fabric)
PR1_R23_AFFINE_SUSTAINED_VERDICT rate=1780761517 target=2500000000 -> FAIL (R23: 2.5B+ sustained full verification from register tags — the affine-span algebra program, docs/36)
=== 11fb. R21: Fused In-Register Verification ARMED (the Task 2 shape) ===
[1m[92m    Finished[0m `release` profile [optimized] target(s) in 0.01s
[1m[92m     Running[0m `target/release/bench --hydra-only`
BENCH_CALIBRATION invariant_tsc=true freq_mhz=2596.12 mark_overhead_cycles=52
=== R6. PR-1 HYDRA BIT-EXACT MULTI-CORE SPAN CONFORMANCE ===
BLOB_BACKING mode=mmap anon_huge_kb=16384 map_mb=16.5 verdict=thp-granted
HYDRA_FUSED_DIAGNOSTIC force_inline=true kernel=reflect assist_slots=64 (R21 Task 2: submit-side fused verification — every span CRC evaluates on the submitting core at the framing point; the workers never re-read the payload, the 2nd memory pass is eliminated)
HYDRA_BITPARITY sequential=(count=505849 hash=0x881639cead506f25 msg_hash=0xcbf29ce484222325) hydra=(count=505849 hash=0x881639cead506f25 msg_hash=0xcbf29ce484222325) -> BIT-EXACT
BENCH mode=replay-hydra-burst msgs=505849 rate=595173887 allocs=0 freq=2596.12MHz workers=2 run=1
BENCH mode=replay-hydra-burst msgs=505849 rate=597752206 allocs=0 freq=2596.12MHz workers=2 run=2
BENCH mode=replay-hydra-burst msgs=505849 rate=658756193 allocs=0 freq=2596.12MHz workers=2 run=3
BENCH mode=replay-hydra-burst msgs=505849 rate=695042292 allocs=0 freq=2596.12MHz workers=2 run=4
BENCH mode=replay-hydra-burst msgs=505849 rate=702721287 allocs=0 freq=2596.12MHz workers=2 run=5
BENCH_MEDIAN mode=replay-hydra-burst rate=658756193
R23B_AFFINE_VERDICT arm=burst armed=false tag_hits=0 payload_fallbacks=0 ledger_rows=0 (R23c: workers verify spans from register tags, zero payload reads; the (prefix,cum) triple checked per-span by the scalar affine law)
PR1_HYDRA_VERDICT rate=658756193 (bit-exact multi-core span conformance: 2 workers, every emitted byte CRC32C-checked in-window, ordered serial fold)
PR1_GIGAHFT_BURST_VERDICT rate=658756193 target=1000000000 -> FAIL (R7 burst reference; the sustained arm below is the gate)
DIAG sustained: passes=6966 reset_ms=138.9 scan_ms=4859.8 end_ms=0.4 pending_max=48 batches=153252 wait_ms=15.3 work_ms=4720.7 fold_ms=97.6 assist_chunks=1201635 bytes_per_msg=27.65 crc_demand_gb_s=19.49
DIAG worker[0] sustained: cpu0(pinned) placement=[0, 2] batches=0 spans=0 eval_ms=0.0 idle_iters=8067687 res_waits=0 fw=0 fw_ms=0.0
DIAG worker[1] sustained: cpu2(pinned) placement=[0, 2] batches=0 spans=0 eval_ms=0.0 idle_iters=9045582 res_waits=0 fw=0 fw_ms=0.0
DIAG rx sustained: publications=153312 polls=606280 prod_ms=516.3 bufwait_laps=177395 resets=6968 eos_parks=0 nbuf=16 rx_actual_cpu=3
ADVANCE_DIAGNOSTIC sustained: advances=6968 advance_ms=19.9 us_per_advance=2.9 (F-5 reset/auto-advance hygiene — the synchronous bake tail the per-publication prepatch budget drains; HFT_PREPATCH_BUDGET prices it)
RXWARM_DIAGNOSTIC sustained: enabled=false fixes=0 uncovered=0 last_pass_fixes=0 (F-1 frame-entry warm start; the steady-state law is fixes==0 on pass>=2 — the kill rule reads persistent fixes)
RXBUILD_DIAGNOSTIC sustained: enabled=true patches=153246964 last_pass_patches=21996 frames=21996 (F-2 publish-by-reference master; the steady-state law is every patchable entry patched exactly once per pass boundary)
DIAG cons sustained: parks=3 park_ms=2.7 slow_waits=3 slow_ms=2.7
BENCH mode=replay-hydra-sustained-5s total_msgs=3523744134 duration=5.00s sustained_rate=704667324 msg/s allocs=0 workers=2 crc_kernel=reflect
PR1_HYDRA_SUSTAINED_VERDICT rate=704667324 (duration=5.00s, total_msgs=3523744134, workers=2)
PR1_GIGAHFT_VERDICT rate=704667324 target=1000000000 -> FAIL (Project 1.0B: bit-exact, zero-alloc, every byte verified in-window, cross-pass double-buffered fabric)
PR1_R8_FULL_VERIFY_VERDICT rate=704667324 target=1000000000 -> FAIL (R8: 1B msg/s sustained full verification — bit-exact, zero-alloc, every byte CRC32C-verified in-window)
PR1_R16_FULL_VERIFY_VERDICT rate=704667324 target=2000000000 -> FAIL (R16: 2B msg/s sustained full verification — the Double Helix program, docs/29)
R16B_RXDESC_VERDICT rx_fixes=0 assist_chunks=1201635 (array-driven submission telemetry; fixes=0 means every RX prefill entry was already exact)
R23B_AFFINE_VERDICT arm=sustained armed=false tag_hits=0 payload_fallbacks=0 ledger_rows=0 (R23c: zero-re-read affine verification on the worker fabric)
PR1_R23_AFFINE_SUSTAINED_VERDICT rate=704667324 target=2500000000 -> FAIL (R23: 2.5B+ sustained full verification from register tags — the affine-span algebra program, docs/36)
=== 11w. R16b/R17: Array-Driven Submission (rxdesc) ARMED (attribution) ===
[1m[92m    Finished[0m `release` profile [optimized] target(s) in 0.01s
[1m[92m     Running[0m `target/release/bench --hydra-only`
BENCH_CALIBRATION invariant_tsc=true freq_mhz=2596.12 mark_overhead_cycles=52
=== R6. PR-1 HYDRA BIT-EXACT MULTI-CORE SPAN CONFORMANCE ===
BLOB_BACKING mode=mmap anon_huge_kb=14336 map_mb=16.5 verdict=thp-granted
HYDRA_BITPARITY sequential=(count=505849 hash=0x881639cead506f25 msg_hash=0xcbf29ce484222325) hydra=(count=505849 hash=0x881639cead506f25 msg_hash=0xcbf29ce484222325) -> BIT-EXACT
BENCH mode=replay-hydra-burst msgs=505849 rate=1071296359 allocs=0 freq=2596.12MHz workers=2 run=1
BENCH mode=replay-hydra-burst msgs=505849 rate=1212566998 allocs=0 freq=2596.12MHz workers=2 run=2
BENCH mode=replay-hydra-burst msgs=505849 rate=1207060788 allocs=0 freq=2596.12MHz workers=2 run=3
BENCH mode=replay-hydra-burst msgs=505849 rate=1258393452 allocs=0 freq=2596.12MHz workers=2 run=4
BENCH mode=replay-hydra-burst msgs=505849 rate=1230557589 allocs=0 freq=2596.12MHz workers=2 run=5
BENCH_MEDIAN mode=replay-hydra-burst rate=1212566998
R23B_AFFINE_VERDICT arm=burst armed=false tag_hits=0 payload_fallbacks=0 ledger_rows=0 (R23c: workers verify spans from register tags, zero payload reads; the (prefix,cum) triple checked per-span by the scalar affine law)
PR1_HYDRA_VERDICT rate=1212566998 (bit-exact multi-core span conformance: 2 workers, every emitted byte CRC32C-checked in-window, ordered serial fold)
PR1_GIGAHFT_BURST_VERDICT rate=1212566998 target=1000000000 -> PASS (R7 burst reference; the sustained arm below is the gate)
DIAG sustained: passes=12496 reset_ms=340.4 scan_ms=4656.8 end_ms=0.6 pending_max=2128 batches=274912 wait_ms=28.3 work_ms=4364.1 fold_ms=203.1 assist_chunks=415697 bytes_per_msg=27.65 crc_demand_gb_s=34.96
DIAG worker[0] sustained: cpu0(pinned) placement=[0, 2] batches=451105 spans=57737280 eval_ms=4919.6 idle_iters=60152 res_waits=0 fw=15061 fw_ms=34.2
DIAG worker[1] sustained: cpu2(pinned) placement=[0, 2] batches=414890 spans=53099056 eval_ms=3411.4 idle_iters=157637 res_waits=0 fw=354132 fw_ms=1446.1
DIAG rx sustained: publications=274972 polls=1087390 prod_ms=1019.2 bufwait_laps=138733 resets=12498 eos_parks=0 nbuf=16 rx_actual_cpu=3
ADVANCE_DIAGNOSTIC sustained: advances=12498 advance_ms=66.9 us_per_advance=5.4 (F-5 reset/auto-advance hygiene — the synchronous bake tail the per-publication prepatch budget drains; HFT_PREPATCH_BUDGET prices it)
RXWARM_DIAGNOSTIC sustained: enabled=false fixes=0 uncovered=0 last_pass_fixes=0 (F-1 frame-entry warm start; the steady-state law is fixes==0 on pass>=2 — the kill rule reads persistent fixes)
RXBUILD_DIAGNOSTIC sustained: enabled=true patches=274885036 last_pass_patches=22380 frames=21996 (F-2 publish-by-reference master; the steady-state law is every patchable entry patched exactly once per pass boundary)
DIAG cons sustained: parks=12 park_ms=5.6 slow_waits=12 slow_ms=5.8
BENCH mode=replay-hydra-sustained-5s total_msgs=6321089104 duration=5.00s sustained_rate=1264196957 msg/s allocs=0 workers=2 crc_kernel=reflect
PR1_HYDRA_SUSTAINED_VERDICT rate=1264196957 (duration=5.00s, total_msgs=6321089104, workers=2)
PR1_GIGAHFT_VERDICT rate=1264196957 target=1000000000 -> PASS (Project 1.0B: bit-exact, zero-alloc, every byte verified in-window, cross-pass double-buffered fabric)
PR1_R8_FULL_VERIFY_VERDICT rate=1264196957 target=1000000000 -> PASS (R8: 1B msg/s sustained full verification — bit-exact, zero-alloc, every byte CRC32C-verified in-window)
PR1_R16_FULL_VERIFY_VERDICT rate=1264196957 target=2000000000 -> FAIL (R16: 2B msg/s sustained full verification — the Double Helix program, docs/29)
R16B_RXDESC_VERDICT rx_fixes=2048 assist_chunks=415697 (array-driven submission telemetry; fixes=0 means every RX prefill entry was already exact)
R23B_AFFINE_VERDICT arm=sustained armed=false tag_hits=0 payload_fallbacks=0 ledger_rows=0 (R23c: zero-re-read affine verification on the worker fabric)
PR1_R23_AFFINE_SUSTAINED_VERDICT rate=1264196957 target=2500000000 -> FAIL (R23: 2.5B+ sustained full verification from register tags — the affine-span algebra program, docs/36)
=== 11ab. R23c: Affine-Tag Zero-Re-Read Verification ARMED (the affine ship) ===
[1m[92m    Finished[0m `release` profile [optimized] target(s) in 0.00s
[1m[92m     Running[0m `target/release/bench --hydra-only`
BENCH_CALIBRATION invariant_tsc=true freq_mhz=2596.12 mark_overhead_cycles=52
=== R6. PR-1 HYDRA BIT-EXACT MULTI-CORE SPAN CONFORMANCE ===
BLOB_BACKING mode=mmap anon_huge_kb=14336 map_mb=16.5 verdict=thp-granted
HYDRA_BITPARITY sequential=(count=505849 hash=0x881639cead506f25 msg_hash=0xcbf29ce484222325) hydra=(count=505849 hash=0x881639cead506f25 msg_hash=0xcbf29ce484222325) -> BIT-EXACT
BENCH mode=replay-hydra-burst msgs=505849 rate=1174802941 allocs=0 freq=2596.12MHz workers=2 run=1
BENCH mode=replay-hydra-burst msgs=505849 rate=1169795918 allocs=0 freq=2596.12MHz workers=2 run=2
BENCH mode=replay-hydra-burst msgs=505849 rate=1199066534 allocs=0 freq=2596.12MHz workers=2 run=3
BENCH mode=replay-hydra-burst msgs=505849 rate=1152133906 allocs=0 freq=2596.12MHz workers=2 run=4
BENCH mode=replay-hydra-burst msgs=505849 rate=1145390239 allocs=0 freq=2596.12MHz workers=2 run=5
BENCH_MEDIAN mode=replay-hydra-burst rate=1169795918
R23B_AFFINE_VERDICT arm=burst armed=true tag_hits=65952 payload_fallbacks=0 ledger_rows=21984 (R23c: workers verify spans from register tags, zero payload reads; the (prefix,cum) triple checked per-span by the scalar affine law)
PR1_HYDRA_VERDICT rate=1169795918 (bit-exact multi-core span conformance: 2 workers, every emitted byte CRC32C-checked in-window, ordered serial fold)
PR1_GIGAHFT_BURST_VERDICT rate=1169795918 target=1000000000 -> PASS (R7 burst reference; the sustained arm below is the gate)
DIAG sustained: passes=19530 reset_ms=557.8 scan_ms=4438.7 end_ms=0.9 pending_max=992 batches=429660 wait_ms=36.1 work_ms=4035.3 fold_ms=304.6 assist_chunks=55 bytes_per_msg=27.65 crc_demand_gb_s=54.64
DIAG worker[0] sustained: cpu0(pinned) placement=[0, 2] batches=839389 spans=107340736 eval_ms=1680.8 idle_iters=4013384 res_waits=0 fw=2379492 fw_ms=2176.4
DIAG worker[1] sustained: cpu2(pinned) placement=[0, 2] batches=839473 spans=107340496 eval_ms=1461.5 idle_iters=3930170 res_waits=0 fw=2484238 fw_ms=2344.3
DIAG rx sustained: publications=429720 polls=1699348 prod_ms=1467.5 bufwait_laps=145021 resets=19532 eos_parks=0 nbuf=16 rx_actual_cpu=3
ADVANCE_DIAGNOSTIC sustained: advances=19532 advance_ms=65.3 us_per_advance=3.3 (F-5 reset/auto-advance hygiene — the synchronous bake tail the per-publication prepatch budget drains; HFT_PREPATCH_BUDGET prices it)
RXWARM_DIAGNOSTIC sustained: enabled=false fixes=0 uncovered=0 last_pass_fixes=0 (F-1 frame-entry warm start; the steady-state law is fixes==0 on pass>=2 — the kill rule reads persistent fixes)
RXBUILD_DIAGNOSTIC sustained: enabled=true patches=429604836 last_pass_patches=21868 frames=21996 (F-2 publish-by-reference master; the steady-state law is every patchable entry patched exactly once per pass boundary)
DIAG cons sustained: parks=34 park_ms=2.6 slow_waits=34 slow_ms=3.1
BENCH mode=replay-hydra-sustained-5s total_msgs=9879230970 duration=5.00s sustained_rate=1975791140 msg/s allocs=0 workers=2 crc_kernel=reflect
PR1_HYDRA_SUSTAINED_VERDICT rate=1975791140 (duration=5.00s, total_msgs=9879230970, workers=2)
PR1_GIGAHFT_VERDICT rate=1975791140 target=1000000000 -> PASS (Project 1.0B: bit-exact, zero-alloc, every byte verified in-window, cross-pass double-buffered fabric)
PR1_R8_FULL_VERIFY_VERDICT rate=1975791140 target=1000000000 -> PASS (R8: 1B msg/s sustained full verification — bit-exact, zero-alloc, every byte CRC32C-verified in-window)
PR1_R16_FULL_VERIFY_VERDICT rate=1975791140 target=2000000000 -> FAIL (R16: 2B msg/s sustained full verification — the Double Helix program, docs/29)
R16B_RXDESC_VERDICT rx_fixes=0 assist_chunks=55 (array-driven submission telemetry; fixes=0 means every RX prefill entry was already exact)
R23B_AFFINE_VERDICT arm=sustained armed=true tag_hits=214681232 payload_fallbacks=0 ledger_rows=21984 (R23c: zero-re-read affine verification on the worker fabric)
PR1_R23_AFFINE_SUSTAINED_VERDICT rate=1975791140 target=2500000000 -> FAIL (R23: 2.5B+ sustained full verification from register tags — the affine-span algebra program, docs/36)
R23B_AFFINE_VERDICT arm=sustained armed=true tag_hits=214681232 payload_fallbacks=0 ledger_rows=21984 (R23c: zero-re-read affine verification on the worker fabric)
PR1_R23_AFFINE_SUSTAINED_VERDICT rate=1975791140 target=2500000000 -> FAIL (R23: 2.5B+ sustained full verification from register tags — the affine-span algebra program, docs/36)
=== 11z. R17: Null-Mode Instrument (the non-CRC fabric ceiling) ===
[1m[92m    Finished[0m `release` profile [optimized] target(s) in 0.00s
[1m[92m     Running[0m `target/release/bench --hydra-only`
BENCH_CALIBRATION invariant_tsc=true freq_mhz=2596.12 mark_overhead_cycles=52
=== R6. PR-1 HYDRA BIT-EXACT MULTI-CORE SPAN CONFORMANCE ===
BLOB_BACKING mode=mmap anon_huge_kb=16384 map_mb=16.5 verdict=thp-granted
HYDRA_NULL_MODE_DIAGNOSTIC workers skip the CRC kernel — parity asserts DISABLED, rate is the pipeline-overhead ceiling only
BENCH mode=replay-hydra-burst msgs=505849 rate=3556256239 allocs=0 freq=2596.12MHz workers=2 run=1
BENCH mode=replay-hydra-burst msgs=505849 rate=3684958550 allocs=0 freq=2596.12MHz workers=2 run=2
BENCH mode=replay-hydra-burst msgs=505849 rate=3664351013 allocs=0 freq=2596.12MHz workers=2 run=3
BENCH mode=replay-hydra-burst msgs=505849 rate=3690039026 allocs=0 freq=2596.12MHz workers=2 run=4
BENCH mode=replay-hydra-burst msgs=505849 rate=3723255950 allocs=0 freq=2596.12MHz workers=2 run=5
BENCH_MEDIAN mode=replay-hydra-burst rate=3684958550
R23B_AFFINE_VERDICT arm=burst armed=false tag_hits=0 payload_fallbacks=0 ledger_rows=0 (R23c: workers verify spans from register tags, zero payload reads; the (prefix,cum) triple checked per-span by the scalar affine law)
PR1_HYDRA_VERDICT rate=3684958550 (bit-exact multi-core span conformance: 2 workers, every emitted byte CRC32C-checked in-window, ordered serial fold)
PR1_GIGAHFT_BURST_VERDICT rate=3684958550 target=1000000000 -> PASS (R7 burst reference; the sustained arm below is the gate)
DIAG sustained: passes=29546 reset_ms=819.3 scan_ms=4175.8 end_ms=1.4 pending_max=4128 batches=650012 wait_ms=62.9 work_ms=3547.1 fold_ms=454.3 assist_chunks=21 bytes_per_msg=27.65 crc_demand_gb_s=82.66
DIAG worker[0] sustained: cpu0(pinned) placement=[0, 2] batches=2548114 spans=164937659 eval_ms=538.1 idle_iters=15880794 res_waits=0 fw=0 fw_ms=0.0
DIAG worker[1] sustained: cpu2(pinned) placement=[0, 2] batches=2547036 spans=164938489 eval_ms=614.5 idle_iters=15655186 res_waits=0 fw=0 fw_ms=0.0
DIAG rx sustained: publications=650072 polls=2570740 prod_ms=2181.3 bufwait_laps=205967 resets=29548 eos_parks=0 nbuf=16 rx_actual_cpu=3
ADVANCE_DIAGNOSTIC sustained: advances=29548 advance_ms=288.0 us_per_advance=9.7 (F-5 reset/auto-advance hygiene — the synchronous bake tail the per-publication prepatch budget drains; HFT_PREPATCH_BUDGET prices it)
RXWARM_DIAGNOSTIC sustained: enabled=false fixes=0 uncovered=0 last_pass_fixes=0 (F-1 frame-entry warm start; the steady-state law is fixes==0 on pass>=2 — the kill rule reads persistent fixes)
RXBUILD_DIAGNOSTIC sustained: enabled=true patches=649917028 last_pass_patches=21996 frames=21996 (F-2 publish-by-reference master; the steady-state law is every patchable entry patched exactly once per pass boundary)
DIAG cons sustained: parks=63 park_ms=2.9 slow_waits=64 slow_ms=3.9
BENCH mode=replay-hydra-sustained-5s total_msgs=14945814554 duration=5.00s sustained_rate=2989176452 msg/s allocs=0 workers=2 crc_kernel=reflect
PR1_HYDRA_SUSTAINED_VERDICT rate=2989176452 (duration=5.00s, total_msgs=14945814554, workers=2)
PR1_GIGAHFT_VERDICT rate=2989176452 target=1000000000 -> PASS (Project 1.0B: bit-exact, zero-alloc, every byte verified in-window, cross-pass double-buffered fabric)
PR1_R8_FULL_VERIFY_VERDICT rate=2989176452 target=1000000000 -> PASS (R8: 1B msg/s sustained full verification — bit-exact, zero-alloc, every byte CRC32C-verified in-window)
PR1_R16_FULL_VERIFY_VERDICT rate=2989176452 target=2000000000 -> PASS (R16: 2B msg/s sustained full verification — the Double Helix program, docs/29)
R16B_RXDESC_VERDICT rx_fixes=0 assist_chunks=21 (array-driven submission telemetry; fixes=0 means every RX prefill entry was already exact)
R23B_AFFINE_VERDICT arm=sustained armed=false tag_hits=0 payload_fallbacks=0 ledger_rows=0 (R23c: zero-re-read affine verification on the worker fabric)
PR1_R23_AFFINE_SUSTAINED_VERDICT rate=2989176452 target=2500000000 -> PASS (R23: 2.5B+ sustained full verification from register tags — the affine-span algebra program, docs/36)
=== 11wn. R17/F-1: RX Frame-Entry Warm Start ARMED (the refuted lever's pricing instrument) ===
[1m[92m    Finished[0m `release` profile [optimized] target(s) in 0.01s
[1m[92m     Running[0m `target/release/bench --hydra-only`
BENCH_CALIBRATION invariant_tsc=true freq_mhz=2596.12 mark_overhead_cycles=52
=== R6. PR-1 HYDRA BIT-EXACT MULTI-CORE SPAN CONFORMANCE ===
BLOB_BACKING mode=mmap anon_huge_kb=16384 map_mb=16.5 verdict=thp-granted
HYDRA_BITPARITY sequential=(count=505849 hash=0x881639cead506f25 msg_hash=0xcbf29ce484222325) hydra=(count=505849 hash=0x881639cead506f25 msg_hash=0xcbf29ce484222325) -> BIT-EXACT
BENCH mode=replay-hydra-burst msgs=505849 rate=1041047202 allocs=0 freq=2596.12MHz workers=2 run=1
BENCH mode=replay-hydra-burst msgs=505849 rate=1359169745 allocs=0 freq=2596.12MHz workers=2 run=2
BENCH mode=replay-hydra-burst msgs=505849 rate=1349870176 allocs=0 freq=2596.12MHz workers=2 run=3
BENCH mode=replay-hydra-burst msgs=505849 rate=1403156101 allocs=0 freq=2596.12MHz workers=2 run=4
BENCH mode=replay-hydra-burst msgs=505849 rate=1391292748 allocs=0 freq=2596.12MHz workers=2 run=5
BENCH_MEDIAN mode=replay-hydra-burst rate=1359169745
R23B_AFFINE_VERDICT arm=burst armed=false tag_hits=0 payload_fallbacks=0 ledger_rows=0 (R23c: workers verify spans from register tags, zero payload reads; the (prefix,cum) triple checked per-span by the scalar affine law)
PR1_HYDRA_VERDICT rate=1359169745 (bit-exact multi-core span conformance: 2 workers, every emitted byte CRC32C-checked in-window, ordered serial fold)
PR1_GIGAHFT_BURST_VERDICT rate=1359169745 target=1000000000 -> PASS (R7 burst reference; the sustained arm below is the gate)
DIAG sustained: passes=16129 reset_ms=620.5 scan_ms=4376.3 end_ms=0.9 pending_max=6662 batches=354838 wait_ms=344.6 work_ms=3696.3 fold_ms=264.0 assist_chunks=337927 bytes_per_msg=27.65 crc_demand_gb_s=45.12
DIAG worker[0] sustained: cpu0(pinned) placement=[0, 2] batches=618184 spans=79084686 eval_ms=4937.2 idle_iters=76850 res_waits=0 fw=0 fw_ms=0.0
DIAG worker[1] sustained: cpu2(pinned) placement=[0, 2] batches=618147 spans=79084742 eval_ms=4932.3 idle_iters=70573 res_waits=0 fw=0 fw_ms=0.0
DIAG rx sustained: publications=354898 polls=1403461 prod_ms=3286.0 bufwait_laps=112929 resets=16131 eos_parks=0 nbuf=16 rx_actual_cpu=3
ADVANCE_DIAGNOSTIC sustained: advances=16131 advance_ms=248.7 us_per_advance=15.4 (F-5 reset/auto-advance hygiene — the synchronous bake tail the per-publication prepatch budget drains; HFT_PREPATCH_BUDGET prices it)
RXWARM_DIAGNOSTIC sustained: enabled=true fixes=21996 uncovered=0 last_pass_fixes=0 (F-1 frame-entry warm start; the steady-state law is fixes==0 on pass>=2 — the kill rule reads persistent fixes)
RXBUILD_DIAGNOSTIC sustained: enabled=false patches=0 last_pass_patches=0 frames=0 (F-2 publish-by-reference master; the steady-state law is every patchable entry patched exactly once per pass boundary)
DIAG cons sustained: parks=152 park_ms=12.7 slow_waits=152 slow_ms=15.1
BENCH mode=replay-hydra-sustained-5s total_msgs=8158838521 duration=5.00s sustained_rate=1631665984 msg/s allocs=0 workers=2 crc_kernel=reflect
PR1_HYDRA_SUSTAINED_VERDICT rate=1631665984 (duration=5.00s, total_msgs=8158838521, workers=2)
PR1_GIGAHFT_VERDICT rate=1631665984 target=1000000000 -> PASS (Project 1.0B: bit-exact, zero-alloc, every byte verified in-window, cross-pass double-buffered fabric)
PR1_R8_FULL_VERIFY_VERDICT rate=1631665984 target=1000000000 -> PASS (R8: 1B msg/s sustained full verification — bit-exact, zero-alloc, every byte CRC32C-verified in-window)
PR1_R16_FULL_VERIFY_VERDICT rate=1631665984 target=2000000000 -> FAIL (R16: 2B msg/s sustained full verification — the Double Helix program, docs/29)
R16B_RXDESC_VERDICT rx_fixes=0 assist_chunks=337927 (array-driven submission telemetry; fixes=0 means every RX prefill entry was already exact)
R23B_AFFINE_VERDICT arm=sustained armed=false tag_hits=0 payload_fallbacks=0 ledger_rows=0 (R23c: zero-re-read affine verification on the worker fabric)
PR1_R23_AFFINE_SUSTAINED_VERDICT rate=1631665984 target=2500000000 -> FAIL (R23: 2.5B+ sustained full verification from register tags — the affine-span algebra program, docs/36)
[1m[92m    Finished[0m `release` profile [optimized] target(s) in 0.01s
[1m[92m     Running[0m `target/release/hft_bench --sample data/tests/sample-mini.itch --runs 5 --warmup 2 --output-format json`
HFT_BENCH_CALIBRATION invariant_tsc=true freq_mhz=2596.12 mark_overhead_cycles=52 target_env=gnu
TOPOLOGY_VERIFICATION main=Some(0) rx=Some(2) -> VERIFIED (distinct physical cores, same L3 domain — the deterministic 0.21 cyc/msg mode)
BLOB_BACKING mode=mmap anon_huge_kb=16384 map_mb=16.5 verdict=thp-granted
HFT_BENCH_WARMUP 1/2 arm=classic rate=1072661652
HFT_BENCH_WARMUP 2/2 arm=classic rate=878837156
HFT_BENCH_RUN 1/5 arm=classic rate=1158899038 cyc=2.24
HFT_BENCH_RUN 2/5 arm=classic rate=1116230780 cyc=2.33
HFT_BENCH_RUN 3/5 arm=classic rate=1136499256 cyc=2.28
HFT_BENCH_RUN 4/5 arm=classic rate=1117342757 cyc=2.32
HFT_BENCH_RUN 5/5 arm=classic rate=1136218452 cyc=2.28
HFT_BENCH_WARMUP 1/2 arm=span rate=1832109148
HFT_BENCH_WARMUP 2/2 arm=span rate=3127312181
HFT_BENCH_RUN 1/5 arm=span rate=3577913581 cyc=0.73
HFT_BENCH_RUN 2/5 arm=span rate=3496934084 cyc=0.74
HFT_BENCH_RUN 3/5 arm=span rate=3168923998 cyc=0.82
HFT_BENCH_RUN 4/5 arm=span rate=3451527722 cyc=0.75
HFT_BENCH_RUN 5/5 arm=span rate=3421805981 cyc=0.76
DIAG rx span: publications=170 polls=673 prod_ms=1.3 bufwait_laps=33 resets=7 eos_parks=7 nbuf=16 rx_actual_cpu=2
ADVANCE_DIAGNOSTIC span: advances=0 advance_ms=0.0 us_per_advance=0.0 (F-5 reset/auto-advance hygiene — the synchronous bake tail the per-publication prepatch budget drains; HFT_PREPATCH_BUDGET prices it)
RXWARM_DIAGNOSTIC span: enabled=true fixes=21996 uncovered=0 last_pass_fixes=0 (F-1 frame-entry warm start; the steady-state law is fixes==0 on pass>=2 — the kill rule reads persistent fixes)
RXBUILD_DIAGNOSTIC span: enabled=false patches=0 last_pass_patches=0 frames=0 (F-2 publish-by-reference master; the steady-state law is every patchable entry patched exactly once per pass boundary)
DIAG cons span: parks=1 park_ms=0.1 slow_waits=1 slow_ms=0.1
LADDER_DIAGNOSTIC span: vectorized=false (F-3 entry walk; HFT_VEC_LADDER=1 arms the 8-entry group path — the Front A consumer IS the post-F-2 wall)
HFT_BENCH_WARMUP 1/2 arm=spec rate=487222953
HFT_BENCH_WARMUP 2/2 arm=spec rate=491451916
HFT_BENCH_RUN 1/5 arm=spec rate=491227133
HFT_BENCH_RUN 2/5 arm=spec rate=495501443
HFT_BENCH_RUN 3/5 arm=spec rate=494550982
HFT_BENCH_RUN 4/5 arm=spec rate=495886151
HFT_BENCH_RUN 5/5 arm=spec rate=492088723
PR1_R23_PURE_INGEST_VERDICT rate=494550982 target=15000000000 -> FAIL (R23: 15B msg/s pure ingest with the speculative 512-bit slicer — the 20B mode's pricing row; the R8/R16 span-arm gates above stay the asserting floor)
DIAG rx spec: publications=91 polls=609 prod_ms=0.7 bufwait_laps=0 resets=7 eos_parks=7 nbuf=16 rx_actual_cpu=2
ADVANCE_DIAGNOSTIC spec: advances=0 advance_ms=0.0 us_per_advance=0.0 (F-5 reset/auto-advance hygiene — the synchronous bake tail the per-publication prepatch budget drains; HFT_PREPATCH_BUDGET prices it)
RXWARM_DIAGNOSTIC spec: enabled=true fixes=10998 uncovered=0 last_pass_fixes=0 (F-1 frame-entry warm start; the steady-state law is fixes==0 on pass>=2 — the kill rule reads persistent fixes)
RXBUILD_DIAGNOSTIC spec: enabled=false patches=0 last_pass_patches=0 frames=0 (F-2 publish-by-reference master; the steady-state law is every patchable entry patched exactly once per pass boundary)
DIAG cons spec: parks=0 park_ms=0.0 slow_waits=0 slow_ms=0.0
PR1_R8_PURE_INGEST_VERDICT rate=3451527722 target=2000000000 -> PASS (R8: 2B msg/s pure ingest — full pipeline live, span emission, zero verification skipped)
PR1_R16_PURE_INGEST_VERDICT rate=3451527722 target=5000000000 -> FAIL (R16: 5B msg/s pure ingest — the Double Helix program, docs/29)
{
  "median_cycles": 2.2849,
  "p95_cycles": 2.3258,
  "p99_cycles": 2.3258,
  "stddev": 0.0314,
  "cv_percent": 1.3742,
  "runs": 5,
  "warmup": 2,
  "cpu_model": "AMD EPYC 9V45 96-Core Processor",
  "freq_mhz": 2596.12,
  "target": "x86_64-unknown-linux-gnu",
  "sink": "count+span",
  "sample": "data/tests/sample-mini.itch",
  "span_median_cycles": 0.7522,
  "span_p95_cycles": 0.8192,
  "span_p99_cycles": 0.8192,
  "span_stddev": 0.0318,
  "span_cv_percent": 4.2317,
  "span_rate_msg_per_sec": 3451527722,
  "r8_pure_ingest_target": 2000000000,
  "r8_pure_ingest_verdict": "PASS",
  "r16_pure_ingest_target": 5000000000,
  "r16_pure_ingest_verdict": "FAIL",
  "spec_rate_msg_per_sec": 494550982,
  "r23_pure_ingest_target": 15000000000,
  "r23_pure_ingest_verdict": "FAIL"
}
=== 11rb. R17/F-2: Publish-by-Reference ROLLBACK (the classic-path pricing arm — the default IS rxbuild since the F-2 verdict) ===
[1m[92m    Finished[0m `release` profile [optimized] target(s) in 0.00s
[1m[92m     Running[0m `target/release/bench --hydra-only`
BENCH_CALIBRATION invariant_tsc=true freq_mhz=2596.12 mark_overhead_cycles=52
=== R6. PR-1 HYDRA BIT-EXACT MULTI-CORE SPAN CONFORMANCE ===
BLOB_BACKING mode=mmap anon_huge_kb=16384 map_mb=16.5 verdict=thp-granted
HYDRA_BITPARITY sequential=(count=505849 hash=0x881639cead506f25 msg_hash=0xcbf29ce484222325) hydra=(count=505849 hash=0x881639cead506f25 msg_hash=0xcbf29ce484222325) -> BIT-EXACT
BENCH mode=replay-hydra-burst msgs=505849 rate=1289526480 allocs=0 freq=2596.12MHz workers=2 run=1
BENCH mode=replay-hydra-burst msgs=505849 rate=1526612022 allocs=0 freq=2596.12MHz workers=2 run=2
BENCH mode=replay-hydra-burst msgs=505849 rate=1539734575 allocs=0 freq=2596.12MHz workers=2 run=3
BENCH mode=replay-hydra-burst msgs=505849 rate=1587251133 allocs=0 freq=2596.12MHz workers=2 run=4
BENCH mode=replay-hydra-burst msgs=505849 rate=1612432184 allocs=0 freq=2596.12MHz workers=2 run=5
BENCH_MEDIAN mode=replay-hydra-burst rate=1539734575
R23B_AFFINE_VERDICT arm=burst armed=false tag_hits=0 payload_fallbacks=0 ledger_rows=0 (R23c: workers verify spans from register tags, zero payload reads; the (prefix,cum) triple checked per-span by the scalar affine law)
PR1_HYDRA_VERDICT rate=1539734575 (bit-exact multi-core span conformance: 2 workers, every emitted byte CRC32C-checked in-window, ordered serial fold)
PR1_GIGAHFT_BURST_VERDICT rate=1539734575 target=1000000000 -> PASS (R7 burst reference; the sustained arm below is the gate)
DIAG sustained: passes=16677 reset_ms=419.7 scan_ms=4576.8 end_ms=0.9 pending_max=7745 batches=366894 wait_ms=122.0 work_ms=4107.6 fold_ms=274.7 assist_chunks=409320 bytes_per_msg=27.65 crc_demand_gb_s=46.66
DIAG worker[0] sustained: cpu0(pinned) placement=[0, 2] batches=591637 spans=75713034 eval_ms=4962.4 idle_iters=34413 res_waits=0 fw=0 fw_ms=0.0
DIAG worker[1] sustained: cpu2(pinned) placement=[0, 2] batches=655854 spans=83935128 eval_ms=4952.6 idle_iters=32206 res_waits=0 fw=0 fw_ms=0.0
DIAG rx sustained: publications=366954 polls=1451137 prod_ms=3055.1 bufwait_laps=116765 resets=16679 eos_parks=0 nbuf=16 rx_actual_cpu=3
ADVANCE_DIAGNOSTIC sustained: advances=16679 advance_ms=48.9 us_per_advance=2.9 (F-5 reset/auto-advance hygiene — the synchronous bake tail the per-publication prepatch budget drains; HFT_PREPATCH_BUDGET prices it)
RXWARM_DIAGNOSTIC sustained: enabled=false fixes=0 uncovered=0 last_pass_fixes=0 (F-1 frame-entry warm start; the steady-state law is fixes==0 on pass>=2 — the kill rule reads persistent fixes)
RXBUILD_DIAGNOSTIC sustained: enabled=false patches=0 last_pass_patches=0 frames=0 (F-2 publish-by-reference master; the steady-state law is every patchable entry patched exactly once per pass boundary)
DIAG cons sustained: parks=81 park_ms=7.6 slow_waits=81 slow_ms=8.8
BENCH mode=replay-hydra-sustained-5s total_msgs=8436043773 duration=5.00s sustained_rate=1687189761 msg/s allocs=0 workers=2 crc_kernel=reflect
PR1_HYDRA_SUSTAINED_VERDICT rate=1687189761 (duration=5.00s, total_msgs=8436043773, workers=2)
PR1_GIGAHFT_VERDICT rate=1687189761 target=1000000000 -> PASS (Project 1.0B: bit-exact, zero-alloc, every byte verified in-window, cross-pass double-buffered fabric)
PR1_R8_FULL_VERIFY_VERDICT rate=1687189761 target=1000000000 -> PASS (R8: 1B msg/s sustained full verification — bit-exact, zero-alloc, every byte CRC32C-verified in-window)
PR1_R16_FULL_VERIFY_VERDICT rate=1687189761 target=2000000000 -> FAIL (R16: 2B msg/s sustained full verification — the Double Helix program, docs/29)
R16B_RXDESC_VERDICT rx_fixes=0 assist_chunks=409320 (array-driven submission telemetry; fixes=0 means every RX prefill entry was already exact)
R23B_AFFINE_VERDICT arm=sustained armed=false tag_hits=0 payload_fallbacks=0 ledger_rows=0 (R23c: zero-re-read affine verification on the worker fabric)
PR1_R23_AFFINE_SUSTAINED_VERDICT rate=1687189761 target=2500000000 -> FAIL (R23: 2.5B+ sustained full verification from register tags — the affine-span algebra program, docs/36)
[1m[92m    Finished[0m `release` profile [optimized] target(s) in 0.01s
[1m[92m     Running[0m `target/release/hft_bench --sample data/tests/sample-mini.itch --runs 5 --warmup 2 --output-format json`
HFT_BENCH_CALIBRATION invariant_tsc=true freq_mhz=2596.12 mark_overhead_cycles=52 target_env=gnu
TOPOLOGY_VERIFICATION main=Some(0) rx=Some(2) -> VERIFIED (distinct physical cores, same L3 domain — the deterministic 0.21 cyc/msg mode)
BLOB_BACKING mode=mmap anon_huge_kb=16384 map_mb=16.5 verdict=thp-granted
HFT_BENCH_WARMUP 1/2 arm=classic rate=790977351
HFT_BENCH_WARMUP 2/2 arm=classic rate=1054410041
HFT_BENCH_RUN 1/5 arm=classic rate=1122906131 cyc=2.31
HFT_BENCH_RUN 2/5 arm=classic rate=1166149888 cyc=2.23
HFT_BENCH_RUN 3/5 arm=classic rate=1143135748 cyc=2.27
HFT_BENCH_RUN 4/5 arm=classic rate=1172646010 cyc=2.21
HFT_BENCH_RUN 5/5 arm=classic rate=1207320071 cyc=2.15
HFT_BENCH_WARMUP 1/2 arm=span rate=2533196786
HFT_BENCH_WARMUP 2/2 arm=span rate=3441173069
HFT_BENCH_RUN 1/5 arm=span rate=4216849090 cyc=0.62
HFT_BENCH_RUN 2/5 arm=span rate=4303047058 cyc=0.60
HFT_BENCH_RUN 3/5 arm=span rate=3000432998 cyc=0.87
HFT_BENCH_RUN 4/5 arm=span rate=4077290130 cyc=0.64
HFT_BENCH_RUN 5/5 arm=span rate=3175907381 cyc=0.82
DIAG rx span: publications=170 polls=673 prod_ms=1.1 bufwait_laps=38 resets=7 eos_parks=7 nbuf=16 rx_actual_cpu=2
ADVANCE_DIAGNOSTIC span: advances=0 advance_ms=0.0 us_per_advance=0.0 (F-5 reset/auto-advance hygiene — the synchronous bake tail the per-publication prepatch budget drains; HFT_PREPATCH_BUDGET prices it)
RXWARM_DIAGNOSTIC span: enabled=false fixes=0 uncovered=0 last_pass_fixes=0 (F-1 frame-entry warm start; the steady-state law is fixes==0 on pass>=2 — the kill rule reads persistent fixes)
RXBUILD_DIAGNOSTIC span: enabled=false patches=0 last_pass_patches=0 frames=0 (F-2 publish-by-reference master; the steady-state law is every patchable entry patched exactly once per pass boundary)
DIAG cons span: parks=1 park_ms=0.0 slow_waits=1 slow_ms=0.1
LADDER_DIAGNOSTIC span: vectorized=false (F-3 entry walk; HFT_VEC_LADDER=1 arms the 8-entry group path — the Front A consumer IS the post-F-2 wall)
HFT_BENCH_WARMUP 1/2 arm=spec rate=484219403
HFT_BENCH_WARMUP 2/2 arm=spec rate=490669167
HFT_BENCH_RUN 1/5 arm=spec rate=492146174
HFT_BENCH_RUN 2/5 arm=spec rate=489043981
HFT_BENCH_RUN 3/5 arm=spec rate=496046622
HFT_BENCH_RUN 4/5 arm=spec rate=495180824
HFT_BENCH_RUN 5/5 arm=spec rate=494105592
PR1_R23_PURE_INGEST_VERDICT rate=494105592 target=15000000000 -> FAIL (R23: 15B msg/s pure ingest with the speculative 512-bit slicer — the 20B mode's pricing row; the R8/R16 span-arm gates above stay the asserting floor)
DIAG rx spec: publications=91 polls=609 prod_ms=0.6 bufwait_laps=0 resets=7 eos_parks=7 nbuf=16 rx_actual_cpu=2
ADVANCE_DIAGNOSTIC spec: advances=0 advance_ms=0.0 us_per_advance=0.0 (F-5 reset/auto-advance hygiene — the synchronous bake tail the per-publication prepatch budget drains; HFT_PREPATCH_BUDGET prices it)
RXWARM_DIAGNOSTIC spec: enabled=false fixes=0 uncovered=0 last_pass_fixes=0 (F-1 frame-entry warm start; the steady-state law is fixes==0 on pass>=2 — the kill rule reads persistent fixes)
RXBUILD_DIAGNOSTIC spec: enabled=false patches=0 last_pass_patches=0 frames=0 (F-2 publish-by-reference master; the steady-state law is every patchable entry patched exactly once per pass boundary)
DIAG cons spec: parks=0 park_ms=0.0 slow_waits=0 slow_ms=0.0
PR1_R8_PURE_INGEST_VERDICT rate=4077290130 target=2000000000 -> PASS (R8: 2B msg/s pure ingest — full pipeline live, span emission, zero verification skipped)
PR1_R16_PURE_INGEST_VERDICT rate=4077290130 target=5000000000 -> FAIL (R16: 5B msg/s pure ingest — the Double Helix program, docs/29)
{
  "median_cycles": 2.2262,
  "p95_cycles": 2.3120,
  "p99_cycles": 2.3120,
  "stddev": 0.0546,
  "cv_percent": 2.4534,
  "runs": 5,
  "warmup": 2,
  "cpu_model": "AMD EPYC 9V45 96-Core Processor",
  "freq_mhz": 2596.12,
  "target": "x86_64-unknown-linux-gnu",
  "sink": "count+span",
  "sample": "data/tests/sample-mini.itch",
  "span_median_cycles": 0.6367,
  "span_p95_cycles": 0.8652,
  "span_p99_cycles": 0.8652,
  "span_stddev": 0.1107,
  "span_cv_percent": 17.3854,
  "span_rate_msg_per_sec": 4077290130,
  "r8_pure_ingest_target": 2000000000,
  "r8_pure_ingest_verdict": "PASS",
  "r16_pure_ingest_target": 5000000000,
  "r16_pure_ingest_verdict": "FAIL",
  "spec_rate_msg_per_sec": 494105592,
  "r23_pure_ingest_target": 15000000000,
  "r23_pure_ingest_verdict": "FAIL"
}
=== 11sl. R17/F-3: Front A Vectorized Entry-Walk Ladder ARMED (the residual 7.7% lever, round 1) ===
[1m[92m    Finished[0m `release` profile [optimized] target(s) in 0.01s
[1m[92m     Running[0m `target/release/hft_bench --sample data/tests/sample-mini.itch --runs 5 --warmup 2 --output-format json`
HFT_BENCH_CALIBRATION invariant_tsc=true freq_mhz=2596.12 mark_overhead_cycles=52 target_env=gnu
TOPOLOGY_VERIFICATION main=Some(0) rx=Some(2) -> VERIFIED (distinct physical cores, same L3 domain — the deterministic 0.21 cyc/msg mode)
BLOB_BACKING mode=mmap anon_huge_kb=16384 map_mb=16.5 verdict=thp-granted
HFT_BENCH_WARMUP 1/2 arm=classic rate=1084314545
HFT_BENCH_WARMUP 2/2 arm=classic rate=1155030334
HFT_BENCH_RUN 1/5 arm=classic rate=1219180591 cyc=2.13
HFT_BENCH_RUN 2/5 arm=classic rate=1148229360 cyc=2.26
HFT_BENCH_RUN 3/5 arm=classic rate=1178228868 cyc=2.20
HFT_BENCH_RUN 4/5 arm=classic rate=1184694147 cyc=2.19
HFT_BENCH_RUN 5/5 arm=classic rate=1177238992 cyc=2.21
HFT_BENCH_WARMUP 1/2 arm=span rate=2813273046
HFT_BENCH_WARMUP 2/2 arm=span rate=5642865110
HFT_BENCH_RUN 1/5 arm=span rate=7309639755 cyc=0.36
HFT_BENCH_RUN 2/5 arm=span rate=7088095171 cyc=0.37
HFT_BENCH_RUN 3/5 arm=span rate=6554570780 cyc=0.40
HFT_BENCH_RUN 4/5 arm=span rate=6575017872 cyc=0.39
HFT_BENCH_RUN 5/5 arm=span rate=6528347422 cyc=0.40
DIAG rx span: publications=170 polls=673 prod_ms=0.5 bufwait_laps=43 resets=7 eos_parks=7 nbuf=16 rx_actual_cpu=2
ADVANCE_DIAGNOSTIC span: advances=0 advance_ms=0.0 us_per_advance=0.0 (F-5 reset/auto-advance hygiene — the synchronous bake tail the per-publication prepatch budget drains; HFT_PREPATCH_BUDGET prices it)
RXWARM_DIAGNOSTIC span: enabled=false fixes=0 uncovered=0 last_pass_fixes=0 (F-1 frame-entry warm start; the steady-state law is fixes==0 on pass>=2 — the kill rule reads persistent fixes)
RXBUILD_DIAGNOSTIC span: enabled=true patches=153972 last_pass_patches=21996 frames=21996 (F-2 publish-by-reference master; the steady-state law is every patchable entry patched exactly once per pass boundary)
DIAG cons span: parks=1 park_ms=0.1 slow_waits=1 slow_ms=0.1
LADDER_DIAGNOSTIC span: vectorized=false (F-3 entry walk; HFT_VEC_LADDER=1 arms the 8-entry group path — the Front A consumer IS the post-F-2 wall)
HFT_BENCH_WARMUP 1/2 arm=spec rate=494729944
HFT_BENCH_WARMUP 2/2 arm=spec rate=491810753
HFT_BENCH_RUN 1/5 arm=spec rate=495929419
HFT_BENCH_RUN 2/5 arm=spec rate=496929610
HFT_BENCH_RUN 3/5 arm=spec rate=502791524
HFT_BENCH_RUN 4/5 arm=spec rate=500783078
HFT_BENCH_RUN 5/5 arm=spec rate=503568840
PR1_R23_PURE_INGEST_VERDICT rate=500783078 target=15000000000 -> FAIL (R23: 15B msg/s pure ingest with the speculative 512-bit slicer — the 20B mode's pricing row; the R8/R16 span-arm gates above stay the asserting floor)
DIAG rx spec: publications=91 polls=609 prod_ms=0.3 bufwait_laps=7 resets=7 eos_parks=7 nbuf=16 rx_actual_cpu=2
ADVANCE_DIAGNOSTIC spec: advances=0 advance_ms=0.0 us_per_advance=0.0 (F-5 reset/auto-advance hygiene — the synchronous bake tail the per-publication prepatch budget drains; HFT_PREPATCH_BUDGET prices it)
RXWARM_DIAGNOSTIC spec: enabled=false fixes=0 uncovered=0 last_pass_fixes=0 (F-1 frame-entry warm start; the steady-state law is fixes==0 on pass>=2 — the kill rule reads persistent fixes)
RXBUILD_DIAGNOSTIC spec: enabled=true patches=76986 last_pass_patches=10998 frames=10998 (F-2 publish-by-reference master; the steady-state law is every patchable entry patched exactly once per pass boundary)
DIAG cons spec: parks=0 park_ms=0.0 slow_waits=0 slow_ms=0.0
PR1_R8_PURE_INGEST_VERDICT rate=6575017872 target=2000000000 -> PASS (R8: 2B msg/s pure ingest — full pipeline live, span emission, zero verification skipped)
PR1_R16_PURE_INGEST_VERDICT rate=6575017872 target=5000000000 -> PASS (R16: 5B msg/s pure ingest — the Double Helix program, docs/29)
{
  "median_cycles": 2.2034,
  "p95_cycles": 2.2610,
  "p99_cycles": 2.2610,
  "stddev": 0.0419,
  "cv_percent": 1.9038,
  "runs": 5,
  "warmup": 2,
  "cpu_model": "AMD EPYC 9V45 96-Core Processor",
  "freq_mhz": 2596.12,
  "target": "x86_64-unknown-linux-gnu",
  "sink": "count+span",
  "sample": "data/tests/sample-mini.itch",
  "span_median_cycles": 0.3948,
  "span_p95_cycles": 0.3977,
  "span_p99_cycles": 0.3977,
  "span_stddev": 0.0178,
  "span_cv_percent": 4.4971,
  "span_rate_msg_per_sec": 6575017872,
  "r8_pure_ingest_target": 2000000000,
  "r8_pure_ingest_verdict": "PASS",
  "r16_pure_ingest_target": 5000000000,
  "r16_pure_ingest_verdict": "PASS",
  "spec_rate_msg_per_sec": 500783078,
  "r23_pure_ingest_target": 15000000000,
  "r23_pure_ingest_verdict": "FAIL"
}
[1m[92m    Finished[0m `release` profile [optimized] target(s) in 0.01s
[1m[92m     Running[0m `target/release/hft_bench --sample data/tests/sample-mini.itch --runs 5 --warmup 2 --output-format json`
HFT_BENCH_CALIBRATION invariant_tsc=true freq_mhz=2596.12 mark_overhead_cycles=52 target_env=gnu
TOPOLOGY_VERIFICATION main=Some(0) rx=Some(2) -> VERIFIED (distinct physical cores, same L3 domain — the deterministic 0.21 cyc/msg mode)
BLOB_BACKING mode=mmap anon_huge_kb=14336 map_mb=16.5 verdict=thp-granted
HFT_BENCH_WARMUP 1/2 arm=classic rate=1019651279
HFT_BENCH_WARMUP 2/2 arm=classic rate=975085490
HFT_BENCH_RUN 1/5 arm=classic rate=1029523164 cyc=2.52
HFT_BENCH_RUN 2/5 arm=classic rate=1073893623 cyc=2.42
HFT_BENCH_RUN 3/5 arm=classic rate=1149667269 cyc=2.26
HFT_BENCH_RUN 4/5 arm=classic rate=1116726088 cyc=2.32
HFT_BENCH_RUN 5/5 arm=classic rate=1144195883 cyc=2.27
HFT_BENCH_WARMUP 1/2 arm=span rate=3468805716
HFT_BENCH_WARMUP 2/2 arm=span rate=5850738500
HFT_BENCH_RUN 1/5 arm=span rate=6028111779 cyc=0.43
HFT_BENCH_RUN 2/5 arm=span rate=5979585323 cyc=0.43
HFT_BENCH_RUN 3/5 arm=span rate=6587004362 cyc=0.39
HFT_BENCH_RUN 4/5 arm=span rate=6589664426 cyc=0.39
HFT_BENCH_RUN 5/5 arm=span rate=6613788504 cyc=0.39
DIAG rx span: publications=170 polls=673 prod_ms=0.5 bufwait_laps=45 resets=7 eos_parks=7 nbuf=16 rx_actual_cpu=2
ADVANCE_DIAGNOSTIC span: advances=0 advance_ms=0.0 us_per_advance=0.0 (F-5 reset/auto-advance hygiene — the synchronous bake tail the per-publication prepatch budget drains; HFT_PREPATCH_BUDGET prices it)
RXWARM_DIAGNOSTIC span: enabled=false fixes=0 uncovered=0 last_pass_fixes=0 (F-1 frame-entry warm start; the steady-state law is fixes==0 on pass>=2 — the kill rule reads persistent fixes)
RXBUILD_DIAGNOSTIC span: enabled=true patches=153972 last_pass_patches=21996 frames=21996 (F-2 publish-by-reference master; the steady-state law is every patchable entry patched exactly once per pass boundary)
DIAG cons span: parks=1 park_ms=0.1 slow_waits=1 slow_ms=0.1
LADDER_DIAGNOSTIC span: vectorized=true (F-3 entry walk; HFT_VEC_LADDER=1 arms the 8-entry group path — the Front A consumer IS the post-F-2 wall)
HFT_BENCH_WARMUP 1/2 arm=spec rate=478757999
HFT_BENCH_WARMUP 2/2 arm=spec rate=485061681
HFT_BENCH_RUN 1/5 arm=spec rate=487943427
HFT_BENCH_RUN 2/5 arm=spec rate=488311299
HFT_BENCH_RUN 3/5 arm=spec rate=482651329
HFT_BENCH_RUN 4/5 arm=spec rate=490306765
HFT_BENCH_RUN 5/5 arm=spec rate=493641733
PR1_R23_PURE_INGEST_VERDICT rate=488311299 target=15000000000 -> FAIL (R23: 15B msg/s pure ingest with the speculative 512-bit slicer — the 20B mode's pricing row; the R8/R16 span-arm gates above stay the asserting floor)
DIAG rx spec: publications=91 polls=609 prod_ms=0.3 bufwait_laps=14 resets=7 eos_parks=7 nbuf=16 rx_actual_cpu=2
ADVANCE_DIAGNOSTIC spec: advances=0 advance_ms=0.0 us_per_advance=0.0 (F-5 reset/auto-advance hygiene — the synchronous bake tail the per-publication prepatch budget drains; HFT_PREPATCH_BUDGET prices it)
RXWARM_DIAGNOSTIC spec: enabled=false fixes=0 uncovered=0 last_pass_fixes=0 (F-1 frame-entry warm start; the steady-state law is fixes==0 on pass>=2 — the kill rule reads persistent fixes)
RXBUILD_DIAGNOSTIC spec: enabled=true patches=76986 last_pass_patches=10998 frames=10998 (F-2 publish-by-reference master; the steady-state law is every patchable entry patched exactly once per pass boundary)
DIAG cons spec: parks=0 park_ms=0.0 slow_waits=0 slow_ms=0.0
PR1_R8_PURE_INGEST_VERDICT rate=6587004362 target=2000000000 -> PASS (R8: 2B msg/s pure ingest — full pipeline live, span emission, zero verification skipped)
PR1_R16_PURE_INGEST_VERDICT rate=6587004362 target=5000000000 -> PASS (R16: 5B msg/s pure ingest — the Double Helix program, docs/29)
{
  "median_cycles": 2.3248,
  "p95_cycles": 2.5217,
  "p99_cycles": 2.5217,
  "stddev": 0.0993,
  "cv_percent": 4.2727,
  "runs": 5,
  "warmup": 2,
  "cpu_model": "AMD EPYC 9V45 96-Core Processor",
  "freq_mhz": 2596.12,
  "target": "x86_64-unknown-linux-gnu",
  "sink": "count+span",
  "sample": "data/tests/sample-mini.itch",
  "span_median_cycles": 0.3941,
  "span_p95_cycles": 0.4342,
  "span_p99_cycles": 0.4342,
  "span_stddev": 0.0191,
  "span_cv_percent": 4.8422,
  "span_rate_msg_per_sec": 6587004362,
  "r8_pure_ingest_target": 2000000000,
  "r8_pure_ingest_verdict": "PASS",
  "r16_pure_ingest_target": 5000000000,
  "r16_pure_ingest_verdict": "PASS",
  "spec_rate_msg_per_sec": 488311299,
  "r23_pure_ingest_target": 15000000000,
  "r23_pure_ingest_verdict": "FAIL"
}
=== 11nb. R17/F-4: Mailbox Depth NBUF=32 ARMED (the buffer-reuse-stall pricing) ===
[1m[92m    Finished[0m `release` profile [optimized] target(s) in 0.01s
[1m[92m     Running[0m `target/release/hft_bench --sample data/tests/sample-mini.itch --runs 5 --warmup 2 --output-format json`
HFT_BENCH_CALIBRATION invariant_tsc=true freq_mhz=2596.12 mark_overhead_cycles=52 target_env=gnu
TOPOLOGY_VERIFICATION main=Some(0) rx=Some(2) -> VERIFIED (distinct physical cores, same L3 domain — the deterministic 0.21 cyc/msg mode)
BLOB_BACKING mode=mmap anon_huge_kb=14336 map_mb=16.5 verdict=thp-granted
HFT_BENCH_WARMUP 1/2 arm=classic rate=1075148992
HFT_BENCH_WARMUP 2/2 arm=classic rate=861729492
HFT_BENCH_RUN 1/5 arm=classic rate=1154424064 cyc=2.25
HFT_BENCH_RUN 2/5 arm=classic rate=1143807801 cyc=2.27
HFT_BENCH_RUN 3/5 arm=classic rate=1172811855 cyc=2.21
HFT_BENCH_RUN 4/5 arm=classic rate=1142490288 cyc=2.27
HFT_BENCH_RUN 5/5 arm=classic rate=1175649356 cyc=2.21
HFT_BENCH_WARMUP 1/2 arm=span rate=7693754943
HFT_BENCH_WARMUP 2/2 arm=span rate=9222238427
HFT_BENCH_RUN 1/5 arm=span rate=8321116612 cyc=0.31
HFT_BENCH_RUN 2/5 arm=span rate=8600241422 cyc=0.30
HFT_BENCH_RUN 3/5 arm=span rate=8299273186 cyc=0.31
HFT_BENCH_RUN 4/5 arm=span rate=8315644983 cyc=0.31
HFT_BENCH_RUN 5/5 arm=span rate=8354098198 cyc=0.31
DIAG rx span: publications=176 polls=696 prod_ms=0.4 bufwait_laps=0 resets=7 eos_parks=8 nbuf=32 rx_actual_cpu=2
ADVANCE_DIAGNOSTIC span: advances=0 advance_ms=0.0 us_per_advance=0.0 (F-5 reset/auto-advance hygiene — the synchronous bake tail the per-publication prepatch budget drains; HFT_PREPATCH_BUDGET prices it)
RXWARM_DIAGNOSTIC span: enabled=false fixes=0 uncovered=0 last_pass_fixes=0 (F-1 frame-entry warm start; the steady-state law is fixes==0 on pass>=2 — the kill rule reads persistent fixes)
RXBUILD_DIAGNOSTIC span: enabled=true patches=153972 last_pass_patches=21996 frames=21996 (F-2 publish-by-reference master; the steady-state law is every patchable entry patched exactly once per pass boundary)
DIAG cons span: parks=0 park_ms=0.0 slow_waits=0 slow_ms=0.0
LADDER_DIAGNOSTIC span: vectorized=false (F-3 entry walk; HFT_VEC_LADDER=1 arms the 8-entry group path — the Front A consumer IS the post-F-2 wall)
HFT_BENCH_WARMUP 1/2 arm=spec rate=498278161
HFT_BENCH_WARMUP 2/2 arm=spec rate=495054824
HFT_BENCH_RUN 1/5 arm=spec rate=495307373
HFT_BENCH_RUN 2/5 arm=spec rate=492712784
HFT_BENCH_RUN 3/5 arm=spec rate=498130958
HFT_BENCH_RUN 4/5 arm=spec rate=497953940
HFT_BENCH_RUN 5/5 arm=spec rate=496309436
PR1_R23_PURE_INGEST_VERDICT rate=496309436 target=15000000000 -> FAIL (R23: 15B msg/s pure ingest with the speculative 512-bit slicer — the 20B mode's pricing row; the R8/R16 span-arm gates above stay the asserting floor)
DIAG rx spec: publications=91 polls=609 prod_ms=0.3 bufwait_laps=0 resets=7 eos_parks=7 nbuf=32 rx_actual_cpu=2
ADVANCE_DIAGNOSTIC spec: advances=0 advance_ms=0.0 us_per_advance=0.0 (F-5 reset/auto-advance hygiene — the synchronous bake tail the per-publication prepatch budget drains; HFT_PREPATCH_BUDGET prices it)
RXWARM_DIAGNOSTIC spec: enabled=false fixes=0 uncovered=0 last_pass_fixes=0 (F-1 frame-entry warm start; the steady-state law is fixes==0 on pass>=2 — the kill rule reads persistent fixes)
RXBUILD_DIAGNOSTIC spec: enabled=true patches=76986 last_pass_patches=10998 frames=10998 (F-2 publish-by-reference master; the steady-state law is every patchable entry patched exactly once per pass boundary)
DIAG cons spec: parks=0 park_ms=0.0 slow_waits=0 slow_ms=0.0
PR1_R8_PURE_INGEST_VERDICT rate=8321116611 target=2000000000 -> PASS (R8: 2B msg/s pure ingest — full pipeline live, span emission, zero verification skipped)
PR1_R16_PURE_INGEST_VERDICT rate=8321116611 target=5000000000 -> PASS (R16: 5B msg/s pure ingest — the Double Helix program, docs/29)
{
  "median_cycles": 2.2488,
  "p95_cycles": 2.2723,
  "p99_cycles": 2.2723,
  "stddev": 0.0271,
  "cv_percent": 1.2065,
  "runs": 5,
  "warmup": 2,
  "cpu_model": "AMD EPYC 9V45 96-Core Processor",
  "freq_mhz": 2596.12,
  "target": "x86_64-unknown-linux-gnu",
  "sink": "count+span",
  "sample": "data/tests/sample-mini.itch",
  "span_median_cycles": 0.3120,
  "span_p95_cycles": 0.3128,
  "span_p99_cycles": 0.3128,
  "span_stddev": 0.0041,
  "span_cv_percent": 1.3092,
  "span_rate_msg_per_sec": 8321116611,
  "r8_pure_ingest_target": 2000000000,
  "r8_pure_ingest_verdict": "PASS",
  "r16_pure_ingest_target": 5000000000,
  "r16_pure_ingest_verdict": "PASS",
  "spec_rate_msg_per_sec": 496309436,
  "r23_pure_ingest_target": 15000000000,
  "r23_pure_ingest_verdict": "FAIL"
}
=== 11pb. R17/F-5: Prepatch Budget 1024 ARMED (the advance-tail drain pricing) ===
[1m[92m    Finished[0m `release` profile [optimized] target(s) in 0.00s
[1m[92m     Running[0m `target/release/bench --hydra-only`
BENCH_CALIBRATION invariant_tsc=true freq_mhz=2596.12 mark_overhead_cycles=52
=== R6. PR-1 HYDRA BIT-EXACT MULTI-CORE SPAN CONFORMANCE ===
BLOB_BACKING mode=mmap anon_huge_kb=16384 map_mb=16.5 verdict=thp-granted
HYDRA_BITPARITY sequential=(count=505849 hash=0x881639cead506f25 msg_hash=0xcbf29ce484222325) hydra=(count=505849 hash=0x881639cead506f25 msg_hash=0xcbf29ce484222325) -> BIT-EXACT
BENCH mode=replay-hydra-burst msgs=505849 rate=1445150729 allocs=0 freq=2596.12MHz workers=2 run=1
BENCH mode=replay-hydra-burst msgs=505849 rate=1582028916 allocs=0 freq=2596.12MHz workers=2 run=2
BENCH mode=replay-hydra-burst msgs=505849 rate=1683083290 allocs=0 freq=2596.12MHz workers=2 run=3
BENCH mode=replay-hydra-burst msgs=505849 rate=1681293187 allocs=0 freq=2596.12MHz workers=2 run=4
BENCH mode=replay-hydra-burst msgs=505849 rate=1734706195 allocs=0 freq=2596.12MHz workers=2 run=5
BENCH_MEDIAN mode=replay-hydra-burst rate=1681293187
R23B_AFFINE_VERDICT arm=burst armed=false tag_hits=0 payload_fallbacks=0 ledger_rows=0 (R23c: workers verify spans from register tags, zero payload reads; the (prefix,cum) triple checked per-span by the scalar affine law)
PR1_HYDRA_VERDICT rate=1681293187 (bit-exact multi-core span conformance: 2 workers, every emitted byte CRC32C-checked in-window, ordered serial fold)
PR1_GIGAHFT_BURST_VERDICT rate=1681293187 target=1000000000 -> PASS (R7 burst reference; the sustained arm below is the gate)
DIAG sustained: passes=17193 reset_ms=457.1 scan_ms=4539.1 end_ms=1.0 pending_max=11088 batches=378246 wait_ms=38.0 work_ms=4127.1 fold_ms=288.1 assist_chunks=381700 bytes_per_msg=27.65 crc_demand_gb_s=48.10
DIAG worker[0] sustained: cpu0(pinned) placement=[0, 2] batches=578889 spans=74059052 eval_ms=4957.7 idle_iters=41465 res_waits=342 fw=0 fw_ms=0.0
DIAG worker[1] sustained: cpu2(pinned) placement=[0, 2] batches=728128 spans=93151071 eval_ms=4942.8 idle_iters=43517 res_waits=0 fw=0 fw_ms=0.0
DIAG rx sustained: publications=378306 polls=1496029 prod_ms=1491.1 bufwait_laps=137504 resets=17195 eos_parks=0 nbuf=16 rx_actual_cpu=3
ADVANCE_DIAGNOSTIC sustained: advances=17195 advance_ms=107.2 us_per_advance=6.2 (F-5 reset/auto-advance hygiene — the synchronous bake tail the per-publication prepatch budget drains; HFT_PREPATCH_BUDGET prices it)
RXWARM_DIAGNOSTIC sustained: enabled=false fixes=0 uncovered=0 last_pass_fixes=0 (F-1 frame-entry warm start; the steady-state law is fixes==0 on pass>=2 — the kill rule reads persistent fixes)
RXBUILD_DIAGNOSTIC sustained: enabled=true patches=378208440 last_pass_patches=21996 frames=21996 (F-2 publish-by-reference master; the steady-state law is every patchable entry patched exactly once per pass boundary)
DIAG cons sustained: parks=17 park_ms=1.3 slow_waits=17 slow_ms=1.5
BENCH mode=replay-hydra-sustained-5s total_msgs=8697061857 duration=5.00s sustained_rate=1739404040 msg/s allocs=0 workers=2 crc_kernel=reflect
PR1_HYDRA_SUSTAINED_VERDICT rate=1739404040 (duration=5.00s, total_msgs=8697061857, workers=2)
PR1_GIGAHFT_VERDICT rate=1739404040 target=1000000000 -> PASS (Project 1.0B: bit-exact, zero-alloc, every byte verified in-window, cross-pass double-buffered fabric)
PR1_R8_FULL_VERIFY_VERDICT rate=1739404040 target=1000000000 -> PASS (R8: 1B msg/s sustained full verification — bit-exact, zero-alloc, every byte CRC32C-verified in-window)
PR1_R16_FULL_VERIFY_VERDICT rate=1739404040 target=2000000000 -> FAIL (R16: 2B msg/s sustained full verification — the Double Helix program, docs/29)
R16B_RXDESC_VERDICT rx_fixes=0 assist_chunks=381700 (array-driven submission telemetry; fixes=0 means every RX prefill entry was already exact)
R23B_AFFINE_VERDICT arm=sustained armed=false tag_hits=0 payload_fallbacks=0 ledger_rows=0 (R23c: zero-re-read affine verification on the worker fabric)
PR1_R23_AFFINE_SUSTAINED_VERDICT rate=1739404040 target=2500000000 -> FAIL (R23: 2.5B+ sustained full verification from register tags — the affine-span algebra program, docs/36)
=== 12. Reference Arbitrator & Differential Oracle (G12-T3 / D1..D12) ===
[1m[92m    Finished[0m `release` profile [optimized] target(s) in 0.01s
[1m[92m     Running[0m `target/release/diff_oracle`
=== RUNNING G12-T3 REFERENCE ARBITRATOR & DIFFERENTIAL SUITE (D1..D11) ===
=== D3-REDO: Oracle Validation by Sequencer-Logic Bug Injections ===
D3_DIVERGENCE_DUMP mutation="DisableClearOnAdvance" detected=true seq_wm=1231 ref_wm=1224 seq_hash=0x473C5B1BF49F1C91 ref_hash=0xCFE76D07416B4CA5
D3_DIVERGENCE_DUMP mutation="OffByOneClamp" detected=true seq_wm=600 ref_wm=601 seq_hash=0xB1C1F8344636F511 ref_hash=0x972FEC36E88A4C25
D3_DIVERGENCE_DUMP mutation="DropStagedAtEos" detected=true seq_wm=10 ref_wm=13 seq_hash=0xF0B1A3FF15503051 ref_hash=0x9D6D68BF10C6C3A5
D3 ALL_SEQUENCER_LOGIC_MUTATIONS_DETECTED: Oracle caught all 3 sequencer mutations with divergence dumps.
=== D1: Full 17-Cell Matrix Differential Verification ===
BLOB_BACKING mode=mmap anon_huge_kb=16384 map_mb=16.5 verdict=thp-granted
D1 cell="M1 (Baseline MTU contiguous)" seq_wm=505850 ref_wm=505850 count=505849 hash=0xF6EF154EFDE905D8 VERDICT=PASS
D1 cell="M2 (Fixed 1 msg)" seq_wm=505850 ref_wm=505850 count=505849 hash=0xF6EF154EFDE905D8 VERDICT=PASS
D1 cell="M3 (Fixed 16 msgs)" seq_wm=505850 ref_wm=505850 count=505849 hash=0xF6EF154EFDE905D8 VERDICT=PASS
D1 cell="M4 (Gaussian delay jitter)" seq_wm=505850 ref_wm=505850 count=505849 hash=0xF6EF154EFDE905D8 VERDICT=PASS
D1 cell="M5 (Bernoulli loss with dual feed)" seq_wm=505850 ref_wm=505850 count=505849 hash=0xF6EF154EFDE905D8 VERDICT=PASS
D1 cell="M6 (Gilbert-Elliott burst loss)" seq_wm=505850 ref_wm=505850 count=505849 hash=0xF6EF154EFDE905D8 VERDICT=PASS
D1 cell="M7 (Pathological split: 1B to MTU)" seq_wm=505850 ref_wm=505850 count=505849 hash=0xF6EF154EFDE905D8 VERDICT=PASS
D1 cell="M8 (Feed A only lossless)" seq_wm=505850 ref_wm=505850 count=505849 hash=0xF6EF154EFDE905D8 VERDICT=PASS
D1 cell="M9 (Feed B only lossless)" seq_wm=505850 ref_wm=505850 count=505849 hash=0xF6EF154EFDE905D8 VERDICT=PASS
D1 cell="M10 (Heavy reorder jitter)" seq_wm=505850 ref_wm=505850 count=505849 hash=0xF6EF154EFDE905D8 VERDICT=PASS
D1 cell="M11 (Deep out-of-order window)" seq_wm=505850 ref_wm=505850 count=505849 hash=0xF6EF154EFDE905D8 VERDICT=PASS
D1 cell="M12 (Max-rate unconstrained)" seq_wm=505850 ref_wm=505850 count=505849 hash=0xF6EF154EFDE905D8 VERDICT=PASS
D1 cell="M13 (M-LATE: Staged arrival edge)" seq_wm=505850 ref_wm=505850 count=505849 hash=0xF6EF154EFDE905D8 VERDICT=PASS
D1 cell="M14 (M-BURST: Burst packet arrival)" seq_wm=505850 ref_wm=505850 count=505849 hash=0xF6EF154EFDE905D8 VERDICT=PASS
D1 cell="M15 (M-STARVE: Feed A silent for 2s)" seq_wm=505850 ref_wm=505850 count=505849 hash=0xF6EF154EFDE905D8 VERDICT=PASS
D1 cell="M16 (M-DUP2: Overlapping dual feed)" seq_wm=505850 ref_wm=505850 count=505849 hash=0xF6EF154EFDE905D8 VERDICT=PASS
D1 cell="M17 (M-DROPRESP / Session Boundary)" seq_wm=255850 ref_wm=255850 count=505849 hash=0xF6EF154EFDE905D8 VERDICT=PASS
D1 ALL_17_CELLS_PASSED: Triple equality verified across all 17 matrix cells.
=== D2: 100 Seeded Random Configs Differential Test ===
D2 100_RANDOM_CONFIGS_PASSED: Triple equality verified across 100 random configs.
=== D4: Duplicate Ordering (First-Received Wins) ===
D4 DUPLICATE_ORDERING_PASSED: seq_wm=505850 ref_wm=505850 count=505849 hash=0xF6EF154EFDE905D8
=== D5: Session Splits Verification ===
D5 SESSION_SPLITS_PASSED: Watermarks and hashes match across session boundaries.
=== D6: Unclean Death (Scripted Drops) Verification ===
D6 UNCLEAN_DEATH_PASSED: State matches reference final state.
=== D7/D8: Watchdog & Double-Run Determinism ===
D7/D8 WATCHDOG_AND_DETERMINISM_PASSED: elapsed=0.33s run1=(505850, 505850, 505849, 17793464081775658456) run2=(505850, 505850, 505849, 17793464081775658456)
=== D9: Indexed-Ingest Equivalence (classic == indexed) ===
D9 INDEXED_EQUIVALENCE_PASSED: 12 cells (3 configs x 4 mutations) classic==indexed
D11 CRC_KERNEL_DIFFERENTIAL_PASSED: scalar==reference, fold512==scalar on 2109 bodies (exhaustive lengths + patterns + random + eval2 + eval_pair)
D11 REFLECT_KERNEL_DIFFERENTIAL_PASSED: reflect==scalar on 2101 bodies (exhaustive lengths + patterns + random + eval_pair)
D12 BATCH_AND_PIPELINE_EQUIVALENCE_PASSED: classic == ingest_batch == RX-pipelined (counters/watermark/count/hash) incl. multi-pass resets
=== ALL D1..D12 DIFFERENTIAL ORACLE CHECKS PASSED SUCCESSFULLY ===
=== 13. T2 Window Sweep & Full 17-Cell Matrix Confluence Campaign ===
[1m[92m    Finished[0m `release` profile [optimized] target(s) in 0.00s
[1m[92m     Running[0m `target/release/window_sweep`
=== RUNNING T2 WINDOW SIZE SWEEP (256..4096 x M1, M11) ===
BLOB_BACKING mode=mmap anon_huge_kb=16384 map_mb=16.5 verdict=thp-granted
WINDOW_SWEEP slots=256  arena= 16640 B l1_fit=Fits 32K L1D                   M1_rate=37.12M golden_M1=true M11_rate=22.80M golden_M11=true max_staged=0 beyond_drops=0
WINDOW_SWEEP slots=512  arena= 33280 B l1_fit=Fits 64K L1D                   M1_rate=35.46M golden_M1=true M11_rate=21.91M golden_M11=true max_staged=0 beyond_drops=0
WINDOW_SWEEP slots=1024 arena= 66560 B l1_fit=Exceeds L1D (L2 Cache resident) M1_rate=35.50M golden_M1=true M11_rate=21.81M golden_M11=true max_staged=0 beyond_drops=0
WINDOW_SWEEP slots=2048 arena=133120 B l1_fit=Exceeds L1D (L2 Cache resident) M1_rate=35.56M golden_M1=true M11_rate=21.95M golden_M11=true max_staged=0 beyond_drops=0
WINDOW_SWEEP slots=4096 arena=266240 B l1_fit=Exceeds L1D (L2 Cache resident) M1_rate=35.78M golden_M1=true M11_rate=21.86M golden_M11=true max_staged=0 beyond_drops=0

=== T2 WINDOW SWEEP KNEE TABLE ===
| Window Slots | Arena Footprint | Cache Residency | M1 Rate | M11 Rate | Max Staged | Beyond Drops | Confluence Verdict |
|---|---|---|---|---|---|---|---|
| 256  |  16640 B ( 16.2 KiB) | Fits 32K L1D                 | 37.12M msg/s | 22.80M msg/s | 0          | 0            | **PASS** |
| 512  |  33280 B ( 32.5 KiB) | Fits 64K L1D                 | 35.46M msg/s | 21.91M msg/s | 0          | 0            | **PASS** |
| 1024 |  66560 B ( 65.0 KiB) | Exceeds L1D (L2 Cache resident) | 35.50M msg/s | 21.81M msg/s | 0          | 0            | **PASS** |
| 2048 | 133120 B (130.0 KiB) | Exceeds L1D (L2 Cache resident) | 35.56M msg/s | 21.95M msg/s | 0          | 0            | **PASS** |
| 4096 | 266240 B (260.0 KiB) | Exceeds L1D (L2 Cache resident) | 35.78M msg/s | 21.86M msg/s | 0          | 0            | **PASS** |
=== T2 WINDOW SWEEP COMPLETED SUCCESSFULLY ===
[1m[92m    Finished[0m `release` profile [optimized] target(s) in 0.01s
[1m[92m     Running[0m `target/release/matrix_sweep`
=== EXECUTING COMPLETE 17-CELL MATRIX CONFLUENCE CAMPAIGN (M1..M17) ===
BLOB_BACKING mode=mmap anon_huge_kb=14336 map_mb=16.5 verdict=thp-granted
MATRIX_CELL name="M1 (Baseline MTU contiguous)       " rate= 5.56M msg/s count=505849 wm=505850 hash=0xF6EF154EFDE905D8 verdict="PASS (Golden Bit-Identical)"
MATRIX_CELL name="M2 (Fixed 1 msg)                   " rate= 3.91M msg/s count=505849 wm=505850 hash=0xF6EF154EFDE905D8 verdict="PASS (Golden Bit-Identical)"
MATRIX_CELL name="M3 (Fixed 16 msgs)                 " rate= 6.43M msg/s count=505849 wm=505850 hash=0xF6EF154EFDE905D8 verdict="PASS (Golden Bit-Identical)"
MATRIX_CELL name="M4 (Gaussian delay jitter)         " rate= 6.22M msg/s count=505849 wm=505850 hash=0xF6EF154EFDE905D8 verdict="PASS (Golden Bit-Identical)"
MATRIX_CELL name="M5 (Bernoulli loss with dual feed) " rate= 6.64M msg/s count=505849 wm=505850 hash=0xF6EF154EFDE905D8 verdict="PASS (Golden Bit-Identical)"
MATRIX_CELL name="M6 (Gilbert-Elliott burst loss)    " rate= 6.75M msg/s count=505849 wm=505850 hash=0xF6EF154EFDE905D8 verdict="PASS (Golden Bit-Identical)"
MATRIX_CELL name="M7 (Pathological split: 1B to MTU) " rate= 6.25M msg/s count=505849 wm=505850 hash=0xF6EF154EFDE905D8 verdict="PASS (Golden Bit-Identical)"
MATRIX_CELL name="M8 (Feed A only lossless)          " rate= 8.08M msg/s count=505849 wm=505850 hash=0xF6EF154EFDE905D8 verdict="PASS (Golden Bit-Identical)"
MATRIX_CELL name="M9 (Feed B only lossless)          " rate= 8.43M msg/s count=505849 wm=505850 hash=0xF6EF154EFDE905D8 verdict="PASS (Golden Bit-Identical)"
MATRIX_CELL name="M10 (Heavy reorder jitter)         " rate= 6.51M msg/s count=505849 wm=505850 hash=0xF6EF154EFDE905D8 verdict="PASS (Golden Bit-Identical)"
MATRIX_CELL name="M11 (Deep out-of-order window)     " rate= 5.74M msg/s count=505849 wm=505850 hash=0xF6EF154EFDE905D8 verdict="PASS (Golden Bit-Identical)"
MATRIX_CELL name="M12 (Max-rate unconstrained)       " rate= 6.39M msg/s count=505849 wm=505850 hash=0xF6EF154EFDE905D8 verdict="PASS (Golden Bit-Identical)"
MATRIX_CELL name="M13 (M-LATE: Staged arrival edge)  " rate= 6.35M msg/s count=505849 wm=505850 hash=0xF6EF154EFDE905D8 verdict="PASS (Golden Bit-Identical)"
MATRIX_CELL name="M14 (M-BURST: Burst packet arrival)" rate= 6.47M msg/s count=505849 wm=505850 hash=0xF6EF154EFDE905D8 verdict="PASS (Golden Bit-Identical)"
MATRIX_CELL name="M15 (M-STARVE: Feed A silent for 2s)" rate= 6.37M msg/s count=505849 wm=505850 hash=0xF6EF154EFDE905D8 verdict="PASS (Golden Bit-Identical)"
MATRIX_CELL name="M16 (M-DUP2: Overlapping dual feed)" rate= 6.67M msg/s count=505849 wm=505850 hash=0xF6EF154EFDE905D8 verdict="PASS (Golden Bit-Identical)"
MATRIX_CELL name="M17 (M-DROPRESP / Session Boundary)" rate= 6.53M msg/s count=505849 wm=255850 hash=0xF6EF154EFDE905D8 verdict="PASS (Golden Bit-Identical)"

=== COMPLETE 17-CELL MATRIX SUMMARY TABLE ===
| Cell ID | Matrix Scenario | Throughput | Emitted Messages | Final Watermark | Canonical FNV Hash | Oracle Confluence Verdict |
|---|---|---|---|---|---|---|
| M1  | M1 (Baseline MTU contiguous)        |  5.56M msg/s | 505849 | 505850 | 0xF6EF154EFDE905D8 | **PASS** |
| M2  | M2 (Fixed 1 msg)                    |  3.91M msg/s | 505849 | 505850 | 0xF6EF154EFDE905D8 | **PASS** |
| M3  | M3 (Fixed 16 msgs)                  |  6.43M msg/s | 505849 | 505850 | 0xF6EF154EFDE905D8 | **PASS** |
| M4  | M4 (Gaussian delay jitter)          |  6.22M msg/s | 505849 | 505850 | 0xF6EF154EFDE905D8 | **PASS** |
| M5  | M5 (Bernoulli loss with dual feed)  |  6.64M msg/s | 505849 | 505850 | 0xF6EF154EFDE905D8 | **PASS** |
| M6  | M6 (Gilbert-Elliott burst loss)     |  6.75M msg/s | 505849 | 505850 | 0xF6EF154EFDE905D8 | **PASS** |
| M7  | M7 (Pathological split: 1B to MTU)  |  6.25M msg/s | 505849 | 505850 | 0xF6EF154EFDE905D8 | **PASS** |
| M8  | M8 (Feed A only lossless)           |  8.08M msg/s | 505849 | 505850 | 0xF6EF154EFDE905D8 | **PASS** |
| M9  | M9 (Feed B only lossless)           |  8.43M msg/s | 505849 | 505850 | 0xF6EF154EFDE905D8 | **PASS** |
| M10 | M10 (Heavy reorder jitter)          |  6.51M msg/s | 505849 | 505850 | 0xF6EF154EFDE905D8 | **PASS** |
| M11 | M11 (Deep out-of-order window)      |  5.74M msg/s | 505849 | 505850 | 0xF6EF154EFDE905D8 | **PASS** |
| M12 | M12 (Max-rate unconstrained)        |  6.39M msg/s | 505849 | 505850 | 0xF6EF154EFDE905D8 | **PASS** |
| M13 | M13 (M-LATE: Staged arrival edge)   |  6.35M msg/s | 505849 | 505850 | 0xF6EF154EFDE905D8 | **PASS** |
| M14 | M14 (M-BURST: Burst packet arrival) |  6.47M msg/s | 505849 | 505850 | 0xF6EF154EFDE905D8 | **PASS** |
| M15 | M15 (M-STARVE: Feed A silent for 2s) |  6.37M msg/s | 505849 | 505850 | 0xF6EF154EFDE905D8 | **PASS** |
| M16 | M16 (M-DUP2: Overlapping dual feed) |  6.67M msg/s | 505849 | 505850 | 0xF6EF154EFDE905D8 | **PASS** |
| M17 | M17 (M-DROPRESP / Session Boundary) |  6.53M msg/s | 505849 | 255850 | 0xF6EF154EFDE905D8 | **PASS** |
=== ALL 17 MATRIX CELLS VERIFIED 100% GREEN ===
=== 14. VR-4 Hostile Frame & Fuzz Campaign (3 Harnesses) ===
[1m[92m    Finished[0m `release` profile [optimized] target(s) in 0.00s
[1m[92m     Running[0m `target/release/fuzz_campaign`
=== VR-4 EXTENDED FUZZ CAMPAIGN (3 HARNESSES x 1,000,000 ITERATIONS) ===
FUZZ_CAMPAIGN_REPORT total_execs=1000000 elapsed=0.108s data_frames=0 heartbeats=114 eos_frames=85 distinct_itch_types_validated=22/23 lsan_status=CLEAN panics=0
VR-4 FUZZ CAMPAIGN 100% COMPLETE AND VERIFIED (1,000,000 EXECS).
=== 15. Spec-Only Retransmission Server Clean-Room Validation (doc 14 §3.2 / F-31) ===
[1m[92m    Finished[0m `release` profile [optimized] target(s) in 0.00s
[1m[92m     Running[0m `target/release/spec_server`
=== SPEC-ONLY SERVER CLEAN-ROOM VALIDATION (doc 14 §3.2 / F-31) ===
Spec server spawned on UDP port 47700
SPEC_SERVER_RESPONSE: session="SPECSESS01" start_seq=10 count=25 bytes_received=645
=== SPEC-ONLY SERVER CLEAN-ROOM VALIDATION PASSED (F-31 CLOSED) ===
=== 16. HFT-Verify Statistical Gate (nano/constr1.1.md §1: 30 runs + warmup 5 + JSON) ===
info: downloading component rust-std
Selecting previously unselected package musl:amd64.
(Reading database ... (Reading database ... 5%(Reading database ... 10%(Reading database ... 15%(Reading database ... 20%(Reading database ... 25%(Reading database ... 30%(Reading database ... 35%(Reading database ... 40%(Reading database ... 45%(Reading database ... 50%(Reading database ... 55%(Reading database ... 60%(Reading database ... 65%(Reading database ... 70%(Reading database ... 75%(Reading database ... 80%(Reading database ... 85%(Reading database ... 90%(Reading database ... 95%(Reading database ... 100%(Reading database ... 203191 files and directories currently installed.)
Preparing to unpack .../musl_1.2.4-2_amd64.deb ...
Unpacking musl:amd64 (1.2.4-2) ...
Selecting previously unselected package musl-dev:amd64.
Preparing to unpack .../musl-dev_1.2.4-2_amd64.deb ...
Unpacking musl-dev:amd64 (1.2.4-2) ...
Selecting previously unselected package musl-tools.
Preparing to unpack .../musl-tools_1.2.4-2_amd64.deb ...
Unpacking musl-tools (1.2.4-2) ...
Setting up musl:amd64 (1.2.4-2) ...
Setting up musl-dev:amd64 (1.2.4-2) ...
Setting up musl-tools (1.2.4-2) ...
Processing triggers for man-db (2.12.0-4build2) ...
Not building database; man-db/auto-update is not 'true'.

Running kernel seems to be up-to-date.

No services need to be restarted.

No containers need to be restarted.

No user sessions are running outdated binaries.

No VM guests are running outdated hypervisor (qemu) binaries on this host.
MUSL_BUILD_OK static target
HFT_BENCH_CALIBRATION invariant_tsc=true freq_mhz=2596.12 mark_overhead_cycles=52 target_env=musl
TOPOLOGY_VERIFICATION main=Some(0) rx=Some(2) -> VERIFIED (distinct physical cores, same L3 domain — the deterministic 0.21 cyc/msg mode)
BLOB_BACKING mode=mmap anon_huge_kb=14336 map_mb=16.5 verdict=thp-granted
HFT_BENCH_WARMUP 1/5 arm=classic rate=880800479
HFT_BENCH_WARMUP 2/5 arm=classic rate=986106562
HFT_BENCH_WARMUP 3/5 arm=classic rate=1163676474
HFT_BENCH_WARMUP 4/5 arm=classic rate=1139112263
HFT_BENCH_WARMUP 5/5 arm=classic rate=1041647447
HFT_BENCH_RUN 1/30 arm=classic rate=1113351439 cyc=2.33
HFT_BENCH_RUN 2/30 arm=classic rate=1183610293 cyc=2.19
HFT_BENCH_RUN 3/30 arm=classic rate=1155188596 cyc=2.25
HFT_BENCH_RUN 4/30 arm=classic rate=1213032238 cyc=2.14
HFT_BENCH_RUN 5/30 arm=classic rate=1196907460 cyc=2.17
HFT_BENCH_RUN 6/30 arm=classic rate=1215571164 cyc=2.14
HFT_BENCH_RUN 7/30 arm=classic rate=1194894435 cyc=2.17
HFT_BENCH_RUN 8/30 arm=classic rate=1218769350 cyc=2.13
HFT_BENCH_RUN 9/30 arm=classic rate=1156723346 cyc=2.24
HFT_BENCH_RUN 10/30 arm=classic rate=1197757677 cyc=2.17
HFT_BENCH_RUN 11/30 arm=classic rate=1154793022 cyc=2.25
HFT_BENCH_RUN 12/30 arm=classic rate=1195430956 cyc=2.17
HFT_BENCH_RUN 13/30 arm=classic rate=1182033798 cyc=2.20
HFT_BENCH_RUN 14/30 arm=classic rate=1201946974 cyc=2.16
HFT_BENCH_RUN 15/30 arm=classic rate=1162873937 cyc=2.23
HFT_BENCH_RUN 16/30 arm=classic rate=1199606809 cyc=2.16
HFT_BENCH_RUN 17/30 arm=classic rate=1175785989 cyc=2.21
HFT_BENCH_RUN 18/30 arm=classic rate=1199350829 cyc=2.16
HFT_BENCH_RUN 19/30 arm=classic rate=1176390287 cyc=2.21
HFT_BENCH_RUN 20/30 arm=classic rate=1201233412 cyc=2.16
HFT_BENCH_RUN 21/30 arm=classic rate=1176196078 cyc=2.21
HFT_BENCH_RUN 22/30 arm=classic rate=1203293631 cyc=2.16
HFT_BENCH_RUN 23/30 arm=classic rate=1166418786 cyc=2.23
HFT_BENCH_RUN 24/30 arm=classic rate=1196536577 cyc=2.17
HFT_BENCH_RUN 25/30 arm=classic rate=1183890075 cyc=2.19
HFT_BENCH_RUN 26/30 arm=classic rate=1199293959 cyc=2.16
HFT_BENCH_RUN 27/30 arm=classic rate=1184807914 cyc=2.19
HFT_BENCH_RUN 28/30 arm=classic rate=1199066534 cyc=2.17
HFT_BENCH_RUN 29/30 arm=classic rate=1206053525 cyc=2.15
HFT_BENCH_RUN 30/30 arm=classic rate=1222040498 cyc=2.12
HFT_BENCH_WARMUP 1/5 arm=span rate=3390136182
HFT_BENCH_WARMUP 2/5 arm=span rate=10698779636
HFT_BENCH_WARMUP 3/5 arm=span rate=11231853809
HFT_BENCH_WARMUP 4/5 arm=span rate=10928060662
HFT_BENCH_WARMUP 5/5 arm=span rate=10737614094
HFT_BENCH_RUN 1/30 arm=span rate=10555894075 cyc=0.25
HFT_BENCH_RUN 2/30 arm=span rate=10904503222 cyc=0.24
HFT_BENCH_RUN 3/30 arm=span rate=11523806269 cyc=0.23
HFT_BENCH_RUN 4/30 arm=span rate=10797203842 cyc=0.24
HFT_BENCH_RUN 5/30 arm=span rate=11724666234 cyc=0.22
HFT_BENCH_RUN 6/30 arm=span rate=10721682916 cyc=0.24
HFT_BENCH_RUN 7/30 arm=span rate=11348012383 cyc=0.23
HFT_BENCH_RUN 8/30 arm=span rate=10834204326 cyc=0.24
HFT_BENCH_RUN 9/30 arm=span rate=11571520073 cyc=0.22
HFT_BENCH_RUN 10/30 arm=span rate=11221886993 cyc=0.23
HFT_BENCH_RUN 11/30 arm=span rate=10801815075 cyc=0.24
HFT_BENCH_RUN 12/30 arm=span rate=11391456109 cyc=0.23
HFT_BENCH_RUN 13/30 arm=span rate=10980247020 cyc=0.24
HFT_BENCH_RUN 14/30 arm=span rate=11463740198 cyc=0.23
HFT_BENCH_RUN 15/30 arm=span rate=10932784369 cyc=0.24
HFT_BENCH_RUN 16/30 arm=span rate=11529321937 cyc=0.23
HFT_BENCH_RUN 17/30 arm=span rate=10832116319 cyc=0.24
HFT_BENCH_RUN 18/30 arm=span rate=7649543309 cyc=0.34
HFT_BENCH_RUN 19/30 arm=span rate=8752167067 cyc=0.30
HFT_BENCH_RUN 20/30 arm=span rate=10836525278 cyc=0.24
HFT_BENCH_RUN 21/30 arm=span rate=3987490048 cyc=0.65
HFT_BENCH_RUN 22/30 arm=span rate=10760455222 cyc=0.24
HFT_BENCH_RUN 23/30 arm=span rate=11358204598 cyc=0.23
HFT_BENCH_RUN 24/30 arm=span rate=10885496018 cyc=0.24
HFT_BENCH_RUN 25/30 arm=span rate=4159566157 cyc=0.62
HFT_BENCH_RUN 26/30 arm=span rate=10963588287 cyc=0.24
HFT_BENCH_RUN 27/30 arm=span rate=11608697647 cyc=0.22
HFT_BENCH_RUN 28/30 arm=span rate=11381204157 cyc=0.23
HFT_BENCH_RUN 29/30 arm=span rate=10899803917 cyc=0.24
HFT_BENCH_RUN 30/30 arm=span rate=9008405606 cyc=0.29
DIAG rx span: publications=786 polls=3109 prod_ms=1.9 bufwait_laps=187 resets=35 eos_parks=35 nbuf=16 rx_actual_cpu=2
ADVANCE_DIAGNOSTIC span: advances=0 advance_ms=0.0 us_per_advance=0.0 (F-5 reset/auto-advance hygiene — the synchronous bake tail the per-publication prepatch budget drains; HFT_PREPATCH_BUDGET prices it)
RXWARM_DIAGNOSTIC span: enabled=false fixes=0 uncovered=0 last_pass_fixes=0 (F-1 frame-entry warm start; the steady-state law is fixes==0 on pass>=2 — the kill rule reads persistent fixes)
RXBUILD_DIAGNOSTIC span: enabled=true patches=769860 last_pass_patches=21996 frames=21996 (F-2 publish-by-reference master; the steady-state law is every patchable entry patched exactly once per pass boundary)
DIAG cons span: parks=3 park_ms=0.2 slow_waits=3 slow_ms=0.3
LADDER_DIAGNOSTIC span: vectorized=false (F-3 entry walk; HFT_VEC_LADDER=1 arms the 8-entry group path — the Front A consumer IS the post-F-2 wall)
HFT_BENCH_WARMUP 1/5 arm=spec rate=488018747
HFT_BENCH_WARMUP 2/5 arm=spec rate=504690734
HFT_BENCH_RUN 1/30 arm=spec rate=502982002
HFT_BENCH_RUN 2/30 arm=spec rate=502156642
HFT_BENCH_RUN 3/30 arm=spec rate=505842929
HFT_BENCH_RUN 4/30 arm=spec rate=507026315
HFT_BENCH_RUN 5/30 arm=spec rate=505544662
HFT_BENCH_RUN 6/30 arm=spec rate=501653172
HFT_BENCH_RUN 7/30 arm=spec rate=500773163
HFT_BENCH_RUN 8/30 arm=spec rate=505995232
HFT_BENCH_RUN 9/30 arm=spec rate=506101544
HFT_BENCH_RUN 10/30 arm=spec rate=499717466
HFT_BENCH_RUN 11/30 arm=spec rate=504312863
HFT_BENCH_RUN 12/30 arm=spec rate=501892580
HFT_BENCH_RUN 13/30 arm=spec rate=495583969
HFT_BENCH_RUN 14/30 arm=spec rate=501210298
HFT_BENCH_RUN 15/30 arm=spec rate=501443816
HFT_BENCH_RUN 16/30 arm=spec rate=503433024
HFT_BENCH_RUN 17/30 arm=spec rate=505236148
HFT_BENCH_RUN 18/30 arm=spec rate=502636649
HFT_BENCH_RUN 19/30 arm=spec rate=498932793
HFT_BENCH_RUN 20/30 arm=spec rate=503087552
HFT_BENCH_RUN 21/30 arm=spec rate=503699211
HFT_BENCH_RUN 22/30 arm=spec rate=499682912
HFT_BENCH_RUN 23/30 arm=spec rate=500286811
HFT_BENCH_RUN 24/30 arm=spec rate=499658234
HFT_BENCH_RUN 25/30 arm=spec rate=498863907
HFT_BENCH_RUN 26/30 arm=spec rate=500485299
HFT_BENCH_RUN 27/30 arm=spec rate=500688404
HFT_BENCH_RUN 28/30 arm=spec rate=498312521
HFT_BENCH_RUN 29/30 arm=spec rate=499668105
HFT_BENCH_RUN 30/30 arm=spec rate=498154996
PR1_R23_PURE_INGEST_VERDICT rate=501653172 target=15000000000 -> FAIL (R23: 15B msg/s pure ingest with the speculative 512-bit slicer — the 20B mode's pricing row; the R8/R16 span-arm gates above stay the asserting floor)
DIAG rx spec: publications=416 polls=2784 prod_ms=1.0 bufwait_laps=140 resets=32 eos_parks=32 nbuf=16 rx_actual_cpu=2
ADVANCE_DIAGNOSTIC spec: advances=0 advance_ms=0.0 us_per_advance=0.0 (F-5 reset/auto-advance hygiene — the synchronous bake tail the per-publication prepatch budget drains; HFT_PREPATCH_BUDGET prices it)
RXWARM_DIAGNOSTIC spec: enabled=false fixes=0 uncovered=0 last_pass_fixes=0 (F-1 frame-entry warm start; the steady-state law is fixes==0 on pass>=2 — the kill rule reads persistent fixes)
RXBUILD_DIAGNOSTIC spec: enabled=true patches=351936 last_pass_patches=10998 frames=10998 (F-2 publish-by-reference master; the steady-state law is every patchable entry patched exactly once per pass boundary)
DIAG cons spec: parks=0 park_ms=0.0 slow_waits=0 slow_ms=0.0
PR1_R8_PURE_INGEST_VERDICT rate=10902153063 target=2000000000 -> PASS (R8: 2B msg/s pure ingest — full pipeline live, span emission, zero verification skipped)
PR1_R16_PURE_INGEST_VERDICT rate=10902153063 target=5000000000 -> PASS (R16: 5B msg/s pure ingest — the Double Helix program, docs/29)
{
  "median_cycles": 2.1707,
  "p95_cycles": 2.2481,
  "p99_cycles": 2.3318,
  "stddev": 0.0430,
  "cv_percent": 1.9814,
  "runs": 30,
  "warmup": 5,
  "cpu_model": "AMD EPYC 9V45 96-Core Processor",
  "freq_mhz": 2596.12,
  "target": "x86_64-unknown-linux-musl",
  "sink": "count+span",
  "sample": "data/tests/sample-mini.itch",
  "span_median_cycles": 0.2381,
  "span_p95_cycles": 0.6241,
  "span_p99_cycles": 0.6511,
  "span_stddev": 0.1017,
  "span_cv_percent": 42.7105,
  "span_rate_msg_per_sec": 10902153063,
  "r8_pure_ingest_target": 2000000000,
  "r8_pure_ingest_verdict": "PASS",
  "r16_pure_ingest_target": 5000000000,
  "r16_pure_ingest_verdict": "PASS",
  "spec_rate_msg_per_sec": 501653172,
  "r23_pure_ingest_target": 15000000000,
  "r23_pure_ingest_verdict": "FAIL"
}
R23_SPEC_INGEST_ROW spec_rate=501653172 verdict=FAIL (REPORTED)
ALL CONSTRAINTS PASSED
=== ALL CHECKS PASSED SUCCESSFULLY ===
