RUSTFLAGS (env): -C target-cpu=x86-64-v3
rustc: rustc 1.99.0 (b940084d7 2026-09-28)
target_arch="x86_64"
target_feature="fxsr"
target_feature="sse"
target_feature="sse2"
CPUS: 4
model name	: AMD EPYC 9V45 96-Core Processor
cpu0 siblings: 0-1 L3: 0-3
cpu1 siblings: 0-1 L3: 0-3
cpu2 siblings: 2-3 L3: 0-3
cpu3 siblings: 2-3 L3: 0-3
taskset: pid 2128's current affinity list: 0-3
=== 1. Mini Sample SHA256 Check ===
data/tests/sample-mini.itch: OK
=== 2. Build Workspace Release ===
[1m[92m    Updating[0m crates.io index
[1m[92m   Compiling[0m nf-protocol v0.1.0 (/home/runner/work/HFT-Proj/HFT-Proj/crates/nf-protocol)
[1m[92m   Compiling[0m nf-arbitrator v0.1.0 (/home/runner/work/HFT-Proj/HFT-Proj/crates/nf-arbitrator)
[1m[92m   Compiling[0m nf-transport v0.1.0 (/home/runner/work/HFT-Proj/HFT-Proj/crates/nf-transport)
[1m[92m   Compiling[0m nf-recovery v0.1.0 (/home/runner/work/HFT-Proj/HFT-Proj/crates/nf-recovery)
[1m[92m   Compiling[0m nf-testkit v0.1.0 (/home/runner/work/HFT-Proj/HFT-Proj/crates/nf-testkit)
[1m[92m   Compiling[0m nf-engine v0.1.0 (/home/runner/work/HFT-Proj/HFT-Proj/crates/nf-engine)
[1m[92m    Finished[0m `release` profile [optimized] target(s) in 24.46s
=== 3. Clippy Workspace ===
[1m[92m    Checking[0m nf-protocol v0.1.0 (/home/runner/work/HFT-Proj/HFT-Proj/crates/nf-protocol)
[1m[92m    Checking[0m nf-arbitrator v0.1.0 (/home/runner/work/HFT-Proj/HFT-Proj/crates/nf-arbitrator)
[1m[92m    Checking[0m nf-transport v0.1.0 (/home/runner/work/HFT-Proj/HFT-Proj/crates/nf-transport)
[1m[92m    Checking[0m nf-recovery v0.1.0 (/home/runner/work/HFT-Proj/HFT-Proj/crates/nf-recovery)
[1m[92m    Checking[0m nf-testkit v0.1.0 (/home/runner/work/HFT-Proj/HFT-Proj/crates/nf-testkit)
[1m[92m    Checking[0m nf-engine v0.1.0 (/home/runner/work/HFT-Proj/HFT-Proj/crates/nf-engine)
[1m[92m    Finished[0m `dev` profile [unoptimized + debuginfo] target(s) in 3.26s
=== 4. Negative Lint Tripwire Test ===
[1m[92m    Checking[0m lint-fixture v0.1.0 (/home/runner/work/HFT-Proj/HFT-Proj/tests/lint_fixture)
[1m[91merror[0m[1m: use of a disallowed type `alloc::vec::Vec`[0m
 [1m[94m--> [0msrc/lib.rs:7:23
  [1m[94m|[0m
[1m[94m7[0m [1m[94m|[0m     let _v: Vec<u8> = Vec::new();
  [1m[94m|[0m                       [1m[91m^^^[0m
  [1m[94m|[0m
  [1m[94m= [0m[1mnote[0m: Tier-F zero-allocation ban
  [1m[94m= [0m[1mhelp[0m: for further information visit https://rust-lang.github.io/rust-clippy/rust-1.99.0/index.html#disallowed_types
[1m[92mnote[0m: the lint level is defined here
 [1m[94m--> [0msrc/lib.rs:3:9
  [1m[94m|[0m
[1m[94m3[0m [1m[94m|[0m #![deny(clippy::disallowed_types)]
  [1m[94m|[0m         [1m[92m^^^^^^^^^^^^^^^^^^^^^^^^[0m

[1m[91merror[0m[1m: use of a disallowed type `alloc::vec::Vec`[0m
 [1m[94m--> [0msrc/lib.rs:7:13
  [1m[94m|[0m
[1m[94m7[0m [1m[94m|[0m     let _v: Vec<u8> = Vec::new();
  [1m[94m|[0m             [1m[91m^^^^^^^[0m
  [1m[94m|[0m
  [1m[94m= [0m[1mnote[0m: Tier-F zero-allocation ban
  [1m[94m= [0m[1mhelp[0m: for further information visit https://rust-lang.github.io/rust-clippy/rust-1.99.0/index.html#disallowed_types

[1m[91merror[0m[1m: use of a disallowed type `alloc::string::String`[0m
 [1m[94m--> [0msrc/lib.rs:8:22
  [1m[94m|[0m
[1m[94m8[0m [1m[94m|[0m     let _s: String = String::new();
  [1m[94m|[0m                      [1m[91m^^^^^^[0m
  [1m[94m|[0m
  [1m[94m= [0m[1mnote[0m: Tier-F zero-allocation ban
  [1m[94m= [0m[1mhelp[0m: for further information visit https://rust-lang.github.io/rust-clippy/rust-1.99.0/index.html#disallowed_types

[1m[91merror[0m[1m: use of a disallowed type `alloc::string::String`[0m
 [1m[94m--> [0msrc/lib.rs:8:13
  [1m[94m|[0m
[1m[94m8[0m [1m[94m|[0m     let _s: String = String::new();
  [1m[94m|[0m             [1m[91m^^^^^^[0m
  [1m[94m|[0m
  [1m[94m= [0m[1mnote[0m: Tier-F zero-allocation ban
  [1m[94m= [0m[1mhelp[0m: for further information visit https://rust-lang.github.io/rust-clippy/rust-1.99.0/index.html#disallowed_types

[1m[91merror[0m[1m: use of a disallowed type `std::collections::HashMap`[0m
 [1m[94m--> [0msrc/lib.rs:9:53
  [1m[94m|[0m
[1m[94m9[0m [1m[94m|[0m     let _map: std::collections::HashMap<u32, u32> = std::collections::HashMap::new();
  [1m[94m|[0m                                                     [1m[91m^^^^^^^^^^^^^^^^^^^^^^^^^[0m
  [1m[94m|[0m
  [1m[94m= [0m[1mnote[0m: Tier-F zero-allocation ban
  [1m[94m= [0m[1mhelp[0m: for further information visit https://rust-lang.github.io/rust-clippy/rust-1.99.0/index.html#disallowed_types

[1m[91merror[0m[1m: use of a disallowed type `std::collections::HashMap`[0m
 [1m[94m--> [0msrc/lib.rs:9:15
  [1m[94m|[0m
[1m[94m9[0m [1m[94m|[0m     let _map: std::collections::HashMap<u32, u32> = std::collections::HashMap::new();
  [1m[94m|[0m               [1m[91m^^^^^^^^^^^^^^^^^^^^^^^^^^^^^^^^^^^[0m
  [1m[94m|[0m
  [1m[94m= [0m[1mnote[0m: Tier-F zero-allocation ban
  [1m[94m= [0m[1mhelp[0m: for further information visit https://rust-lang.github.io/rust-clippy/rust-1.99.0/index.html#disallowed_types

[1m[91merror[0m[1m: use of a disallowed type `alloc::rc::Rc`[0m
  [1m[94m--> [0msrc/lib.rs:10:15
   [1m[94m|[0m
[1m[94m10[0m [1m[94m|[0m     let _rc = std::rc::Rc::new(42);
   [1m[94m|[0m               [1m[91m^^^^^^^^^^^[0m
   [1m[94m|[0m
   [1m[94m= [0m[1mnote[0m: Tier-F zero-allocation ban
   [1m[94m= [0m[1mhelp[0m: for further information visit https://rust-lang.github.io/rust-clippy/rust-1.99.0/index.html#disallowed_types

[1m[91merror[0m[1m: use of a disallowed type `alloc::sync::Arc`[0m
  [1m[94m--> [0msrc/lib.rs:11:16
   [1m[94m|[0m
[1m[94m11[0m [1m[94m|[0m     let _arc = std::sync::Arc::new(42);
   [1m[94m|[0m                [1m[91m^^^^^^^^^^^^^^[0m
   [1m[94m|[0m
   [1m[94m= [0m[1mnote[0m: Tier-F zero-allocation ban
   [1m[94m= [0m[1mhelp[0m: for further information visit https://rust-lang.github.io/rust-clippy/rust-1.99.0/index.html#disallowed_types

[1m[91merror[0m[1m: use of a disallowed method `alloc::string::ToString::to_string`[0m
  [1m[94m--> [0msrc/lib.rs:15:17
   [1m[94m|[0m
[1m[94m15[0m [1m[94m|[0m     let _s = 42.to_string();
   [1m[94m|[0m                 [1m[91m^^^^^^^^^[0m
   [1m[94m|[0m
   [1m[94m= [0m[1mnote[0m: Tier-M zero-allocation hot-loop ban
   [1m[94m= [0m[1mhelp[0m: for further information visit https://rust-lang.github.io/rust-clippy/rust-1.99.0/index.html#disallowed_methods
[1m[92mnote[0m: the lint level is defined here
  [1m[94m--> [0msrc/lib.rs:4:9
   [1m[94m|[0m
[1m[94m 4[0m [1m[94m|[0m #![deny(clippy::disallowed_methods)]
   [1m[94m|[0m         [1m[92m^^^^^^^^^^^^^^^^^^^^^^^^^^[0m

[1m[91merror[0m[1m: use of a disallowed method `alloc::borrow::ToOwned::to_owned`[0m
  [1m[94m--> [0msrc/lib.rs:17:24
   [1m[94m|[0m
[1m[94m17[0m [1m[94m|[0m     let _owned = slice.to_owned();
   [1m[94m|[0m                        [1m[91m^^^^^^^^[0m
   [1m[94m|[0m
   [1m[94m= [0m[1mnote[0m: Tier-M zero-allocation hot-loop ban
   [1m[94m= [0m[1mhelp[0m: for further information visit https://rust-lang.github.io/rust-clippy/rust-1.99.0/index.html#disallowed_methods

[1m[91merror[0m: could not compile `lint-fixture` (lib) due to 10 previous errors
=== 5. Unit & Conformance Tests ===
[1m[92m   Compiling[0m nf-protocol v0.1.0 (/home/runner/work/HFT-Proj/HFT-Proj/crates/nf-protocol)
[1m[92m   Compiling[0m nf-transport v0.1.0 (/home/runner/work/HFT-Proj/HFT-Proj/crates/nf-transport)
[1m[92m   Compiling[0m nf-arbitrator v0.1.0 (/home/runner/work/HFT-Proj/HFT-Proj/crates/nf-arbitrator)
[1m[92m   Compiling[0m nf-recovery v0.1.0 (/home/runner/work/HFT-Proj/HFT-Proj/crates/nf-recovery)
[1m[92m   Compiling[0m nf-testkit v0.1.0 (/home/runner/work/HFT-Proj/HFT-Proj/crates/nf-testkit)
[1m[92m   Compiling[0m nf-engine v0.1.0 (/home/runner/work/HFT-Proj/HFT-Proj/crates/nf-engine)
[1m[92m    Finished[0m `test` profile [optimized + debuginfo] target(s) in 12.00s
[1m[92m     Running[0m unittests src/lib.rs (target/debug/deps/nf_arbitrator-6363e96099bf9242)

running 0 tests

test result: ok. 0 passed; 0 failed; 0 ignored; 0 measured; 0 filtered out; finished in 0.00s

[1m[92m     Running[0m tests/compilefail.rs (target/debug/deps/compilefail-478af2cb6c91a996)

running 1 test
[1m[92m    Checking[0m nf-protocol v0.1.0 (/home/runner/work/HFT-Proj/HFT-Proj/crates/nf-protocol)
[1m[92m    Checking[0m nf-arbitrator v0.1.0 (/home/runner/work/HFT-Proj/HFT-Proj/crates/nf-arbitrator)
[1m[92m    Checking[0m nf-transport v0.1.0 (/home/runner/work/HFT-Proj/HFT-Proj/crates/nf-transport)
[1m[92m    Checking[0m nf-recovery v0.1.0 (/home/runner/work/HFT-Proj/HFT-Proj/crates/nf-recovery)
[1m[92m    Checking[0m nf-testkit v0.1.0 (/home/runner/work/HFT-Proj/HFT-Proj/crates/nf-testkit)
[1m[92m    Checking[0m nf-arbitrator-tests v0.0.0 (/home/runner/work/HFT-Proj/HFT-Proj/target/tests/trybuild/nf-arbitrator)
[1m[92m    Finished[0m `dev` profile [unoptimized + debuginfo] target(s) in 0.46s


test tests/ui/cf1_private_field_construction.rs ... ok
test tests/ui/cf2_private_field_read.rs ... ok
test tests/ui/cf3_destructure.rs ... ok
test tests/ui/cf4_lookalike_type.rs ... ok
test tests/ui/cf5_hold_across_calls.rs ... ok
test tests/ui/cf6_orphan_clone.rs ... ok


test test_compile_fail_suite ... ok

test result: ok. 1 passed; 0 failed; 0 ignored; 0 measured; 0 filtered out; finished in 1.59s

[1m[92m     Running[0m tests/sequencer_tests.rs (target/debug/deps/sequencer_tests-c037a0fdfcc57b5c)

running 19 tests
test test_r3_no_optin_unchanged ... ok
test test_r3_span_fallback_on_invalid ... ok
test test_r3_span_gap_staging_drain ... ok
test test_r3_span_equivalence_contiguous_flow ... ok
test test_r3_span_hb_eos ... ok
test test_u10_gen_law ... ok
test test_u11_seal ... ok
test test_u13_totality ... ok
test test_u14_byte_identity ... ok
test test_u2_partial_overlap ... ok
test test_u12_recovery_intent ... ok
test test_u1_dup_fast_path ... ok
test test_u3_reorder_disorder ... ok
test test_u4_window_clamp ... ok
test test_u6_session_change ... ok
test test_u7_heartbeat_gap ... ok
test test_u9_eos_then_data ... ok
test test_u8_eos_handling ... ok
test test_u_zombie_hazard ... ok

test result: ok. 19 passed; 0 failed; 0 ignored; 0 measured; 0 filtered out; finished in 0.00s

[1m[92m     Running[0m tests/split_watermark.rs (target/debug/deps/split_watermark-6b556bc238fd948b)

running 1 test
test test_a1_split_watermark_discriminator ... ok

test result: ok. 1 passed; 0 failed; 0 ignored; 0 measured; 0 filtered out; finished in 0.05s

[1m[92m     Running[0m unittests src/lib.rs (target/debug/deps/nf_engine-2835e0eb584a1f80)

running 4 tests
test histogram::tests::test_static_histogram_percentiles ... ok
test tail_study::tests::test_p2_l1_unit_law_per_message_stamps ... ok
test tests::test_audit_in_memory_stream ... ok
test tests::test_audit_truncated_tail ... ok

test result: ok. 4 passed; 0 failed; 0 ignored; 0 measured; 0 filtered out; finished in 0.00s

[1m[92m     Running[0m unittests src/bin/audit.rs (target/debug/deps/audit-0ffa5e810830aa34)

running 0 tests

test result: ok. 0 passed; 0 failed; 0 ignored; 0 measured; 0 filtered out; finished in 0.00s

[1m[92m     Running[0m unittests src/bin/bench.rs (target/debug/deps/bench-8d7d78bca1894c8b)

running 0 tests

test result: ok. 0 passed; 0 failed; 0 ignored; 0 measured; 0 filtered out; finished in 0.00s

[1m[92m     Running[0m unittests src/bin/hft_bench.rs (target/debug/deps/hft_bench-77e0d5531fa87c9d)

running 0 tests

test result: ok. 0 passed; 0 failed; 0 ignored; 0 measured; 0 filtered out; finished in 0.00s

[1m[92m     Running[0m unittests src/bin/kbench.rs (target/debug/deps/kbench-4bb94fa949f08972)

running 0 tests

test result: ok. 0 passed; 0 failed; 0 ignored; 0 measured; 0 filtered out; finished in 0.00s

[1m[92m     Running[0m unittests src/bin/replay.rs (target/debug/deps/replay-0ff2083d86b40b63)

running 0 tests

test result: ok. 0 passed; 0 failed; 0 ignored; 0 measured; 0 filtered out; finished in 0.00s

[1m[92m     Running[0m tests/xdp_tests.rs (target/debug/deps/xdp_tests-51cc3573b9588ba6)

running 6 tests
test test_x1_xdp_smoke ... ok
test test_x4_fill_ring_discipline ... ok
test test_x6_malicious_frames ... ok
test test_x5_alloc_window_xdp ... ok
test test_x3_scripted_dual_drop ... ok
test test_x2_conformance_mini ... ok

test result: ok. 6 passed; 0 failed; 0 ignored; 0 measured; 0 filtered out; finished in 0.03s

[1m[92m     Running[0m unittests src/lib.rs (target/debug/deps/nf_protocol-885ff5d190450fa5)

running 21 tests
test gates::tests::test_gates_tripwires_fail_on_bad_inputs ... ok
test itch5::tests::t2_tv_it2_stock_directory ... ok
test itch5::tests::t3_case_trap ... ok
test itch5::tests::t1_tv_it1_system_event ... ok
test itch5::tests::t4_synthetic_add_order ... ok
test itch5::tests::t5_table_totality ... ok
test itch5::tests::t6_error_paths ... ok
test itch5::tests::t7_extended_overlays ... ok
test moldudp64::tests::t11_span_calculation ... ok
test moldudp64::tests::t13_spec_slice_edges ... ok
test moldudp64::tests::t1_tv1_golden ... ok
test moldudp64::tests::t2_t3_heartbeat_and_eos ... ok
test moldudp64::tests::t4_encode_request ... ok
test moldudp64::tests::t5_truncated_frame ... ok
test moldudp64::tests::t6_block_overrun ... ok
test moldudp64::tests::t7_trailing_bytes ... ok
test moldudp64::tests::t9_seq_overflow ... ok
test moldudp64::tests::t8_zero_length_message ... ok
test packet::tests::test_validate_frame_synthetic ... ok
test moldudp64::tests::t10_round_trip_property ... ok
test moldudp64::tests::t12_spec_slice_matches_blocks ... ok

test result: ok. 21 passed; 0 failed; 0 ignored; 0 measured; 0 filtered out; finished in 0.04s

[1m[92m     Running[0m unittests src/lib.rs (target/debug/deps/nf_recovery-a4273f375a48027e)

running 0 tests

test result: ok. 0 passed; 0 failed; 0 ignored; 0 measured; 0 filtered out; finished in 0.00s

[1m[92m     Running[0m tests/recovery_tests.rs (target/debug/deps/recovery_tests-6c123f8406540150)

running 17 tests
test test_r10_session_boundary_during_recovery ... ok
test test_r11_socket_disconnect ... ok
test test_r12_vt_grace_stepping ... ok
test test_r13_retry_counting_determinism ... ok
test test_r14_state_transition_matrix ... ok
test test_e2e_2b_split_dual_drop ... ok
test test_e2e_2a_canonical_dual_drop ... ok
test test_e2e_2c_double_run_confluence ... ok
test test_r4_request_encode_from_intent ... ok
test test_r1_fakeserver_drop_request_fault ... ok
test test_r5_partial_fill_truncate_after ... ok
test test_r7_silence_dead ... ok
test test_r3_inv_r5_wrong_session ... ok
test test_r2_fakeserver_drop_response_fault ... ok
test test_r9_dual_drop_repair ... ok
test test_r6_drop_request_dead ... ok
test test_r8_duplicate_first ... ok

test result: ok. 17 passed; 0 failed; 0 ignored; 0 measured; 0 filtered out; finished in 0.16s

[1m[92m     Running[0m unittests src/lib.rs (target/debug/deps/nf_testkit-c60ad869f026b239)

running 76 tests
test affinity::fabric_placement_tests::t_fabric_placement_distinct_workers_on_distinct_cores ... ok
test affinity::l3_tests::t_l3_groups_partition ... ok
test affinity::l3_tests::t_topology_verification_same_cpu_violates ... ok
test affinity::l3_tests::t_pipeline_placement_distinct ... ok
test affinity::fabric_placement_tests::t_fabric_placement_no_worker_on_main_sibling_when_possible ... ok
test affinity::l3_tests::t_topology_verification_placement_consistent ... ok
test affinity::tests::t_affinity_order_nonempty_and_bounded ... ok
test affinity::tests::t_affinity_pin_roundtrip ... ok
test batch_parity::t_r12_soa_parity_default_schedule ... ok
test batch_parity::t_r12_soa_parity_lossy_schedule ... ok
test batch_parity::t_r12_soa_parity_multi_pass_resets ... ok
test batch_parity::t_r12_soa_parity_reorder_schedule ... ok
test batch_parity::t_r12_soa_parity_session_split ... ok
test batch_parity::t_r12_soa_parity_single_feed_seeded ... ok
test batch_parity::t_r8_batch_parity_default_schedule ... ok
test batch_parity::t_r8_batch_parity_fast_sink ... ok
test batch_parity::t_r8_batch_parity_lossy_schedule ... ok
test batch_parity::t_r8_batch_parity_multi_pass_reset ... ok
test batch_parity::t_r8_batch_parity_per_message_sink ... ok
test batch_parity::t_r8_batch_parity_reorder_schedule ... ok
test batch_parity::t_r8_batch_parity_session_split ... ok
test batch_parity::t_r8_batch_parity_single_feed_seeded ... ok
test batch_parity::t_r8_coalesced_pacing_parity ... ok
test batch_parity::t_r8_pipeline_parity_canonical ... ok
test crcfold::tests::t_affine_kernel_8lane_differential ... ok
test crcfold::tests::t_affine_kernel_models ... ok
test crcfold::tests::t_affine_kernel_scalar_differential ... ok
test crcfold::tests::t_affine_span_derivation_oracle ... ok
test crcfold::tests::t_dfold_constants_derivation ... ok
test crcfold::tests::t_fold_differential_exhaustive ... ok
test crcfold::tests::t_gfni_bitrev_matrix ... ok
test crcfold::tests::t_golden_vectors ... ok
test crcfold::tests::t_ofold_constants_derivation ... ok
test crcfold::tests::t_r23c_tag_core ... ok
test crcfold::tests::t_reference_matches_standard_vector ... ok
test crcfold::tests::t_reflect_constants_derivation ... ok
test crcfold::tests::t_spec_slice_vec_differential ... ok
test crcfold::tests::t_transpose_arena_public_api ... ok
test crcfold::tests::t_tri_constants_derivation ... ok
test crcfold::tests::t_vend_constants_derivation ... ok
test crcfold::tests::t_vtail_constants_derivation ... ok
test hydra::tests::t_hydra_bitparity_chaos_schedule ... ok
test hydra::tests::t_hydra_bitparity_default_schedule ... ok
test batch_parity::t_f2_rxbuild_chaos_sustained_soak ... ok
test batch_parity::t_f1_rxwarm_chaos_sustained_soak ... ok
test hydra::tests::t_hydra_bitparity_ring_wraparound ... ok
test hydra::tests::t_hydra_bitparity_seeded_range ... ok
test hydra::tests::t_hydra_bitparity_worker_counts ... ok
test hydra::tests::t_hydra_crosspass_overlap_bitparity ... ok
test hydra::tests::t_r23c_affine_ledger_pipeline_parity ... ok
test hydra::tests::t_r23c_affine_tag_parity ... ok
test hydra::tests::t_hydra_bitparity_fixed1 ... ok
test batch_parity::t_i7_prepatch_chaos_sustained_soak ... ok
test soa::tests::t_ladder_alternating_group_passes ... ok
test soa::tests::t_ladder_avx512_matches_scalar_when_present ... ok
test soa::tests::t_ladder_gap_fails ... ok
test soa::tests::t_ladder_pair_mismatch_fails ... ok
test soa::tests::t_ladder_partial_dup_fails_or_passes_correctly ... ok
test soa::tests::t_ladder_two_emits_fails ... ok
test soa::tests::t_ladder_wrapping_group_rejected ... ok
test tests::t10_max_rate_mode ... ok
test tests::t1_golden_walker_mini ... ok
test tests::t2_schedule_determinism ... ok
test tests::t3_packetization_modes ... ok
test tests::t4_render_round_trip ... ok
test tests::t5_accounting_identity_guarantee_coverage ... ok
test tests::t6_th1_structure ... ok
test tests::t7_session_split_invariance ... ok
test tests::t8_delay_distribution_sanity ... ok
test tests::t9_full_mini_chaos_run ... ok
test tests::test_e2e_1_mini_chaos_conformance ... ok
test tests::test_e2e_1b_mini_chaos_determinism_double_run ... ok
test hydra::tests::t_rxdesc_sustained_multipass_parity ... ok
test tests::test_u5_w1_property_1m_ops ... ok
test hydra::tests::t_hydra_pipeline_soa_chaos_bitparity ... ok
test hydra::tests::t_rxdesc_parity_matrix ... ok

test result: ok. 76 passed; 0 failed; 0 ignored; 0 measured; 0 filtered out; finished in 4.71s

[1m[92m     Running[0m unittests src/bin/diff_oracle.rs (target/debug/deps/diff_oracle-fa81e8970129c313)

running 0 tests

test result: ok. 0 passed; 0 failed; 0 ignored; 0 measured; 0 filtered out; finished in 0.00s

[1m[92m     Running[0m unittests src/bin/fakeserver.rs (target/debug/deps/fakeserver-cafe9c737f62a6cf)

running 0 tests

test result: ok. 0 passed; 0 failed; 0 ignored; 0 measured; 0 filtered out; finished in 0.00s

[1m[92m     Running[0m unittests src/bin/fbench.rs (target/debug/deps/fbench-125af8e1b5e4ff98)

running 0 tests

test result: ok. 0 passed; 0 failed; 0 ignored; 0 measured; 0 filtered out; finished in 0.00s

[1m[92m     Running[0m unittests src/bin/fuzz_campaign.rs (target/debug/deps/fuzz_campaign-5df8befc36b68eb5)

running 0 tests

test result: ok. 0 passed; 0 failed; 0 ignored; 0 measured; 0 filtered out; finished in 0.00s

[1m[92m     Running[0m unittests src/bin/matrix_sweep.rs (target/debug/deps/matrix_sweep-7c6987c33b3656ab)

running 0 tests

test result: ok. 0 passed; 0 failed; 0 ignored; 0 measured; 0 filtered out; finished in 0.00s

[1m[92m     Running[0m unittests src/bin/spec_server.rs (target/debug/deps/spec_server-cb8f9ed5a20ba269)

running 0 tests

test result: ok. 0 passed; 0 failed; 0 ignored; 0 measured; 0 filtered out; finished in 0.00s

[1m[92m     Running[0m unittests src/bin/venue.rs (target/debug/deps/venue-785153f8a034a3bf)

running 0 tests

test result: ok. 0 passed; 0 failed; 0 ignored; 0 measured; 0 filtered out; finished in 0.00s

[1m[92m     Running[0m unittests src/bin/window_sweep.rs (target/debug/deps/window_sweep-6d125350cd8689be)

running 0 tests

test result: ok. 0 passed; 0 failed; 0 ignored; 0 measured; 0 filtered out; finished in 0.00s

[1m[92m     Running[0m unittests src/lib.rs (target/debug/deps/nf_transport-1bacef6ed3ea05d1)

running 24 tests
test pipeline::tests::t_pipeline_armed_rejects_plain_reset ... ok
test pipeline::tests::t_pipeline_auto_advance_session_divergence_failstops ... ok
test pipeline::tests::t_pipeline_auto_advance_multi_pass ... ok
test pipeline::tests::t_pipeline_coalesce128 ... ok
test pipeline::tests::t_pipeline_single_pass_coalesce1 ... ok
test pipeline::tests::t_pipeline_multi_reset ... ok
test pipeline::tests::t_pipeline_single_pass_coalesce8 ... ok
test pipeline::tests::t_rxbuild_constant_session ... ok
test pipeline::tests::t_rxbuild_mid_pass_abandon ... ok
test pipeline::tests::t_nbuf32_parity_vs_depth16 ... ok
test pipeline::tests::t_rxbuild_parity_vs_classic ... ok
test pipeline::tests::t_rxwarm_mid_pass_abandon ... ok
test render::tests::t_r2_memo_all_valid ... ok
test render::tests::t_r2_memo_default_trait_none ... ok
test render::tests::t_r2_memo_exact_prefix ... ok
test pipeline::tests::t_rxwarm_unarmed_constant_session ... ok
test render::tests::t_r2_memo_none_for_hb ... ok
test render::tests::t_r2_memo_none_oob ... ok
test render::tests::t_r2_memo_stable_across_reset ... ok
test render::tests::t_r8_batch_entries_match_side_tables ... ok
test render::tests::t_r9_aliasing_dual_feed_identical_bytes_and_smaller_blob ... ok
test render::tests::t_r9_aliasing_not_for_distinct_ranges ... ok
test pipeline::tests::t_rxwarm_parity_vs_classic ... ok
test pipeline::tests::t_prepatch_marker_sentinel_head_invariant ... ok

test result: ok. 24 passed; 0 failed; 0 ignored; 0 measured; 0 filtered out; finished in 0.11s

[1m[92m   Doc-tests[0m nf_arbitrator

running 0 tests

test result: ok. 0 passed; 0 failed; 0 ignored; 0 measured; 0 filtered out; finished in 0.00s

[1m[92m   Doc-tests[0m nf_engine

running 0 tests

test result: ok. 0 passed; 0 failed; 0 ignored; 0 measured; 0 filtered out; finished in 0.00s

[1m[92m   Doc-tests[0m nf_protocol

running 0 tests

test result: ok. 0 passed; 0 failed; 0 ignored; 0 measured; 0 filtered out; finished in 0.00s

[1m[92m   Doc-tests[0m nf_recovery

running 0 tests

test result: ok. 0 passed; 0 failed; 0 ignored; 0 measured; 0 filtered out; finished in 0.00s

[1m[92m   Doc-tests[0m nf_testkit

running 0 tests

test result: ok. 0 passed; 0 failed; 0 ignored; 0 measured; 0 filtered out; finished in 0.00s

[1m[92m   Doc-tests[0m nf_transport

running 0 tests

test result: ok. 0 passed; 0 failed; 0 ignored; 0 measured; 0 filtered out; finished in 0.00s

=== 6. Full Day Audit & Histogram Diff ===
[1m[92m    Finished[0m `release` profile [optimized] target(s) in 0.01s
[1m[92m     Running[0m `target/release/audit data/tests/sample-mini.itch`
AUDIT file=data/tests/sample-mini.itch bytes=14999991 blocks=505849 violations=0 truncated_tail=true
HIST 0x41 A len=36 count=180684 pct=35.72
HIST 0x43 C len=36 count=20 pct=0.00
HIST 0x44 D len=19 count=164385 pct=32.50
HIST 0x45 E len=31 count=1507 pct=0.30
HIST 0x46 F len=40 count=27934 pct=5.52
HIST 0x48 H len=25 count=8900 pct=1.76
HIST 0x4C L len=26 count=6171 pct=1.22
HIST 0x4E N len=20 count=76670 pct=15.16
HIST 0x50 P len=44 count=1544 pct=0.31
HIST 0x52 R len=39 count=8906 pct=1.76
HIST 0x53 S len=12 count=3 pct=0.00
HIST 0x55 U len=35 count=18395 pct=3.64
HIST 0x56 V len=35 count=1 pct=0.00
HIST 0x58 X len=23 count=1821 pct=0.36
HIST 0x59 Y len=20 count=8908 pct=1.76
=== 7. Replay Conformance & Golden Hash Check ===
[1m[92m    Finished[0m `release` profile [optimized] target(s) in 0.00s
[1m[92m     Running[0m `target/release/replay --config ci-mode1.toml`
BLOB_BACKING mode=mmap anon_huge_kb=16384 map_mb=16.5 verdict=thp-granted
VERDICT hash=0xF6EF154EFDE905D8 count=505849 watermark=255850 violations=0
=== 8. Zero-Allocation Window (ALLOC_DELTA=0) ===
BLOB_BACKING mode=mmap anon_huge_kb=14336 map_mb=16.5 verdict=thp-granted
WINDOW_BEGIN
WINDOW_END
ALLOC_DELTA=0
VERDICT hash=0xF6EF154EFDE905D8 count=505849 watermark=255850 violations=0
=== 9. Kernel Syscall Strace Diff Probe ===
BLOB_BACKING mode=mmap anon_huge_kb=16384 map_mb=16.5 verdict=thp-granted
BLOB_BACKING mode=mmap anon_huge_kb=16384 map_mb=16.5 verdict=thp-granted
VERDICT hash=0xF6EF154EFDE905D8 count=505849 watermark=255850 violations=0
=== 10. Venue Sender & XDP Transport Smoke Check ===
[1m[92m    Finished[0m `release` profile [optimized] target(s) in 0.00s
[1m[92m     Running[0m `target/release/venue --sample data/tests/sample-mini.itch`
VENUE_SENDER starting: sending 101202 events
VENUE_SENDER finished: 101202 packets transmitted
=== 11. Benchmark & G12-T1 Tail Attribution Study ===
[1m[92m    Finished[0m `release` profile [optimized] target(s) in 0.00s
[1m[92m     Running[0m `target/release/bench --sample data/tests/sample-mini.itch --runs 5 --study`
BENCH_CALIBRATION invariant_tsc=true freq_mhz=2596.13 mark_overhead_cycles=52
=== 1. PR-1 UN-INSTRUMENTED BURST THROUGHPUT EVALUATION ===
BLOB_BACKING mode=mmap anon_huge_kb=14336 map_mb=16.5 verdict=thp-granted
BENCH mode=replay-burst-uninstrumented msgs=505849 rate=858057632 allocs=0 freq=2596.13MHz run=1
BENCH mode=replay-burst-uninstrumented msgs=505849 rate=859341846 allocs=0 freq=2596.13MHz run=2
BENCH mode=replay-burst-uninstrumented msgs=505849 rate=906130206 allocs=0 freq=2596.13MHz run=3
BENCH mode=replay-burst-uninstrumented msgs=505849 rate=908281112 allocs=0 freq=2596.13MHz run=4
BENCH mode=replay-burst-uninstrumented msgs=505849 rate=950695662 allocs=0 freq=2596.13MHz run=5
BENCH_MEDIAN mode=replay-burst-uninstrumented rate=906130206
PR1_TITAN_VERDICT rate=906130206 target=100000000 -> PASS (span conformance: every emitted byte CRC32C-checked in-window, 8 lanes)
=== 2. PR-1 SUSTAINED LOOP MODE (>= 5 SECONDS) ===
BENCH mode=replay-sustained-5s total_msgs=4798483614 duration=5.00s sustained_rate=959666305 msg/s allocs=0
PR1_TITAN_SUSTAINED_VERDICT rate=959666305 target=100000000 -> PASS
=== 3. SAMPLED MARKS EVALUATION (1-in-256) & PR-2 VERDICT ===
BENCH mode=replay-core-sampled-256-fast msgs=505849 rate=65055082 p50=52 p99=78 mean=58.02 allocs=0 freq=2596.13MHz run=1
BENCH mode=replay-core-sampled-256-fast msgs=505849 rate=67895658 p50=52 p99=78 mean=57.95 allocs=0 freq=2596.13MHz run=2
BENCH mode=replay-core-sampled-256-fast msgs=505849 rate=67635181 p50=52 p99=78 mean=59.67 allocs=0 freq=2596.13MHz run=3
BENCH mode=replay-core-sampled-256-fast msgs=505849 rate=67223807 p50=52 p99=78 mean=60.04 allocs=0 freq=2596.13MHz run=4
BENCH mode=replay-core-sampled-256-fast msgs=505849 rate=67595531 p50=52 p99=78 mean=59.87 allocs=0 freq=2596.13MHz run=5
PR2_SAMPLED_VERDICT rate=67595531 p50=52 p99=78 (tax=92.54%) -> p50 < 60: PASS, p99 < 150: PASS
=== 4. H5 PACKET-SIZE SWEEP ===
H5_SWEEP packetize=Fixed(1) packets=1011710 rep=1 p50=104 p99=130 p99.9=156
H5_SWEEP packetize=Fixed(1) packets=1011710 rep=2 p50=104 p99=130 p99.9=156
H5_SWEEP packetize=Fixed(16) packets=63258 rep=1 p50=104 p99=130 p99.9=156
H5_SWEEP packetize=Fixed(16) packets=63258 rep=2 p50=104 p99=130 p99.9=156
H5_SWEEP packetize=MtuBound(1400) packets=21996 rep=1 p50=78 p99=130 p99.9=156
H5_SWEEP packetize=MtuBound(1400) packets=21996 rep=2 p50=104 p99=130 p99.9=130
=== 5. G12-T1 TAIL ATTRIBUTION STUDY PHASE 2 (PER-MESSAGE MEASUREMENT) ===
BENCH mode=replay-core-msg arm=cold msgs=505849 rate=15278034 raw[p50=78 p90=130 p99=130 p99.99=364 max=50180] adj[p50=26 p90=78 p99=78 p99.99=312 max=50128] allocs=0 freq=2596.13MHz run=1
BENCH mode=replay-core-msg arm=cold msgs=505849 rate=15608192 raw[p50=78 p90=130 p99=130 p99.99=338 max=45500] adj[p50=26 p90=78 p99=78 p99.99=286 max=45448] allocs=0 freq=2596.13MHz run=2
BENCH mode=replay-core-msg arm=cold msgs=505849 rate=15643074 raw[p50=78 p90=130 p99=130 p99.99=286 max=46566] adj[p50=26 p90=78 p99=78 p99.99=234 max=46514] allocs=0 freq=2596.13MHz run=3
BENCH mode=replay-core-msg arm=cold msgs=505849 rate=15607937 raw[p50=78 p90=130 p99=130 p99.99=338 max=68744] adj[p50=26 p90=78 p99=78 p99.99=286 max=68692] allocs=0 freq=2596.13MHz run=4
BENCH mode=replay-core-msg arm=cold msgs=505849 rate=15622158 raw[p50=78 p90=130 p99=130 p99.99=390 max=32578] adj[p50=26 p90=78 p99=78 p99.99=338 max=32526] allocs=0 freq=2596.13MHz run=5
T1_PHASE2 arm=cold rate=15608192 raw[p50=78 p90=130 p99=130 p99.9=130 p99.99=338 max=46566] adj[p50=26 p90=78 p99=78 p99.9=78 p99.99=286 max=46514] unknown_pct=0.00% (samples_above_p99=60283)
BENCH mode=replay-core-msg arm=prefault msgs=505849 rate=12628652 raw[p50=78 p90=130 p99=130 p99.99=36352 max=753506] adj[p50=26 p90=78 p99=78 p99.99=36352 max=753454] allocs=0 freq=2596.13MHz run=1
BENCH mode=replay-core-msg arm=prefault msgs=505849 rate=15798017 raw[p50=78 p90=130 p99=130 p99.99=338 max=31304] adj[p50=26 p90=78 p99=78 p99.99=286 max=31252] allocs=0 freq=2596.13MHz run=2
BENCH mode=replay-core-msg arm=prefault msgs=505849 rate=15444039 raw[p50=78 p90=130 p99=130 p99.99=3744 max=36686] adj[p50=26 p90=78 p99=78 p99.99=3680 max=36634] allocs=0 freq=2596.13MHz run=3
BENCH mode=replay-core-msg arm=prefault msgs=505849 rate=15706789 raw[p50=78 p90=130 p99=130 p99.99=182 max=38402] adj[p50=26 p90=78 p99=78 p99.99=130 max=38350] allocs=0 freq=2596.13MHz run=4
BENCH mode=replay-core-msg arm=prefault msgs=505849 rate=15217207 raw[p50=78 p90=130 p99=130 p99.99=9216 max=188422] adj[p50=26 p90=78 p99=78 p99.99=9216 max=188370] allocs=0 freq=2596.13MHz run=5
T1_PHASE2 arm=prefault rate=15444039 raw[p50=78 p90=130 p99=130 p99.9=130 p99.99=3744 max=38402] adj[p50=26 p90=78 p99=78 p99.9=78 p99.99=3680 max=38350] unknown_pct=0.00% (samples_above_p99=59867)
BENCH mode=replay-core-msg arm=empty msgs=1011698 rate=24070131 raw[p50=52 p90=52 p99=52 p99.99=78 max=28366] adj[p50=0 p90=0 p99=0 p99.99=26 max=28314] allocs=0 freq=2596.13MHz run=1
BENCH mode=replay-core-msg arm=empty msgs=1011698 rate=24105811 raw[p50=52 p90=52 p99=52 p99.99=78 max=34502] adj[p50=0 p90=0 p99=0 p99.99=26 max=34450] allocs=0 freq=2596.13MHz run=2
BENCH mode=replay-core-msg arm=empty msgs=1011698 rate=23969953 raw[p50=52 p90=52 p99=52 p99.99=78 max=37908] adj[p50=0 p90=0 p99=0 p99.99=26 max=37856] allocs=0 freq=2596.13MHz run=3
BENCH mode=replay-core-msg arm=empty msgs=1011698 rate=24118306 raw[p50=52 p90=52 p99=52 p99.99=78 max=26208] adj[p50=0 p90=0 p99=0 p99.99=26 max=26156] allocs=0 freq=2596.13MHz run=4
BENCH mode=replay-core-msg arm=empty msgs=1011698 rate=23015759 raw[p50=52 p90=52 p99=52 p99.99=78 max=48932] adj[p50=0 p90=0 p99=0 p99.99=26 max=48880] allocs=0 freq=2596.13MHz run=5
T1_PHASE2 arm=empty rate=24070131 raw[p50=52 p90=52 p99=52 p99.9=52 p99.99=78 max=34502] adj[p50=0 p90=0 p99=0 p99.9=0 p99.99=26 max=34450] unknown_pct=0.00% (samples_above_p99=364562)
STUDY_REPORT written to docs/artifacts/tail-study/study-report.md
=== 6. TARGET-1 PHASE A: 3-ARM SKELETON BASELINE SWEEP (20 RUNS) ===
BENCH mode=replay-core-msg arm=empty msgs=1011698 rate=23530713 raw[p50=52 p90=52 p99=52 p99.99=78 max=95108] adj[p50=0 p90=0 p99=0 p99.99=26 max=95056] allocs=0 freq=2596.13MHz run=1
T1_PHASE2 arm=empty rate=23530713 raw[p50=52 p90=52 p99=52 p99.9=52 p99.99=78 max=95108] adj[p50=0 p90=0 p99=0 p99.9=0 p99.99=26 max=95056] unknown_pct=0.00% (samples_above_p99=350072)
BENCH mode=replay-core-msg arm=loop msgs=1011698 rate=24237710 raw[p50=52 p90=52 p99=52 p99.99=78 max=44408] adj[p50=0 p90=0 p99=0 p99.99=26 max=44356] allocs=0 freq=2596.13MHz run=1
T1_PHASE2 arm=loop rate=24237710 raw[p50=52 p90=52 p99=52 p99.9=52 p99.99=78 max=44408] adj[p50=0 p90=0 p99=0 p99.9=0 p99.99=26 max=44356] unknown_pct=0.00% (samples_above_p99=324268)
BENCH mode=replay-core-msg arm=cold msgs=505849 rate=15731767 raw[p50=78 p90=130 p99=130 p99.99=182 max=35308] adj[p50=26 p90=78 p99=78 p99.99=130 max=35256] allocs=0 freq=2596.13MHz run=1
T1_PHASE2 arm=cold rate=15731767 raw[p50=78 p90=130 p99=130 p99.9=130 p99.99=182 max=35308] adj[p50=26 p90=78 p99=78 p99.9=78 p99.99=130 max=35256] unknown_pct=0.00% (samples_above_p99=58393)
BENCH mode=replay-core-msg arm=empty msgs=1011698 rate=24100544 raw[p50=52 p90=52 p99=52 p99.99=78 max=24856] adj[p50=0 p90=0 p99=0 p99.99=26 max=24804] allocs=0 freq=2596.13MHz run=1
T1_PHASE2 arm=empty rate=24100544 raw[p50=52 p90=52 p99=52 p99.9=52 p99.99=78 max=24856] adj[p50=0 p90=0 p99=0 p99.9=0 p99.99=26 max=24804] unknown_pct=0.00% (samples_above_p99=322743)
BENCH mode=replay-core-msg arm=loop msgs=1011698 rate=24186544 raw[p50=52 p90=52 p99=52 p99.99=78 max=47138] adj[p50=0 p90=0 p99=0 p99.99=26 max=47086] allocs=0 freq=2596.13MHz run=1
T1_PHASE2 arm=loop rate=24186544 raw[p50=52 p90=52 p99=52 p99.9=52 p99.99=78 max=47138] adj[p50=0 p90=0 p99=0 p99.9=0 p99.99=26 max=47086] unknown_pct=0.00% (samples_above_p99=324115)
BENCH mode=replay-core-msg arm=cold msgs=505849 rate=15099924 raw[p50=78 p90=130 p99=130 p99.99=702 max=440622] adj[p50=26 p90=78 p99=78 p99.99=650 max=440570] allocs=0 freq=2596.13MHz run=1
T1_PHASE2 arm=cold rate=15099924 raw[p50=78 p90=130 p99=130 p99.9=130 p99.99=702 max=440622] adj[p50=26 p90=78 p99=78 p99.9=78 p99.99=650 max=440570] unknown_pct=0.00% (samples_above_p99=62496)
BENCH mode=replay-core-msg arm=empty msgs=1011698 rate=24035065 raw[p50=52 p90=52 p99=52 p99.99=78 max=35334] adj[p50=0 p90=0 p99=0 p99.99=26 max=35282] allocs=0 freq=2596.13MHz run=1
T1_PHASE2 arm=empty rate=24035065 raw[p50=52 p90=52 p99=52 p99.9=52 p99.99=78 max=35334] adj[p50=0 p90=0 p99=0 p99.9=0 p99.99=26 max=35282] unknown_pct=0.00% (samples_above_p99=325063)
BENCH mode=replay-core-msg arm=loop msgs=1011698 rate=23722958 raw[p50=52 p90=52 p99=52 p99.99=78 max=46566] adj[p50=0 p90=0 p99=0 p99.99=26 max=46514] allocs=0 freq=2596.13MHz run=1
T1_PHASE2 arm=loop rate=23722958 raw[p50=52 p90=52 p99=52 p99.9=52 p99.99=78 max=46566] adj[p50=0 p90=0 p99=0 p99.9=0 p99.99=26 max=46514] unknown_pct=0.00% (samples_above_p99=340048)
BENCH mode=replay-core-msg arm=cold msgs=505849 rate=15115965 raw[p50=78 p90=130 p99=130 p99.99=182 max=48282] adj[p50=26 p90=78 p99=78 p99.99=130 max=48230] allocs=0 freq=2596.13MHz run=1
T1_PHASE2 arm=cold rate=15115965 raw[p50=78 p90=130 p99=130 p99.9=130 p99.99=182 max=48282] adj[p50=26 p90=78 p99=78 p99.9=78 p99.99=130 max=48230] unknown_pct=0.00% (samples_above_p99=97835)
BENCH mode=replay-core-msg arm=empty msgs=1011698 rate=22985752 raw[p50=52 p90=52 p99=52 p99.99=78 max=129584] adj[p50=0 p90=0 p99=0 p99.99=26 max=129532] allocs=0 freq=2596.13MHz run=1
T1_PHASE2 arm=empty rate=22985752 raw[p50=52 p90=52 p99=52 p99.9=52 p99.99=78 max=129584] adj[p50=0 p90=0 p99=0 p99.9=0 p99.99=26 max=129532] unknown_pct=0.00% (samples_above_p99=339474)
BENCH mode=replay-core-msg arm=loop msgs=1011698 rate=23206690 raw[p50=52 p90=52 p99=52 p99.99=78 max=32136] adj[p50=0 p90=0 p99=0 p99.99=26 max=32084] allocs=0 freq=2596.13MHz run=1
T1_PHASE2 arm=loop rate=23206690 raw[p50=52 p90=52 p99=52 p99.9=52 p99.99=78 max=32136] adj[p50=0 p90=0 p99=0 p99.9=0 p99.99=26 max=32084] unknown_pct=0.00% (samples_above_p99=365060)
BENCH mode=replay-core-msg arm=cold msgs=505849 rate=14962714 raw[p50=78 p90=130 p99=130 p99.99=208 max=43212] adj[p50=26 p90=78 p99=78 p99.99=156 max=43160] allocs=0 freq=2596.13MHz run=1
T1_PHASE2 arm=cold rate=14962714 raw[p50=78 p90=130 p99=130 p99.9=156 p99.99=208 max=43212] adj[p50=26 p90=78 p99=78 p99.9=104 p99.99=156 max=43160] unknown_pct=0.00% (samples_above_p99=110331)
BENCH mode=replay-core-msg arm=empty msgs=1011698 rate=23040211 raw[p50=52 p90=52 p99=52 p99.99=78 max=83694] adj[p50=0 p90=0 p99=0 p99.99=26 max=83642] allocs=0 freq=2596.13MHz run=1
T1_PHASE2 arm=empty rate=23040211 raw[p50=52 p90=52 p99=52 p99.9=52 p99.99=78 max=83694] adj[p50=0 p90=0 p99=0 p99.9=0 p99.99=26 max=83642] unknown_pct=0.00% (samples_above_p99=367043)
BENCH mode=replay-core-msg arm=loop msgs=1011698 rate=23310943 raw[p50=52 p90=52 p99=52 p99.99=78 max=34554] adj[p50=0 p90=0 p99=0 p99.99=26 max=34502] allocs=0 freq=2596.13MHz run=1
T1_PHASE2 arm=loop rate=23310943 raw[p50=52 p90=52 p99=52 p99.9=52 p99.99=78 max=34554] adj[p50=0 p90=0 p99=0 p99.9=0 p99.99=26 max=34502] unknown_pct=0.00% (samples_above_p99=362716)
BENCH mode=replay-core-msg arm=cold msgs=505849 rate=15214498 raw[p50=78 p90=130 p99=130 p99.99=208 max=70902] adj[p50=26 p90=78 p99=78 p99.99=156 max=70850] allocs=0 freq=2596.13MHz run=1
T1_PHASE2 arm=cold rate=15214498 raw[p50=78 p90=130 p99=130 p99.9=130 p99.99=208 max=70902] adj[p50=26 p90=78 p99=78 p99.9=78 p99.99=156 max=70850] unknown_pct=0.00% (samples_above_p99=93142)
BENCH mode=replay-core-msg arm=empty msgs=1011698 rate=23650390 raw[p50=52 p90=52 p99=52 p99.99=78 max=36634] adj[p50=0 p90=0 p99=0 p99.99=26 max=36582] allocs=0 freq=2596.13MHz run=1
T1_PHASE2 arm=empty rate=23650390 raw[p50=52 p90=52 p99=52 p99.9=52 p99.99=78 max=36634] adj[p50=0 p90=0 p99=0 p99.9=0 p99.99=26 max=36582] unknown_pct=0.00% (samples_above_p99=341697)
BENCH mode=replay-core-msg arm=loop msgs=1011698 rate=24246727 raw[p50=52 p90=52 p99=52 p99.99=78 max=49946] adj[p50=0 p90=0 p99=0 p99.99=26 max=49894] allocs=0 freq=2596.13MHz run=1
T1_PHASE2 arm=loop rate=24246727 raw[p50=52 p90=52 p99=52 p99.9=52 p99.99=78 max=49946] adj[p50=0 p90=0 p99=0 p99.9=0 p99.99=26 max=49894] unknown_pct=0.00% (samples_above_p99=324542)
BENCH mode=replay-core-msg arm=cold msgs=505849 rate=15591681 raw[p50=78 p90=130 p99=130 p99.99=182 max=33436] adj[p50=26 p90=78 p99=78 p99.99=130 max=33384] allocs=0 freq=2596.13MHz run=1
T1_PHASE2 arm=cold rate=15591681 raw[p50=78 p90=130 p99=130 p99.9=130 p99.99=182 max=33436] adj[p50=26 p90=78 p99=78 p99.9=78 p99.99=130 max=33384] unknown_pct=0.00% (samples_above_p99=58209)
BENCH mode=replay-core-msg arm=empty msgs=1011698 rate=24045689 raw[p50=52 p90=52 p99=52 p99.99=78 max=39338] adj[p50=0 p90=0 p99=0 p99.99=26 max=39286] allocs=0 freq=2596.13MHz run=1
T1_PHASE2 arm=empty rate=24045689 raw[p50=52 p90=52 p99=52 p99.9=52 p99.99=78 max=39338] adj[p50=0 p90=0 p99=0 p99.9=0 p99.99=26 max=39286] unknown_pct=0.00% (samples_above_p99=324249)
BENCH mode=replay-core-msg arm=loop msgs=1011698 rate=24221752 raw[p50=52 p90=52 p99=52 p99.99=78 max=46982] adj[p50=0 p90=0 p99=0 p99.99=26 max=46930] allocs=0 freq=2596.13MHz run=1
T1_PHASE2 arm=loop rate=24221752 raw[p50=52 p90=52 p99=52 p99.9=52 p99.99=78 max=46982] adj[p50=0 p90=0 p99=0 p99.9=0 p99.99=26 max=46930] unknown_pct=0.00% (samples_above_p99=324084)
BENCH mode=replay-core-msg arm=cold msgs=505849 rate=15612708 raw[p50=78 p90=130 p99=130 p99.99=182 max=65546] adj[p50=26 p90=78 p99=78 p99.99=130 max=65494] allocs=0 freq=2596.13MHz run=1
T1_PHASE2 arm=cold rate=15612708 raw[p50=78 p90=130 p99=130 p99.9=130 p99.99=182 max=65546] adj[p50=26 p90=78 p99=78 p99.9=78 p99.99=130 max=65494] unknown_pct=0.00% (samples_above_p99=57877)
BENCH mode=replay-core-msg arm=empty msgs=1011698 rate=24044293 raw[p50=52 p90=52 p99=52 p99.99=78 max=76830] adj[p50=0 p90=0 p99=0 p99.99=26 max=76778] allocs=0 freq=2596.13MHz run=1
T1_PHASE2 arm=empty rate=24044293 raw[p50=52 p90=52 p99=52 p99.9=52 p99.99=78 max=76830] adj[p50=0 p90=0 p99=0 p99.9=0 p99.99=26 max=76778] unknown_pct=0.00% (samples_above_p99=324792)
BENCH mode=replay-core-msg arm=loop msgs=1011698 rate=24132993 raw[p50=52 p90=52 p99=52 p99.99=78 max=37050] adj[p50=0 p90=0 p99=0 p99.99=26 max=36998] allocs=0 freq=2596.13MHz run=1
T1_PHASE2 arm=loop rate=24132993 raw[p50=52 p90=52 p99=52 p99.9=52 p99.99=78 max=37050] adj[p50=0 p90=0 p99=0 p99.9=0 p99.99=26 max=36998] unknown_pct=0.00% (samples_above_p99=327377)
BENCH mode=replay-core-msg arm=cold msgs=505849 rate=15519957 raw[p50=78 p90=130 p99=130 p99.99=312 max=49920] adj[p50=26 p90=78 p99=78 p99.99=260 max=49868] allocs=0 freq=2596.13MHz run=1
T1_PHASE2 arm=cold rate=15519957 raw[p50=78 p90=130 p99=130 p99.9=130 p99.99=312 max=49920] adj[p50=26 p90=78 p99=78 p99.9=78 p99.99=260 max=49868] unknown_pct=0.00% (samples_above_p99=70328)
BENCH mode=replay-core-msg arm=empty msgs=1011698 rate=22974836 raw[p50=52 p90=52 p99=52 p99.99=78 max=177112] adj[p50=0 p90=0 p99=0 p99.99=26 max=177060] allocs=0 freq=2596.13MHz run=1
T1_PHASE2 arm=empty rate=22974836 raw[p50=52 p90=52 p99=52 p99.9=52 p99.99=78 max=177112] adj[p50=0 p90=0 p99=0 p99.9=0 p99.99=26 max=177060] unknown_pct=0.00% (samples_above_p99=365997)
BENCH mode=replay-core-msg arm=loop msgs=1011698 rate=23450242 raw[p50=52 p90=52 p99=52 p99.99=78 max=41574] adj[p50=0 p90=0 p99=0 p99.99=26 max=41522] allocs=0 freq=2596.13MHz run=1
T1_PHASE2 arm=loop rate=23450242 raw[p50=52 p90=52 p99=52 p99.9=52 p99.99=78 max=41574] adj[p50=0 p90=0 p99=0 p99.9=0 p99.99=26 max=41522] unknown_pct=0.00% (samples_above_p99=359713)
BENCH mode=replay-core-msg arm=cold msgs=505849 rate=15259760 raw[p50=78 p90=130 p99=130 p99.99=338 max=69992] adj[p50=26 p90=78 p99=78 p99.99=286 max=69940] allocs=0 freq=2596.13MHz run=1
T1_PHASE2 arm=cold rate=15259760 raw[p50=78 p90=130 p99=130 p99.9=130 p99.99=338 max=69992] adj[p50=26 p90=78 p99=78 p99.9=78 p99.99=286 max=69940] unknown_pct=0.00% (samples_above_p99=88023)
BENCH mode=replay-core-msg arm=empty msgs=1011698 rate=23257843 raw[p50=52 p90=52 p99=52 p99.99=78 max=36010] adj[p50=0 p90=0 p99=0 p99.99=26 max=35958] allocs=0 freq=2596.13MHz run=1
T1_PHASE2 arm=empty rate=23257843 raw[p50=52 p90=52 p99=52 p99.9=52 p99.99=78 max=36010] adj[p50=0 p90=0 p99=0 p99.9=0 p99.99=26 max=35958] unknown_pct=0.00% (samples_above_p99=352237)
BENCH mode=replay-core-msg arm=loop msgs=1011698 rate=23550077 raw[p50=52 p90=52 p99=52 p99.99=78 max=38324] adj[p50=0 p90=0 p99=0 p99.99=26 max=38272] allocs=0 freq=2596.13MHz run=1
T1_PHASE2 arm=loop rate=23550077 raw[p50=52 p90=52 p99=52 p99.9=52 p99.99=78 max=38324] adj[p50=0 p90=0 p99=0 p99.9=0 p99.99=26 max=38272] unknown_pct=0.00% (samples_above_p99=354223)
BENCH mode=replay-core-msg arm=cold msgs=505849 rate=15051130 raw[p50=78 p90=130 p99=130 p99.99=338 max=62920] adj[p50=26 p90=78 p99=78 p99.99=286 max=62868] allocs=0 freq=2596.13MHz run=1
T1_PHASE2 arm=cold rate=15051130 raw[p50=78 p90=130 p99=130 p99.9=130 p99.99=338 max=62920] adj[p50=26 p90=78 p99=78 p99.9=78 p99.99=286 max=62868] unknown_pct=0.00% (samples_above_p99=103764)
BENCH mode=replay-core-msg arm=empty msgs=1011698 rate=23003831 raw[p50=52 p90=52 p99=52 p99.99=78 max=27508] adj[p50=0 p90=0 p99=0 p99.99=26 max=27456] allocs=0 freq=2596.13MHz run=1
T1_PHASE2 arm=empty rate=23003831 raw[p50=52 p90=52 p99=52 p99.9=52 p99.99=78 max=27508] adj[p50=0 p90=0 p99=0 p99.9=0 p99.99=26 max=27456] unknown_pct=0.00% (samples_above_p99=368085)
BENCH mode=replay-core-msg arm=loop msgs=1011698 rate=22992485 raw[p50=52 p90=52 p99=52 p99.99=78 max=150956] adj[p50=0 p90=0 p99=0 p99.99=26 max=150904] allocs=0 freq=2596.13MHz run=1
T1_PHASE2 arm=loop rate=22992485 raw[p50=52 p90=52 p99=52 p99.9=52 p99.99=78 max=150956] adj[p50=0 p90=0 p99=0 p99.9=0 p99.99=26 max=150904] unknown_pct=0.00% (samples_above_p99=368818)
BENCH mode=replay-core-msg arm=cold msgs=505849 rate=15012791 raw[p50=78 p90=130 p99=130 p99.99=390 max=42328] adj[p50=26 p90=78 p99=78 p99.99=338 max=42276] allocs=0 freq=2596.13MHz run=1
T1_PHASE2 arm=cold rate=15012791 raw[p50=78 p90=130 p99=130 p99.9=156 p99.99=390 max=42328] adj[p50=26 p90=78 p99=78 p99.9=104 p99.99=338 max=42276] unknown_pct=0.00% (samples_above_p99=102677)
BENCH mode=replay-core-msg arm=empty msgs=1011698 rate=23147309 raw[p50=52 p90=52 p99=52 p99.99=78 max=30732] adj[p50=0 p90=0 p99=0 p99.99=26 max=30680] allocs=0 freq=2596.13MHz run=1
T1_PHASE2 arm=empty rate=23147309 raw[p50=52 p90=52 p99=52 p99.9=52 p99.99=78 max=30732] adj[p50=0 p90=0 p99=0 p99.9=0 p99.99=26 max=30680] unknown_pct=0.00% (samples_above_p99=363662)
BENCH mode=replay-core-msg arm=loop msgs=1011698 rate=23223266 raw[p50=52 p90=52 p99=52 p99.99=78 max=103298] adj[p50=0 p90=0 p99=0 p99.99=26 max=103246] allocs=0 freq=2596.13MHz run=1
T1_PHASE2 arm=loop rate=23223266 raw[p50=52 p90=52 p99=52 p99.9=52 p99.99=78 max=103298] adj[p50=0 p90=0 p99=0 p99.9=0 p99.99=26 max=103246] unknown_pct=0.00% (samples_above_p99=348635)
BENCH mode=replay-core-msg arm=cold msgs=505849 rate=14774744 raw[p50=78 p90=130 p99=130 p99.99=416 max=40768] adj[p50=26 p90=78 p99=78 p99.99=364 max=40716] allocs=0 freq=2596.13MHz run=1
T1_PHASE2 arm=cold rate=14774744 raw[p50=78 p90=130 p99=130 p99.9=156 p99.99=416 max=40768] adj[p50=26 p90=78 p99=78 p99.9=104 p99.99=364 max=40716] unknown_pct=0.00% (samples_above_p99=121016)
BENCH mode=replay-core-msg arm=empty msgs=1011698 rate=22718364 raw[p50=52 p90=52 p99=52 p99.99=78 max=24050] adj[p50=0 p90=0 p99=0 p99.99=26 max=23998] allocs=0 freq=2596.13MHz run=1
T1_PHASE2 arm=empty rate=22718364 raw[p50=52 p90=52 p99=52 p99.9=52 p99.99=78 max=24050] adj[p50=0 p90=0 p99=0 p99.9=0 p99.99=26 max=23998] unknown_pct=0.00% (samples_above_p99=378487)
BENCH mode=replay-core-msg arm=loop msgs=1011698 rate=22815098 raw[p50=52 p90=52 p99=52 p99.99=78 max=48074] adj[p50=0 p90=0 p99=0 p99.99=26 max=48022] allocs=0 freq=2596.13MHz run=1
T1_PHASE2 arm=loop rate=22815098 raw[p50=52 p90=52 p99=52 p99.9=52 p99.99=78 max=48074] adj[p50=0 p90=0 p99=0 p99.9=0 p99.99=26 max=48022] unknown_pct=0.00% (samples_above_p99=384170)
BENCH mode=replay-core-msg arm=cold msgs=505849 rate=14760849 raw[p50=78 p90=130 p99=130 p99.99=208 max=33670] adj[p50=26 p90=78 p99=78 p99.99=156 max=33618] allocs=0 freq=2596.13MHz run=1
T1_PHASE2 arm=cold rate=14760849 raw[p50=78 p90=130 p99=130 p99.9=156 p99.99=208 max=33670] adj[p50=26 p90=78 p99=78 p99.9=104 p99.99=156 max=33618] unknown_pct=0.00% (samples_above_p99=123988)
BENCH mode=replay-core-msg arm=empty msgs=1011698 rate=22699655 raw[p50=52 p90=52 p99=52 p99.99=78 max=37674] adj[p50=0 p90=0 p99=0 p99.99=26 max=37622] allocs=0 freq=2596.13MHz run=1
T1_PHASE2 arm=empty rate=22699655 raw[p50=52 p90=52 p99=52 p99.9=52 p99.99=78 max=37674] adj[p50=0 p90=0 p99=0 p99.9=0 p99.99=26 max=37622] unknown_pct=0.00% (samples_above_p99=381489)
BENCH mode=replay-core-msg arm=loop msgs=1011698 rate=22875141 raw[p50=52 p90=52 p99=52 p99.99=78 max=18824] adj[p50=0 p90=0 p99=0 p99.99=26 max=18772] allocs=0 freq=2596.13MHz run=1
T1_PHASE2 arm=loop rate=22875141 raw[p50=52 p90=52 p99=52 p99.9=52 p99.99=78 max=18824] adj[p50=0 p90=0 p99=0 p99.9=0 p99.99=26 max=18772] unknown_pct=0.00% (samples_above_p99=382555)
BENCH mode=replay-core-msg arm=cold msgs=505849 rate=14778302 raw[p50=78 p90=130 p99=130 p99.99=286 max=56394] adj[p50=26 p90=78 p99=78 p99.99=234 max=56342] allocs=0 freq=2596.13MHz run=1
T1_PHASE2 arm=cold rate=14778302 raw[p50=78 p90=130 p99=130 p99.9=156 p99.99=286 max=56394] adj[p50=26 p90=78 p99=78 p99.9=104 p99.99=234 max=56342] unknown_pct=0.00% (samples_above_p99=123406)
BENCH mode=replay-core-msg arm=empty msgs=1011698 rate=22472413 raw[p50=52 p90=52 p99=52 p99.99=78 max=168844] adj[p50=0 p90=0 p99=0 p99.99=26 max=168792] allocs=0 freq=2596.13MHz run=1
T1_PHASE2 arm=empty rate=22472413 raw[p50=52 p90=52 p99=52 p99.9=52 p99.99=78 max=168844] adj[p50=0 p90=0 p99=0 p99.9=0 p99.99=26 max=168792] unknown_pct=0.00% (samples_above_p99=383354)
BENCH mode=replay-core-msg arm=loop msgs=1011698 rate=23091487 raw[p50=52 p90=52 p99=52 p99.99=78 max=40456] adj[p50=0 p90=0 p99=0 p99.99=26 max=40404] allocs=0 freq=2596.13MHz run=1
T1_PHASE2 arm=loop rate=23091487 raw[p50=52 p90=52 p99=52 p99.9=52 p99.99=78 max=40456] adj[p50=0 p90=0 p99=0 p99.9=0 p99.99=26 max=40404] unknown_pct=0.00% (samples_above_p99=376042)
BENCH mode=replay-core-msg arm=cold msgs=505849 rate=15342708 raw[p50=78 p90=130 p99=130 p99.99=182 max=56706] adj[p50=26 p90=78 p99=78 p99.99=130 max=56654] allocs=0 freq=2596.13MHz run=1
T1_PHASE2 arm=cold rate=15342708 raw[p50=78 p90=130 p99=130 p99.9=130 p99.99=182 max=56706] adj[p50=26 p90=78 p99=78 p99.9=78 p99.99=130 max=56654] unknown_pct=0.00% (samples_above_p99=82932)
BENCH mode=replay-core-msg arm=empty msgs=1011698 rate=23577059 raw[p50=52 p90=52 p99=52 p99.99=78 max=36348] adj[p50=0 p90=0 p99=0 p99.99=26 max=36296] allocs=0 freq=2596.13MHz run=1
T1_PHASE2 arm=empty rate=23577059 raw[p50=52 p90=52 p99=52 p99.9=52 p99.99=78 max=36348] adj[p50=0 p90=0 p99=0 p99.9=0 p99.99=26 max=36296] unknown_pct=0.00% (samples_above_p99=341417)
BENCH mode=replay-core-msg arm=loop msgs=1011698 rate=23754571 raw[p50=52 p90=52 p99=52 p99.99=78 max=153608] adj[p50=0 p90=0 p99=0 p99.99=26 max=153556] allocs=0 freq=2596.13MHz run=1
T1_PHASE2 arm=loop rate=23754571 raw[p50=52 p90=52 p99=52 p99.9=52 p99.99=78 max=153608] adj[p50=0 p90=0 p99=0 p99.9=0 p99.99=26 max=153556] unknown_pct=0.00% (samples_above_p99=343798)
BENCH mode=replay-core-msg arm=cold msgs=505849 rate=10546556 raw[p50=78 p90=130 p99=130 p99.99=61952 max=418288] adj[p50=26 p90=78 p99=78 p99.99=61952 max=418236] allocs=0 freq=2596.13MHz run=1
T1_PHASE2 arm=cold rate=10546556 raw[p50=78 p90=130 p99=130 p99.9=5184 p99.99=61952 max=418288] adj[p50=26 p90=78 p99=78 p99.9=5120 p99.99=61952 max=418236] unknown_pct=0.00% (samples_above_p99=88329)
BENCH mode=replay-core-msg arm=empty msgs=1011698 rate=16563858 raw[p50=52 p90=52 p99=52 p99.99=78 max=526604] adj[p50=0 p90=0 p99=0 p99.99=26 max=526552] allocs=0 freq=2596.13MHz run=1
T1_PHASE2 arm=empty rate=16563858 raw[p50=52 p90=52 p99=52 p99.9=52 p99.99=78 max=526604] adj[p50=0 p90=0 p99=0 p99.9=0 p99.99=26 max=526552] unknown_pct=0.00% (samples_above_p99=365983)
BENCH mode=replay-core-msg arm=loop msgs=1011698 rate=23028588 raw[p50=52 p90=52 p99=52 p99.99=78 max=185042] adj[p50=0 p90=0 p99=0 p99.99=26 max=184990] allocs=0 freq=2596.13MHz run=1
T1_PHASE2 arm=loop rate=23028588 raw[p50=52 p90=52 p99=52 p99.9=52 p99.99=78 max=185042] adj[p50=0 p90=0 p99=0 p99.9=0 p99.99=26 max=184990] unknown_pct=0.00% (samples_above_p99=368296)
BENCH mode=replay-core-msg arm=cold msgs=505849 rate=14864479 raw[p50=78 p90=130 p99=130 p99.99=208 max=47372] adj[p50=26 p90=78 p99=78 p99.99=156 max=47320] allocs=0 freq=2596.13MHz run=1
T1_PHASE2 arm=cold rate=14864479 raw[p50=78 p90=130 p99=130 p99.9=156 p99.99=208 max=47372] adj[p50=26 p90=78 p99=78 p99.9=104 p99.99=156 max=47320] unknown_pct=0.00% (samples_above_p99=117917)
BENCH mode=replay-core-msg arm=empty msgs=1011698 rate=22777924 raw[p50=52 p90=52 p99=52 p99.99=78 max=40846] adj[p50=0 p90=0 p99=0 p99.99=26 max=40794] allocs=0 freq=2596.13MHz run=1
T1_PHASE2 arm=empty rate=22777924 raw[p50=52 p90=52 p99=52 p99.9=52 p99.99=78 max=40846] adj[p50=0 p90=0 p99=0 p99.9=0 p99.99=26 max=40794] unknown_pct=0.00% (samples_above_p99=376981)
BENCH mode=replay-core-msg arm=loop msgs=1011698 rate=22953621 raw[p50=52 p90=52 p99=52 p99.99=78 max=134810] adj[p50=0 p90=0 p99=0 p99.99=26 max=134758] allocs=0 freq=2596.13MHz run=1
T1_PHASE2 arm=loop rate=22953621 raw[p50=52 p90=52 p99=52 p99.9=52 p99.99=78 max=134810] adj[p50=0 p90=0 p99=0 p99.9=0 p99.99=26 max=134758] unknown_pct=0.00% (samples_above_p99=368748)
BENCH mode=replay-core-msg arm=cold msgs=505849 rate=15107172 raw[p50=78 p90=130 p99=130 p99.99=260 max=36348] adj[p50=26 p90=78 p99=78 p99.99=208 max=36296] allocs=0 freq=2596.13MHz run=1
T1_PHASE2 arm=cold rate=15107172 raw[p50=78 p90=130 p99=130 p99.9=130 p99.99=260 max=36348] adj[p50=26 p90=78 p99=78 p99.9=78 p99.99=208 max=36296] unknown_pct=0.00% (samples_above_p99=100222)
BENCH mode=replay-core-msg arm=empty msgs=1011698 rate=22944721 raw[p50=52 p90=52 p99=52 p99.99=78 max=39494] adj[p50=0 p90=0 p99=0 p99.99=26 max=39442] allocs=0 freq=2596.13MHz run=1
T1_PHASE2 arm=empty rate=22944721 raw[p50=52 p90=52 p99=52 p99.9=52 p99.99=78 max=39494] adj[p50=0 p90=0 p99=0 p99.9=0 p99.99=26 max=39442] unknown_pct=0.00% (samples_above_p99=364891)
BENCH mode=replay-core-msg arm=loop msgs=1011698 rate=23384228 raw[p50=52 p90=52 p99=52 p99.99=78 max=23322] adj[p50=0 p90=0 p99=0 p99.99=26 max=23270] allocs=0 freq=2596.13MHz run=1
T1_PHASE2 arm=loop rate=23384228 raw[p50=52 p90=52 p99=52 p99.9=52 p99.99=78 max=23322] adj[p50=0 p90=0 p99=0 p99.9=0 p99.99=26 max=23270] unknown_pct=0.00% (samples_above_p99=358581)
BENCH mode=replay-core-msg arm=cold msgs=505849 rate=15045257 raw[p50=78 p90=130 p99=130 p99.99=260 max=67964] adj[p50=26 p90=78 p99=78 p99.99=208 max=67912] allocs=0 freq=2596.13MHz run=1
T1_PHASE2 arm=cold rate=15045257 raw[p50=78 p90=130 p99=130 p99.9=156 p99.99=260 max=67964] adj[p50=26 p90=78 p99=78 p99.9=104 p99.99=208 max=67912] unknown_pct=0.00% (samples_above_p99=103460)
BENCH mode=replay-core-msg arm=empty msgs=1011698 rate=23058255 raw[p50=52 p90=52 p99=52 p99.99=78 max=42562] adj[p50=0 p90=0 p99=0 p99.99=26 max=42510] allocs=0 freq=2596.13MHz run=1
T1_PHASE2 arm=empty rate=23058255 raw[p50=52 p90=52 p99=52 p99.9=52 p99.99=78 max=42562] adj[p50=0 p90=0 p99=0 p99.9=0 p99.99=26 max=42510] unknown_pct=0.00% (samples_above_p99=361948)
BENCH mode=replay-core-msg arm=loop msgs=1011698 rate=23127939 raw[p50=52 p90=52 p99=52 p99.99=78 max=41054] adj[p50=0 p90=0 p99=0 p99.99=26 max=41002] allocs=0 freq=2596.13MHz run=1
T1_PHASE2 arm=loop rate=23127939 raw[p50=52 p90=52 p99=52 p99.9=52 p99.99=78 max=41054] adj[p50=0 p90=0 p99=0 p99.9=0 p99.99=26 max=41002] unknown_pct=0.00% (samples_above_p99=368099)
BENCH mode=replay-core-msg arm=cold msgs=505849 rate=15174311 raw[p50=78 p90=130 p99=130 p99.99=182 max=43420] adj[p50=26 p90=78 p99=78 p99.99=130 max=43368] allocs=0 freq=2596.13MHz run=1
T1_PHASE2 arm=cold rate=15174311 raw[p50=78 p90=130 p99=130 p99.9=130 p99.99=182 max=43420] adj[p50=26 p90=78 p99=78 p99.9=78 p99.99=130 max=43368] unknown_pct=0.00% (samples_above_p99=95092)
TARGET1_PHASE_A empty_p50=52 cyc (spread=0 cyc) loop_p50=52 cyc (spread=0 cyc) full_p50=78 cyc (spread=0 cyc) loop_cost=0 cyc work_residual=26 cyc VERDICT=PASS
=== 7. DOSE-RESPONSE VALIDATION SWEEP (Law A-1d) ===
DOSE_RESPONSE_POINT K=0 p50=52 cyc
DOSE_RESPONSE_POINT K=10 p50=52 cyc
DOSE_RESPONSE_POINT K=20 p50=52 cyc
DOSE_RESPONSE_POINT K=50 p50=52 cyc
DOSE_RESPONSE_POINT K=100 p50=52 cyc
DOSE_RESPONSE_VERDICT K0=52 K10=52 K20=52 K50=52 K100=52 slope=0.000 cyc/unit VERDICT=PASS
=== 7b. LAW B-3b (i) SAMPLING BIAS PROBE (1-IN-4 DENSE vs 1-IN-256 SPARSE) ===
BIAS_PROBE dense_mean=57.51 cyc sparse_mean=65.47 cyc bias=13.84% VERDICT=FAIL
=== 7c. LAW B-3b (ii) INTER-BRACKET GAP PROBE ===
GAP_PROBE sampled_intervals=1974 total_period_cyc=15581072 sparse_period_est=30.83 cyc
=== 8. PHASE B-REDO: STRICT 8-ARM STAGE-ECTOMY DECOMPOSITION (20 RUNS EACH) ===
RUNNER_IDENTITY cpu="AMD EPYC 9V45 96-Core Processor" freq_mhz=2596.13
STAGE_ECTOMY_RATES CONFIG_TAG="clean_replay" sampling="none" r0_hash=37.37M r0_fast=86.84M r0_disp=817.48M r1_count=826.86M r2_noproof=909.75M r3_noseq=1520.36M r4_noitch=1038.83M r5_noblock=6033.14M r6_poll=6255.78M
STAGE_ECTOMY_CYCLES CONFIG_TAG="clean_replay" c0=69.47 c0_fast=29.89 c0_disp=3.18 c1=3.14 c2=2.85 c3=1.71 c4=2.50 c5=0.43 c6=0.41
PR2_PROD_VERDICT rate=86844652 c0_fast=29.89 cyc fast_hash=26.72 cyc -> p50 < 60: PASS
H10_SINK_SPLIT total_sink=66.33 cyc fnv_math=66.29 cyc (99.9%) sink_dispatch=0.04 cyc (0.1%) H10_VERDICT=CONFIRMED (Invocation dispatch non-zero)
STAGE_ECTOMY_DECOMPOSITION delta_hash_total=66.33 (fnv=66.29, disp=0.04) delta_proof=0.29 (< 1.00 cyc bounded) delta_seq=1.15 delta_itch=0.00 (< 1.00 cyc bounded) delta_block=2.07 delta_header=0.02 poll_base=0.41
RECONCILIATION_COMPOSITE rate_total_c0=69.47 cyc bracket_mean=59.67 cyc sparse_period_est=30.83 cyc diff_rate_bracket=14.10% diff_bracket_gap=48.33% composite_residual=48.33% VERDICT=FAIL
=== 9. H9 REPETITION OVERHEAD SWEEP ===
H9_POINT limit=10000 msgs rate=29.23M msg/s cyc_msg=88.81
H9_POINT limit=50000 msgs rate=37.37M msg/s cyc_msg=69.48
H9_POINT limit=250000 msgs rate=38.13M msg/s cyc_msg=68.09
H9_POINT limit=505849 msgs rate=37.41M msg/s cyc_msg=69.39
=== 11b. R6: PR-1 HYDRA Bit-Exact Multi-Core Span Conformance (UNPINNED) ===
[1m[92m    Finished[0m `release` profile [optimized] target(s) in 0.00s
[1m[92m     Running[0m `target/release/bench --sample data/tests/sample-mini.itch --hydra-only --runs 7`
BENCH_CALIBRATION invariant_tsc=true freq_mhz=2596.13 mark_overhead_cycles=52
=== R6. PR-1 HYDRA BIT-EXACT MULTI-CORE SPAN CONFORMANCE ===
BLOB_BACKING mode=mmap anon_huge_kb=16384 map_mb=16.5 verdict=thp-granted
HYDRA_BITPARITY sequential=(count=505849 hash=0x881639cead506f25 msg_hash=0xcbf29ce484222325) hydra=(count=505849 hash=0x881639cead506f25 msg_hash=0xcbf29ce484222325) -> BIT-EXACT
BENCH mode=replay-hydra-burst msgs=505849 rate=1513122629 allocs=0 freq=2596.13MHz workers=2 run=1
BENCH mode=replay-hydra-burst msgs=505849 rate=1687254424 allocs=0 freq=2596.13MHz workers=2 run=2
BENCH mode=replay-hydra-burst msgs=505849 rate=1801661870 allocs=0 freq=2596.13MHz workers=2 run=3
BENCH mode=replay-hydra-burst msgs=505849 rate=1723875993 allocs=0 freq=2596.13MHz workers=2 run=4
BENCH mode=replay-hydra-burst msgs=505849 rate=1825227409 allocs=0 freq=2596.13MHz workers=2 run=5
BENCH mode=replay-hydra-burst msgs=505849 rate=1833709730 allocs=0 freq=2596.13MHz workers=2 run=6
BENCH mode=replay-hydra-burst msgs=505849 rate=1869478126 allocs=0 freq=2596.13MHz workers=2 run=7
BENCH_MEDIAN mode=replay-hydra-burst rate=1801661870
R23B_AFFINE_VERDICT arm=burst armed=false tag_hits=0 payload_fallbacks=0 ledger_rows=0 (R23c: workers verify spans from register tags, zero payload reads; the (prefix,cum) triple checked per-span by the scalar affine law)
PR1_HYDRA_VERDICT rate=1801661870 (bit-exact multi-core span conformance: 2 workers, every emitted byte CRC32C-checked in-window, ordered serial fold)
PR1_GIGAHFT_BURST_VERDICT rate=1801661870 target=1000000000 -> PASS (R7 burst reference; the sustained arm below is the gate)
DIAG sustained: passes=18066 reset_ms=457.8 scan_ms=4538.7 end_ms=0.9 pending_max=7184 batches=397452 wait_ms=43.6 work_ms=4135.6 fold_ms=286.4 assist_chunks=401636 bytes_per_msg=27.65 crc_demand_gb_s=50.54
DIAG worker[0] sustained: cpu0(pinned) placement=[0, 2] batches=612578 spans=78383936 eval_ms=4932.1 idle_iters=94829 res_waits=0 fw=0 fw_ms=0.0
DIAG worker[1] sustained: cpu2(pinned) placement=[0, 2] batches=760119 spans=97269961 eval_ms=4919.4 idle_iters=85679 res_waits=0 fw=0 fw_ms=0.0
DIAG rx sustained: publications=397512 polls=1571980 prod_ms=1506.3 bufwait_laps=144367 resets=18068 eos_parks=0 nbuf=16 rx_actual_cpu=3
ADVANCE_DIAGNOSTIC sustained: advances=18068 advance_ms=111.1 us_per_advance=6.1 (F-5 reset/auto-advance hygiene — the synchronous bake tail the per-publication prepatch budget drains; HFT_PREPATCH_BUDGET prices it)
RXWARM_DIAGNOSTIC sustained: enabled=false fixes=0 uncovered=0 last_pass_fixes=0 (F-1 frame-entry warm start; the steady-state law is fixes==0 on pass>=2 — the kill rule reads persistent fixes)
RXBUILD_DIAGNOSTIC sustained: enabled=true patches=397402948 last_pass_patches=21996 frames=21996 (F-2 publish-by-reference master; the steady-state law is every patchable entry patched exactly once per pass boundary)
DIAG cons sustained: parks=24 park_ms=8.6 slow_waits=24 slow_ms=9.0
BENCH mode=replay-hydra-sustained-5s total_msgs=9138668034 duration=5.00s sustained_rate=1827682629 msg/s allocs=0 workers=2 crc_kernel=reflect
PR1_HYDRA_SUSTAINED_VERDICT rate=1827682629 (duration=5.00s, total_msgs=9138668034, workers=2)
PR1_GIGAHFT_VERDICT rate=1827682629 target=1000000000 -> PASS (Project 1.0B: bit-exact, zero-alloc, every byte verified in-window, cross-pass double-buffered fabric)
PR1_R8_FULL_VERIFY_VERDICT rate=1827682629 target=1000000000 -> PASS (R8: 1B msg/s sustained full verification — bit-exact, zero-alloc, every byte CRC32C-verified in-window)
PR1_R16_FULL_VERIFY_VERDICT rate=1827682629 target=2000000000 -> FAIL (R16: 2B msg/s sustained full verification — the Double Helix program, docs/29)
R16B_RXDESC_VERDICT rx_fixes=0 assist_chunks=401636 (array-driven submission telemetry; fixes=0 means every RX prefill entry was already exact)
R23B_AFFINE_VERDICT arm=sustained armed=false tag_hits=0 payload_fallbacks=0 ledger_rows=0 (R23c: zero-re-read affine verification on the worker fabric)
PR1_R23_AFFINE_SUSTAINED_VERDICT rate=1827682629 target=2500000000 -> FAIL (R23: 2.5B+ sustained full verification from register tags — the affine-span algebra program, docs/36)
BLOB_BACKING mode=mmap anon_huge_kb=16384 map_mb=16.5 verdict=thp-granted
=== 11c. R8: Kernel-Ceiling Microbenchmark (fabric physics telemetry) ===
[1m[92m    Finished[0m `release` profile [optimized] target(s) in 0.00s
[1m[92m     Running[0m `target/release/kbench`
KBENCH topo cpus=[0, 2, 1, 3] phys=2 smt=true fold512=true
KBENCH spec_slice_vec=true
KBENCH mode=scalar8lane threads=1 cpu=0 pinned=true gb_s=79.35 bytes=23813259456 iters=2839 sink=0xbedb8ba779de450f
KBENCH mode=pclmul128_raw threads=1 cpu=0 pinned=true gb_s=17.28 bytes=5184159744 iters=618 sink=0x942dad7c7a327323
KBENCH mode=crc32_pclmul_mix threads=1 cpu=0 pinned=true gb_s=35.97 bytes=10796138496 iters=1287 sink=0x5c504f01bdfb43ce
KBENCH mode=fold512 threads=1 cpu=0 pinned=true gb_s=66.94 bytes=20080642176 iters=2394 sink=0xbedb8ba779de450f
KBENCH mode=fold512_r threads=1 cpu=0 pinned=true gb_s=61.86 bytes=18562431552 iters=2213 sink=0xbedb8ba779de450f
KBENCH mode=fold512_rv threads=1 cpu=0 pinned=true gb_s=61.89 bytes=18570819456 iters=2214 sink=0xbedb8ba779de450f
KBENCH mode=fold512_rc threads=1 cpu=0 pinned=true gb_s=66.69 bytes=20013538944 iters=2386 sink=0xbedb8ba779de450f
KBENCH mode=fold512_rd threads=1 cpu=0 pinned=true gb_s=53.22 bytes=15970569216 iters=1904 sink=0xbedb8ba779de450f
KBENCH mode=fold512_ro threads=1 cpu=0 pinned=true gb_s=41.05 bytes=12321830976 iters=1469 sink=0xbedb8ba779de450f
KBENCH mode=fold512_r_pair threads=1 cpu=0 pinned=true gb_s=61.04 bytes=18316247040 iters=2184 sink=0x719eebd64a14675a
KBENCH mode=fold512_eval2 threads=1 cpu=0 pinned=true gb_s=61.51 bytes=18458818560 iters=2201 sink=0x719eebd64a14675a
KBENCH mode=fold512_pair threads=1 cpu=0 pinned=true gb_s=55.85 bytes=16756346880 iters=1998 sink=0x719eebd64a14675a
KBENCH mode=fold512_tri threads=1 cpu=0 pinned=true gb_s=66.23 bytes=19870944576 iters=2369 sink=0xbedb8ba779de450f
KBENCH mode=fold512_tri_r threads=1 cpu=0 pinned=true gb_s=45.93 bytes=13781326272 iters=1643 sink=0xbedb8ba779de450f
KBENCH mode=fold512_pclmul_mix threads=1 cpu=0 pinned=true gb_s=37.10 bytes=11130748608 iters=1327 sink=0x3e36c56e483ee8a7
KBENCH mode=fold512_noend threads=1 cpu=0 pinned=true gb_s=61.90 bytes=18570819456 iters=2214 sink=0x4bb11da019b76839
KBENCH mode=fold512_pre threads=1 cpu=0 pinned=true gb_s=56.07 bytes=16826135424 iters=2006 sink=0xbedb8ba779de450f
KBENCH mode=fold512_t threads=1 cpu=0 pinned=true gb_s=59.27 bytes=17782356480 iters=2120 sink=0xbedb8ba779de450f
KBENCH mode=fold512_supply threads=1 cpu=0 pinned=true gb_s=61.91 bytes=18578814912 iters=1239 sink=0x633508877c074750
KBENCH mode=affine_sub_1t threads=1 cpu=0 pinned=true gb_s=156.83 ns_per_span=8.57 msgs_s=4901003640 bytes=47056141440 iters=5610 sink=0xb6d735b8
KBENCH mode=affine_sub_8lane threads=1 cpu=0 pinned=true gb_s=118.12 ns_per_span=11.38 msgs_s=3691168849 bytes=35438894400 iters=4225 sink=0xbedb8ba779de450f
KBENCH mode=spec_slice_512 threads=1 cpu=0 pinned=true gb_s=3.54 msgs_s=162815149 ns_per_msg=6.142 msgs=48954944 iters=127 sink=0x0
KBENCH mode=spec_slice_512_vec threads=1 cpu=0 pinned=true gb_s=3.76 msgs_s=172758654 ns_per_msg=5.788 msgs=52038720 iters=135 sink=0x0
KBENCH mode=scalar8lane threads=2 placement=2cpu_distinct cpus=0,2 pinned=true gb_s=153.98 bytes=76388641728 sink=0xd48a9dbb3705b94e
KBENCH mode=fold512 threads=2 placement=2cpu_distinct cpus=0,2 pinned=true gb_s=120.90 bytes=60099332160 sink=0xd48a9dbb3705b94e
KBENCH mode=fold512_r threads=2 placement=2cpu_distinct cpus=0,2 pinned=true gb_s=121.25 bytes=60267090240 sink=0xd48a9dbb3705b94e
KBENCH mode=fold512_rv threads=2 placement=2cpu_distinct cpus=0,2 pinned=true gb_s=114.65 bytes=57054523008 sink=0xd48a9dbb3705b94e
KBENCH mode=fold512_rc threads=2 placement=2cpu_distinct cpus=0,2 pinned=true gb_s=113.43 bytes=56358326976 sink=0xd48a9dbb3705b94e
KBENCH mode=fold512_rd threads=2 placement=2cpu_distinct cpus=0,2 pinned=true gb_s=99.50 bytes=49455081984 sink=0xd48a9dbb3705b94e
KBENCH mode=fold512_ro threads=2 placement=2cpu_distinct cpus=0,2 pinned=true gb_s=75.17 bytes=37342948608 sink=0xd48a9dbb3705b94e
KBENCH mode=fold512_tri threads=2 placement=2cpu_distinct cpus=0,2 pinned=true gb_s=123.17 bytes=61214923392 sink=0xd48a9dbb3705b94e
KBENCH mode=fold512_tri_r threads=2 placement=2cpu_distinct cpus=0,2 pinned=true gb_s=84.28 bytes=41855640960 sink=0xd48a9dbb3705b94e
KBENCH mode=scalar8lane threads=2 placement=2cpu_smt cpus=0,1 pinned=true gb_s=78.83 bytes=39154735872 sink=0xf0ad3334c151ef0a
KBENCH mode=fold512 threads=2 placement=2cpu_smt cpus=0,1 pinned=true gb_s=67.86 bytes=33736149888 sink=0xf0ad3334c151ef0a
KBENCH mode=fold512_r threads=2 placement=2cpu_smt cpus=0,1 pinned=true gb_s=59.04 bytes=29366051904 sink=0xf0ad3334c151ef0a
KBENCH mode=fold512_rv threads=2 placement=2cpu_smt cpus=0,1 pinned=true gb_s=58.57 bytes=29147966400 sink=0xf0ad3334c151ef0a
KBENCH mode=fold512_rc threads=2 placement=2cpu_smt cpus=0,1 pinned=true gb_s=66.68 bytes=33148996608 sink=0xf0ad3334c151ef0a
KBENCH mode=fold512_rd threads=2 placement=2cpu_smt cpus=0,1 pinned=true gb_s=51.24 bytes=25490840256 sink=0xf0ad3334c151ef0a
KBENCH mode=fold512_ro threads=2 placement=2cpu_smt cpus=0,1 pinned=true gb_s=37.30 bytes=18537267840 sink=0xf0ad3334c151ef0a
KBENCH mode=fold512_tri threads=2 placement=2cpu_smt cpus=0,1 pinned=true gb_s=64.89 bytes=32276654592 sink=0xf0ad3334c151ef0a
KBENCH mode=fold512_tri_r threads=2 placement=2cpu_smt cpus=0,1 pinned=true gb_s=45.34 bytes=22563461760 sink=0xf0ad3334c151ef0a
KBENCH done
=== 11d. R9: Fabric-Shape Kernel Ablation (layout attribution telemetry) ===
[1m[92m    Finished[0m `release` profile [optimized] target(s) in 0.00s
[1m[92m     Running[0m `target/release/fbench --stage all --workers 2 --ms 1000`
BLOB_BACKING mode=mmap anon_huge_kb=16384 map_mb=16.5 verdict=thp-granted
FBENCH lens total=10992 lt64=0 lt192=0 lt512=0 ge512=10992 bytes_lt192=0 pct_bytes_lt192=0.00
FBENCH topo cpus=[0, 2, 1, 3] kernel=reflect workers=2 place=smt bodies=10992 msgs=505849 avg_bytes=1362.6 total_mb=15.0 freq_mhz=4540
FBENCH stage=P spans=37962096 gb_s=51.74 cyc_span=239.1 sink=0x8229bbb806e0fc91
FBENCH stage=K spans=38193296 gb_s=52.06 cyc_span=237.7 sink=0x8229bbb806e0fc91
FBENCH stage=D spans=35366913 gb_s=48.88 cyc_span=253.1 sink=0x21ba801
FBENCH stage=R spans=36202179 gb_s=49.78 cyc_span=248.5 sink=0x22866c3
FBENCH stage=F spans=35539201 gb_s=48.91 cyc_span=253.0 sink=0x21e4901
FBENCH done
=== 11e. R11: Unarmed Prepatch Soak (rollback evidence) ===
[1m[92m    Finished[0m `release` profile [optimized] target(s) in 0.01s
[1m[92m     Running[0m `target/release/bench --hydra-only`
BENCH_CALIBRATION invariant_tsc=true freq_mhz=2596.13 mark_overhead_cycles=52
=== R6. PR-1 HYDRA BIT-EXACT MULTI-CORE SPAN CONFORMANCE ===
BLOB_BACKING mode=mmap anon_huge_kb=16384 map_mb=16.5 verdict=thp-granted
HYDRA_BITPARITY sequential=(count=505849 hash=0x881639cead506f25 msg_hash=0xcbf29ce484222325) hydra=(count=505849 hash=0x881639cead506f25 msg_hash=0xcbf29ce484222325) -> BIT-EXACT
BENCH mode=replay-hydra-burst msgs=505849 rate=1509505862 allocs=0 freq=2596.13MHz workers=2 run=1
BENCH mode=replay-hydra-burst msgs=505849 rate=1521094191 allocs=0 freq=2596.13MHz workers=2 run=2
BENCH mode=replay-hydra-burst msgs=505849 rate=1646391990 allocs=0 freq=2596.13MHz workers=2 run=3
BENCH mode=replay-hydra-burst msgs=505849 rate=1719183110 allocs=0 freq=2596.13MHz workers=2 run=4
BENCH mode=replay-hydra-burst msgs=505849 rate=1687417647 allocs=0 freq=2596.13MHz workers=2 run=5
BENCH_MEDIAN mode=replay-hydra-burst rate=1646391990
R23B_AFFINE_VERDICT arm=burst armed=false tag_hits=0 payload_fallbacks=0 ledger_rows=0 (R23c: workers verify spans from register tags, zero payload reads; the (prefix,cum) triple checked per-span by the scalar affine law)
PR1_HYDRA_VERDICT rate=1646391990 (bit-exact multi-core span conformance: 2 workers, every emitted byte CRC32C-checked in-window, ordered serial fold)
PR1_GIGAHFT_BURST_VERDICT rate=1646391990 target=1000000000 -> PASS (R7 burst reference; the sustained arm below is the gate)
DIAG sustained: passes=17883 reset_ms=962.7 scan_ms=4033.8 end_ms=0.9 pending_max=6186 batches=393426 wait_ms=36.3 work_ms=3639.0 fold_ms=284.2 assist_chunks=287362 bytes_per_msg=27.65 crc_demand_gb_s=50.03
DIAG worker[0] sustained: cpu0(pinned) placement=[0, 2] batches=648040 spans=82905867 eval_ms=4954.4 idle_iters=46149 res_waits=0 fw=0 fw_ms=0.0
DIAG worker[1] sustained: cpu2(pinned) placement=[0, 2] batches=767031 spans=98133891 eval_ms=4944.4 idle_iters=44171 res_waits=0 fw=0 fw_ms=0.0
DIAG rx sustained: publications=393486 polls=1556059 prod_ms=1521.1 bufwait_laps=143149 resets=17885 eos_parks=0 nbuf=16 rx_actual_cpu=3
ADVANCE_DIAGNOSTIC sustained: advances=17885 advance_ms=632.5 us_per_advance=35.4 (F-5 reset/auto-advance hygiene — the synchronous bake tail the per-publication prepatch budget drains; HFT_PREPATCH_BUDGET prices it)
RXWARM_DIAGNOSTIC sustained: enabled=false fixes=0 uncovered=0 last_pass_fixes=0 (F-1 frame-entry warm start; the steady-state law is fixes==0 on pass>=2 — the kill rule reads persistent fixes)
RXBUILD_DIAGNOSTIC sustained: enabled=true patches=393376464 last_pass_patches=21996 frames=21996 (F-2 publish-by-reference master; the steady-state law is every patchable entry patched exactly once per pass boundary)
DIAG cons sustained: parks=27 park_ms=2.0 slow_waits=27 slow_ms=2.5
BENCH mode=replay-hydra-sustained-5s total_msgs=9046097667 duration=5.00s sustained_rate=1809174185 msg/s allocs=0 workers=2 crc_kernel=reflect
PR1_HYDRA_SUSTAINED_VERDICT rate=1809174185 (duration=5.00s, total_msgs=9046097667, workers=2)
PR1_GIGAHFT_VERDICT rate=1809174185 target=1000000000 -> PASS (Project 1.0B: bit-exact, zero-alloc, every byte verified in-window, cross-pass double-buffered fabric)
PR1_R8_FULL_VERIFY_VERDICT rate=1809174185 target=1000000000 -> PASS (R8: 1B msg/s sustained full verification — bit-exact, zero-alloc, every byte CRC32C-verified in-window)
PR1_R16_FULL_VERIFY_VERDICT rate=1809174185 target=2000000000 -> FAIL (R16: 2B msg/s sustained full verification — the Double Helix program, docs/29)
R16B_RXDESC_VERDICT rx_fixes=0 assist_chunks=287362 (array-driven submission telemetry; fixes=0 means every RX prefill entry was already exact)
R23B_AFFINE_VERDICT arm=sustained armed=false tag_hits=0 payload_fallbacks=0 ledger_rows=0 (R23c: zero-re-read affine verification on the worker fabric)
PR1_R23_AFFINE_SUSTAINED_VERDICT rate=1809174185 target=2500000000 -> FAIL (R23: 2.5B+ sustained full verification from register tags — the affine-span algebra program, docs/36)
=== 11k. R16d/R17: Siblings Placement Soak (ring+siblings — the A1 anomaly pricing) ===
[1m[92m    Finished[0m `release` profile [optimized] target(s) in 0.00s
[1m[92m     Running[0m `target/release/bench --hydra-only`
BENCH_CALIBRATION invariant_tsc=true freq_mhz=2596.13 mark_overhead_cycles=52
=== R6. PR-1 HYDRA BIT-EXACT MULTI-CORE SPAN CONFORMANCE ===
BLOB_BACKING mode=mmap anon_huge_kb=16384 map_mb=16.5 verdict=thp-granted
HYDRA_BITPARITY sequential=(count=505849 hash=0x881639cead506f25 msg_hash=0xcbf29ce484222325) hydra=(count=505849 hash=0x881639cead506f25 msg_hash=0xcbf29ce484222325) -> BIT-EXACT
BENCH mode=replay-hydra-burst msgs=505849 rate=1378913767 allocs=0 freq=2596.13MHz workers=2 run=1
BENCH mode=replay-hydra-burst msgs=505849 rate=1517899152 allocs=0 freq=2596.13MHz workers=2 run=2
BENCH mode=replay-hydra-burst msgs=505849 rate=1594772251 allocs=0 freq=2596.13MHz workers=2 run=3
BENCH mode=replay-hydra-burst msgs=505849 rate=1609610268 allocs=0 freq=2596.13MHz workers=2 run=4
BENCH mode=replay-hydra-burst msgs=505849 rate=1548657990 allocs=0 freq=2596.13MHz workers=2 run=5
BENCH_MEDIAN mode=replay-hydra-burst rate=1548657990
R23B_AFFINE_VERDICT arm=burst armed=false tag_hits=0 payload_fallbacks=0 ledger_rows=0 (R23c: workers verify spans from register tags, zero payload reads; the (prefix,cum) triple checked per-span by the scalar affine law)
PR1_HYDRA_VERDICT rate=1548657990 (bit-exact multi-core span conformance: 2 workers, every emitted byte CRC32C-checked in-window, ordered serial fold)
PR1_GIGAHFT_BURST_VERDICT rate=1548657990 target=1000000000 -> PASS (R7 burst reference; the sustained arm below is the gate)
DIAG sustained: passes=18271 reset_ms=385.5 scan_ms=4598.7 end_ms=3.5 pending_max=11513 batches=401962 wait_ms=27.5 work_ms=4207.7 fold_ms=286.2 assist_chunks=684040 bytes_per_msg=27.65 crc_demand_gb_s=51.12
DIAG worker[0] sustained: cpu2(pinned) placement=[2, 3] batches=624986 spans=79984174 eval_ms=4954.7 idle_iters=28954 res_waits=8739 fw=0 fw_ms=0.0
DIAG worker[1] sustained: cpu3(pinned) placement=[2, 3] batches=622554 spans=79669608 eval_ms=4957.3 idle_iters=29198 res_waits=6901 fw=0 fw_ms=0.0
DIAG rx sustained: publications=402022 polls=1589815 prod_ms=1496.6 bufwait_laps=146286 resets=18273 eos_parks=0 nbuf=16 rx_actual_cpu=1
ADVANCE_DIAGNOSTIC sustained: advances=18273 advance_ms=71.5 us_per_advance=3.9 (F-5 reset/auto-advance hygiene — the synchronous bake tail the per-publication prepatch budget drains; HFT_PREPATCH_BUDGET prices it)
RXWARM_DIAGNOSTIC sustained: enabled=false fixes=0 uncovered=0 last_pass_fixes=0 (F-1 frame-entry warm start; the steady-state law is fixes==0 on pass>=2 — the kill rule reads persistent fixes)
RXBUILD_DIAGNOSTIC sustained: enabled=true patches=401912128 last_pass_patches=21996 frames=21996 (F-2 publish-by-reference master; the steady-state law is every patchable entry patched exactly once per pass boundary)
DIAG cons sustained: parks=20 park_ms=2.9 slow_waits=20 slow_ms=3.2
BENCH mode=replay-hydra-sustained-5s total_msgs=9242367079 duration=5.00s sustained_rate=1848454947 msg/s allocs=0 workers=2 crc_kernel=reflect
PR1_HYDRA_SUSTAINED_VERDICT rate=1848454947 (duration=5.00s, total_msgs=9242367079, workers=2)
PR1_GIGAHFT_VERDICT rate=1848454947 target=1000000000 -> PASS (Project 1.0B: bit-exact, zero-alloc, every byte verified in-window, cross-pass double-buffered fabric)
PR1_R8_FULL_VERIFY_VERDICT rate=1848454947 target=1000000000 -> PASS (R8: 1B msg/s sustained full verification — bit-exact, zero-alloc, every byte CRC32C-verified in-window)
PR1_R16_FULL_VERIFY_VERDICT rate=1848454947 target=2000000000 -> FAIL (R16: 2B msg/s sustained full verification — the Double Helix program, docs/29)
R16B_RXDESC_VERDICT rx_fixes=0 assist_chunks=684040 (array-driven submission telemetry; fixes=0 means every RX prefill entry was already exact)
R23B_AFFINE_VERDICT arm=sustained armed=false tag_hits=0 payload_fallbacks=0 ledger_rows=0 (R23c: zero-re-read affine verification on the worker fabric)
PR1_R23_AFFINE_SUSTAINED_VERDICT rate=1848454947 target=2500000000 -> FAIL (R23: 2.5B+ sustained full verification from register tags — the affine-span algebra program, docs/36)
=== 11l. R22.1: Tri-Stream Fold ARMED Soak (the value-exact mirror tri) ===
[1m[92m    Finished[0m `release` profile [optimized] target(s) in 0.00s
[1m[92m     Running[0m `target/release/bench --hydra-only`
BENCH_CALIBRATION invariant_tsc=true freq_mhz=2596.13 mark_overhead_cycles=52
=== R6. PR-1 HYDRA BIT-EXACT MULTI-CORE SPAN CONFORMANCE ===
BLOB_BACKING mode=mmap anon_huge_kb=14336 map_mb=16.5 verdict=thp-granted
HYDRA_BITPARITY sequential=(count=505849 hash=0x881639cead506f25 msg_hash=0xcbf29ce484222325) hydra=(count=505849 hash=0x881639cead506f25 msg_hash=0xcbf29ce484222325) -> BIT-EXACT
BENCH mode=replay-hydra-burst msgs=505849 rate=1410055638 allocs=0 freq=2596.13MHz workers=2 run=1
BENCH mode=replay-hydra-burst msgs=505849 rate=1570423147 allocs=0 freq=2596.13MHz workers=2 run=2
BENCH mode=replay-hydra-burst msgs=505849 rate=1619255688 allocs=0 freq=2596.13MHz workers=2 run=3
BENCH mode=replay-hydra-burst msgs=505849 rate=1594968359 allocs=0 freq=2596.13MHz workers=2 run=4
BENCH mode=replay-hydra-burst msgs=505849 rate=1686236403 allocs=0 freq=2596.13MHz workers=2 run=5
BENCH_MEDIAN mode=replay-hydra-burst rate=1594968359
R23B_AFFINE_VERDICT arm=burst armed=false tag_hits=0 payload_fallbacks=0 ledger_rows=0 (R23c: workers verify spans from register tags, zero payload reads; the (prefix,cum) triple checked per-span by the scalar affine law)
PR1_HYDRA_VERDICT rate=1594968359 (bit-exact multi-core span conformance: 2 workers, every emitted byte CRC32C-checked in-window, ordered serial fold)
PR1_GIGAHFT_BURST_VERDICT rate=1594968359 target=1000000000 -> PASS (R7 burst reference; the sustained arm below is the gate)
DIAG sustained: passes=16828 reset_ms=463.9 scan_ms=4532.6 end_ms=0.9 pending_max=11950 batches=370216 wait_ms=35.8 work_ms=4146.8 fold_ms=277.6 assist_chunks=405177 bytes_per_msg=27.65 crc_demand_gb_s=47.08
DIAG worker[0] sustained: cpu0(pinned) placement=[0, 2] batches=565308 spans=72320447 eval_ms=4965.0 idle_iters=32931 res_waits=0 fw=0 fw_ms=0.0
DIAG worker[1] sustained: cpu2(pinned) placement=[0, 2] batches=698269 spans=89293601 eval_ms=4950.6 idle_iters=38621 res_waits=969 fw=0 fw_ms=0.0
DIAG rx sustained: publications=370276 polls=1464274 prod_ms=1447.3 bufwait_laps=135012 resets=16830 eos_parks=0 nbuf=16 rx_actual_cpu=3
ADVANCE_DIAGNOSTIC sustained: advances=16830 advance_ms=137.6 us_per_advance=8.2 (F-5 reset/auto-advance hygiene — the synchronous bake tail the per-publication prepatch budget drains; HFT_PREPATCH_BUDGET prices it)
RXWARM_DIAGNOSTIC sustained: enabled=false fixes=0 uncovered=0 last_pass_fixes=0 (F-1 frame-entry warm start; the steady-state law is fixes==0 on pass>=2 — the kill rule reads persistent fixes)
RXBUILD_DIAGNOSTIC sustained: enabled=true patches=370171900 last_pass_patches=21996 frames=21996 (F-2 publish-by-reference master; the steady-state law is every patchable entry patched exactly once per pass boundary)
DIAG cons sustained: parks=28 park_ms=1.8 slow_waits=28 slow_ms=2.3
BENCH mode=replay-hydra-sustained-5s total_msgs=8512426972 duration=5.00s sustained_rate=1702444245 msg/s allocs=0 workers=2 crc_kernel=reflect
PR1_HYDRA_SUSTAINED_VERDICT rate=1702444245 (duration=5.00s, total_msgs=8512426972, workers=2)
PR1_GIGAHFT_VERDICT rate=1702444245 target=1000000000 -> PASS (Project 1.0B: bit-exact, zero-alloc, every byte verified in-window, cross-pass double-buffered fabric)
PR1_R8_FULL_VERIFY_VERDICT rate=1702444245 target=1000000000 -> PASS (R8: 1B msg/s sustained full verification — bit-exact, zero-alloc, every byte CRC32C-verified in-window)
PR1_R16_FULL_VERIFY_VERDICT rate=1702444245 target=2000000000 -> FAIL (R16: 2B msg/s sustained full verification — the Double Helix program, docs/29)
R16B_RXDESC_VERDICT rx_fixes=0 assist_chunks=405177 (array-driven submission telemetry; fixes=0 means every RX prefill entry was already exact)
R23B_AFFINE_VERDICT arm=sustained armed=false tag_hits=0 payload_fallbacks=0 ledger_rows=0 (R23c: zero-re-read affine verification on the worker fabric)
PR1_R23_AFFINE_SUSTAINED_VERDICT rate=1702444245 target=2500000000 -> FAIL (R23: 2.5B+ sustained full verification from register tags — the affine-span algebra program, docs/36)
=== 11m. R12: Vectorized Watermark Ladder ARMED Soak (the refuted experiment) ===
[1m[92m    Finished[0m `release` profile [optimized] target(s) in 0.01s
[1m[92m     Running[0m `target/release/bench --hydra-only`
BENCH_CALIBRATION invariant_tsc=true freq_mhz=2596.13 mark_overhead_cycles=52
=== R6. PR-1 HYDRA BIT-EXACT MULTI-CORE SPAN CONFORMANCE ===
BLOB_BACKING mode=mmap anon_huge_kb=14336 map_mb=16.5 verdict=thp-granted
HYDRA_BITPARITY sequential=(count=505849 hash=0x881639cead506f25 msg_hash=0xcbf29ce484222325) hydra=(count=505849 hash=0x881639cead506f25 msg_hash=0xcbf29ce484222325) -> BIT-EXACT
BENCH mode=replay-hydra-burst msgs=505849 rate=1376954443 allocs=0 freq=2596.13MHz workers=2 run=1
BENCH mode=replay-hydra-burst msgs=505849 rate=1577091673 allocs=0 freq=2596.13MHz workers=2 run=2
BENCH mode=replay-hydra-burst msgs=505849 rate=1696603097 allocs=0 freq=2596.13MHz workers=2 run=3
BENCH mode=replay-hydra-burst msgs=505849 rate=1745016937 allocs=0 freq=2596.13MHz workers=2 run=4
BENCH mode=replay-hydra-burst msgs=505849 rate=1726117192 allocs=0 freq=2596.13MHz workers=2 run=5
BENCH_MEDIAN mode=replay-hydra-burst rate=1696603097
R23B_AFFINE_VERDICT arm=burst armed=false tag_hits=0 payload_fallbacks=0 ledger_rows=0 (R23c: workers verify spans from register tags, zero payload reads; the (prefix,cum) triple checked per-span by the scalar affine law)
PR1_HYDRA_VERDICT rate=1696603097 (bit-exact multi-core span conformance: 2 workers, every emitted byte CRC32C-checked in-window, ordered serial fold)
PR1_GIGAHFT_BURST_VERDICT rate=1696603097 target=1000000000 -> PASS (R7 burst reference; the sustained arm below is the gate)
DIAG sustained: passes=17259 reset_ms=489.2 scan_ms=4507.4 end_ms=0.9 pending_max=6539 batches=379698 wait_ms=36.1 work_ms=4122.7 fold_ms=277.1 assist_chunks=328966 bytes_per_msg=27.65 crc_demand_gb_s=48.28
DIAG worker[0] sustained: cpu0(pinned) placement=[0, 2] batches=607129 spans=77687558 eval_ms=4950.3 idle_iters=55261 res_waits=0 fw=0 fw_ms=0.0
DIAG worker[1] sustained: cpu2(pinned) placement=[0, 2] batches=732013 spans=93673373 eval_ms=4939.5 idle_iters=55244 res_waits=0 fw=0 fw_ms=0.0
DIAG rx sustained: publications=379758 polls=1501771 prod_ms=1462.5 bufwait_laps=138052 resets=17261 eos_parks=0 nbuf=16 rx_actual_cpu=3
ADVANCE_DIAGNOSTIC sustained: advances=17261 advance_ms=140.7 us_per_advance=8.2 (F-5 reset/auto-advance hygiene — the synchronous bake tail the per-publication prepatch budget drains; HFT_PREPATCH_BUDGET prices it)
RXWARM_DIAGNOSTIC sustained: enabled=false fixes=0 uncovered=0 last_pass_fixes=0 (F-1 frame-entry warm start; the steady-state law is fixes==0 on pass>=2 — the kill rule reads persistent fixes)
RXBUILD_DIAGNOSTIC sustained: enabled=true patches=379652112 last_pass_patches=21996 frames=21996 (F-2 publish-by-reference master; the steady-state law is every patchable entry patched exactly once per pass boundary)
DIAG cons sustained: parks=22 park_ms=1.3 slow_waits=22 slow_ms=1.6
BENCH mode=replay-hydra-sustained-5s total_msgs=8730447891 duration=5.00s sustained_rate=1746033495 msg/s allocs=0 workers=2 crc_kernel=reflect
PR1_HYDRA_SUSTAINED_VERDICT rate=1746033495 (duration=5.00s, total_msgs=8730447891, workers=2)
PR1_GIGAHFT_VERDICT rate=1746033495 target=1000000000 -> PASS (Project 1.0B: bit-exact, zero-alloc, every byte verified in-window, cross-pass double-buffered fabric)
PR1_R8_FULL_VERIFY_VERDICT rate=1746033495 target=1000000000 -> PASS (R8: 1B msg/s sustained full verification — bit-exact, zero-alloc, every byte CRC32C-verified in-window)
PR1_R16_FULL_VERIFY_VERDICT rate=1746033495 target=2000000000 -> FAIL (R16: 2B msg/s sustained full verification — the Double Helix program, docs/29)
R16B_RXDESC_VERDICT rx_fixes=0 assist_chunks=328966 (array-driven submission telemetry; fixes=0 means every RX prefill entry was already exact)
R23B_AFFINE_VERDICT arm=sustained armed=false tag_hits=0 payload_fallbacks=0 ledger_rows=0 (R23c: zero-re-read affine verification on the worker fabric)
PR1_R23_AFFINE_SUSTAINED_VERDICT rate=1746033495 target=2500000000 -> FAIL (R23: 2.5B+ sustained full verification from register tags — the affine-span algebra program, docs/36)
=== 11n. R12: Compact 8-Byte Span Descriptors OFF (rollback attribution) ===
[1m[92m    Finished[0m `release` profile [optimized] target(s) in 0.00s
[1m[92m     Running[0m `target/release/bench --hydra-only`
BENCH_CALIBRATION invariant_tsc=true freq_mhz=2596.13 mark_overhead_cycles=52
=== R6. PR-1 HYDRA BIT-EXACT MULTI-CORE SPAN CONFORMANCE ===
BLOB_BACKING mode=mmap anon_huge_kb=14336 map_mb=16.5 verdict=thp-granted
HYDRA_BITPARITY sequential=(count=505849 hash=0x881639cead506f25 msg_hash=0xcbf29ce484222325) hydra=(count=505849 hash=0x881639cead506f25 msg_hash=0xcbf29ce484222325) -> BIT-EXACT
BENCH mode=replay-hydra-burst msgs=505849 rate=1523618620 allocs=0 freq=2596.13MHz workers=2 run=1
BENCH mode=replay-hydra-burst msgs=505849 rate=1717140548 allocs=0 freq=2596.13MHz workers=2 run=2
BENCH mode=replay-hydra-burst msgs=505849 rate=1761754339 allocs=0 freq=2596.13MHz workers=2 run=3
BENCH mode=replay-hydra-burst msgs=505849 rate=1728299269 allocs=0 freq=2596.13MHz workers=2 run=4
BENCH mode=replay-hydra-burst msgs=505849 rate=1808302083 allocs=0 freq=2596.13MHz workers=2 run=5
BENCH_MEDIAN mode=replay-hydra-burst rate=1728299269
R23B_AFFINE_VERDICT arm=burst armed=false tag_hits=0 payload_fallbacks=0 ledger_rows=0 (R23c: workers verify spans from register tags, zero payload reads; the (prefix,cum) triple checked per-span by the scalar affine law)
PR1_HYDRA_VERDICT rate=1728299269 (bit-exact multi-core span conformance: 2 workers, every emitted byte CRC32C-checked in-window, ordered serial fold)
PR1_GIGAHFT_BURST_VERDICT rate=1728299269 target=1000000000 -> PASS (R7 burst reference; the sustained arm below is the gate)
DIAG sustained: passes=17780 reset_ms=436.0 scan_ms=4560.6 end_ms=0.9 pending_max=8000 batches=391160 wait_ms=37.7 work_ms=4169.9 fold_ms=278.3 assist_chunks=401958 bytes_per_msg=27.65 crc_demand_gb_s=49.74
DIAG worker[0] sustained: cpu0(pinned) placement=[0, 2] batches=590026 spans=75514304 eval_ms=4966.7 idle_iters=30305 res_waits=0 fw=0 fw_ms=0.0
DIAG worker[1] sustained: cpu2(pinned) placement=[0, 2] batches=736539 spans=94271104 eval_ms=4954.6 idle_iters=32557 res_waits=0 fw=0 fw_ms=0.0
DIAG rx sustained: publications=391220 polls=1547098 prod_ms=1515.1 bufwait_laps=142104 resets=17782 eos_parks=0 nbuf=16 rx_actual_cpu=3
ADVANCE_DIAGNOSTIC sustained: advances=17782 advance_ms=112.4 us_per_advance=6.3 (F-5 reset/auto-advance hygiene — the synchronous bake tail the per-publication prepatch budget drains; HFT_PREPATCH_BUDGET prices it)
RXWARM_DIAGNOSTIC sustained: enabled=false fixes=0 uncovered=0 last_pass_fixes=0 (F-1 frame-entry warm start; the steady-state law is fixes==0 on pass>=2 — the kill rule reads persistent fixes)
RXBUILD_DIAGNOSTIC sustained: enabled=true patches=391112028 last_pass_patches=21996 frames=21996 (F-2 publish-by-reference master; the steady-state law is every patchable entry patched exactly once per pass boundary)
DIAG cons sustained: parks=23 park_ms=1.8 slow_waits=24 slow_ms=2.2
BENCH mode=replay-hydra-sustained-5s total_msgs=8993995220 duration=5.00s sustained_rate=1798696580 msg/s allocs=0 workers=2 crc_kernel=reflect
PR1_HYDRA_SUSTAINED_VERDICT rate=1798696580 (duration=5.00s, total_msgs=8993995220, workers=2)
PR1_GIGAHFT_VERDICT rate=1798696580 target=1000000000 -> PASS (Project 1.0B: bit-exact, zero-alloc, every byte verified in-window, cross-pass double-buffered fabric)
PR1_R8_FULL_VERIFY_VERDICT rate=1798696580 target=1000000000 -> PASS (R8: 1B msg/s sustained full verification — bit-exact, zero-alloc, every byte CRC32C-verified in-window)
PR1_R16_FULL_VERIFY_VERDICT rate=1798696580 target=2000000000 -> FAIL (R16: 2B msg/s sustained full verification — the Double Helix program, docs/29)
R16B_RXDESC_VERDICT rx_fixes=0 assist_chunks=401958 (array-driven submission telemetry; fixes=0 means every RX prefill entry was already exact)
R23B_AFFINE_VERDICT arm=sustained armed=false tag_hits=0 payload_fallbacks=0 ledger_rows=0 (R23c: zero-re-read affine verification on the worker fabric)
PR1_R23_AFFINE_SUSTAINED_VERDICT rate=1798696580 target=2500000000 -> FAIL (R23: 2.5B+ sustained full verification from register tags — the affine-span algebra program, docs/36)
=== 11r. R13: Mirror-Domain Fold Kernel Soak (rollback attribution) ===
[1m[92m    Finished[0m `release` profile [optimized] target(s) in 0.01s
[1m[92m     Running[0m `target/release/bench --hydra-only`
BENCH_CALIBRATION invariant_tsc=true freq_mhz=2596.13 mark_overhead_cycles=52
=== R6. PR-1 HYDRA BIT-EXACT MULTI-CORE SPAN CONFORMANCE ===
BLOB_BACKING mode=mmap anon_huge_kb=16384 map_mb=16.5 verdict=thp-granted
HYDRA_BITPARITY sequential=(count=505849 hash=0x881639cead506f25 msg_hash=0xcbf29ce484222325) hydra=(count=505849 hash=0x881639cead506f25 msg_hash=0xcbf29ce484222325) -> BIT-EXACT
BENCH mode=replay-hydra-burst msgs=505849 rate=1470183566 allocs=0 freq=2596.13MHz workers=2 run=1
BENCH mode=replay-hydra-burst msgs=505849 rate=1503082833 allocs=0 freq=2596.13MHz workers=2 run=2
BENCH mode=replay-hydra-burst msgs=505849 rate=1641785861 allocs=0 freq=2596.13MHz workers=2 run=3
BENCH mode=replay-hydra-burst msgs=505849 rate=1654480040 allocs=0 freq=2596.13MHz workers=2 run=4
BENCH mode=replay-hydra-burst msgs=505849 rate=1629972739 allocs=0 freq=2596.13MHz workers=2 run=5
BENCH_MEDIAN mode=replay-hydra-burst rate=1629972739
R23B_AFFINE_VERDICT arm=burst armed=false tag_hits=0 payload_fallbacks=0 ledger_rows=0 (R23c: workers verify spans from register tags, zero payload reads; the (prefix,cum) triple checked per-span by the scalar affine law)
PR1_HYDRA_VERDICT rate=1629972739 (bit-exact multi-core span conformance: 2 workers, every emitted byte CRC32C-checked in-window, ordered serial fold)
PR1_GIGAHFT_BURST_VERDICT rate=1629972739 target=1000000000 -> PASS (R7 burst reference; the sustained arm below is the gate)
DIAG sustained: passes=17863 reset_ms=446.9 scan_ms=4549.6 end_ms=0.9 pending_max=5979 batches=392986 wait_ms=37.9 work_ms=4144.8 fold_ms=289.3 assist_chunks=392808 bytes_per_msg=27.65 crc_demand_gb_s=49.97
DIAG worker[0] sustained: cpu0(pinned) placement=[0, 2] batches=609651 spans=78011930 eval_ms=4963.0 idle_iters=31610 res_waits=0 fw=0 fw_ms=0.0
DIAG worker[1] sustained: cpu2(pinned) placement=[0, 2] batches=749844 spans=95956737 eval_ms=4952.1 idle_iters=33927 res_waits=0 fw=0 fw_ms=0.0
DIAG rx sustained: publications=393046 polls=1554319 prod_ms=1522.2 bufwait_laps=142732 resets=17865 eos_parks=0 nbuf=16 rx_actual_cpu=3
ADVANCE_DIAGNOSTIC sustained: advances=17865 advance_ms=104.2 us_per_advance=5.8 (F-5 reset/auto-advance hygiene — the synchronous bake tail the per-publication prepatch budget drains; HFT_PREPATCH_BUDGET prices it)
RXWARM_DIAGNOSTIC sustained: enabled=false fixes=0 uncovered=0 last_pass_fixes=0 (F-1 frame-entry warm start; the steady-state law is fixes==0 on pass>=2 — the kill rule reads persistent fixes)
RXBUILD_DIAGNOSTIC sustained: enabled=true patches=392937760 last_pass_patches=21996 frames=21996 (F-2 publish-by-reference master; the steady-state law is every patchable entry patched exactly once per pass boundary)
DIAG cons sustained: parks=35 park_ms=2.6 slow_waits=35 slow_ms=3.1
BENCH mode=replay-hydra-sustained-5s total_msgs=9035980687 duration=5.00s sustained_rate=1807138801 msg/s allocs=0 workers=2 crc_kernel=fold512
PR1_HYDRA_SUSTAINED_VERDICT rate=1807138801 (duration=5.00s, total_msgs=9035980687, workers=2)
PR1_GIGAHFT_VERDICT rate=1807138801 target=1000000000 -> PASS (Project 1.0B: bit-exact, zero-alloc, every byte verified in-window, cross-pass double-buffered fabric)
PR1_R8_FULL_VERIFY_VERDICT rate=1807138801 target=1000000000 -> PASS (R8: 1B msg/s sustained full verification — bit-exact, zero-alloc, every byte CRC32C-verified in-window)
PR1_R16_FULL_VERIFY_VERDICT rate=1807138801 target=2000000000 -> FAIL (R16: 2B msg/s sustained full verification — the Double Helix program, docs/29)
R16B_RXDESC_VERDICT rx_fixes=0 assist_chunks=392808 (array-driven submission telemetry; fixes=0 means every RX prefill entry was already exact)
R23B_AFFINE_VERDICT arm=sustained armed=false tag_hits=0 payload_fallbacks=0 ledger_rows=0 (R23c: zero-re-read affine verification on the worker fabric)
PR1_R23_AFFINE_SUSTAINED_VERDICT rate=1807138801 target=2500000000 -> FAIL (R23: 2.5B+ sustained full verification from register tags — the affine-span algebra program, docs/36)
=== 11s. R14: Vector Barrett Ending OFF (rollback attribution) ===
[1m[92m    Finished[0m `release` profile [optimized] target(s) in 0.00s
[1m[92m     Running[0m `target/release/bench --hydra-only`
BENCH_CALIBRATION invariant_tsc=true freq_mhz=2596.13 mark_overhead_cycles=52
=== R6. PR-1 HYDRA BIT-EXACT MULTI-CORE SPAN CONFORMANCE ===
BLOB_BACKING mode=mmap anon_huge_kb=16384 map_mb=16.5 verdict=thp-granted
HYDRA_BITPARITY sequential=(count=505849 hash=0x881639cead506f25 msg_hash=0xcbf29ce484222325) hydra=(count=505849 hash=0x881639cead506f25 msg_hash=0xcbf29ce484222325) -> BIT-EXACT
BENCH mode=replay-hydra-burst msgs=505849 rate=1505592594 allocs=0 freq=2596.13MHz workers=2 run=1
BENCH mode=replay-hydra-burst msgs=505849 rate=1670620989 allocs=0 freq=2596.13MHz workers=2 run=2
BENCH mode=replay-hydra-burst msgs=505849 rate=1745143361 allocs=0 freq=2596.13MHz workers=2 run=3
BENCH mode=replay-hydra-burst msgs=505849 rate=1782708905 allocs=0 freq=2596.13MHz workers=2 run=4
BENCH mode=replay-hydra-burst msgs=505849 rate=1814086678 allocs=0 freq=2596.13MHz workers=2 run=5
BENCH_MEDIAN mode=replay-hydra-burst rate=1745143361
R23B_AFFINE_VERDICT arm=burst armed=false tag_hits=0 payload_fallbacks=0 ledger_rows=0 (R23c: workers verify spans from register tags, zero payload reads; the (prefix,cum) triple checked per-span by the scalar affine law)
PR1_HYDRA_VERDICT rate=1745143361 (bit-exact multi-core span conformance: 2 workers, every emitted byte CRC32C-checked in-window, ordered serial fold)
PR1_GIGAHFT_BURST_VERDICT rate=1745143361 target=1000000000 -> PASS (R7 burst reference; the sustained arm below is the gate)
DIAG sustained: passes=18096 reset_ms=451.4 scan_ms=4545.3 end_ms=0.9 pending_max=6977 batches=398112 wait_ms=33.6 work_ms=4155.2 fold_ms=284.7 assist_chunks=408583 bytes_per_msg=27.65 crc_demand_gb_s=50.62
DIAG worker[0] sustained: cpu0(pinned) placement=[0, 2] batches=617907 spans=79083749 eval_ms=4964.1 idle_iters=32534 res_waits=0 fw=0 fw_ms=0.0
DIAG worker[1] sustained: cpu2(pinned) placement=[0, 2] batches=753658 spans=96461369 eval_ms=4952.4 idle_iters=34813 res_waits=0 fw=0 fw_ms=0.0
DIAG rx sustained: publications=398172 polls=1574590 prod_ms=1447.2 bufwait_laps=144695 resets=18098 eos_parks=0 nbuf=16 rx_actual_cpu=3
ADVANCE_DIAGNOSTIC sustained: advances=18098 advance_ms=102.1 us_per_advance=5.6 (F-5 reset/auto-advance hygiene — the synchronous bake tail the per-publication prepatch budget drains; HFT_PREPATCH_BUDGET prices it)
RXWARM_DIAGNOSTIC sustained: enabled=false fixes=0 uncovered=0 last_pass_fixes=0 (F-1 frame-entry warm start; the steady-state law is fixes==0 on pass>=2 — the kill rule reads persistent fixes)
RXBUILD_DIAGNOSTIC sustained: enabled=true patches=398062764 last_pass_patches=21932 frames=21996 (F-2 publish-by-reference master; the steady-state law is every patchable entry patched exactly once per pass boundary)
DIAG cons sustained: parks=12 park_ms=0.7 slow_waits=12 slow_ms=0.9
BENCH mode=replay-hydra-sustained-5s total_msgs=9153843504 duration=5.00s sustained_rate=1830654425 msg/s allocs=0 workers=2 crc_kernel=reflect
PR1_HYDRA_SUSTAINED_VERDICT rate=1830654425 (duration=5.00s, total_msgs=9153843504, workers=2)
PR1_GIGAHFT_VERDICT rate=1830654425 target=1000000000 -> PASS (Project 1.0B: bit-exact, zero-alloc, every byte verified in-window, cross-pass double-buffered fabric)
PR1_R8_FULL_VERIFY_VERDICT rate=1830654425 target=1000000000 -> PASS (R8: 1B msg/s sustained full verification — bit-exact, zero-alloc, every byte CRC32C-verified in-window)
PR1_R16_FULL_VERIFY_VERDICT rate=1830654425 target=2000000000 -> FAIL (R16: 2B msg/s sustained full verification — the Double Helix program, docs/29)
R16B_RXDESC_VERDICT rx_fixes=0 assist_chunks=408583 (array-driven submission telemetry; fixes=0 means every RX prefill entry was already exact)
R23B_AFFINE_VERDICT arm=sustained armed=false tag_hits=0 payload_fallbacks=0 ledger_rows=0 (R23c: zero-re-read affine verification on the worker fabric)
PR1_R23_AFFINE_SUSTAINED_VERDICT rate=1830654425 target=2500000000 -> FAIL (R23: 2.5B+ sustained full verification from register tags — the affine-span algebra program, docs/36)
=== 11t. R15: Vectorized Tail (vtail) OFF (rollback attribution) ===
[1m[92m    Finished[0m `release` profile [optimized] target(s) in 0.00s
[1m[92m     Running[0m `target/release/bench --hydra-only`
BENCH_CALIBRATION invariant_tsc=true freq_mhz=2596.13 mark_overhead_cycles=52
=== R6. PR-1 HYDRA BIT-EXACT MULTI-CORE SPAN CONFORMANCE ===
BLOB_BACKING mode=mmap anon_huge_kb=16384 map_mb=16.5 verdict=thp-granted
HYDRA_BITPARITY sequential=(count=505849 hash=0x881639cead506f25 msg_hash=0xcbf29ce484222325) hydra=(count=505849 hash=0x881639cead506f25 msg_hash=0xcbf29ce484222325) -> BIT-EXACT
BENCH mode=replay-hydra-burst msgs=505849 rate=1491278135 allocs=0 freq=2596.13MHz workers=2 run=1
BENCH mode=replay-hydra-burst msgs=505849 rate=1569253916 allocs=0 freq=2596.13MHz workers=2 run=2
BENCH mode=replay-hydra-burst msgs=505849 rate=1654150016 allocs=0 freq=2596.13MHz workers=2 run=3
BENCH mode=replay-hydra-burst msgs=505849 rate=1713464534 allocs=0 freq=2596.13MHz workers=2 run=4
BENCH mode=replay-hydra-burst msgs=505849 rate=1834042152 allocs=0 freq=2596.13MHz workers=2 run=5
BENCH_MEDIAN mode=replay-hydra-burst rate=1654150016
R23B_AFFINE_VERDICT arm=burst armed=false tag_hits=0 payload_fallbacks=0 ledger_rows=0 (R23c: workers verify spans from register tags, zero payload reads; the (prefix,cum) triple checked per-span by the scalar affine law)
PR1_HYDRA_VERDICT rate=1654150016 (bit-exact multi-core span conformance: 2 workers, every emitted byte CRC32C-checked in-window, ordered serial fold)
PR1_GIGAHFT_BURST_VERDICT rate=1654150016 target=1000000000 -> PASS (R7 burst reference; the sustained arm below is the gate)
DIAG sustained: passes=18149 reset_ms=479.4 scan_ms=4517.1 end_ms=0.9 pending_max=11712 batches=399278 wait_ms=39.5 work_ms=4123.3 fold_ms=282.5 assist_chunks=417347 bytes_per_msg=27.65 crc_demand_gb_s=50.77
DIAG worker[0] sustained: cpu0(pinned) placement=[0, 2] batches=621555 spans=79541834 eval_ms=4924.5 idle_iters=107827 res_waits=6403 fw=0 fw_ms=0.0
DIAG worker[1] sustained: cpu2(pinned) placement=[0, 2] batches=750327 spans=96025325 eval_ms=4912.0 idle_iters=109050 res_waits=0 fw=0 fw_ms=0.0
DIAG rx sustained: publications=399338 polls=1579201 prod_ms=1442.7 bufwait_laps=145241 resets=18151 eos_parks=0 nbuf=16 rx_actual_cpu=3
ADVANCE_DIAGNOSTIC sustained: advances=18151 advance_ms=97.2 us_per_advance=5.4 (F-5 reset/auto-advance hygiene — the synchronous bake tail the per-publication prepatch budget drains; HFT_PREPATCH_BUDGET prices it)
RXWARM_DIAGNOSTIC sustained: enabled=false fixes=0 uncovered=0 last_pass_fixes=0 (F-1 frame-entry warm start; the steady-state law is fixes==0 on pass>=2 — the kill rule reads persistent fixes)
RXBUILD_DIAGNOSTIC sustained: enabled=true patches=399228616 last_pass_patches=22060 frames=21996 (F-2 publish-by-reference master; the steady-state law is every patchable entry patched exactly once per pass boundary)
DIAG cons sustained: parks=26 park_ms=6.8 slow_waits=26 slow_ms=7.2
BENCH mode=replay-hydra-sustained-5s total_msgs=9180653501 duration=5.00s sustained_rate=1836066786 msg/s allocs=0 workers=2 crc_kernel=reflect
PR1_HYDRA_SUSTAINED_VERDICT rate=1836066786 (duration=5.00s, total_msgs=9180653501, workers=2)
PR1_GIGAHFT_VERDICT rate=1836066786 target=1000000000 -> PASS (Project 1.0B: bit-exact, zero-alloc, every byte verified in-window, cross-pass double-buffered fabric)
PR1_R8_FULL_VERIFY_VERDICT rate=1836066786 target=1000000000 -> PASS (R8: 1B msg/s sustained full verification — bit-exact, zero-alloc, every byte CRC32C-verified in-window)
PR1_R16_FULL_VERIFY_VERDICT rate=1836066786 target=2000000000 -> FAIL (R16: 2B msg/s sustained full verification — the Double Helix program, docs/29)
R16B_RXDESC_VERDICT rx_fixes=0 assist_chunks=417347 (array-driven submission telemetry; fixes=0 means every RX prefill entry was already exact)
R23B_AFFINE_VERDICT arm=sustained armed=false tag_hits=0 payload_fallbacks=0 ledger_rows=0 (R23c: zero-re-read affine verification on the worker fabric)
PR1_R23_AFFINE_SUSTAINED_VERDICT rate=1836066786 target=2500000000 -> FAIL (R23: 2.5B+ sustained full verification from register tags — the affine-span algebra program, docs/36)
=== 11u. R15: Worker Drain Granularity Sweep (the supply-side rebalance) ===
[1m[92m    Finished[0m `release` profile [optimized] target(s) in 0.00s
[1m[92m     Running[0m `target/release/bench --hydra-only`
BENCH_CALIBRATION invariant_tsc=true freq_mhz=2596.13 mark_overhead_cycles=52
=== R6. PR-1 HYDRA BIT-EXACT MULTI-CORE SPAN CONFORMANCE ===
BLOB_BACKING mode=mmap anon_huge_kb=14336 map_mb=16.5 verdict=thp-granted
HYDRA_BITPARITY sequential=(count=505849 hash=0x881639cead506f25 msg_hash=0xcbf29ce484222325) hydra=(count=505849 hash=0x881639cead506f25 msg_hash=0xcbf29ce484222325) -> BIT-EXACT
BENCH mode=replay-hydra-burst msgs=505849 rate=1539083393 allocs=0 freq=2596.13MHz workers=2 run=1
BENCH mode=replay-hydra-burst msgs=505849 rate=1629395204 allocs=0 freq=2596.13MHz workers=2 run=2
BENCH mode=replay-hydra-burst msgs=505849 rate=1675163095 allocs=0 freq=2596.13MHz workers=2 run=3
BENCH mode=replay-hydra-burst msgs=505849 rate=1748158874 allocs=0 freq=2596.13MHz workers=2 run=4
BENCH mode=replay-hydra-burst msgs=505849 rate=1761085793 allocs=0 freq=2596.13MHz workers=2 run=5
BENCH_MEDIAN mode=replay-hydra-burst rate=1675163095
R23B_AFFINE_VERDICT arm=burst armed=false tag_hits=0 payload_fallbacks=0 ledger_rows=0 (R23c: workers verify spans from register tags, zero payload reads; the (prefix,cum) triple checked per-span by the scalar affine law)
PR1_HYDRA_VERDICT rate=1675163095 (bit-exact multi-core span conformance: 2 workers, every emitted byte CRC32C-checked in-window, ordered serial fold)
PR1_GIGAHFT_BURST_VERDICT rate=1675163095 target=1000000000 -> PASS (R7 burst reference; the sustained arm below is the gate)
DIAG sustained: passes=18167 reset_ms=450.6 scan_ms=4546.1 end_ms=0.9 pending_max=9931 batches=399674 wait_ms=32.9 work_ms=4156.5 fold_ms=284.7 assist_chunks=425385 bytes_per_msg=27.65 crc_demand_gb_s=50.82
DIAG worker[0] sustained: cpu0(pinned) placement=[0, 2] batches=1236559 spans=79138394 eval_ms=4939.0 idle_iters=27525 res_waits=0 fw=0 fw_ms=0.0
DIAG worker[1] sustained: cpu2(pinned) placement=[0, 2] batches=1501822 spans=96115514 eval_ms=4919.2 idle_iters=31186 res_waits=1003 fw=0 fw_ms=0.0
DIAG rx sustained: publications=399734 polls=1580767 prod_ms=1435.7 bufwait_laps=145305 resets=18169 eos_parks=0 nbuf=16 rx_actual_cpu=3
ADVANCE_DIAGNOSTIC sustained: advances=18169 advance_ms=107.7 us_per_advance=5.9 (F-5 reset/auto-advance hygiene — the synchronous bake tail the per-publication prepatch budget drains; HFT_PREPATCH_BUDGET prices it)
RXWARM_DIAGNOSTIC sustained: enabled=false fixes=0 uncovered=0 last_pass_fixes=0 (F-1 frame-entry warm start; the steady-state law is fixes==0 on pass>=2 — the kill rule reads persistent fixes)
RXBUILD_DIAGNOSTIC sustained: enabled=true patches=399624544 last_pass_patches=22060 frames=21996 (F-2 publish-by-reference master; the steady-state law is every patchable entry patched exactly once per pass boundary)
DIAG cons sustained: parks=7 park_ms=0.4 slow_waits=7 slow_ms=0.5
BENCH mode=replay-hydra-sustained-5s total_msgs=9189758783 duration=5.00s sustained_rate=1837840319 msg/s allocs=0 workers=2 crc_kernel=reflect
PR1_HYDRA_SUSTAINED_VERDICT rate=1837840319 (duration=5.00s, total_msgs=9189758783, workers=2)
PR1_GIGAHFT_VERDICT rate=1837840319 target=1000000000 -> PASS (Project 1.0B: bit-exact, zero-alloc, every byte verified in-window, cross-pass double-buffered fabric)
PR1_R8_FULL_VERIFY_VERDICT rate=1837840319 target=1000000000 -> PASS (R8: 1B msg/s sustained full verification — bit-exact, zero-alloc, every byte CRC32C-verified in-window)
PR1_R16_FULL_VERIFY_VERDICT rate=1837840319 target=2000000000 -> FAIL (R16: 2B msg/s sustained full verification — the Double Helix program, docs/29)
R16B_RXDESC_VERDICT rx_fixes=0 assist_chunks=425385 (array-driven submission telemetry; fixes=0 means every RX prefill entry was already exact)
R23B_AFFINE_VERDICT arm=sustained armed=false tag_hits=0 payload_fallbacks=0 ledger_rows=0 (R23c: zero-re-read affine verification on the worker fabric)
PR1_R23_AFFINE_SUSTAINED_VERDICT rate=1837840319 target=2500000000 -> FAIL (R23: 2.5B+ sustained full verification from register tags — the affine-span algebra program, docs/36)
[1m[92m    Finished[0m `release` profile [optimized] target(s) in 0.00s
[1m[92m     Running[0m `target/release/bench --hydra-only`
BENCH_CALIBRATION invariant_tsc=true freq_mhz=2596.13 mark_overhead_cycles=52
=== R6. PR-1 HYDRA BIT-EXACT MULTI-CORE SPAN CONFORMANCE ===
BLOB_BACKING mode=mmap anon_huge_kb=16384 map_mb=16.5 verdict=thp-granted
HYDRA_BITPARITY sequential=(count=505849 hash=0x881639cead506f25 msg_hash=0xcbf29ce484222325) hydra=(count=505849 hash=0x881639cead506f25 msg_hash=0xcbf29ce484222325) -> BIT-EXACT
BENCH mode=replay-hydra-burst msgs=505849 rate=1274978512 allocs=0 freq=2596.13MHz workers=2 run=1
BENCH mode=replay-hydra-burst msgs=505849 rate=1590400045 allocs=0 freq=2596.13MHz workers=2 run=2
BENCH mode=replay-hydra-burst msgs=505849 rate=1712014756 allocs=0 freq=2596.13MHz workers=2 run=3
BENCH mode=replay-hydra-burst msgs=505849 rate=1751979357 allocs=0 freq=2596.13MHz workers=2 run=4
BENCH mode=replay-hydra-burst msgs=505849 rate=1665988216 allocs=0 freq=2596.13MHz workers=2 run=5
BENCH_MEDIAN mode=replay-hydra-burst rate=1665988216
R23B_AFFINE_VERDICT arm=burst armed=false tag_hits=0 payload_fallbacks=0 ledger_rows=0 (R23c: workers verify spans from register tags, zero payload reads; the (prefix,cum) triple checked per-span by the scalar affine law)
PR1_HYDRA_VERDICT rate=1665988216 (bit-exact multi-core span conformance: 2 workers, every emitted byte CRC32C-checked in-window, ordered serial fold)
PR1_GIGAHFT_BURST_VERDICT rate=1665988216 target=1000000000 -> PASS (R7 burst reference; the sustained arm below is the gate)
DIAG sustained: passes=18172 reset_ms=444.3 scan_ms=4552.2 end_ms=0.9 pending_max=9977 batches=399784 wait_ms=39.9 work_ms=4153.8 fold_ms=285.8 assist_chunks=404423 bytes_per_msg=27.65 crc_demand_gb_s=50.84
DIAG worker[0] sustained: cpu0(pinned) placement=[0, 2] batches=309451 spans=79122693 eval_ms=4957.5 idle_iters=65279 res_waits=521 fw=0 fw_ms=0.0
DIAG worker[1] sustained: cpu2(pinned) placement=[0, 2] batches=381479 spans=97544415 eval_ms=4951.2 idle_iters=68014 res_waits=0 fw=0 fw_ms=0.0
DIAG rx sustained: publications=399844 polls=1581202 prod_ms=1521.5 bufwait_laps=145397 resets=18174 eos_parks=0 nbuf=16 rx_actual_cpu=3
ADVANCE_DIAGNOSTIC sustained: advances=18174 advance_ms=102.5 us_per_advance=5.6 (F-5 reset/auto-advance hygiene — the synchronous bake tail the per-publication prepatch budget drains; HFT_PREPATCH_BUDGET prices it)
RXWARM_DIAGNOSTIC sustained: enabled=false fixes=0 uncovered=0 last_pass_fixes=0 (F-1 frame-entry warm start; the steady-state law is fixes==0 on pass>=2 — the kill rule reads persistent fixes)
RXBUILD_DIAGNOSTIC sustained: enabled=true patches=399734460 last_pass_patches=21932 frames=21996 (F-2 publish-by-reference master; the steady-state law is every patchable entry patched exactly once per pass boundary)
DIAG cons sustained: parks=35 park_ms=3.5 slow_waits=35 slow_ms=4.0
BENCH mode=replay-hydra-sustained-5s total_msgs=9192288028 duration=5.00s sustained_rate=1838421087 msg/s allocs=0 workers=2 crc_kernel=reflect
PR1_HYDRA_SUSTAINED_VERDICT rate=1838421087 (duration=5.00s, total_msgs=9192288028, workers=2)
PR1_GIGAHFT_VERDICT rate=1838421087 target=1000000000 -> PASS (Project 1.0B: bit-exact, zero-alloc, every byte verified in-window, cross-pass double-buffered fabric)
PR1_R8_FULL_VERIFY_VERDICT rate=1838421087 target=1000000000 -> PASS (R8: 1B msg/s sustained full verification — bit-exact, zero-alloc, every byte CRC32C-verified in-window)
PR1_R16_FULL_VERIFY_VERDICT rate=1838421087 target=2000000000 -> FAIL (R16: 2B msg/s sustained full verification — the Double Helix program, docs/29)
R16B_RXDESC_VERDICT rx_fixes=0 assist_chunks=404423 (array-driven submission telemetry; fixes=0 means every RX prefill entry was already exact)
R23B_AFFINE_VERDICT arm=sustained armed=false tag_hits=0 payload_fallbacks=0 ledger_rows=0 (R23c: zero-re-read affine verification on the worker fabric)
PR1_R23_AFFINE_SUSTAINED_VERDICT rate=1838421087 target=2500000000 -> FAIL (R23: 2.5B+ sustained full verification from register tags — the affine-span algebra program, docs/36)
=== 11wm. R17: Assist-Watermark Deep-Soak, SIBLINGS (the A3-b pricing where the assist lives) ===
[1m[92m    Finished[0m `release` profile [optimized] target(s) in 0.01s
[1m[92m     Running[0m `target/release/bench --hydra-only`
BENCH_CALIBRATION invariant_tsc=true freq_mhz=2596.13 mark_overhead_cycles=52
=== R6. PR-1 HYDRA BIT-EXACT MULTI-CORE SPAN CONFORMANCE ===
BLOB_BACKING mode=mmap anon_huge_kb=14336 map_mb=16.5 verdict=thp-granted
HYDRA_BITPARITY sequential=(count=505849 hash=0x881639cead506f25 msg_hash=0xcbf29ce484222325) hydra=(count=505849 hash=0x881639cead506f25 msg_hash=0xcbf29ce484222325) -> BIT-EXACT
BENCH mode=replay-hydra-burst msgs=505849 rate=1414396479 allocs=0 freq=2596.13MHz workers=2 run=1
BENCH mode=replay-hydra-burst msgs=505849 rate=1529108590 allocs=0 freq=2596.13MHz workers=2 run=2
BENCH mode=replay-hydra-burst msgs=505849 rate=1511359494 allocs=0 freq=2596.13MHz workers=2 run=3
BENCH mode=replay-hydra-burst msgs=505849 rate=1606384904 allocs=0 freq=2596.13MHz workers=2 run=4
BENCH mode=replay-hydra-burst msgs=505849 rate=1575863401 allocs=0 freq=2596.13MHz workers=2 run=5
BENCH_MEDIAN mode=replay-hydra-burst rate=1529108590
R23B_AFFINE_VERDICT arm=burst armed=false tag_hits=0 payload_fallbacks=0 ledger_rows=0 (R23c: workers verify spans from register tags, zero payload reads; the (prefix,cum) triple checked per-span by the scalar affine law)
PR1_HYDRA_VERDICT rate=1529108590 (bit-exact multi-core span conformance: 2 workers, every emitted byte CRC32C-checked in-window, ordered serial fold)
PR1_GIGAHFT_BURST_VERDICT rate=1529108590 target=1000000000 -> PASS (R7 burst reference; the sustained arm below is the gate)
DIAG sustained: passes=18176 reset_ms=379.2 scan_ms=4606.9 end_ms=3.7 pending_max=11241 batches=399872 wait_ms=23.6 work_ms=4215.8 fold_ms=291.5 assist_chunks=675008 bytes_per_msg=27.65 crc_demand_gb_s=50.85
DIAG worker[0] sustained: cpu2(pinned) placement=[2, 3] batches=623253 spans=79759679 eval_ms=4961.5 idle_iters=21767 res_waits=5351 fw=0 fw_ms=0.0
DIAG worker[1] sustained: cpu3(pinned) placement=[2, 3] batches=620553 spans=79416874 eval_ms=4962.7 idle_iters=15897 res_waits=1770 fw=0 fw_ms=0.0
DIAG rx sustained: publications=399932 polls=1581550 prod_ms=1547.1 bufwait_laps=145337 resets=18178 eos_parks=0 nbuf=16 rx_actual_cpu=1
ADVANCE_DIAGNOSTIC sustained: advances=18178 advance_ms=78.4 us_per_advance=4.3 (F-5 reset/auto-advance hygiene — the synchronous bake tail the per-publication prepatch budget drains; HFT_PREPATCH_BUDGET prices it)
RXWARM_DIAGNOSTIC sustained: enabled=false fixes=0 uncovered=0 last_pass_fixes=0 (F-1 frame-entry warm start; the steady-state law is fixes==0 on pass>=2 — the kill rule reads persistent fixes)
RXBUILD_DIAGNOSTIC sustained: enabled=true patches=399822508 last_pass_patches=21996 frames=21996 (F-2 publish-by-reference master; the steady-state law is every patchable entry patched exactly once per pass boundary)
DIAG cons sustained: parks=12 park_ms=1.0 slow_waits=12 slow_ms=1.1
BENCH mode=replay-hydra-sustained-5s total_msgs=9194311424 duration=5.00s sustained_rate=1838784380 msg/s allocs=0 workers=2 crc_kernel=reflect
PR1_HYDRA_SUSTAINED_VERDICT rate=1838784380 (duration=5.00s, total_msgs=9194311424, workers=2)
PR1_GIGAHFT_VERDICT rate=1838784380 target=1000000000 -> PASS (Project 1.0B: bit-exact, zero-alloc, every byte verified in-window, cross-pass double-buffered fabric)
PR1_R8_FULL_VERIFY_VERDICT rate=1838784380 target=1000000000 -> PASS (R8: 1B msg/s sustained full verification — bit-exact, zero-alloc, every byte CRC32C-verified in-window)
PR1_R16_FULL_VERIFY_VERDICT rate=1838784380 target=2000000000 -> FAIL (R16: 2B msg/s sustained full verification — the Double Helix program, docs/29)
R16B_RXDESC_VERDICT rx_fixes=0 assist_chunks=675008 (array-driven submission telemetry; fixes=0 means every RX prefill entry was already exact)
R23B_AFFINE_VERDICT arm=sustained armed=false tag_hits=0 payload_fallbacks=0 ledger_rows=0 (R23c: zero-re-read affine verification on the worker fabric)
PR1_R23_AFFINE_SUSTAINED_VERDICT rate=1838784380 target=2500000000 -> FAIL (R23: 2.5B+ sustained full verification from register tags — the affine-span algebra program, docs/36)
=== 11v. R16: Dual-Stream Fold (dfold) ARMED Soak (attribution) ===
[1m[92m    Finished[0m `release` profile [optimized] target(s) in 0.00s
[1m[92m     Running[0m `target/release/bench --hydra-only`
BENCH_CALIBRATION invariant_tsc=true freq_mhz=2596.13 mark_overhead_cycles=52
=== R6. PR-1 HYDRA BIT-EXACT MULTI-CORE SPAN CONFORMANCE ===
BLOB_BACKING mode=mmap anon_huge_kb=16384 map_mb=16.5 verdict=thp-granted
HYDRA_BITPARITY sequential=(count=505849 hash=0x881639cead506f25 msg_hash=0xcbf29ce484222325) hydra=(count=505849 hash=0x881639cead506f25 msg_hash=0xcbf29ce484222325) -> BIT-EXACT
BENCH mode=replay-hydra-burst msgs=505849 rate=1519084313 allocs=0 freq=2596.13MHz workers=2 run=1
BENCH mode=replay-hydra-burst msgs=505849 rate=1587002149 allocs=0 freq=2596.13MHz workers=2 run=2
BENCH mode=replay-hydra-burst msgs=505849 rate=1589900177 allocs=0 freq=2596.13MHz workers=2 run=3
BENCH mode=replay-hydra-burst msgs=505849 rate=1702146488 allocs=0 freq=2596.13MHz workers=2 run=4
BENCH mode=replay-hydra-burst msgs=505849 rate=1735485840 allocs=0 freq=2596.13MHz workers=2 run=5
BENCH_MEDIAN mode=replay-hydra-burst rate=1589900177
R23B_AFFINE_VERDICT arm=burst armed=false tag_hits=0 payload_fallbacks=0 ledger_rows=0 (R23c: workers verify spans from register tags, zero payload reads; the (prefix,cum) triple checked per-span by the scalar affine law)
PR1_HYDRA_VERDICT rate=1589900177 (bit-exact multi-core span conformance: 2 workers, every emitted byte CRC32C-checked in-window, ordered serial fold)
PR1_GIGAHFT_BURST_VERDICT rate=1589900177 target=1000000000 -> PASS (R7 burst reference; the sustained arm below is the gate)
DIAG sustained: passes=17746 reset_ms=450.1 scan_ms=4546.6 end_ms=0.9 pending_max=8403 batches=390412 wait_ms=35.5 work_ms=4155.2 fold_ms=284.4 assist_chunks=403119 bytes_per_msg=27.65 crc_demand_gb_s=49.65
DIAG worker[0] sustained: cpu0(pinned) placement=[0, 2] batches=605496 spans=77493995 eval_ms=4967.9 idle_iters=26224 res_waits=0 fw=0 fw_ms=0.0
DIAG worker[1] sustained: cpu2(pinned) placement=[0, 2] batches=738295 spans=94491057 eval_ms=4956.2 idle_iters=24820 res_waits=13 fw=0 fw_ms=0.0
DIAG rx sustained: publications=390472 polls=1544140 prod_ms=1452.3 bufwait_laps=142049 resets=17748 eos_parks=0 nbuf=16 rx_actual_cpu=3
ADVANCE_DIAGNOSTIC sustained: advances=17748 advance_ms=106.0 us_per_advance=6.0 (F-5 reset/auto-advance hygiene — the synchronous bake tail the per-publication prepatch budget drains; HFT_PREPATCH_BUDGET prices it)
RXWARM_DIAGNOSTIC sustained: enabled=false fixes=0 uncovered=0 last_pass_fixes=0 (F-1 frame-entry warm start; the steady-state law is fixes==0 on pass>=2 — the kill rule reads persistent fixes)
RXBUILD_DIAGNOSTIC sustained: enabled=true patches=390364164 last_pass_patches=21996 frames=21996 (F-2 publish-by-reference master; the steady-state law is every patchable entry patched exactly once per pass boundary)
DIAG cons sustained: parks=22 park_ms=2.2 slow_waits=22 slow_ms=2.5
BENCH mode=replay-hydra-sustained-5s total_msgs=8976796354 duration=5.00s sustained_rate=1795286154 msg/s allocs=0 workers=2 crc_kernel=reflect
PR1_HYDRA_SUSTAINED_VERDICT rate=1795286154 (duration=5.00s, total_msgs=8976796354, workers=2)
PR1_GIGAHFT_VERDICT rate=1795286154 target=1000000000 -> PASS (Project 1.0B: bit-exact, zero-alloc, every byte verified in-window, cross-pass double-buffered fabric)
PR1_R8_FULL_VERIFY_VERDICT rate=1795286154 target=1000000000 -> PASS (R8: 1B msg/s sustained full verification — bit-exact, zero-alloc, every byte CRC32C-verified in-window)
PR1_R16_FULL_VERIFY_VERDICT rate=1795286154 target=2000000000 -> FAIL (R16: 2B msg/s sustained full verification — the Double Helix program, docs/29)
R16B_RXDESC_VERDICT rx_fixes=0 assist_chunks=403119 (array-driven submission telemetry; fixes=0 means every RX prefill entry was already exact)
R23B_AFFINE_VERDICT arm=sustained armed=false tag_hits=0 payload_fallbacks=0 ledger_rows=0 (R23c: zero-re-read affine verification on the worker fabric)
PR1_R23_AFFINE_SUSTAINED_VERDICT rate=1795286154 target=2500000000 -> FAIL (R23: 2.5B+ sustained full verification from register tags — the affine-span algebra program, docs/36)
=== 11oa. R21: Octo-Stream Fold (ofold) ARMED Soak (attribution) ===
[1m[92m    Finished[0m `release` profile [optimized] target(s) in 0.00s
[1m[92m     Running[0m `target/release/bench --hydra-only`
BENCH_CALIBRATION invariant_tsc=true freq_mhz=2596.13 mark_overhead_cycles=52
=== R6. PR-1 HYDRA BIT-EXACT MULTI-CORE SPAN CONFORMANCE ===
BLOB_BACKING mode=mmap anon_huge_kb=14336 map_mb=16.5 verdict=thp-granted
HYDRA_BITPARITY sequential=(count=505849 hash=0x881639cead506f25 msg_hash=0xcbf29ce484222325) hydra=(count=505849 hash=0x881639cead506f25 msg_hash=0xcbf29ce484222325) -> BIT-EXACT
BENCH mode=replay-hydra-burst msgs=505849 rate=1598052069 allocs=0 freq=2596.13MHz workers=2 run=1
BENCH mode=replay-hydra-burst msgs=505849 rate=1672001480 allocs=0 freq=2596.13MHz workers=2 run=2
BENCH mode=replay-hydra-burst msgs=505849 rate=1809013435 allocs=0 freq=2596.13MHz workers=2 run=3
BENCH mode=replay-hydra-burst msgs=505849 rate=1792646537 allocs=0 freq=2596.13MHz workers=2 run=4
BENCH mode=replay-hydra-burst msgs=505849 rate=1785546872 allocs=0 freq=2596.13MHz workers=2 run=5
BENCH_MEDIAN mode=replay-hydra-burst rate=1785546872
R23B_AFFINE_VERDICT arm=burst armed=false tag_hits=0 payload_fallbacks=0 ledger_rows=0 (R23c: workers verify spans from register tags, zero payload reads; the (prefix,cum) triple checked per-span by the scalar affine law)
PR1_HYDRA_VERDICT rate=1785546872 (bit-exact multi-core span conformance: 2 workers, every emitted byte CRC32C-checked in-window, ordered serial fold)
PR1_GIGAHFT_BURST_VERDICT rate=1785546872 target=1000000000 -> PASS (R7 burst reference; the sustained arm below is the gate)
DIAG sustained: passes=17765 reset_ms=450.3 scan_ms=4546.3 end_ms=0.9 pending_max=6831 batches=390830 wait_ms=40.1 work_ms=4144.2 fold_ms=287.8 assist_chunks=399320 bytes_per_msg=27.65 crc_demand_gb_s=49.70
DIAG worker[0] sustained: cpu0(pinned) placement=[0, 2] batches=604443 spans=77346367 eval_ms=4954.7 idle_iters=48700 res_waits=0 fw=0 fw_ms=0.0
DIAG worker[1] sustained: cpu2(pinned) placement=[0, 2] batches=743137 spans=95100292 eval_ms=4943.3 idle_iters=48488 res_waits=0 fw=0 fw_ms=0.0
DIAG rx sustained: publications=390890 polls=1545793 prod_ms=1517.7 bufwait_laps=142001 resets=17767 eos_parks=0 nbuf=16 rx_actual_cpu=3
ADVANCE_DIAGNOSTIC sustained: advances=17767 advance_ms=108.6 us_per_advance=6.1 (F-5 reset/auto-advance hygiene — the synchronous bake tail the per-publication prepatch budget drains; HFT_PREPATCH_BUDGET prices it)
RXWARM_DIAGNOSTIC sustained: enabled=false fixes=0 uncovered=0 last_pass_fixes=0 (F-1 frame-entry warm start; the steady-state law is fixes==0 on pass>=2 — the kill rule reads persistent fixes)
RXBUILD_DIAGNOSTIC sustained: enabled=true patches=390782152 last_pass_patches=21996 frames=21996 (F-2 publish-by-reference master; the steady-state law is every patchable entry patched exactly once per pass boundary)
DIAG cons sustained: parks=34 park_ms=4.4 slow_waits=34 slow_ms=5.0
BENCH mode=replay-hydra-sustained-5s total_msgs=8986407485 duration=5.00s sustained_rate=1797170625 msg/s allocs=0 workers=2 crc_kernel=reflect
PR1_HYDRA_SUSTAINED_VERDICT rate=1797170625 (duration=5.00s, total_msgs=8986407485, workers=2)
PR1_GIGAHFT_VERDICT rate=1797170625 target=1000000000 -> PASS (Project 1.0B: bit-exact, zero-alloc, every byte verified in-window, cross-pass double-buffered fabric)
PR1_R8_FULL_VERIFY_VERDICT rate=1797170625 target=1000000000 -> PASS (R8: 1B msg/s sustained full verification — bit-exact, zero-alloc, every byte CRC32C-verified in-window)
PR1_R16_FULL_VERIFY_VERDICT rate=1797170625 target=2000000000 -> FAIL (R16: 2B msg/s sustained full verification — the Double Helix program, docs/29)
R16B_RXDESC_VERDICT rx_fixes=0 assist_chunks=399320 (array-driven submission telemetry; fixes=0 means every RX prefill entry was already exact)
R23B_AFFINE_VERDICT arm=sustained armed=false tag_hits=0 payload_fallbacks=0 ledger_rows=0 (R23c: zero-re-read affine verification on the worker fabric)
PR1_R23_AFFINE_SUSTAINED_VERDICT rate=1797170625 target=2500000000 -> FAIL (R23: 2.5B+ sustained full verification from register tags — the affine-span algebra program, docs/36)
=== 11fb. R21: Fused In-Register Verification ARMED (the Task 2 shape) ===
[1m[92m    Finished[0m `release` profile [optimized] target(s) in 0.01s
[1m[92m     Running[0m `target/release/bench --hydra-only`
BENCH_CALIBRATION invariant_tsc=true freq_mhz=2596.13 mark_overhead_cycles=52
=== R6. PR-1 HYDRA BIT-EXACT MULTI-CORE SPAN CONFORMANCE ===
BLOB_BACKING mode=mmap anon_huge_kb=16384 map_mb=16.5 verdict=thp-granted
HYDRA_FUSED_DIAGNOSTIC force_inline=true kernel=reflect assist_slots=64 (R21 Task 2: submit-side fused verification — every span CRC evaluates on the submitting core at the framing point; the workers never re-read the payload, the 2nd memory pass is eliminated)
HYDRA_BITPARITY sequential=(count=505849 hash=0x881639cead506f25 msg_hash=0xcbf29ce484222325) hydra=(count=505849 hash=0x881639cead506f25 msg_hash=0xcbf29ce484222325) -> BIT-EXACT
BENCH mode=replay-hydra-burst msgs=505849 rate=650150568 allocs=0 freq=2596.13MHz workers=2 run=1
BENCH mode=replay-hydra-burst msgs=505849 rate=672662597 allocs=0 freq=2596.13MHz workers=2 run=2
BENCH mode=replay-hydra-burst msgs=505849 rate=701784396 allocs=0 freq=2596.13MHz workers=2 run=3
BENCH mode=replay-hydra-burst msgs=505849 rate=718731529 allocs=0 freq=2596.13MHz workers=2 run=4
BENCH mode=replay-hydra-burst msgs=505849 rate=728065516 allocs=0 freq=2596.13MHz workers=2 run=5
BENCH_MEDIAN mode=replay-hydra-burst rate=701784396
R23B_AFFINE_VERDICT arm=burst armed=false tag_hits=0 payload_fallbacks=0 ledger_rows=0 (R23c: workers verify spans from register tags, zero payload reads; the (prefix,cum) triple checked per-span by the scalar affine law)
PR1_HYDRA_VERDICT rate=701784396 (bit-exact multi-core span conformance: 2 workers, every emitted byte CRC32C-checked in-window, ordered serial fold)
PR1_GIGAHFT_BURST_VERDICT rate=701784396 target=1000000000 -> FAIL (R7 burst reference; the sustained arm below is the gate)
DIAG sustained: passes=7232 reset_ms=134.2 scan_ms=4864.3 end_ms=0.3 pending_max=48 batches=159104 wait_ms=12.4 work_ms=4730.8 fold_ms=97.6 assist_chunks=1247520 bytes_per_msg=27.65 crc_demand_gb_s=20.23
DIAG worker[0] sustained: cpu0(pinned) placement=[0, 2] batches=0 spans=0 eval_ms=0.0 idle_iters=8364009 res_waits=0 fw=0 fw_ms=0.0
DIAG worker[1] sustained: cpu2(pinned) placement=[0, 2] batches=0 spans=0 eval_ms=0.0 idle_iters=9425646 res_waits=0 fw=0 fw_ms=0.0
DIAG rx sustained: publications=159164 polls=629422 prod_ms=520.7 bufwait_laps=148567 resets=7234 eos_parks=0 nbuf=16 rx_actual_cpu=3
ADVANCE_DIAGNOSTIC sustained: advances=7234 advance_ms=13.4 us_per_advance=1.8 (F-5 reset/auto-advance hygiene — the synchronous bake tail the per-publication prepatch budget drains; HFT_PREPATCH_BUDGET prices it)
RXWARM_DIAGNOSTIC sustained: enabled=false fixes=0 uncovered=0 last_pass_fixes=0 (F-1 frame-entry warm start; the steady-state law is fixes==0 on pass>=2 — the kill rule reads persistent fixes)
RXBUILD_DIAGNOSTIC sustained: enabled=true patches=159097900 last_pass_patches=22060 frames=21996 (F-2 publish-by-reference master; the steady-state law is every patchable entry patched exactly once per pass boundary)
DIAG cons sustained: parks=2 park_ms=0.2 slow_waits=2 slow_ms=0.2
BENCH mode=replay-hydra-sustained-5s total_msgs=3658299968 duration=5.00s sustained_rate=731610100 msg/s allocs=0 workers=2 crc_kernel=reflect
PR1_HYDRA_SUSTAINED_VERDICT rate=731610100 (duration=5.00s, total_msgs=3658299968, workers=2)
PR1_GIGAHFT_VERDICT rate=731610100 target=1000000000 -> FAIL (Project 1.0B: bit-exact, zero-alloc, every byte verified in-window, cross-pass double-buffered fabric)
PR1_R8_FULL_VERIFY_VERDICT rate=731610100 target=1000000000 -> FAIL (R8: 1B msg/s sustained full verification — bit-exact, zero-alloc, every byte CRC32C-verified in-window)
PR1_R16_FULL_VERIFY_VERDICT rate=731610100 target=2000000000 -> FAIL (R16: 2B msg/s sustained full verification — the Double Helix program, docs/29)
R16B_RXDESC_VERDICT rx_fixes=0 assist_chunks=1247520 (array-driven submission telemetry; fixes=0 means every RX prefill entry was already exact)
R23B_AFFINE_VERDICT arm=sustained armed=false tag_hits=0 payload_fallbacks=0 ledger_rows=0 (R23c: zero-re-read affine verification on the worker fabric)
PR1_R23_AFFINE_SUSTAINED_VERDICT rate=731610100 target=2500000000 -> FAIL (R23: 2.5B+ sustained full verification from register tags — the affine-span algebra program, docs/36)
=== 11w. R16b/R17: Array-Driven Submission (rxdesc) ARMED (attribution) ===
[1m[92m    Finished[0m `release` profile [optimized] target(s) in 0.01s
[1m[92m     Running[0m `target/release/bench --hydra-only`
BENCH_CALIBRATION invariant_tsc=true freq_mhz=2596.13 mark_overhead_cycles=52
=== R6. PR-1 HYDRA BIT-EXACT MULTI-CORE SPAN CONFORMANCE ===
BLOB_BACKING mode=mmap anon_huge_kb=14336 map_mb=16.5 verdict=thp-granted
HYDRA_BITPARITY sequential=(count=505849 hash=0x881639cead506f25 msg_hash=0xcbf29ce484222325) hydra=(count=505849 hash=0x881639cead506f25 msg_hash=0xcbf29ce484222325) -> BIT-EXACT
BENCH mode=replay-hydra-burst msgs=505849 rate=1214724648 allocs=0 freq=2596.13MHz workers=2 run=1
BENCH mode=replay-hydra-burst msgs=505849 rate=1221895856 allocs=0 freq=2596.13MHz workers=2 run=2
BENCH mode=replay-hydra-burst msgs=505849 rate=1295982025 allocs=0 freq=2596.13MHz workers=2 run=3
BENCH mode=replay-hydra-burst msgs=505849 rate=1315181359 allocs=0 freq=2596.13MHz workers=2 run=4
BENCH mode=replay-hydra-burst msgs=505849 rate=1327067669 allocs=0 freq=2596.13MHz workers=2 run=5
BENCH_MEDIAN mode=replay-hydra-burst rate=1295982025
R23B_AFFINE_VERDICT arm=burst armed=false tag_hits=0 payload_fallbacks=0 ledger_rows=0 (R23c: workers verify spans from register tags, zero payload reads; the (prefix,cum) triple checked per-span by the scalar affine law)
PR1_HYDRA_VERDICT rate=1295982025 (bit-exact multi-core span conformance: 2 workers, every emitted byte CRC32C-checked in-window, ordered serial fold)
PR1_GIGAHFT_BURST_VERDICT rate=1295982025 target=1000000000 -> PASS (R7 burst reference; the sustained arm below is the gate)
DIAG sustained: passes=12816 reset_ms=320.0 scan_ms=4677.1 end_ms=0.6 pending_max=2128 batches=281952 wait_ms=26.2 work_ms=4397.0 fold_ms=202.6 assist_chunks=415878 bytes_per_msg=27.65 crc_demand_gb_s=35.85
DIAG worker[0] sustained: cpu0(pinned) placement=[0, 2] batches=464423 spans=59442176 eval_ms=4937.2 idle_iters=40424 res_waits=0 fw=13948 fw_ms=29.3
DIAG worker[1] sustained: cpu2(pinned) placement=[0, 2] batches=428765 spans=54873392 eval_ms=3603.5 idle_iters=128184 res_waits=0 fw=337927 fw_ms=1282.7
DIAG rx sustained: publications=282012 polls=1115230 prod_ms=1052.5 bufwait_laps=134650 resets=12818 eos_parks=0 nbuf=16 rx_actual_cpu=3
ADVANCE_DIAGNOSTIC sustained: advances=12818 advance_ms=57.0 us_per_advance=4.4 (F-5 reset/auto-advance hygiene — the synchronous bake tail the per-publication prepatch budget drains; HFT_PREPATCH_BUDGET prices it)
RXWARM_DIAGNOSTIC sustained: enabled=false fixes=0 uncovered=0 last_pass_fixes=0 (F-1 frame-entry warm start; the steady-state law is fixes==0 on pass>=2 — the kill rule reads persistent fixes)
RXBUILD_DIAGNOSTIC sustained: enabled=true patches=281923820 last_pass_patches=22060 frames=21996 (F-2 publish-by-reference master; the steady-state law is every patchable entry patched exactly once per pass boundary)
DIAG cons sustained: parks=13 park_ms=3.7 slow_waits=13 slow_ms=3.8
BENCH mode=replay-hydra-sustained-5s total_msgs=6482960784 duration=5.00s sustained_rate=1296578311 msg/s allocs=0 workers=2 crc_kernel=reflect
PR1_HYDRA_SUSTAINED_VERDICT rate=1296578311 (duration=5.00s, total_msgs=6482960784, workers=2)
PR1_GIGAHFT_VERDICT rate=1296578311 target=1000000000 -> PASS (Project 1.0B: bit-exact, zero-alloc, every byte verified in-window, cross-pass double-buffered fabric)
PR1_R8_FULL_VERIFY_VERDICT rate=1296578311 target=1000000000 -> PASS (R8: 1B msg/s sustained full verification — bit-exact, zero-alloc, every byte CRC32C-verified in-window)
PR1_R16_FULL_VERIFY_VERDICT rate=1296578311 target=2000000000 -> FAIL (R16: 2B msg/s sustained full verification — the Double Helix program, docs/29)
R16B_RXDESC_VERDICT rx_fixes=1664 assist_chunks=415878 (array-driven submission telemetry; fixes=0 means every RX prefill entry was already exact)
R23B_AFFINE_VERDICT arm=sustained armed=false tag_hits=0 payload_fallbacks=0 ledger_rows=0 (R23c: zero-re-read affine verification on the worker fabric)
PR1_R23_AFFINE_SUSTAINED_VERDICT rate=1296578311 target=2500000000 -> FAIL (R23: 2.5B+ sustained full verification from register tags — the affine-span algebra program, docs/36)
=== 11ab. R23c: Affine-Tag Zero-Re-Read Verification ARMED (the affine ship) ===
[1m[92m    Finished[0m `release` profile [optimized] target(s) in 0.01s
[1m[92m     Running[0m `target/release/bench --hydra-only`
BENCH_CALIBRATION invariant_tsc=true freq_mhz=2596.13 mark_overhead_cycles=52
=== R6. PR-1 HYDRA BIT-EXACT MULTI-CORE SPAN CONFORMANCE ===
BLOB_BACKING mode=mmap anon_huge_kb=14336 map_mb=16.5 verdict=thp-granted
HYDRA_BITPARITY sequential=(count=505849 hash=0x881639cead506f25 msg_hash=0xcbf29ce484222325) hydra=(count=505849 hash=0x881639cead506f25 msg_hash=0xcbf29ce484222325) -> BIT-EXACT
BENCH mode=replay-hydra-burst msgs=505849 rate=1189804611 allocs=0 freq=2596.13MHz workers=2 run=1
BENCH mode=replay-hydra-burst msgs=505849 rate=1303942898 allocs=0 freq=2596.13MHz workers=2 run=2
BENCH mode=replay-hydra-burst msgs=505849 rate=1225394556 allocs=0 freq=2596.13MHz workers=2 run=3
BENCH mode=replay-hydra-burst msgs=505849 rate=1351352289 allocs=0 freq=2596.13MHz workers=2 run=4
BENCH mode=replay-hydra-burst msgs=505849 rate=1328988747 allocs=0 freq=2596.13MHz workers=2 run=5
BENCH_MEDIAN mode=replay-hydra-burst rate=1303942898
R23B_AFFINE_VERDICT arm=burst armed=true tag_hits=65952 payload_fallbacks=0 ledger_rows=21984 (R23c: workers verify spans from register tags, zero payload reads; the (prefix,cum) triple checked per-span by the scalar affine law)
PR1_HYDRA_VERDICT rate=1303942898 (bit-exact multi-core span conformance: 2 workers, every emitted byte CRC32C-checked in-window, ordered serial fold)
PR1_GIGAHFT_BURST_VERDICT rate=1303942898 target=1000000000 -> PASS (R7 burst reference; the sustained arm below is the gate)
DIAG sustained: passes=20018 reset_ms=552.0 scan_ms=4444.4 end_ms=0.9 pending_max=2112 batches=440396 wait_ms=37.9 work_ms=4026.6 fold_ms=302.4 assist_chunks=138 bytes_per_msg=27.65 crc_demand_gb_s=56.00
DIAG worker[0] sustained: cpu0(pinned) placement=[0, 2] batches=859829 spans=110019840 eval_ms=1678.1 idle_iters=4120541 res_waits=0 fw=2459836 fw_ms=2133.9
DIAG worker[1] sustained: cpu2(pinned) placement=[0, 2] batches=859835 spans=110020176 eval_ms=1432.7 idle_iters=4353971 res_waits=0 fw=2513548 fw_ms=2273.0
DIAG rx sustained: publications=440456 polls=1741804 prod_ms=1453.6 bufwait_laps=141818 resets=20020 eos_parks=0 nbuf=16 rx_actual_cpu=3
ADVANCE_DIAGNOSTIC sustained: advances=20020 advance_ms=63.6 us_per_advance=3.2 (F-5 reset/auto-advance hygiene — the synchronous bake tail the per-publication prepatch budget drains; HFT_PREPATCH_BUDGET prices it)
RXWARM_DIAGNOSTIC sustained: enabled=false fixes=0 uncovered=0 last_pass_fixes=0 (F-1 frame-entry warm start; the steady-state law is fixes==0 on pass>=2 — the kill rule reads persistent fixes)
RXBUILD_DIAGNOSTIC sustained: enabled=true patches=440339012 last_pass_patches=22124 frames=21996 (F-2 publish-by-reference master; the steady-state law is every patchable entry patched exactly once per pass boundary)
DIAG cons sustained: parks=84 park_ms=8.7 slow_waits=84 slow_ms=9.7
BENCH mode=replay-hydra-sustained-5s total_msgs=10126085282 duration=5.00s sustained_rate=2025245033 msg/s allocs=0 workers=2 crc_kernel=reflect
PR1_HYDRA_SUSTAINED_VERDICT rate=2025245033 (duration=5.00s, total_msgs=10126085282, workers=2)
PR1_GIGAHFT_VERDICT rate=2025245033 target=1000000000 -> PASS (Project 1.0B: bit-exact, zero-alloc, every byte verified in-window, cross-pass double-buffered fabric)
PR1_R8_FULL_VERIFY_VERDICT rate=2025245033 target=1000000000 -> PASS (R8: 1B msg/s sustained full verification — bit-exact, zero-alloc, every byte CRC32C-verified in-window)
PR1_R16_FULL_VERIFY_VERDICT rate=2025245033 target=2000000000 -> PASS (R16: 2B msg/s sustained full verification — the Double Helix program, docs/29)
R16B_RXDESC_VERDICT rx_fixes=0 assist_chunks=138 (array-driven submission telemetry; fixes=0 means every RX prefill entry was already exact)
R23B_AFFINE_VERDICT arm=sustained armed=true tag_hits=220040016 payload_fallbacks=0 ledger_rows=21984 (R23c: zero-re-read affine verification on the worker fabric)
PR1_R23_AFFINE_SUSTAINED_VERDICT rate=2025245033 target=2500000000 -> FAIL (R23: 2.5B+ sustained full verification from register tags — the affine-span algebra program, docs/36)
R23B_AFFINE_VERDICT arm=sustained armed=true tag_hits=220040016 payload_fallbacks=0 ledger_rows=21984 (R23c: zero-re-read affine verification on the worker fabric)
PR1_R23_AFFINE_SUSTAINED_VERDICT rate=2025245033 target=2500000000 -> FAIL (R23: 2.5B+ sustained full verification from register tags — the affine-span algebra program, docs/36)
=== 11z. R17: Null-Mode Instrument (the non-CRC fabric ceiling) ===
[1m[92m    Finished[0m `release` profile [optimized] target(s) in 0.00s
[1m[92m     Running[0m `target/release/bench --hydra-only`
BENCH_CALIBRATION invariant_tsc=true freq_mhz=2596.13 mark_overhead_cycles=52
=== R6. PR-1 HYDRA BIT-EXACT MULTI-CORE SPAN CONFORMANCE ===
BLOB_BACKING mode=mmap anon_huge_kb=14336 map_mb=16.5 verdict=thp-granted
HYDRA_NULL_MODE_DIAGNOSTIC workers skip the CRC kernel — parity asserts DISABLED, rate is the pipeline-overhead ceiling only
BENCH mode=replay-hydra-burst msgs=505849 rate=3784057331 allocs=0 freq=2596.13MHz workers=2 run=1
BENCH mode=replay-hydra-burst msgs=505849 rate=3583235933 allocs=0 freq=2596.13MHz workers=2 run=2
BENCH mode=replay-hydra-burst msgs=505849 rate=3845415291 allocs=0 freq=2596.13MHz workers=2 run=3
BENCH mode=replay-hydra-burst msgs=505849 rate=3893122662 allocs=0 freq=2596.13MHz workers=2 run=4
BENCH mode=replay-hydra-burst msgs=505849 rate=3830564306 allocs=0 freq=2596.13MHz workers=2 run=5
BENCH_MEDIAN mode=replay-hydra-burst rate=3830564306
R23B_AFFINE_VERDICT arm=burst armed=false tag_hits=0 payload_fallbacks=0 ledger_rows=0 (R23c: workers verify spans from register tags, zero payload reads; the (prefix,cum) triple checked per-span by the scalar affine law)
PR1_HYDRA_VERDICT rate=3830564306 (bit-exact multi-core span conformance: 2 workers, every emitted byte CRC32C-checked in-window, ordered serial fold)
PR1_GIGAHFT_BURST_VERDICT rate=3830564306 target=1000000000 -> PASS (R7 burst reference; the sustained arm below is the gate)
DIAG sustained: passes=30455 reset_ms=805.4 scan_ms=4189.8 end_ms=1.5 pending_max=4064 batches=670010 wait_ms=59.8 work_ms=3574.2 fold_ms=448.0 assist_chunks=6 bytes_per_msg=27.65 crc_demand_gb_s=85.20
DIAG worker[0] sustained: cpu0(pinned) placement=[0, 2] batches=2626639 spans=170012697 eval_ms=529.3 idle_iters=16435134 res_waits=0 fw=0 fw_ms=0.0
DIAG worker[1] sustained: cpu2(pinned) placement=[0, 2] batches=2626343 spans=170012925 eval_ms=589.9 idle_iters=16305377 res_waits=0 fw=0 fw_ms=0.0
DIAG rx sustained: publications=670070 polls=2649823 prod_ms=2144.6 bufwait_laps=212977 resets=30457 eos_parks=0 nbuf=16 rx_actual_cpu=3
ADVANCE_DIAGNOSTIC sustained: advances=30457 advance_ms=294.9 us_per_advance=9.7 (F-5 reset/auto-advance hygiene — the synchronous bake tail the per-publication prepatch budget drains; HFT_PREPATCH_BUDGET prices it)
RXWARM_DIAGNOSTIC sustained: enabled=false fixes=0 uncovered=0 last_pass_fixes=0 (F-1 frame-entry warm start; the steady-state law is fixes==0 on pass>=2 — the kill rule reads persistent fixes)
RXBUILD_DIAGNOSTIC sustained: enabled=true patches=669911392 last_pass_patches=21996 frames=21996 (F-2 publish-by-reference master; the steady-state law is every patchable entry patched exactly once per pass boundary)
DIAG cons sustained: parks=47 park_ms=3.5 slow_waits=47 slow_ms=4.2
BENCH mode=replay-hydra-sustained-5s total_msgs=15405631295 duration=5.00s sustained_rate=3081148068 msg/s allocs=0 workers=2 crc_kernel=reflect
PR1_HYDRA_SUSTAINED_VERDICT rate=3081148068 (duration=5.00s, total_msgs=15405631295, workers=2)
PR1_GIGAHFT_VERDICT rate=3081148068 target=1000000000 -> PASS (Project 1.0B: bit-exact, zero-alloc, every byte verified in-window, cross-pass double-buffered fabric)
PR1_R8_FULL_VERIFY_VERDICT rate=3081148068 target=1000000000 -> PASS (R8: 1B msg/s sustained full verification — bit-exact, zero-alloc, every byte CRC32C-verified in-window)
PR1_R16_FULL_VERIFY_VERDICT rate=3081148068 target=2000000000 -> PASS (R16: 2B msg/s sustained full verification — the Double Helix program, docs/29)
R16B_RXDESC_VERDICT rx_fixes=0 assist_chunks=6 (array-driven submission telemetry; fixes=0 means every RX prefill entry was already exact)
R23B_AFFINE_VERDICT arm=sustained armed=false tag_hits=0 payload_fallbacks=0 ledger_rows=0 (R23c: zero-re-read affine verification on the worker fabric)
PR1_R23_AFFINE_SUSTAINED_VERDICT rate=3081148068 target=2500000000 -> PASS (R23: 2.5B+ sustained full verification from register tags — the affine-span algebra program, docs/36)
=== 11wn. R17/F-1: RX Frame-Entry Warm Start ARMED (the refuted lever's pricing instrument) ===
[1m[92m    Finished[0m `release` profile [optimized] target(s) in 0.00s
[1m[92m     Running[0m `target/release/bench --hydra-only`
BENCH_CALIBRATION invariant_tsc=true freq_mhz=2596.13 mark_overhead_cycles=52
=== R6. PR-1 HYDRA BIT-EXACT MULTI-CORE SPAN CONFORMANCE ===
BLOB_BACKING mode=mmap anon_huge_kb=16384 map_mb=16.5 verdict=thp-granted
HYDRA_BITPARITY sequential=(count=505849 hash=0x881639cead506f25 msg_hash=0xcbf29ce484222325) hydra=(count=505849 hash=0x881639cead506f25 msg_hash=0xcbf29ce484222325) -> BIT-EXACT
BENCH mode=replay-hydra-burst msgs=505849 rate=1499647210 allocs=0 freq=2596.13MHz workers=2 run=1
BENCH mode=replay-hydra-burst msgs=505849 rate=1572380629 allocs=0 freq=2596.13MHz workers=2 run=2
BENCH mode=replay-hydra-burst msgs=505849 rate=1580743546 allocs=0 freq=2596.13MHz workers=2 run=3
BENCH mode=replay-hydra-burst msgs=505849 rate=1648914357 allocs=0 freq=2596.13MHz workers=2 run=4
BENCH mode=replay-hydra-burst msgs=505849 rate=1654312307 allocs=0 freq=2596.13MHz workers=2 run=5
BENCH_MEDIAN mode=replay-hydra-burst rate=1580743546
R23B_AFFINE_VERDICT arm=burst armed=false tag_hits=0 payload_fallbacks=0 ledger_rows=0 (R23c: workers verify spans from register tags, zero payload reads; the (prefix,cum) triple checked per-span by the scalar affine law)
PR1_HYDRA_VERDICT rate=1580743546 (bit-exact multi-core span conformance: 2 workers, every emitted byte CRC32C-checked in-window, ordered serial fold)
PR1_GIGAHFT_BURST_VERDICT rate=1580743546 target=1000000000 -> PASS (R7 burst reference; the sustained arm below is the gate)
DIAG sustained: passes=16476 reset_ms=602.2 scan_ms=4394.5 end_ms=0.8 pending_max=6884 batches=362472 wait_ms=347.7 work_ms=3713.1 fold_ms=263.8 assist_chunks=351272 bytes_per_msg=27.65 crc_demand_gb_s=46.09
DIAG worker[0] sustained: cpu0(pinned) placement=[0, 2] batches=634821 spans=81203161 eval_ms=4956.2 idle_iters=42006 res_waits=0 fw=0 fw_ms=0.0
DIAG worker[1] sustained: cpu2(pinned) placement=[0, 2] batches=625055 spans=79973338 eval_ms=4953.8 idle_iters=30160 res_waits=0 fw=0 fw_ms=0.0
DIAG rx sustained: publications=362532 polls=1433650 prod_ms=3314.2 bufwait_laps=115140 resets=16478 eos_parks=0 nbuf=16 rx_actual_cpu=3
ADVANCE_DIAGNOSTIC sustained: advances=16478 advance_ms=247.7 us_per_advance=15.0 (F-5 reset/auto-advance hygiene — the synchronous bake tail the per-publication prepatch budget drains; HFT_PREPATCH_BUDGET prices it)
RXWARM_DIAGNOSTIC sustained: enabled=true fixes=21996 uncovered=0 last_pass_fixes=0 (F-1 frame-entry warm start; the steady-state law is fixes==0 on pass>=2 — the kill rule reads persistent fixes)
RXBUILD_DIAGNOSTIC sustained: enabled=false patches=0 last_pass_patches=0 frames=0 (F-2 publish-by-reference master; the steady-state law is every patchable entry patched exactly once per pass boundary)
DIAG cons sustained: parks=153 park_ms=7.1 slow_waits=153 slow_ms=9.9
BENCH mode=replay-hydra-sustained-5s total_msgs=8334368124 duration=5.00s sustained_rate=1666825177 msg/s allocs=0 workers=2 crc_kernel=reflect
PR1_HYDRA_SUSTAINED_VERDICT rate=1666825177 (duration=5.00s, total_msgs=8334368124, workers=2)
PR1_GIGAHFT_VERDICT rate=1666825177 target=1000000000 -> PASS (Project 1.0B: bit-exact, zero-alloc, every byte verified in-window, cross-pass double-buffered fabric)
PR1_R8_FULL_VERIFY_VERDICT rate=1666825177 target=1000000000 -> PASS (R8: 1B msg/s sustained full verification — bit-exact, zero-alloc, every byte CRC32C-verified in-window)
PR1_R16_FULL_VERIFY_VERDICT rate=1666825177 target=2000000000 -> FAIL (R16: 2B msg/s sustained full verification — the Double Helix program, docs/29)
R16B_RXDESC_VERDICT rx_fixes=0 assist_chunks=351272 (array-driven submission telemetry; fixes=0 means every RX prefill entry was already exact)
R23B_AFFINE_VERDICT arm=sustained armed=false tag_hits=0 payload_fallbacks=0 ledger_rows=0 (R23c: zero-re-read affine verification on the worker fabric)
PR1_R23_AFFINE_SUSTAINED_VERDICT rate=1666825177 target=2500000000 -> FAIL (R23: 2.5B+ sustained full verification from register tags — the affine-span algebra program, docs/36)
[1m[92m    Finished[0m `release` profile [optimized] target(s) in 0.01s
[1m[92m     Running[0m `target/release/hft_bench --sample data/tests/sample-mini.itch --runs 5 --warmup 2 --output-format json`
HFT_BENCH_CALIBRATION invariant_tsc=true freq_mhz=2596.13 mark_overhead_cycles=52 target_env=gnu
TOPOLOGY_VERIFICATION main=Some(0) rx=Some(2) -> VERIFIED (distinct physical cores, same L3 domain — the deterministic 0.21 cyc/msg mode)
BLOB_BACKING mode=mmap anon_huge_kb=14336 map_mb=16.5 verdict=thp-granted
HFT_BENCH_WARMUP 1/2 arm=classic rate=1077744327
HFT_BENCH_WARMUP 2/2 arm=classic rate=836916382
HFT_BENCH_RUN 1/5 arm=classic rate=932994330 cyc=2.78
HFT_BENCH_RUN 2/5 arm=classic rate=1027242229 cyc=2.53
HFT_BENCH_RUN 3/5 arm=classic rate=1091132441 cyc=2.38
HFT_BENCH_RUN 4/5 arm=classic rate=1095129333 cyc=2.37
HFT_BENCH_RUN 5/5 arm=classic rate=1142234887 cyc=2.27
HFT_BENCH_WARMUP 1/2 arm=span rate=1792265447
HFT_BENCH_WARMUP 2/2 arm=span rate=3226633412
HFT_BENCH_RUN 1/5 arm=span rate=3240067126 cyc=0.80
HFT_BENCH_RUN 2/5 arm=span rate=3259525359 cyc=0.80
HFT_BENCH_RUN 3/5 arm=span rate=3631676813 cyc=0.71
HFT_BENCH_RUN 4/5 arm=span rate=3655057551 cyc=0.71
HFT_BENCH_RUN 5/5 arm=span rate=3715571127 cyc=0.70
DIAG rx span: publications=170 polls=673 prod_ms=1.3 bufwait_laps=32 resets=7 eos_parks=7 nbuf=16 rx_actual_cpu=2
ADVANCE_DIAGNOSTIC span: advances=0 advance_ms=0.0 us_per_advance=0.0 (F-5 reset/auto-advance hygiene — the synchronous bake tail the per-publication prepatch budget drains; HFT_PREPATCH_BUDGET prices it)
RXWARM_DIAGNOSTIC span: enabled=true fixes=21996 uncovered=0 last_pass_fixes=0 (F-1 frame-entry warm start; the steady-state law is fixes==0 on pass>=2 — the kill rule reads persistent fixes)
RXBUILD_DIAGNOSTIC span: enabled=false patches=0 last_pass_patches=0 frames=0 (F-2 publish-by-reference master; the steady-state law is every patchable entry patched exactly once per pass boundary)
DIAG cons span: parks=1 park_ms=0.1 slow_waits=1 slow_ms=0.1
LADDER_DIAGNOSTIC span: vectorized=false (F-3 entry walk; HFT_VEC_LADDER=1 arms the 8-entry group path — the Front A consumer IS the post-F-2 wall)
HFT_BENCH_WARMUP 1/2 arm=spec rate=492929802
HFT_BENCH_WARMUP 2/2 arm=spec rate=492252493
HFT_BENCH_RUN 1/5 arm=spec rate=488870054
HFT_BENCH_RUN 2/5 arm=spec rate=488779830
HFT_BENCH_RUN 3/5 arm=spec rate=486000730
HFT_BENCH_RUN 4/5 arm=spec rate=489965304
HFT_BENCH_RUN 5/5 arm=spec rate=489068568
PR1_R23_PURE_INGEST_VERDICT rate=488870054 target=15000000000 -> FAIL (R23: 15B msg/s pure ingest with the speculative 512-bit slicer — the 20B mode's pricing row; the R8/R16 span-arm gates above stay the asserting floor)
DIAG rx spec: publications=91 polls=609 prod_ms=0.8 bufwait_laps=0 resets=7 eos_parks=7 nbuf=16 rx_actual_cpu=2
ADVANCE_DIAGNOSTIC spec: advances=0 advance_ms=0.0 us_per_advance=0.0 (F-5 reset/auto-advance hygiene — the synchronous bake tail the per-publication prepatch budget drains; HFT_PREPATCH_BUDGET prices it)
RXWARM_DIAGNOSTIC spec: enabled=true fixes=10998 uncovered=0 last_pass_fixes=0 (F-1 frame-entry warm start; the steady-state law is fixes==0 on pass>=2 — the kill rule reads persistent fixes)
RXBUILD_DIAGNOSTIC spec: enabled=false patches=0 last_pass_patches=0 frames=0 (F-2 publish-by-reference master; the steady-state law is every patchable entry patched exactly once per pass boundary)
DIAG cons spec: parks=0 park_ms=0.0 slow_waits=0 slow_ms=0.0
PR1_R8_PURE_INGEST_VERDICT rate=3631676813 target=2000000000 -> PASS (R8: 2B msg/s pure ingest — full pipeline live, span emission, zero verification skipped)
PR1_R16_PURE_INGEST_VERDICT rate=3631676813 target=5000000000 -> FAIL (R16: 5B msg/s pure ingest — the Double Helix program, docs/29)
{
  "median_cycles": 2.3793,
  "p95_cycles": 2.7826,
  "p99_cycles": 2.7826,
  "stddev": 0.1777,
  "cv_percent": 7.4689,
  "runs": 5,
  "warmup": 2,
  "cpu_model": "AMD EPYC 9V45 96-Core Processor",
  "freq_mhz": 2596.13,
  "target": "x86_64-unknown-linux-gnu",
  "sink": "count+span",
  "sample": "data/tests/sample-mini.itch",
  "span_median_cycles": 0.7149,
  "span_p95_cycles": 0.8013,
  "span_p99_cycles": 0.8013,
  "span_stddev": 0.0449,
  "span_cv_percent": 6.2773,
  "span_rate_msg_per_sec": 3631676813,
  "r8_pure_ingest_target": 2000000000,
  "r8_pure_ingest_verdict": "PASS",
  "r16_pure_ingest_target": 5000000000,
  "r16_pure_ingest_verdict": "FAIL",
  "spec_rate_msg_per_sec": 488870054,
  "r23_pure_ingest_target": 15000000000,
  "r23_pure_ingest_verdict": "FAIL"
}
=== 11rb. R17/F-2: Publish-by-Reference ROLLBACK (the classic-path pricing arm — the default IS rxbuild since the F-2 verdict) ===
[1m[92m    Finished[0m `release` profile [optimized] target(s) in 0.00s
[1m[92m     Running[0m `target/release/bench --hydra-only`
BENCH_CALIBRATION invariant_tsc=true freq_mhz=2596.13 mark_overhead_cycles=52
=== R6. PR-1 HYDRA BIT-EXACT MULTI-CORE SPAN CONFORMANCE ===
BLOB_BACKING mode=mmap anon_huge_kb=14336 map_mb=16.5 verdict=thp-granted
HYDRA_BITPARITY sequential=(count=505849 hash=0x881639cead506f25 msg_hash=0xcbf29ce484222325) hydra=(count=505849 hash=0x881639cead506f25 msg_hash=0xcbf29ce484222325) -> BIT-EXACT
BENCH mode=replay-hydra-burst msgs=505849 rate=1449216444 allocs=0 freq=2596.13MHz workers=2 run=1
BENCH mode=replay-hydra-burst msgs=505849 rate=1445196145 allocs=0 freq=2596.13MHz workers=2 run=2
BENCH mode=replay-hydra-burst msgs=505849 rate=1588601989 allocs=0 freq=2596.13MHz workers=2 run=3
BENCH mode=replay-hydra-burst msgs=505849 rate=1600681600 allocs=0 freq=2596.13MHz workers=2 run=4
BENCH mode=replay-hydra-burst msgs=505849 rate=1675607009 allocs=0 freq=2596.13MHz workers=2 run=5
BENCH_MEDIAN mode=replay-hydra-burst rate=1588601989
R23B_AFFINE_VERDICT arm=burst armed=false tag_hits=0 payload_fallbacks=0 ledger_rows=0 (R23c: workers verify spans from register tags, zero payload reads; the (prefix,cum) triple checked per-span by the scalar affine law)
PR1_HYDRA_VERDICT rate=1588601989 (bit-exact multi-core span conformance: 2 workers, every emitted byte CRC32C-checked in-window, ordered serial fold)
PR1_GIGAHFT_BURST_VERDICT rate=1588601989 target=1000000000 -> PASS (R7 burst reference; the sustained arm below is the gate)
DIAG sustained: passes=17108 reset_ms=394.6 scan_ms=4601.9 end_ms=0.9 pending_max=9452 batches=376376 wait_ms=127.6 work_ms=4116.2 fold_ms=277.1 assist_chunks=415362 bytes_per_msg=27.65 crc_demand_gb_s=47.86
DIAG worker[0] sustained: cpu0(pinned) placement=[0, 2] batches=603218 spans=77186625 eval_ms=4962.0 idle_iters=34992 res_waits=0 fw=0 fw_ms=0.0
DIAG worker[1] sustained: cpu2(pinned) placement=[0, 2] batches=678899 spans=86879092 eval_ms=4952.8 idle_iters=35896 res_waits=100 fw=0 fw_ms=0.0
DIAG rx sustained: publications=376436 polls=1488634 prod_ms=3101.5 bufwait_laps=119755 resets=17110 eos_parks=0 nbuf=16 rx_actual_cpu=3
ADVANCE_DIAGNOSTIC sustained: advances=17110 advance_ms=51.0 us_per_advance=3.0 (F-5 reset/auto-advance hygiene — the synchronous bake tail the per-publication prepatch budget drains; HFT_PREPATCH_BUDGET prices it)
RXWARM_DIAGNOSTIC sustained: enabled=false fixes=0 uncovered=0 last_pass_fixes=0 (F-1 frame-entry warm start; the steady-state law is fixes==0 on pass>=2 — the kill rule reads persistent fixes)
RXBUILD_DIAGNOSTIC sustained: enabled=false patches=0 last_pass_patches=0 frames=0 (F-2 publish-by-reference master; the steady-state law is every patchable entry patched exactly once per pass boundary)
DIAG cons sustained: parks=77 park_ms=7.1 slow_waits=77 slow_ms=8.5
BENCH mode=replay-hydra-sustained-5s total_msgs=8654064692 duration=5.00s sustained_rate=1730758916 msg/s allocs=0 workers=2 crc_kernel=reflect
PR1_HYDRA_SUSTAINED_VERDICT rate=1730758916 (duration=5.00s, total_msgs=8654064692, workers=2)
PR1_GIGAHFT_VERDICT rate=1730758916 target=1000000000 -> PASS (Project 1.0B: bit-exact, zero-alloc, every byte verified in-window, cross-pass double-buffered fabric)
PR1_R8_FULL_VERIFY_VERDICT rate=1730758916 target=1000000000 -> PASS (R8: 1B msg/s sustained full verification — bit-exact, zero-alloc, every byte CRC32C-verified in-window)
PR1_R16_FULL_VERIFY_VERDICT rate=1730758916 target=2000000000 -> FAIL (R16: 2B msg/s sustained full verification — the Double Helix program, docs/29)
R16B_RXDESC_VERDICT rx_fixes=0 assist_chunks=415362 (array-driven submission telemetry; fixes=0 means every RX prefill entry was already exact)
R23B_AFFINE_VERDICT arm=sustained armed=false tag_hits=0 payload_fallbacks=0 ledger_rows=0 (R23c: zero-re-read affine verification on the worker fabric)
PR1_R23_AFFINE_SUSTAINED_VERDICT rate=1730758916 target=2500000000 -> FAIL (R23: 2.5B+ sustained full verification from register tags — the affine-span algebra program, docs/36)
[1m[92m    Finished[0m `release` profile [optimized] target(s) in 0.00s
[1m[92m     Running[0m `target/release/hft_bench --sample data/tests/sample-mini.itch --runs 5 --warmup 2 --output-format json`
HFT_BENCH_CALIBRATION invariant_tsc=true freq_mhz=2596.13 mark_overhead_cycles=52 target_env=gnu
TOPOLOGY_VERIFICATION main=Some(0) rx=Some(2) -> VERIFIED (distinct physical cores, same L3 domain — the deterministic 0.21 cyc/msg mode)
BLOB_BACKING mode=mmap anon_huge_kb=14336 map_mb=16.5 verdict=thp-granted
HFT_BENCH_WARMUP 1/2 arm=classic rate=1071911559
HFT_BENCH_WARMUP 2/2 arm=classic rate=962526377
HFT_BENCH_RUN 1/5 arm=classic rate=1071275940 cyc=2.42
HFT_BENCH_RUN 2/5 arm=classic rate=1056861938 cyc=2.46
HFT_BENCH_RUN 3/5 arm=classic rate=1147632811 cyc=2.26
HFT_BENCH_RUN 4/5 arm=classic rate=1157546550 cyc=2.24
HFT_BENCH_RUN 5/5 arm=classic rate=1191236382 cyc=2.18
HFT_BENCH_WARMUP 1/2 arm=span rate=2179200089
HFT_BENCH_WARMUP 2/2 arm=span rate=3014055889
HFT_BENCH_RUN 1/5 arm=span rate=3220655274 cyc=0.81
HFT_BENCH_RUN 2/5 arm=span rate=3656933620 cyc=0.71
HFT_BENCH_RUN 3/5 arm=span rate=4602225376 cyc=0.56
HFT_BENCH_RUN 4/5 arm=span rate=3881174520 cyc=0.67
HFT_BENCH_RUN 5/5 arm=span rate=3912423719 cyc=0.66
DIAG rx span: publications=170 polls=673 prod_ms=1.0 bufwait_laps=42 resets=7 eos_parks=7 nbuf=16 rx_actual_cpu=2
ADVANCE_DIAGNOSTIC span: advances=0 advance_ms=0.0 us_per_advance=0.0 (F-5 reset/auto-advance hygiene — the synchronous bake tail the per-publication prepatch budget drains; HFT_PREPATCH_BUDGET prices it)
RXWARM_DIAGNOSTIC span: enabled=false fixes=0 uncovered=0 last_pass_fixes=0 (F-1 frame-entry warm start; the steady-state law is fixes==0 on pass>=2 — the kill rule reads persistent fixes)
RXBUILD_DIAGNOSTIC span: enabled=false patches=0 last_pass_patches=0 frames=0 (F-2 publish-by-reference master; the steady-state law is every patchable entry patched exactly once per pass boundary)
DIAG cons span: parks=1 park_ms=0.1 slow_waits=1 slow_ms=0.1
LADDER_DIAGNOSTIC span: vectorized=false (F-3 entry walk; HFT_VEC_LADDER=1 arms the 8-entry group path — the Front A consumer IS the post-F-2 wall)
HFT_BENCH_WARMUP 1/2 arm=spec rate=514128525
HFT_BENCH_WARMUP 2/2 arm=spec rate=511235375
HFT_BENCH_RUN 1/5 arm=spec rate=513883047
HFT_BENCH_RUN 2/5 arm=spec rate=514831261
HFT_BENCH_RUN 3/5 arm=spec rate=517834274
HFT_BENCH_RUN 4/5 arm=spec rate=517658869
HFT_BENCH_RUN 5/5 arm=spec rate=519266322
PR1_R23_PURE_INGEST_VERDICT rate=517658869 target=15000000000 -> FAIL (R23: 15B msg/s pure ingest with the speculative 512-bit slicer — the 20B mode's pricing row; the R8/R16 span-arm gates above stay the asserting floor)
DIAG rx spec: publications=91 polls=609 prod_ms=0.6 bufwait_laps=0 resets=7 eos_parks=7 nbuf=16 rx_actual_cpu=2
ADVANCE_DIAGNOSTIC spec: advances=0 advance_ms=0.0 us_per_advance=0.0 (F-5 reset/auto-advance hygiene — the synchronous bake tail the per-publication prepatch budget drains; HFT_PREPATCH_BUDGET prices it)
RXWARM_DIAGNOSTIC spec: enabled=false fixes=0 uncovered=0 last_pass_fixes=0 (F-1 frame-entry warm start; the steady-state law is fixes==0 on pass>=2 — the kill rule reads persistent fixes)
RXBUILD_DIAGNOSTIC spec: enabled=false patches=0 last_pass_patches=0 frames=0 (F-2 publish-by-reference master; the steady-state law is every patchable entry patched exactly once per pass boundary)
DIAG cons spec: parks=0 park_ms=0.0 slow_waits=0 slow_ms=0.0
PR1_R8_PURE_INGEST_VERDICT rate=3881174520 target=2000000000 -> PASS (R8: 2B msg/s pure ingest — full pipeline live, span emission, zero verification skipped)
PR1_R16_PURE_INGEST_VERDICT rate=3881174520 target=5000000000 -> FAIL (R16: 5B msg/s pure ingest — the Double Helix program, docs/29)
{
  "median_cycles": 2.2622,
  "p95_cycles": 2.4564,
  "p99_cycles": 2.4564,
  "stddev": 0.1078,
  "cv_percent": 4.7669,
  "runs": 5,
  "warmup": 2,
  "cpu_model": "AMD EPYC 9V45 96-Core Processor",
  "freq_mhz": 2596.13,
  "target": "x86_64-unknown-linux-gnu",
  "sink": "count+span",
  "sample": "data/tests/sample-mini.itch",
  "span_median_cycles": 0.6689,
  "span_p95_cycles": 0.8061,
  "span_p99_cycles": 0.8061,
  "span_stddev": 0.0782,
  "span_cv_percent": 11.6929,
  "span_rate_msg_per_sec": 3881174520,
  "r8_pure_ingest_target": 2000000000,
  "r8_pure_ingest_verdict": "PASS",
  "r16_pure_ingest_target": 5000000000,
  "r16_pure_ingest_verdict": "FAIL",
  "spec_rate_msg_per_sec": 517658869,
  "r23_pure_ingest_target": 15000000000,
  "r23_pure_ingest_verdict": "FAIL"
}
=== 11sl. R17/F-3: Front A Vectorized Entry-Walk Ladder ARMED (the residual 7.7% lever, round 1) ===
[1m[92m    Finished[0m `release` profile [optimized] target(s) in 0.00s
[1m[92m     Running[0m `target/release/hft_bench --sample data/tests/sample-mini.itch --runs 5 --warmup 2 --output-format json`
HFT_BENCH_CALIBRATION invariant_tsc=true freq_mhz=2596.13 mark_overhead_cycles=52 target_env=gnu
TOPOLOGY_VERIFICATION main=Some(0) rx=Some(2) -> VERIFIED (distinct physical cores, same L3 domain — the deterministic 0.21 cyc/msg mode)
BLOB_BACKING mode=mmap anon_huge_kb=16384 map_mb=16.5 verdict=thp-granted
HFT_BENCH_WARMUP 1/2 arm=classic rate=965801195
HFT_BENCH_WARMUP 2/2 arm=classic rate=984686091
HFT_BENCH_RUN 1/5 arm=classic rate=1031500751 cyc=2.52
HFT_BENCH_RUN 2/5 arm=classic rate=1159884894 cyc=2.24
HFT_BENCH_RUN 3/5 arm=classic rate=1145833899 cyc=2.27
HFT_BENCH_RUN 4/5 arm=classic rate=1161458823 cyc=2.24
HFT_BENCH_RUN 5/5 arm=classic rate=1160552826 cyc=2.24
HFT_BENCH_WARMUP 1/2 arm=span rate=2697012673
HFT_BENCH_WARMUP 2/2 arm=span rate=5921418286
HFT_BENCH_RUN 1/5 arm=span rate=6069411115 cyc=0.43
HFT_BENCH_RUN 2/5 arm=span rate=6045474101 cyc=0.43
HFT_BENCH_RUN 3/5 arm=span rate=5463440186 cyc=0.48
HFT_BENCH_RUN 4/5 arm=span rate=6277599900 cyc=0.41
HFT_BENCH_RUN 5/5 arm=span rate=5009397900 cyc=0.52
DIAG rx span: publications=170 polls=673 prod_ms=0.6 bufwait_laps=44 resets=7 eos_parks=7 nbuf=16 rx_actual_cpu=2
ADVANCE_DIAGNOSTIC span: advances=0 advance_ms=0.0 us_per_advance=0.0 (F-5 reset/auto-advance hygiene — the synchronous bake tail the per-publication prepatch budget drains; HFT_PREPATCH_BUDGET prices it)
RXWARM_DIAGNOSTIC span: enabled=false fixes=0 uncovered=0 last_pass_fixes=0 (F-1 frame-entry warm start; the steady-state law is fixes==0 on pass>=2 — the kill rule reads persistent fixes)
RXBUILD_DIAGNOSTIC span: enabled=true patches=153972 last_pass_patches=21996 frames=21996 (F-2 publish-by-reference master; the steady-state law is every patchable entry patched exactly once per pass boundary)
DIAG cons span: parks=1 park_ms=0.1 slow_waits=1 slow_ms=0.1
LADDER_DIAGNOSTIC span: vectorized=false (F-3 entry walk; HFT_VEC_LADDER=1 arms the 8-entry group path — the Front A consumer IS the post-F-2 wall)
HFT_BENCH_WARMUP 1/2 arm=spec rate=497625734
HFT_BENCH_WARMUP 2/2 arm=spec rate=499086379
HFT_BENCH_RUN 1/5 arm=spec rate=499106076
HFT_BENCH_RUN 2/5 arm=spec rate=494750267
HFT_BENCH_RUN 3/5 arm=spec rate=500877787
HFT_BENCH_RUN 4/5 arm=spec rate=501046965
HFT_BENCH_RUN 5/5 arm=spec rate=502117762
PR1_R23_PURE_INGEST_VERDICT rate=500877787 target=15000000000 -> FAIL (R23: 15B msg/s pure ingest with the speculative 512-bit slicer — the 20B mode's pricing row; the R8/R16 span-arm gates above stay the asserting floor)
DIAG rx spec: publications=91 polls=609 prod_ms=0.3 bufwait_laps=21 resets=7 eos_parks=7 nbuf=16 rx_actual_cpu=2
ADVANCE_DIAGNOSTIC spec: advances=0 advance_ms=0.0 us_per_advance=0.0 (F-5 reset/auto-advance hygiene — the synchronous bake tail the per-publication prepatch budget drains; HFT_PREPATCH_BUDGET prices it)
RXWARM_DIAGNOSTIC spec: enabled=false fixes=0 uncovered=0 last_pass_fixes=0 (F-1 frame-entry warm start; the steady-state law is fixes==0 on pass>=2 — the kill rule reads persistent fixes)
RXBUILD_DIAGNOSTIC spec: enabled=true patches=76986 last_pass_patches=10998 frames=10998 (F-2 publish-by-reference master; the steady-state law is every patchable entry patched exactly once per pass boundary)
DIAG cons spec: parks=0 park_ms=0.0 slow_waits=0 slow_ms=0.0
PR1_R8_PURE_INGEST_VERDICT rate=6045474101 target=2000000000 -> PASS (R8: 2B msg/s pure ingest — full pipeline live, span emission, zero verification skipped)
PR1_R16_PURE_INGEST_VERDICT rate=6045474101 target=5000000000 -> PASS (R16: 5B msg/s pure ingest — the Double Helix program, docs/29)
{
  "median_cycles": 2.2383,
  "p95_cycles": 2.5168,
  "p99_cycles": 2.5168,
  "stddev": 0.1097,
  "cv_percent": 4.9010,
  "runs": 5,
  "warmup": 2,
  "cpu_model": "AMD EPYC 9V45 96-Core Processor",
  "freq_mhz": 2596.13,
  "target": "x86_64-unknown-linux-gnu",
  "sink": "count+span",
  "sample": "data/tests/sample-mini.itch",
  "span_median_cycles": 0.4294,
  "span_p95_cycles": 0.5183,
  "span_p99_cycles": 0.5183,
  "span_stddev": 0.0387,
  "span_cv_percent": 9.0183,
  "span_rate_msg_per_sec": 6045474101,
  "r8_pure_ingest_target": 2000000000,
  "r8_pure_ingest_verdict": "PASS",
  "r16_pure_ingest_target": 5000000000,
  "r16_pure_ingest_verdict": "PASS",
  "spec_rate_msg_per_sec": 500877787,
  "r23_pure_ingest_target": 15000000000,
  "r23_pure_ingest_verdict": "FAIL"
}
[1m[92m    Finished[0m `release` profile [optimized] target(s) in 0.01s
[1m[92m     Running[0m `target/release/hft_bench --sample data/tests/sample-mini.itch --runs 5 --warmup 2 --output-format json`
HFT_BENCH_CALIBRATION invariant_tsc=true freq_mhz=2596.13 mark_overhead_cycles=52 target_env=gnu
TOPOLOGY_VERIFICATION main=Some(0) rx=Some(2) -> VERIFIED (distinct physical cores, same L3 domain — the deterministic 0.21 cyc/msg mode)
BLOB_BACKING mode=mmap anon_huge_kb=14336 map_mb=16.5 verdict=thp-granted
HFT_BENCH_WARMUP 1/2 arm=classic rate=1013169121
HFT_BENCH_WARMUP 2/2 arm=classic rate=1087138918
HFT_BENCH_RUN 1/5 arm=classic rate=1100762930 cyc=2.36
HFT_BENCH_RUN 2/5 arm=classic rate=1216044559 cyc=2.13
HFT_BENCH_RUN 3/5 arm=classic rate=1194333016 cyc=2.17
HFT_BENCH_RUN 4/5 arm=classic rate=1222548493 cyc=2.12
HFT_BENCH_RUN 5/5 arm=classic rate=1231339396 cyc=2.11
HFT_BENCH_WARMUP 1/2 arm=span rate=2880016624
HFT_BENCH_WARMUP 2/2 arm=span rate=6200497658
HFT_BENCH_RUN 1/5 arm=span rate=6815443068 cyc=0.38
HFT_BENCH_RUN 2/5 arm=span rate=6921000424 cyc=0.38
HFT_BENCH_RUN 3/5 arm=span rate=6934282855 cyc=0.37
HFT_BENCH_RUN 4/5 arm=span rate=6919107086 cyc=0.38
HFT_BENCH_RUN 5/5 arm=span rate=6919107086 cyc=0.38
DIAG rx span: publications=170 polls=673 prod_ms=0.4 bufwait_laps=44 resets=7 eos_parks=7 nbuf=16 rx_actual_cpu=2
ADVANCE_DIAGNOSTIC span: advances=0 advance_ms=0.0 us_per_advance=0.0 (F-5 reset/auto-advance hygiene — the synchronous bake tail the per-publication prepatch budget drains; HFT_PREPATCH_BUDGET prices it)
RXWARM_DIAGNOSTIC span: enabled=false fixes=0 uncovered=0 last_pass_fixes=0 (F-1 frame-entry warm start; the steady-state law is fixes==0 on pass>=2 — the kill rule reads persistent fixes)
RXBUILD_DIAGNOSTIC span: enabled=true patches=153972 last_pass_patches=21996 frames=21996 (F-2 publish-by-reference master; the steady-state law is every patchable entry patched exactly once per pass boundary)
DIAG cons span: parks=1 park_ms=0.1 slow_waits=1 slow_ms=0.1
LADDER_DIAGNOSTIC span: vectorized=true (F-3 entry walk; HFT_VEC_LADDER=1 arms the 8-entry group path — the Front A consumer IS the post-F-2 wall)
HFT_BENCH_WARMUP 1/2 arm=spec rate=498672602
HFT_BENCH_WARMUP 2/2 arm=spec rate=518004493
HFT_BENCH_RUN 1/5 arm=spec rate=519602888
HFT_BENCH_RUN 2/5 arm=spec rate=512870712
HFT_BENCH_RUN 3/5 arm=spec rate=515319542
HFT_BENCH_RUN 4/5 arm=spec rate=512646695
HFT_BENCH_RUN 5/5 arm=spec rate=515377295
PR1_R23_PURE_INGEST_VERDICT rate=515319542 target=15000000000 -> FAIL (R23: 15B msg/s pure ingest with the speculative 512-bit slicer — the 20B mode's pricing row; the R8/R16 span-arm gates above stay the asserting floor)
DIAG rx spec: publications=91 polls=609 prod_ms=0.3 bufwait_laps=15 resets=7 eos_parks=7 nbuf=16 rx_actual_cpu=2
ADVANCE_DIAGNOSTIC spec: advances=0 advance_ms=0.0 us_per_advance=0.0 (F-5 reset/auto-advance hygiene — the synchronous bake tail the per-publication prepatch budget drains; HFT_PREPATCH_BUDGET prices it)
RXWARM_DIAGNOSTIC spec: enabled=false fixes=0 uncovered=0 last_pass_fixes=0 (F-1 frame-entry warm start; the steady-state law is fixes==0 on pass>=2 — the kill rule reads persistent fixes)
RXBUILD_DIAGNOSTIC spec: enabled=true patches=76986 last_pass_patches=10998 frames=10998 (F-2 publish-by-reference master; the steady-state law is every patchable entry patched exactly once per pass boundary)
DIAG cons spec: parks=0 park_ms=0.0 slow_waits=0 slow_ms=0.0
PR1_R8_PURE_INGEST_VERDICT rate=6919107086 target=2000000000 -> PASS (R8: 2B msg/s pure ingest — full pipeline live, span emission, zero verification skipped)
PR1_R16_PURE_INGEST_VERDICT rate=6919107086 target=5000000000 -> PASS (R16: 5B msg/s pure ingest — the Double Helix program, docs/29)
{
  "median_cycles": 2.1349,
  "p95_cycles": 2.3585,
  "p99_cycles": 2.3585,
  "stddev": 0.0919,
  "cv_percent": 4.3056,
  "runs": 5,
  "warmup": 2,
  "cpu_model": "AMD EPYC 9V45 96-Core Processor",
  "freq_mhz": 2596.13,
  "target": "x86_64-unknown-linux-gnu",
  "sink": "count+span",
  "sample": "data/tests/sample-mini.itch",
  "span_median_cycles": 0.3752,
  "span_p95_cycles": 0.3809,
  "span_p99_cycles": 0.3809,
  "span_stddev": 0.0024,
  "span_cv_percent": 0.6383,
  "span_rate_msg_per_sec": 6919107086,
  "r8_pure_ingest_target": 2000000000,
  "r8_pure_ingest_verdict": "PASS",
  "r16_pure_ingest_target": 5000000000,
  "r16_pure_ingest_verdict": "PASS",
  "spec_rate_msg_per_sec": 515319542,
  "r23_pure_ingest_target": 15000000000,
  "r23_pure_ingest_verdict": "FAIL"
}
=== 11nb. R17/F-4: Mailbox Depth NBUF=32 ARMED (the buffer-reuse-stall pricing) ===
[1m[92m    Finished[0m `release` profile [optimized] target(s) in 0.00s
[1m[92m     Running[0m `target/release/hft_bench --sample data/tests/sample-mini.itch --runs 5 --warmup 2 --output-format json`
HFT_BENCH_CALIBRATION invariant_tsc=true freq_mhz=2596.13 mark_overhead_cycles=52 target_env=gnu
TOPOLOGY_VERIFICATION main=Some(0) rx=Some(2) -> VERIFIED (distinct physical cores, same L3 domain — the deterministic 0.21 cyc/msg mode)
BLOB_BACKING mode=mmap anon_huge_kb=14336 map_mb=16.5 verdict=thp-granted
HFT_BENCH_WARMUP 1/2 arm=classic rate=993442500
HFT_BENCH_WARMUP 2/2 arm=classic rate=1052501373
HFT_BENCH_RUN 1/5 arm=classic rate=1117392120 cyc=2.32
HFT_BENCH_RUN 2/5 arm=classic rate=1135453329 cyc=2.29
HFT_BENCH_RUN 3/5 arm=classic rate=1259120144 cyc=2.06
HFT_BENCH_RUN 4/5 arm=classic rate=1280798991 cyc=2.03
HFT_BENCH_RUN 5/5 arm=classic rate=1238554033 cyc=2.10
HFT_BENCH_WARMUP 1/2 arm=span rate=6120152928
HFT_BENCH_WARMUP 2/2 arm=span rate=6239657086
HFT_BENCH_RUN 1/5 arm=span rate=6468988183 cyc=0.40
HFT_BENCH_RUN 2/5 arm=span rate=6335069944 cyc=0.41
HFT_BENCH_RUN 3/5 arm=span rate=6384725097 cyc=0.41
HFT_BENCH_RUN 4/5 arm=span rate=6436802524 cyc=0.40
HFT_BENCH_RUN 5/5 arm=span rate=6581947588 cyc=0.39
DIAG rx span: publications=176 polls=696 prod_ms=0.6 bufwait_laps=0 resets=7 eos_parks=8 nbuf=32 rx_actual_cpu=2
ADVANCE_DIAGNOSTIC span: advances=0 advance_ms=0.0 us_per_advance=0.0 (F-5 reset/auto-advance hygiene — the synchronous bake tail the per-publication prepatch budget drains; HFT_PREPATCH_BUDGET prices it)
RXWARM_DIAGNOSTIC span: enabled=false fixes=0 uncovered=0 last_pass_fixes=0 (F-1 frame-entry warm start; the steady-state law is fixes==0 on pass>=2 — the kill rule reads persistent fixes)
RXBUILD_DIAGNOSTIC span: enabled=true patches=153972 last_pass_patches=21996 frames=21996 (F-2 publish-by-reference master; the steady-state law is every patchable entry patched exactly once per pass boundary)
DIAG cons span: parks=0 park_ms=0.0 slow_waits=0 slow_ms=0.0
LADDER_DIAGNOSTIC span: vectorized=false (F-3 entry walk; HFT_VEC_LADDER=1 arms the 8-entry group path — the Front A consumer IS the post-F-2 wall)
HFT_BENCH_WARMUP 1/2 arm=spec rate=515961852
HFT_BENCH_WARMUP 2/2 arm=spec rate=520539670
HFT_BENCH_RUN 1/5 arm=spec rate=524518175
HFT_BENCH_RUN 2/5 arm=spec rate=524758134
HFT_BENCH_RUN 3/5 arm=spec rate=521943654
HFT_BENCH_RUN 4/5 arm=spec rate=521189697
HFT_BENCH_RUN 5/5 arm=spec rate=524077462
PR1_R23_PURE_INGEST_VERDICT rate=524077462 target=15000000000 -> FAIL (R23: 15B msg/s pure ingest with the speculative 512-bit slicer — the 20B mode's pricing row; the R8/R16 span-arm gates above stay the asserting floor)
DIAG rx spec: publications=91 polls=609 prod_ms=0.3 bufwait_laps=0 resets=7 eos_parks=7 nbuf=32 rx_actual_cpu=2
ADVANCE_DIAGNOSTIC spec: advances=0 advance_ms=0.0 us_per_advance=0.0 (F-5 reset/auto-advance hygiene — the synchronous bake tail the per-publication prepatch budget drains; HFT_PREPATCH_BUDGET prices it)
RXWARM_DIAGNOSTIC spec: enabled=false fixes=0 uncovered=0 last_pass_fixes=0 (F-1 frame-entry warm start; the steady-state law is fixes==0 on pass>=2 — the kill rule reads persistent fixes)
RXBUILD_DIAGNOSTIC spec: enabled=true patches=76986 last_pass_patches=10998 frames=10998 (F-2 publish-by-reference master; the steady-state law is every patchable entry patched exactly once per pass boundary)
DIAG cons spec: parks=0 park_ms=0.0 slow_waits=0 slow_ms=0.0
PR1_R8_PURE_INGEST_VERDICT rate=6436802524 target=2000000000 -> PASS (R8: 2B msg/s pure ingest — full pipeline live, span emission, zero verification skipped)
PR1_R16_PURE_INGEST_VERDICT rate=6436802524 target=5000000000 -> PASS (R16: 5B msg/s pure ingest — the Double Helix program, docs/29)
{
  "median_cycles": 2.0961,
  "p95_cycles": 2.3234,
  "p99_cycles": 2.3234,
  "stddev": 0.1217,
  "cv_percent": 5.8073,
  "runs": 5,
  "warmup": 2,
  "cpu_model": "AMD EPYC 9V45 96-Core Processor",
  "freq_mhz": 2596.13,
  "target": "x86_64-unknown-linux-gnu",
  "sink": "count+span",
  "sample": "data/tests/sample-mini.itch",
  "span_median_cycles": 0.4033,
  "span_p95_cycles": 0.4098,
  "span_p99_cycles": 0.4098,
  "span_stddev": 0.0052,
  "span_cv_percent": 1.2914,
  "span_rate_msg_per_sec": 6436802524,
  "r8_pure_ingest_target": 2000000000,
  "r8_pure_ingest_verdict": "PASS",
  "r16_pure_ingest_target": 5000000000,
  "r16_pure_ingest_verdict": "PASS",
  "spec_rate_msg_per_sec": 524077462,
  "r23_pure_ingest_target": 15000000000,
  "r23_pure_ingest_verdict": "FAIL"
}
=== 11pb. R17/F-5: Prepatch Budget 1024 ARMED (the advance-tail drain pricing) ===
[1m[92m    Finished[0m `release` profile [optimized] target(s) in 0.00s
[1m[92m     Running[0m `target/release/bench --hydra-only`
BENCH_CALIBRATION invariant_tsc=true freq_mhz=2596.13 mark_overhead_cycles=52
=== R6. PR-1 HYDRA BIT-EXACT MULTI-CORE SPAN CONFORMANCE ===
BLOB_BACKING mode=mmap anon_huge_kb=16384 map_mb=16.5 verdict=thp-granted
HYDRA_BITPARITY sequential=(count=505849 hash=0x881639cead506f25 msg_hash=0xcbf29ce484222325) hydra=(count=505849 hash=0x881639cead506f25 msg_hash=0xcbf29ce484222325) -> BIT-EXACT
BENCH mode=replay-hydra-burst msgs=505849 rate=1526934593 allocs=0 freq=2596.13MHz workers=2 run=1
BENCH mode=replay-hydra-burst msgs=505849 rate=1569546061 allocs=0 freq=2596.13MHz workers=2 run=2
BENCH mode=replay-hydra-burst msgs=505849 rate=1752647079 allocs=0 freq=2596.13MHz workers=2 run=3
BENCH mode=replay-hydra-burst msgs=505849 rate=1801918583 allocs=0 freq=2596.13MHz workers=2 run=4
BENCH mode=replay-hydra-burst msgs=505849 rate=1804045692 allocs=0 freq=2596.13MHz workers=2 run=5
BENCH_MEDIAN mode=replay-hydra-burst rate=1752647079
R23B_AFFINE_VERDICT arm=burst armed=false tag_hits=0 payload_fallbacks=0 ledger_rows=0 (R23c: workers verify spans from register tags, zero payload reads; the (prefix,cum) triple checked per-span by the scalar affine law)
PR1_HYDRA_VERDICT rate=1752647079 (bit-exact multi-core span conformance: 2 workers, every emitted byte CRC32C-checked in-window, ordered serial fold)
PR1_GIGAHFT_BURST_VERDICT rate=1752647079 target=1000000000 -> PASS (R7 burst reference; the sustained arm below is the gate)
DIAG sustained: passes=18384 reset_ms=424.8 scan_ms=4571.8 end_ms=0.9 pending_max=7155 batches=404448 wait_ms=37.0 work_ms=4173.4 fold_ms=288.7 assist_chunks=416924 bytes_per_msg=27.65 crc_demand_gb_s=51.43
DIAG worker[0] sustained: cpu0(pinned) placement=[0, 2] batches=623769 spans=79822368 eval_ms=4967.7 idle_iters=23773 res_waits=0 fw=0 fw_ms=0.0
DIAG worker[1] sustained: cpu2(pinned) placement=[0, 2] batches=768837 spans=98393801 eval_ms=4956.7 idle_iters=27238 res_waits=197 fw=0 fw_ms=0.0
DIAG rx sustained: publications=404508 polls=1599646 prod_ms=1515.0 bufwait_laps=146951 resets=18386 eos_parks=0 nbuf=16 rx_actual_cpu=3
ADVANCE_DIAGNOSTIC sustained: advances=18386 advance_ms=105.4 us_per_advance=5.7 (F-5 reset/auto-advance hygiene — the synchronous bake tail the per-publication prepatch budget drains; HFT_PREPATCH_BUDGET prices it)
RXWARM_DIAGNOSTIC sustained: enabled=false fixes=0 uncovered=0 last_pass_fixes=0 (F-1 frame-entry warm start; the steady-state law is fixes==0 on pass>=2 — the kill rule reads persistent fixes)
RXBUILD_DIAGNOSTIC sustained: enabled=true patches=404405676 last_pass_patches=21996 frames=21996 (F-2 publish-by-reference master; the steady-state law is every patchable entry patched exactly once per pass boundary)
DIAG cons sustained: parks=15 park_ms=0.7 slow_waits=15 slow_ms=0.9
BENCH mode=replay-hydra-sustained-5s total_msgs=9299528016 duration=5.00s sustained_rate=1859833262 msg/s allocs=0 workers=2 crc_kernel=reflect
PR1_HYDRA_SUSTAINED_VERDICT rate=1859833262 (duration=5.00s, total_msgs=9299528016, workers=2)
PR1_GIGAHFT_VERDICT rate=1859833262 target=1000000000 -> PASS (Project 1.0B: bit-exact, zero-alloc, every byte verified in-window, cross-pass double-buffered fabric)
PR1_R8_FULL_VERIFY_VERDICT rate=1859833262 target=1000000000 -> PASS (R8: 1B msg/s sustained full verification — bit-exact, zero-alloc, every byte CRC32C-verified in-window)
PR1_R16_FULL_VERIFY_VERDICT rate=1859833262 target=2000000000 -> FAIL (R16: 2B msg/s sustained full verification — the Double Helix program, docs/29)
R16B_RXDESC_VERDICT rx_fixes=0 assist_chunks=416924 (array-driven submission telemetry; fixes=0 means every RX prefill entry was already exact)
R23B_AFFINE_VERDICT arm=sustained armed=false tag_hits=0 payload_fallbacks=0 ledger_rows=0 (R23c: zero-re-read affine verification on the worker fabric)
PR1_R23_AFFINE_SUSTAINED_VERDICT rate=1859833262 target=2500000000 -> FAIL (R23: 2.5B+ sustained full verification from register tags — the affine-span algebra program, docs/36)
=== 12. Reference Arbitrator & Differential Oracle (G12-T3 / D1..D12) ===
[1m[92m    Finished[0m `release` profile [optimized] target(s) in 0.01s
[1m[92m     Running[0m `target/release/diff_oracle`
=== RUNNING G12-T3 REFERENCE ARBITRATOR & DIFFERENTIAL SUITE (D1..D11) ===
=== D3-REDO: Oracle Validation by Sequencer-Logic Bug Injections ===
D3_DIVERGENCE_DUMP mutation="DisableClearOnAdvance" detected=true seq_wm=1231 ref_wm=1224 seq_hash=0x473C5B1BF49F1C91 ref_hash=0xCFE76D07416B4CA5
D3_DIVERGENCE_DUMP mutation="OffByOneClamp" detected=true seq_wm=600 ref_wm=601 seq_hash=0xB1C1F8344636F511 ref_hash=0x972FEC36E88A4C25
D3_DIVERGENCE_DUMP mutation="DropStagedAtEos" detected=true seq_wm=10 ref_wm=13 seq_hash=0xF0B1A3FF15503051 ref_hash=0x9D6D68BF10C6C3A5
D3 ALL_SEQUENCER_LOGIC_MUTATIONS_DETECTED: Oracle caught all 3 sequencer mutations with divergence dumps.
=== D1: Full 17-Cell Matrix Differential Verification ===
BLOB_BACKING mode=mmap anon_huge_kb=14336 map_mb=16.5 verdict=thp-granted
D1 cell="M1 (Baseline MTU contiguous)" seq_wm=505850 ref_wm=505850 count=505849 hash=0xF6EF154EFDE905D8 VERDICT=PASS
D1 cell="M2 (Fixed 1 msg)" seq_wm=505850 ref_wm=505850 count=505849 hash=0xF6EF154EFDE905D8 VERDICT=PASS
D1 cell="M3 (Fixed 16 msgs)" seq_wm=505850 ref_wm=505850 count=505849 hash=0xF6EF154EFDE905D8 VERDICT=PASS
D1 cell="M4 (Gaussian delay jitter)" seq_wm=505850 ref_wm=505850 count=505849 hash=0xF6EF154EFDE905D8 VERDICT=PASS
D1 cell="M5 (Bernoulli loss with dual feed)" seq_wm=505850 ref_wm=505850 count=505849 hash=0xF6EF154EFDE905D8 VERDICT=PASS
D1 cell="M6 (Gilbert-Elliott burst loss)" seq_wm=505850 ref_wm=505850 count=505849 hash=0xF6EF154EFDE905D8 VERDICT=PASS
D1 cell="M7 (Pathological split: 1B to MTU)" seq_wm=505850 ref_wm=505850 count=505849 hash=0xF6EF154EFDE905D8 VERDICT=PASS
D1 cell="M8 (Feed A only lossless)" seq_wm=505850 ref_wm=505850 count=505849 hash=0xF6EF154EFDE905D8 VERDICT=PASS
D1 cell="M9 (Feed B only lossless)" seq_wm=505850 ref_wm=505850 count=505849 hash=0xF6EF154EFDE905D8 VERDICT=PASS
D1 cell="M10 (Heavy reorder jitter)" seq_wm=505850 ref_wm=505850 count=505849 hash=0xF6EF154EFDE905D8 VERDICT=PASS
D1 cell="M11 (Deep out-of-order window)" seq_wm=505850 ref_wm=505850 count=505849 hash=0xF6EF154EFDE905D8 VERDICT=PASS
D1 cell="M12 (Max-rate unconstrained)" seq_wm=505850 ref_wm=505850 count=505849 hash=0xF6EF154EFDE905D8 VERDICT=PASS
D1 cell="M13 (M-LATE: Staged arrival edge)" seq_wm=505850 ref_wm=505850 count=505849 hash=0xF6EF154EFDE905D8 VERDICT=PASS
D1 cell="M14 (M-BURST: Burst packet arrival)" seq_wm=505850 ref_wm=505850 count=505849 hash=0xF6EF154EFDE905D8 VERDICT=PASS
D1 cell="M15 (M-STARVE: Feed A silent for 2s)" seq_wm=505850 ref_wm=505850 count=505849 hash=0xF6EF154EFDE905D8 VERDICT=PASS
D1 cell="M16 (M-DUP2: Overlapping dual feed)" seq_wm=505850 ref_wm=505850 count=505849 hash=0xF6EF154EFDE905D8 VERDICT=PASS
D1 cell="M17 (M-DROPRESP / Session Boundary)" seq_wm=255850 ref_wm=255850 count=505849 hash=0xF6EF154EFDE905D8 VERDICT=PASS
D1 ALL_17_CELLS_PASSED: Triple equality verified across all 17 matrix cells.
=== D2: 100 Seeded Random Configs Differential Test ===
D2 100_RANDOM_CONFIGS_PASSED: Triple equality verified across 100 random configs.
=== D4: Duplicate Ordering (First-Received Wins) ===
D4 DUPLICATE_ORDERING_PASSED: seq_wm=505850 ref_wm=505850 count=505849 hash=0xF6EF154EFDE905D8
=== D5: Session Splits Verification ===
D5 SESSION_SPLITS_PASSED: Watermarks and hashes match across session boundaries.
=== D6: Unclean Death (Scripted Drops) Verification ===
D6 UNCLEAN_DEATH_PASSED: State matches reference final state.
=== D7/D8: Watchdog & Double-Run Determinism ===
D7/D8 WATCHDOG_AND_DETERMINISM_PASSED: elapsed=0.33s run1=(505850, 505850, 505849, 17793464081775658456) run2=(505850, 505850, 505849, 17793464081775658456)
=== D9: Indexed-Ingest Equivalence (classic == indexed) ===
D9 INDEXED_EQUIVALENCE_PASSED: 12 cells (3 configs x 4 mutations) classic==indexed
D11 CRC_KERNEL_DIFFERENTIAL_PASSED: scalar==reference, fold512==scalar on 2109 bodies (exhaustive lengths + patterns + random + eval2 + eval_pair)
D11 REFLECT_KERNEL_DIFFERENTIAL_PASSED: reflect==scalar on 2101 bodies (exhaustive lengths + patterns + random + eval_pair)
D12 BATCH_AND_PIPELINE_EQUIVALENCE_PASSED: classic == ingest_batch == RX-pipelined (counters/watermark/count/hash) incl. multi-pass resets
=== ALL D1..D12 DIFFERENTIAL ORACLE CHECKS PASSED SUCCESSFULLY ===
=== 13. T2 Window Sweep & Full 17-Cell Matrix Confluence Campaign ===
[1m[92m    Finished[0m `release` profile [optimized] target(s) in 0.00s
[1m[92m     Running[0m `target/release/window_sweep`
=== RUNNING T2 WINDOW SIZE SWEEP (256..4096 x M1, M11) ===
BLOB_BACKING mode=mmap anon_huge_kb=14336 map_mb=16.5 verdict=thp-granted
WINDOW_SWEEP slots=256  arena= 16640 B l1_fit=Fits 32K L1D                   M1_rate=36.19M golden_M1=true M11_rate=23.02M golden_M11=true max_staged=0 beyond_drops=0
WINDOW_SWEEP slots=512  arena= 33280 B l1_fit=Fits 64K L1D                   M1_rate=37.59M golden_M1=true M11_rate=22.92M golden_M11=true max_staged=0 beyond_drops=0
WINDOW_SWEEP slots=1024 arena= 66560 B l1_fit=Exceeds L1D (L2 Cache resident) M1_rate=36.08M golden_M1=true M11_rate=23.02M golden_M11=true max_staged=0 beyond_drops=0
WINDOW_SWEEP slots=2048 arena=133120 B l1_fit=Exceeds L1D (L2 Cache resident) M1_rate=37.51M golden_M1=true M11_rate=22.32M golden_M11=true max_staged=0 beyond_drops=0
WINDOW_SWEEP slots=4096 arena=266240 B l1_fit=Exceeds L1D (L2 Cache resident) M1_rate=35.85M golden_M1=true M11_rate=22.11M golden_M11=true max_staged=0 beyond_drops=0

=== T2 WINDOW SWEEP KNEE TABLE ===
| Window Slots | Arena Footprint | Cache Residency | M1 Rate | M11 Rate | Max Staged | Beyond Drops | Confluence Verdict |
|---|---|---|---|---|---|---|---|
| 256  |  16640 B ( 16.2 KiB) | Fits 32K L1D                 | 36.19M msg/s | 23.02M msg/s | 0          | 0            | **PASS** |
| 512  |  33280 B ( 32.5 KiB) | Fits 64K L1D                 | 37.59M msg/s | 22.92M msg/s | 0          | 0            | **PASS** |
| 1024 |  66560 B ( 65.0 KiB) | Exceeds L1D (L2 Cache resident) | 36.08M msg/s | 23.02M msg/s | 0          | 0            | **PASS** |
| 2048 | 133120 B (130.0 KiB) | Exceeds L1D (L2 Cache resident) | 37.51M msg/s | 22.32M msg/s | 0          | 0            | **PASS** |
| 4096 | 266240 B (260.0 KiB) | Exceeds L1D (L2 Cache resident) | 35.85M msg/s | 22.11M msg/s | 0          | 0            | **PASS** |
=== T2 WINDOW SWEEP COMPLETED SUCCESSFULLY ===
[1m[92m    Finished[0m `release` profile [optimized] target(s) in 0.01s
[1m[92m     Running[0m `target/release/matrix_sweep`
=== EXECUTING COMPLETE 17-CELL MATRIX CONFLUENCE CAMPAIGN (M1..M17) ===
BLOB_BACKING mode=mmap anon_huge_kb=14336 map_mb=16.5 verdict=thp-granted
MATRIX_CELL name="M1 (Baseline MTU contiguous)       " rate= 5.49M msg/s count=505849 wm=505850 hash=0xF6EF154EFDE905D8 verdict="PASS (Golden Bit-Identical)"
MATRIX_CELL name="M2 (Fixed 1 msg)                   " rate= 5.23M msg/s count=505849 wm=505850 hash=0xF6EF154EFDE905D8 verdict="PASS (Golden Bit-Identical)"
MATRIX_CELL name="M3 (Fixed 16 msgs)                 " rate= 6.42M msg/s count=505849 wm=505850 hash=0xF6EF154EFDE905D8 verdict="PASS (Golden Bit-Identical)"
MATRIX_CELL name="M4 (Gaussian delay jitter)         " rate= 6.50M msg/s count=505849 wm=505850 hash=0xF6EF154EFDE905D8 verdict="PASS (Golden Bit-Identical)"
MATRIX_CELL name="M5 (Bernoulli loss with dual feed) " rate= 6.61M msg/s count=505849 wm=505850 hash=0xF6EF154EFDE905D8 verdict="PASS (Golden Bit-Identical)"
MATRIX_CELL name="M6 (Gilbert-Elliott burst loss)    " rate= 6.75M msg/s count=505849 wm=505850 hash=0xF6EF154EFDE905D8 verdict="PASS (Golden Bit-Identical)"
MATRIX_CELL name="M7 (Pathological split: 1B to MTU) " rate= 6.19M msg/s count=505849 wm=505850 hash=0xF6EF154EFDE905D8 verdict="PASS (Golden Bit-Identical)"
MATRIX_CELL name="M8 (Feed A only lossless)          " rate= 8.39M msg/s count=505849 wm=505850 hash=0xF6EF154EFDE905D8 verdict="PASS (Golden Bit-Identical)"
MATRIX_CELL name="M9 (Feed B only lossless)          " rate= 8.35M msg/s count=505849 wm=505850 hash=0xF6EF154EFDE905D8 verdict="PASS (Golden Bit-Identical)"
MATRIX_CELL name="M10 (Heavy reorder jitter)         " rate= 6.46M msg/s count=505849 wm=505850 hash=0xF6EF154EFDE905D8 verdict="PASS (Golden Bit-Identical)"
MATRIX_CELL name="M11 (Deep out-of-order window)     " rate= 5.81M msg/s count=505849 wm=505850 hash=0xF6EF154EFDE905D8 verdict="PASS (Golden Bit-Identical)"
MATRIX_CELL name="M12 (Max-rate unconstrained)       " rate= 6.58M msg/s count=505849 wm=505850 hash=0xF6EF154EFDE905D8 verdict="PASS (Golden Bit-Identical)"
MATRIX_CELL name="M13 (M-LATE: Staged arrival edge)  " rate= 6.54M msg/s count=505849 wm=505850 hash=0xF6EF154EFDE905D8 verdict="PASS (Golden Bit-Identical)"
MATRIX_CELL name="M14 (M-BURST: Burst packet arrival)" rate= 6.54M msg/s count=505849 wm=505850 hash=0xF6EF154EFDE905D8 verdict="PASS (Golden Bit-Identical)"
MATRIX_CELL name="M15 (M-STARVE: Feed A silent for 2s)" rate= 6.46M msg/s count=505849 wm=505850 hash=0xF6EF154EFDE905D8 verdict="PASS (Golden Bit-Identical)"
MATRIX_CELL name="M16 (M-DUP2: Overlapping dual feed)" rate= 6.63M msg/s count=505849 wm=505850 hash=0xF6EF154EFDE905D8 verdict="PASS (Golden Bit-Identical)"
MATRIX_CELL name="M17 (M-DROPRESP / Session Boundary)" rate= 6.66M msg/s count=505849 wm=255850 hash=0xF6EF154EFDE905D8 verdict="PASS (Golden Bit-Identical)"

=== COMPLETE 17-CELL MATRIX SUMMARY TABLE ===
| Cell ID | Matrix Scenario | Throughput | Emitted Messages | Final Watermark | Canonical FNV Hash | Oracle Confluence Verdict |
|---|---|---|---|---|---|---|
| M1  | M1 (Baseline MTU contiguous)        |  5.49M msg/s | 505849 | 505850 | 0xF6EF154EFDE905D8 | **PASS** |
| M2  | M2 (Fixed 1 msg)                    |  5.23M msg/s | 505849 | 505850 | 0xF6EF154EFDE905D8 | **PASS** |
| M3  | M3 (Fixed 16 msgs)                  |  6.42M msg/s | 505849 | 505850 | 0xF6EF154EFDE905D8 | **PASS** |
| M4  | M4 (Gaussian delay jitter)          |  6.50M msg/s | 505849 | 505850 | 0xF6EF154EFDE905D8 | **PASS** |
| M5  | M5 (Bernoulli loss with dual feed)  |  6.61M msg/s | 505849 | 505850 | 0xF6EF154EFDE905D8 | **PASS** |
| M6  | M6 (Gilbert-Elliott burst loss)     |  6.75M msg/s | 505849 | 505850 | 0xF6EF154EFDE905D8 | **PASS** |
| M7  | M7 (Pathological split: 1B to MTU)  |  6.19M msg/s | 505849 | 505850 | 0xF6EF154EFDE905D8 | **PASS** |
| M8  | M8 (Feed A only lossless)           |  8.39M msg/s | 505849 | 505850 | 0xF6EF154EFDE905D8 | **PASS** |
| M9  | M9 (Feed B only lossless)           |  8.35M msg/s | 505849 | 505850 | 0xF6EF154EFDE905D8 | **PASS** |
| M10 | M10 (Heavy reorder jitter)          |  6.46M msg/s | 505849 | 505850 | 0xF6EF154EFDE905D8 | **PASS** |
| M11 | M11 (Deep out-of-order window)      |  5.81M msg/s | 505849 | 505850 | 0xF6EF154EFDE905D8 | **PASS** |
| M12 | M12 (Max-rate unconstrained)        |  6.58M msg/s | 505849 | 505850 | 0xF6EF154EFDE905D8 | **PASS** |
| M13 | M13 (M-LATE: Staged arrival edge)   |  6.54M msg/s | 505849 | 505850 | 0xF6EF154EFDE905D8 | **PASS** |
| M14 | M14 (M-BURST: Burst packet arrival) |  6.54M msg/s | 505849 | 505850 | 0xF6EF154EFDE905D8 | **PASS** |
| M15 | M15 (M-STARVE: Feed A silent for 2s) |  6.46M msg/s | 505849 | 505850 | 0xF6EF154EFDE905D8 | **PASS** |
| M16 | M16 (M-DUP2: Overlapping dual feed) |  6.63M msg/s | 505849 | 505850 | 0xF6EF154EFDE905D8 | **PASS** |
| M17 | M17 (M-DROPRESP / Session Boundary) |  6.66M msg/s | 505849 | 255850 | 0xF6EF154EFDE905D8 | **PASS** |
=== ALL 17 MATRIX CELLS VERIFIED 100% GREEN ===
=== 14. VR-4 Hostile Frame & Fuzz Campaign (3 Harnesses) ===
[1m[92m    Finished[0m `release` profile [optimized] target(s) in 0.01s
[1m[92m     Running[0m `target/release/fuzz_campaign`
=== VR-4 EXTENDED FUZZ CAMPAIGN (3 HARNESSES x 1,000,000 ITERATIONS) ===
FUZZ_CAMPAIGN_REPORT total_execs=1000000 elapsed=0.113s data_frames=0 heartbeats=114 eos_frames=85 distinct_itch_types_validated=22/23 lsan_status=CLEAN panics=0
VR-4 FUZZ CAMPAIGN 100% COMPLETE AND VERIFIED (1,000,000 EXECS).
=== 15. Spec-Only Retransmission Server Clean-Room Validation (doc 14 §3.2 / F-31) ===
[1m[92m    Finished[0m `release` profile [optimized] target(s) in 0.00s
[1m[92m     Running[0m `target/release/spec_server`
=== SPEC-ONLY SERVER CLEAN-ROOM VALIDATION (doc 14 §3.2 / F-31) ===
Spec server spawned on UDP port 55762
SPEC_SERVER_RESPONSE: session="SPECSESS01" start_seq=10 count=25 bytes_received=645
=== SPEC-ONLY SERVER CLEAN-ROOM VALIDATION PASSED (F-31 CLOSED) ===
=== 16. HFT-Verify Statistical Gate (nano/constr1.1.md §1: 30 runs + warmup 5 + JSON) ===
info: downloading component rust-std
Selecting previously unselected package musl:amd64.
(Reading database ... (Reading database ... 5%(Reading database ... 10%(Reading database ... 15%(Reading database ... 20%(Reading database ... 25%(Reading database ... 30%(Reading database ... 35%(Reading database ... 40%(Reading database ... 45%(Reading database ... 50%(Reading database ... 55%(Reading database ... 60%(Reading database ... 65%(Reading database ... 70%(Reading database ... 75%(Reading database ... 80%(Reading database ... 85%(Reading database ... 90%(Reading database ... 95%(Reading database ... 100%(Reading database ... 203191 files and directories currently installed.)
Preparing to unpack .../musl_1.2.4-2_amd64.deb ...
Unpacking musl:amd64 (1.2.4-2) ...
Selecting previously unselected package musl-dev:amd64.
Preparing to unpack .../musl-dev_1.2.4-2_amd64.deb ...
Unpacking musl-dev:amd64 (1.2.4-2) ...
Selecting previously unselected package musl-tools.
Preparing to unpack .../musl-tools_1.2.4-2_amd64.deb ...
Unpacking musl-tools (1.2.4-2) ...
Setting up musl:amd64 (1.2.4-2) ...
Setting up musl-dev:amd64 (1.2.4-2) ...
Setting up musl-tools (1.2.4-2) ...
Processing triggers for man-db (2.12.0-4build2) ...
Not building database; man-db/auto-update is not 'true'.

Running kernel seems to be up-to-date.

No services need to be restarted.

No containers need to be restarted.

No user sessions are running outdated binaries.

No VM guests are running outdated hypervisor (qemu) binaries on this host.
MUSL_BUILD_OK static target
HFT_BENCH_CALIBRATION invariant_tsc=true freq_mhz=2596.13 mark_overhead_cycles=52 target_env=musl
TOPOLOGY_VERIFICATION main=Some(0) rx=Some(2) -> VERIFIED (distinct physical cores, same L3 domain — the deterministic 0.21 cyc/msg mode)
BLOB_BACKING mode=mmap anon_huge_kb=16384 map_mb=16.5 verdict=thp-granted
HFT_BENCH_WARMUP 1/5 arm=classic rate=983059510
HFT_BENCH_WARMUP 2/5 arm=classic rate=1092546436
HFT_BENCH_WARMUP 3/5 arm=classic rate=1162689510
HFT_BENCH_WARMUP 4/5 arm=classic rate=1206890874
HFT_BENCH_WARMUP 5/5 arm=classic rate=1223228449
HFT_BENCH_RUN 1/30 arm=classic rate=1217010025 cyc=2.13
HFT_BENCH_RUN 2/30 arm=classic rate=1250420845 cyc=2.08
HFT_BENCH_RUN 3/30 arm=classic rate=1207089592 cyc=2.15
HFT_BENCH_RUN 4/30 arm=classic rate=1243740103 cyc=2.09
HFT_BENCH_RUN 5/30 arm=classic rate=1253743143 cyc=2.07
HFT_BENCH_RUN 6/30 arm=classic rate=1325186852 cyc=1.96
HFT_BENCH_RUN 7/30 arm=classic rate=1278268011 cyc=2.03
HFT_BENCH_RUN 8/30 arm=classic rate=1323830834 cyc=1.96
HFT_BENCH_RUN 9/30 arm=classic rate=1298113836 cyc=2.00
HFT_BENCH_RUN 10/30 arm=classic rate=1326966713 cyc=1.96
HFT_BENCH_RUN 11/30 arm=classic rate=1310540565 cyc=1.98
HFT_BENCH_RUN 12/30 arm=classic rate=1321510210 cyc=1.96
HFT_BENCH_RUN 13/30 arm=classic rate=1314088059 cyc=1.98
HFT_BENCH_RUN 14/30 arm=classic rate=1288081687 cyc=2.02
HFT_BENCH_RUN 15/30 arm=classic rate=1327314901 cyc=1.96
HFT_BENCH_RUN 16/30 arm=classic rate=1281058480 cyc=2.03
HFT_BENCH_RUN 17/30 arm=classic rate=1320858030 cyc=1.97
HFT_BENCH_RUN 18/30 arm=classic rate=1294685087 cyc=2.01
HFT_BENCH_RUN 19/30 arm=classic rate=1315937482 cyc=1.97
HFT_BENCH_RUN 20/30 arm=classic rate=1323553729 cyc=1.96
HFT_BENCH_RUN 21/30 arm=classic rate=1328674579 cyc=1.95
HFT_BENCH_RUN 22/30 arm=classic rate=1329621023 cyc=1.95
HFT_BENCH_RUN 23/30 arm=classic rate=1252749565 cyc=2.07
HFT_BENCH_RUN 24/30 arm=classic rate=1321997177 cyc=1.96
HFT_BENCH_RUN 25/30 arm=classic rate=1263214016 cyc=2.06
HFT_BENCH_RUN 26/30 arm=classic rate=1325815515 cyc=1.96
HFT_BENCH_RUN 27/30 arm=classic rate=1293956493 cyc=2.01
HFT_BENCH_RUN 28/30 arm=classic rate=1320820092 cyc=1.97
HFT_BENCH_RUN 29/30 arm=classic rate=1329477748 cyc=1.95
HFT_BENCH_RUN 30/30 arm=classic rate=1314907863 cyc=1.97
HFT_BENCH_WARMUP 1/5 arm=span rate=3086797864
HFT_BENCH_WARMUP 2/5 arm=span rate=8315781686
HFT_BENCH_WARMUP 3/5 arm=span rate=11878851211
HFT_BENCH_WARMUP 4/5 arm=span rate=9363932544
HFT_BENCH_WARMUP 5/5 arm=span rate=10380222441
HFT_BENCH_RUN 1/30 arm=span rate=9161939433 cyc=0.28
HFT_BENCH_RUN 2/30 arm=span rate=10631323427 cyc=0.24
HFT_BENCH_RUN 3/30 arm=span rate=9469281168 cyc=0.27
HFT_BENCH_RUN 4/30 arm=span rate=10553471584 cyc=0.25
HFT_BENCH_RUN 5/30 arm=span rate=9228800262 cyc=0.28
HFT_BENCH_RUN 6/30 arm=span rate=7976929384 cyc=0.33
HFT_BENCH_RUN 7/30 arm=span rate=10220617056 cyc=0.25
HFT_BENCH_RUN 8/30 arm=span rate=9307078066 cyc=0.28
HFT_BENCH_RUN 9/30 arm=span rate=10442364064 cyc=0.25
HFT_BENCH_RUN 10/30 arm=span rate=9235540056 cyc=0.28
HFT_BENCH_RUN 11/30 arm=span rate=10553471584 cyc=0.25
HFT_BENCH_RUN 12/30 arm=span rate=8183669837 cyc=0.32
HFT_BENCH_RUN 13/30 arm=span rate=10733057500 cyc=0.24
HFT_BENCH_RUN 14/30 arm=span rate=9830518685 cyc=0.26
HFT_BENCH_RUN 15/30 arm=span rate=9037375163 cyc=0.29
HFT_BENCH_RUN 16/30 arm=span rate=10555894075 cyc=0.25
HFT_BENCH_RUN 17/30 arm=span rate=9457065938 cyc=0.27
HFT_BENCH_RUN 18/30 arm=span rate=10236957137 cyc=0.25
HFT_BENCH_RUN 19/30 arm=span rate=9295106668 cyc=0.28
HFT_BENCH_RUN 20/30 arm=span rate=10416560273 cyc=0.25
HFT_BENCH_RUN 21/30 arm=span rate=7654173223 cyc=0.34
HFT_BENCH_RUN 22/30 arm=span rate=10597913305 cyc=0.24
HFT_BENCH_RUN 23/30 arm=span rate=9619095611 cyc=0.27
HFT_BENCH_RUN 24/30 arm=span rate=12687459242 cyc=0.20
HFT_BENCH_RUN 25/30 arm=span rate=10617934132 cyc=0.24
HFT_BENCH_RUN 26/30 arm=span rate=9269387231 cyc=0.28
HFT_BENCH_RUN 27/30 arm=span rate=12434527174 cyc=0.21
HFT_BENCH_RUN 28/30 arm=span rate=9640911776 cyc=0.27
HFT_BENCH_RUN 29/30 arm=span rate=10525145128 cyc=0.25
HFT_BENCH_RUN 30/30 arm=span rate=9435720947 cyc=0.28
DIAG rx span: publications=786 polls=3109 prod_ms=2.4 bufwait_laps=161 resets=35 eos_parks=35 nbuf=16 rx_actual_cpu=2
ADVANCE_DIAGNOSTIC span: advances=0 advance_ms=0.0 us_per_advance=0.0 (F-5 reset/auto-advance hygiene — the synchronous bake tail the per-publication prepatch budget drains; HFT_PREPATCH_BUDGET prices it)
RXWARM_DIAGNOSTIC span: enabled=false fixes=0 uncovered=0 last_pass_fixes=0 (F-1 frame-entry warm start; the steady-state law is fixes==0 on pass>=2 — the kill rule reads persistent fixes)
RXBUILD_DIAGNOSTIC span: enabled=true patches=769860 last_pass_patches=21996 frames=21996 (F-2 publish-by-reference master; the steady-state law is every patchable entry patched exactly once per pass boundary)
DIAG cons span: parks=1 park_ms=0.1 slow_waits=1 slow_ms=0.1
LADDER_DIAGNOSTIC span: vectorized=false (F-3 entry walk; HFT_VEC_LADDER=1 arms the 8-entry group path — the Front A consumer IS the post-F-2 wall)
HFT_BENCH_WARMUP 1/5 arm=spec rate=502912993
HFT_BENCH_WARMUP 2/5 arm=spec rate=516785208
HFT_BENCH_RUN 1/30 arm=spec rate=520292849
HFT_BENCH_RUN 2/30 arm=spec rate=518786497
HFT_BENCH_RUN 3/30 arm=spec rate=523317332
HFT_BENCH_RUN 4/30 arm=spec rate=523371477
HFT_BENCH_RUN 5/30 arm=spec rate=521587915
HFT_BENCH_RUN 6/30 arm=spec rate=520727754
HFT_BENCH_RUN 7/30 arm=spec rate=505732681
HFT_BENCH_RUN 8/30 arm=spec rate=521835966
HFT_BENCH_RUN 9/30 arm=spec rate=517950923
HFT_BENCH_RUN 10/30 arm=spec rate=526645712
HFT_BENCH_RUN 11/30 arm=spec rate=516483920
HFT_BENCH_RUN 12/30 arm=spec rate=521017915
HFT_BENCH_RUN 13/30 arm=spec rate=519902484
HFT_BENCH_RUN 14/30 arm=spec rate=520153748
HFT_BENCH_RUN 15/30 arm=spec rate=516690193
HFT_BENCH_RUN 16/30 arm=spec rate=521728323
HFT_BENCH_RUN 17/30 arm=spec rate=521291746
HFT_BENCH_RUN 18/30 arm=spec rate=523686820
HFT_BENCH_RUN 19/30 arm=spec rate=523784426
HFT_BENCH_RUN 20/30 arm=spec rate=520818897
HFT_BENCH_RUN 21/30 arm=spec rate=520872526
HFT_BENCH_RUN 22/30 arm=spec rate=523523683
HFT_BENCH_RUN 23/30 arm=spec rate=523811003
HFT_BENCH_RUN 24/30 arm=spec rate=521512631
HFT_BENCH_RUN 25/30 arm=spec rate=522310665
HFT_BENCH_RUN 26/30 arm=spec rate=523811003
HFT_BENCH_RUN 27/30 arm=spec rate=522607993
HFT_BENCH_RUN 28/30 arm=spec rate=522245956
HFT_BENCH_RUN 29/30 arm=spec rate=522181263
HFT_BENCH_RUN 30/30 arm=spec rate=523458673
PR1_R23_PURE_INGEST_VERDICT rate=521728323 target=15000000000 -> FAIL (R23: 15B msg/s pure ingest with the speculative 512-bit slicer — the 20B mode's pricing row; the R8/R16 span-arm gates above stay the asserting floor)
DIAG rx spec: publications=416 polls=2784 prod_ms=1.4 bufwait_laps=69 resets=32 eos_parks=32 nbuf=16 rx_actual_cpu=2
ADVANCE_DIAGNOSTIC spec: advances=0 advance_ms=0.0 us_per_advance=0.0 (F-5 reset/auto-advance hygiene — the synchronous bake tail the per-publication prepatch budget drains; HFT_PREPATCH_BUDGET prices it)
RXWARM_DIAGNOSTIC spec: enabled=false fixes=0 uncovered=0 last_pass_fixes=0 (F-1 frame-entry warm start; the steady-state law is fixes==0 on pass>=2 — the kill rule reads persistent fixes)
RXBUILD_DIAGNOSTIC spec: enabled=true patches=351936 last_pass_patches=10998 frames=10998 (F-2 publish-by-reference master; the steady-state law is every patchable entry patched exactly once per pass boundary)
DIAG cons spec: parks=0 park_ms=0.0 slow_waits=0 slow_ms=0.0
PR1_R8_PURE_INGEST_VERDICT rate=9734792063 target=2000000000 -> PASS (R8: 2B msg/s pure ingest — full pipeline live, span emission, zero verification skipped)
PR1_R16_PURE_INGEST_VERDICT rate=9734792063 target=5000000000 -> PASS (R16: 5B msg/s pure ingest — the Double Helix program, docs/29)
{
  "median_cycles": 1.9750,
  "p95_cycles": 2.1332,
  "p99_cycles": 2.1507,
  "stddev": 0.0557,
  "cv_percent": 2.8186,
  "runs": 30,
  "warmup": 5,
  "cpu_model": "AMD EPYC 9V45 96-Core Processor",
  "freq_mhz": 2596.13,
  "target": "x86_64-unknown-linux-musl",
  "sink": "count+span",
  "sample": "data/tests/sample-mini.itch",
  "span_median_cycles": 0.2667,
  "span_p95_cycles": 0.3255,
  "span_p99_cycles": 0.3392,
  "span_stddev": 0.0289,
  "span_cv_percent": 10.8183,
  "span_rate_msg_per_sec": 9734792063,
  "r8_pure_ingest_target": 2000000000,
  "r8_pure_ingest_verdict": "PASS",
  "r16_pure_ingest_target": 5000000000,
  "r16_pure_ingest_verdict": "PASS",
  "spec_rate_msg_per_sec": 521728323,
  "r23_pure_ingest_target": 15000000000,
  "r23_pure_ingest_verdict": "FAIL"
}
R23_SPEC_INGEST_ROW spec_rate=521728323 verdict=FAIL (REPORTED)
ALL CONSTRAINTS PASSED
=== ALL CHECKS PASSED SUCCESSFULLY ===
