RUSTFLAGS (env): -C target-cpu=x86-64-v3
rustc: rustc 1.99.0 (b940084d7 2026-09-28)
target_arch="x86_64"
target_feature="fxsr"
target_feature="sse"
target_feature="sse2"
CPUS: 4
model name	: INTEL(R) XEON(R) PLATINUM 8573C
cpu0 siblings: 0-1 L3: 0-3
cpu1 siblings: 0-1 L3: 0-3
cpu2 siblings: 2-3 L3: 0-3
cpu3 siblings: 2-3 L3: 0-3
taskset: pid 2150's current affinity list: 0-3
=== 1. Mini Sample SHA256 Check ===
data/tests/sample-mini.itch: OK
=== 2. Build Workspace Release ===
[1m[92m    Updating[0m crates.io index
[1m[92m   Compiling[0m nf-protocol v0.1.0 (/home/runner/work/HFT-Proj/HFT-Proj/crates/nf-protocol)
[1m[92m   Compiling[0m nf-arbitrator v0.1.0 (/home/runner/work/HFT-Proj/HFT-Proj/crates/nf-arbitrator)
[1m[92m   Compiling[0m nf-transport v0.1.0 (/home/runner/work/HFT-Proj/HFT-Proj/crates/nf-transport)
[1m[92m   Compiling[0m nf-recovery v0.1.0 (/home/runner/work/HFT-Proj/HFT-Proj/crates/nf-recovery)
[1m[92m   Compiling[0m nf-testkit v0.1.0 (/home/runner/work/HFT-Proj/HFT-Proj/crates/nf-testkit)
[1m[92m   Compiling[0m nf-engine v0.1.0 (/home/runner/work/HFT-Proj/HFT-Proj/crates/nf-engine)
[1m[92m    Finished[0m `release` profile [optimized] target(s) in 24.67s
=== 3. Clippy Workspace ===
[1m[92m    Checking[0m nf-protocol v0.1.0 (/home/runner/work/HFT-Proj/HFT-Proj/crates/nf-protocol)
[1m[92m    Checking[0m nf-arbitrator v0.1.0 (/home/runner/work/HFT-Proj/HFT-Proj/crates/nf-arbitrator)
[1m[92m    Checking[0m nf-transport v0.1.0 (/home/runner/work/HFT-Proj/HFT-Proj/crates/nf-transport)
[1m[92m    Checking[0m nf-recovery v0.1.0 (/home/runner/work/HFT-Proj/HFT-Proj/crates/nf-recovery)
[1m[92m    Checking[0m nf-testkit v0.1.0 (/home/runner/work/HFT-Proj/HFT-Proj/crates/nf-testkit)
[1m[92m    Checking[0m nf-engine v0.1.0 (/home/runner/work/HFT-Proj/HFT-Proj/crates/nf-engine)
[1m[92m    Finished[0m `dev` profile [unoptimized + debuginfo] target(s) in 2.70s
=== 4. Negative Lint Tripwire Test ===
[1m[92m    Checking[0m lint-fixture v0.1.0 (/home/runner/work/HFT-Proj/HFT-Proj/tests/lint_fixture)
[1m[91merror[0m[1m: use of a disallowed type `alloc::vec::Vec`[0m
 [1m[94m--> [0msrc/lib.rs:7:23
  [1m[94m|[0m
[1m[94m7[0m [1m[94m|[0m     let _v: Vec<u8> = Vec::new();
  [1m[94m|[0m                       [1m[91m^^^[0m
  [1m[94m|[0m
  [1m[94m= [0m[1mnote[0m: Tier-F zero-allocation ban
  [1m[94m= [0m[1mhelp[0m: for further information visit https://rust-lang.github.io/rust-clippy/rust-1.99.0/index.html#disallowed_types
[1m[92mnote[0m: the lint level is defined here
 [1m[94m--> [0msrc/lib.rs:3:9
  [1m[94m|[0m
[1m[94m3[0m [1m[94m|[0m #![deny(clippy::disallowed_types)]
  [1m[94m|[0m         [1m[92m^^^^^^^^^^^^^^^^^^^^^^^^[0m

[1m[91merror[0m[1m: use of a disallowed type `alloc::vec::Vec`[0m
 [1m[94m--> [0msrc/lib.rs:7:13
  [1m[94m|[0m
[1m[94m7[0m [1m[94m|[0m     let _v: Vec<u8> = Vec::new();
  [1m[94m|[0m             [1m[91m^^^^^^^[0m
  [1m[94m|[0m
  [1m[94m= [0m[1mnote[0m: Tier-F zero-allocation ban
  [1m[94m= [0m[1mhelp[0m: for further information visit https://rust-lang.github.io/rust-clippy/rust-1.99.0/index.html#disallowed_types

[1m[91merror[0m[1m: use of a disallowed type `alloc::string::String`[0m
 [1m[94m--> [0msrc/lib.rs:8:22
  [1m[94m|[0m
[1m[94m8[0m [1m[94m|[0m     let _s: String = String::new();
  [1m[94m|[0m                      [1m[91m^^^^^^[0m
  [1m[94m|[0m
  [1m[94m= [0m[1mnote[0m: Tier-F zero-allocation ban
  [1m[94m= [0m[1mhelp[0m: for further information visit https://rust-lang.github.io/rust-clippy/rust-1.99.0/index.html#disallowed_types

[1m[91merror[0m[1m: use of a disallowed type `alloc::string::String`[0m
 [1m[94m--> [0msrc/lib.rs:8:13
  [1m[94m|[0m
[1m[94m8[0m [1m[94m|[0m     let _s: String = String::new();
  [1m[94m|[0m             [1m[91m^^^^^^[0m
  [1m[94m|[0m
  [1m[94m= [0m[1mnote[0m: Tier-F zero-allocation ban
  [1m[94m= [0m[1mhelp[0m: for further information visit https://rust-lang.github.io/rust-clippy/rust-1.99.0/index.html#disallowed_types

[1m[91merror[0m[1m: use of a disallowed type `std::collections::HashMap`[0m
 [1m[94m--> [0msrc/lib.rs:9:53
  [1m[94m|[0m
[1m[94m9[0m [1m[94m|[0m     let _map: std::collections::HashMap<u32, u32> = std::collections::HashMap::new();
  [1m[94m|[0m                                                     [1m[91m^^^^^^^^^^^^^^^^^^^^^^^^^[0m
  [1m[94m|[0m
  [1m[94m= [0m[1mnote[0m: Tier-F zero-allocation ban
  [1m[94m= [0m[1mhelp[0m: for further information visit https://rust-lang.github.io/rust-clippy/rust-1.99.0/index.html#disallowed_types

[1m[91merror[0m[1m: use of a disallowed type `std::collections::HashMap`[0m
 [1m[94m--> [0msrc/lib.rs:9:15
  [1m[94m|[0m
[1m[94m9[0m [1m[94m|[0m     let _map: std::collections::HashMap<u32, u32> = std::collections::HashMap::new();
  [1m[94m|[0m               [1m[91m^^^^^^^^^^^^^^^^^^^^^^^^^^^^^^^^^^^[0m
  [1m[94m|[0m
  [1m[94m= [0m[1mnote[0m: Tier-F zero-allocation ban
  [1m[94m= [0m[1mhelp[0m: for further information visit https://rust-lang.github.io/rust-clippy/rust-1.99.0/index.html#disallowed_types

[1m[91merror[0m[1m: use of a disallowed type `alloc::rc::Rc`[0m
  [1m[94m--> [0msrc/lib.rs:10:15
   [1m[94m|[0m
[1m[94m10[0m [1m[94m|[0m     let _rc = std::rc::Rc::new(42);
   [1m[94m|[0m               [1m[91m^^^^^^^^^^^[0m
   [1m[94m|[0m
   [1m[94m= [0m[1mnote[0m: Tier-F zero-allocation ban
   [1m[94m= [0m[1mhelp[0m: for further information visit https://rust-lang.github.io/rust-clippy/rust-1.99.0/index.html#disallowed_types

[1m[91merror[0m[1m: use of a disallowed type `alloc::sync::Arc`[0m
  [1m[94m--> [0msrc/lib.rs:11:16
   [1m[94m|[0m
[1m[94m11[0m [1m[94m|[0m     let _arc = std::sync::Arc::new(42);
   [1m[94m|[0m                [1m[91m^^^^^^^^^^^^^^[0m
   [1m[94m|[0m
   [1m[94m= [0m[1mnote[0m: Tier-F zero-allocation ban
   [1m[94m= [0m[1mhelp[0m: for further information visit https://rust-lang.github.io/rust-clippy/rust-1.99.0/index.html#disallowed_types

[1m[91merror[0m[1m: use of a disallowed method `alloc::string::ToString::to_string`[0m
  [1m[94m--> [0msrc/lib.rs:15:17
   [1m[94m|[0m
[1m[94m15[0m [1m[94m|[0m     let _s = 42.to_string();
   [1m[94m|[0m                 [1m[91m^^^^^^^^^[0m
   [1m[94m|[0m
   [1m[94m= [0m[1mnote[0m: Tier-M zero-allocation hot-loop ban
   [1m[94m= [0m[1mhelp[0m: for further information visit https://rust-lang.github.io/rust-clippy/rust-1.99.0/index.html#disallowed_methods
[1m[92mnote[0m: the lint level is defined here
  [1m[94m--> [0msrc/lib.rs:4:9
   [1m[94m|[0m
[1m[94m 4[0m [1m[94m|[0m #![deny(clippy::disallowed_methods)]
   [1m[94m|[0m         [1m[92m^^^^^^^^^^^^^^^^^^^^^^^^^^[0m

[1m[91merror[0m[1m: use of a disallowed method `alloc::borrow::ToOwned::to_owned`[0m
  [1m[94m--> [0msrc/lib.rs:17:24
   [1m[94m|[0m
[1m[94m17[0m [1m[94m|[0m     let _owned = slice.to_owned();
   [1m[94m|[0m                        [1m[91m^^^^^^^^[0m
   [1m[94m|[0m
   [1m[94m= [0m[1mnote[0m: Tier-M zero-allocation hot-loop ban
   [1m[94m= [0m[1mhelp[0m: for further information visit https://rust-lang.github.io/rust-clippy/rust-1.99.0/index.html#disallowed_methods

[1m[91merror[0m: could not compile `lint-fixture` (lib) due to 10 previous errors
=== 5. Unit & Conformance Tests ===
[1m[92m   Compiling[0m nf-protocol v0.1.0 (/home/runner/work/HFT-Proj/HFT-Proj/crates/nf-protocol)
[1m[92m   Compiling[0m nf-transport v0.1.0 (/home/runner/work/HFT-Proj/HFT-Proj/crates/nf-transport)
[1m[92m   Compiling[0m nf-arbitrator v0.1.0 (/home/runner/work/HFT-Proj/HFT-Proj/crates/nf-arbitrator)
[1m[92m   Compiling[0m nf-recovery v0.1.0 (/home/runner/work/HFT-Proj/HFT-Proj/crates/nf-recovery)
[1m[92m   Compiling[0m nf-testkit v0.1.0 (/home/runner/work/HFT-Proj/HFT-Proj/crates/nf-testkit)
[1m[92m   Compiling[0m nf-engine v0.1.0 (/home/runner/work/HFT-Proj/HFT-Proj/crates/nf-engine)
[1m[92m    Finished[0m `test` profile [optimized + debuginfo] target(s) in 20.68s
[1m[92m     Running[0m unittests src/lib.rs (target/debug/deps/nf_arbitrator-6363e96099bf9242)

running 0 tests

test result: ok. 0 passed; 0 failed; 0 ignored; 0 measured; 0 filtered out; finished in 0.00s

[1m[92m     Running[0m tests/compilefail.rs (target/debug/deps/compilefail-478af2cb6c91a996)

running 1 test
[1m[92m    Checking[0m nf-protocol v0.1.0 (/home/runner/work/HFT-Proj/HFT-Proj/crates/nf-protocol)
[1m[92m    Checking[0m nf-arbitrator v0.1.0 (/home/runner/work/HFT-Proj/HFT-Proj/crates/nf-arbitrator)
[1m[92m    Checking[0m nf-transport v0.1.0 (/home/runner/work/HFT-Proj/HFT-Proj/crates/nf-transport)
[1m[92m    Checking[0m nf-recovery v0.1.0 (/home/runner/work/HFT-Proj/HFT-Proj/crates/nf-recovery)
[1m[92m    Checking[0m nf-testkit v0.1.0 (/home/runner/work/HFT-Proj/HFT-Proj/crates/nf-testkit)
[1m[92m    Checking[0m nf-arbitrator-tests v0.0.0 (/home/runner/work/HFT-Proj/HFT-Proj/target/tests/trybuild/nf-arbitrator)
[1m[92m    Finished[0m `dev` profile [unoptimized + debuginfo] target(s) in 0.65s


test tests/ui/cf1_private_field_construction.rs ... ok
test tests/ui/cf2_private_field_read.rs ... ok
test tests/ui/cf3_destructure.rs ... ok
test tests/ui/cf4_lookalike_type.rs ... ok
test tests/ui/cf5_hold_across_calls.rs ... ok
test tests/ui/cf6_orphan_clone.rs ... ok


test test_compile_fail_suite ... ok

test result: ok. 1 passed; 0 failed; 0 ignored; 0 measured; 0 filtered out; finished in 1.82s

[1m[92m     Running[0m tests/sequencer_tests.rs (target/debug/deps/sequencer_tests-c037a0fdfcc57b5c)

running 19 tests
test test_r3_span_fallback_on_invalid ... ok
test test_r3_span_gap_staging_drain ... ok
test test_r3_no_optin_unchanged ... ok
test test_r3_span_equivalence_contiguous_flow ... ok
test test_r3_span_hb_eos ... ok
test test_u10_gen_law ... ok
test test_u11_seal ... ok
test test_u12_recovery_intent ... ok
test test_u13_totality ... ok
test test_u14_byte_identity ... ok
test test_u2_partial_overlap ... ok
test test_u1_dup_fast_path ... ok
test test_u3_reorder_disorder ... ok
test test_u4_window_clamp ... ok
test test_u6_session_change ... ok
test test_u7_heartbeat_gap ... ok
test test_u8_eos_handling ... ok
test test_u9_eos_then_data ... ok
test test_u_zombie_hazard ... ok

test result: ok. 19 passed; 0 failed; 0 ignored; 0 measured; 0 filtered out; finished in 0.00s

[1m[92m     Running[0m tests/split_watermark.rs (target/debug/deps/split_watermark-6b556bc238fd948b)

running 1 test
test test_a1_split_watermark_discriminator ... ok

test result: ok. 1 passed; 0 failed; 0 ignored; 0 measured; 0 filtered out; finished in 0.08s

[1m[92m     Running[0m unittests src/lib.rs (target/debug/deps/nf_engine-2835e0eb584a1f80)

running 4 tests
test histogram::tests::test_static_histogram_percentiles ... ok
test tail_study::tests::test_p2_l1_unit_law_per_message_stamps ... ok
test tests::test_audit_in_memory_stream ... ok
test tests::test_audit_truncated_tail ... ok

test result: ok. 4 passed; 0 failed; 0 ignored; 0 measured; 0 filtered out; finished in 0.00s

[1m[92m     Running[0m unittests src/bin/audit.rs (target/debug/deps/audit-0ffa5e810830aa34)

running 0 tests

test result: ok. 0 passed; 0 failed; 0 ignored; 0 measured; 0 filtered out; finished in 0.00s

[1m[92m     Running[0m unittests src/bin/bench.rs (target/debug/deps/bench-8d7d78bca1894c8b)

running 0 tests

test result: ok. 0 passed; 0 failed; 0 ignored; 0 measured; 0 filtered out; finished in 0.00s

[1m[92m     Running[0m unittests src/bin/hft_bench.rs (target/debug/deps/hft_bench-77e0d5531fa87c9d)

running 0 tests

test result: ok. 0 passed; 0 failed; 0 ignored; 0 measured; 0 filtered out; finished in 0.00s

[1m[92m     Running[0m unittests src/bin/kbench.rs (target/debug/deps/kbench-4bb94fa949f08972)

running 0 tests

test result: ok. 0 passed; 0 failed; 0 ignored; 0 measured; 0 filtered out; finished in 0.00s

[1m[92m     Running[0m unittests src/bin/replay.rs (target/debug/deps/replay-0ff2083d86b40b63)

running 0 tests

test result: ok. 0 passed; 0 failed; 0 ignored; 0 measured; 0 filtered out; finished in 0.00s

[1m[92m     Running[0m tests/xdp_tests.rs (target/debug/deps/xdp_tests-51cc3573b9588ba6)

running 6 tests
test test_x1_xdp_smoke ... ok
test test_x4_fill_ring_discipline ... ok
test test_x6_malicious_frames ... ok
test test_x5_alloc_window_xdp ... ok
test test_x3_scripted_dual_drop ... ok
test test_x2_conformance_mini ... ok

test result: ok. 6 passed; 0 failed; 0 ignored; 0 measured; 0 filtered out; finished in 0.05s

[1m[92m     Running[0m unittests src/lib.rs (target/debug/deps/nf_protocol-885ff5d190450fa5)

running 21 tests
test gates::tests::test_gates_tripwires_fail_on_bad_inputs ... ok
test itch5::tests::t2_tv_it2_stock_directory ... ok
test itch5::tests::t1_tv_it1_system_event ... ok
test itch5::tests::t3_case_trap ... ok
test itch5::tests::t4_synthetic_add_order ... ok
test itch5::tests::t5_table_totality ... ok
test itch5::tests::t6_error_paths ... ok
test itch5::tests::t7_extended_overlays ... ok
test moldudp64::tests::t11_span_calculation ... ok
test moldudp64::tests::t13_spec_slice_edges ... ok
test moldudp64::tests::t1_tv1_golden ... ok
test moldudp64::tests::t2_t3_heartbeat_and_eos ... ok
test moldudp64::tests::t4_encode_request ... ok
test moldudp64::tests::t5_truncated_frame ... ok
test moldudp64::tests::t6_block_overrun ... ok
test moldudp64::tests::t7_trailing_bytes ... ok
test moldudp64::tests::t8_zero_length_message ... ok
test moldudp64::tests::t9_seq_overflow ... ok
test packet::tests::test_validate_frame_synthetic ... ok
test moldudp64::tests::t10_round_trip_property ... ok
test moldudp64::tests::t12_spec_slice_matches_blocks ... ok

test result: ok. 21 passed; 0 failed; 0 ignored; 0 measured; 0 filtered out; finished in 0.05s

[1m[92m     Running[0m unittests src/lib.rs (target/debug/deps/nf_recovery-a4273f375a48027e)

running 0 tests

test result: ok. 0 passed; 0 failed; 0 ignored; 0 measured; 0 filtered out; finished in 0.00s

[1m[92m     Running[0m tests/recovery_tests.rs (target/debug/deps/recovery_tests-6c123f8406540150)

running 17 tests
test test_r10_session_boundary_during_recovery ... ok
test test_r11_socket_disconnect ... ok
test test_r12_vt_grace_stepping ... ok
test test_r13_retry_counting_determinism ... ok
test test_r14_state_transition_matrix ... ok
test test_e2e_2b_split_dual_drop ... ok
test test_r1_fakeserver_drop_request_fault ... ok
test test_e2e_2c_double_run_confluence ... ok
test test_r4_request_encode_from_intent ... ok
test test_e2e_2a_canonical_dual_drop ... ok
test test_r5_partial_fill_truncate_after ... ok
test test_r7_silence_dead ... ok
test test_r3_inv_r5_wrong_session ... ok
test test_r2_fakeserver_drop_response_fault ... ok
test test_r6_drop_request_dead ... ok
test test_r9_dual_drop_repair ... ok
test test_r8_duplicate_first ... ok

test result: ok. 17 passed; 0 failed; 0 ignored; 0 measured; 0 filtered out; finished in 0.21s

[1m[92m     Running[0m unittests src/lib.rs (target/debug/deps/nf_testkit-c60ad869f026b239)

running 76 tests
test affinity::fabric_placement_tests::t_fabric_placement_distinct_workers_on_distinct_cores ... ok
test affinity::fabric_placement_tests::t_fabric_placement_no_worker_on_main_sibling_when_possible ... ok
test affinity::l3_tests::t_l3_groups_partition ... ok
test affinity::l3_tests::t_topology_verification_same_cpu_violates ... ok
test affinity::tests::t_affinity_order_nonempty_and_bounded ... ok
test affinity::l3_tests::t_pipeline_placement_distinct ... ok
test affinity::tests::t_affinity_pin_roundtrip ... ok
test affinity::l3_tests::t_topology_verification_placement_consistent ... ok
test batch_parity::t_r12_soa_parity_default_schedule ... ok
test batch_parity::t_r12_soa_parity_lossy_schedule ... ok
test batch_parity::t_r12_soa_parity_multi_pass_resets ... ok
test batch_parity::t_r12_soa_parity_reorder_schedule ... ok
test batch_parity::t_r12_soa_parity_session_split ... ok
test batch_parity::t_r12_soa_parity_single_feed_seeded ... ok
test batch_parity::t_r8_batch_parity_default_schedule ... ok
test batch_parity::t_r8_batch_parity_fast_sink ... ok
test batch_parity::t_r8_batch_parity_lossy_schedule ... ok
test batch_parity::t_r8_batch_parity_multi_pass_reset ... ok
test batch_parity::t_r8_batch_parity_per_message_sink ... ok
test batch_parity::t_r8_batch_parity_reorder_schedule ... ok
test batch_parity::t_r8_batch_parity_session_split ... ok
test batch_parity::t_r8_batch_parity_single_feed_seeded ... ok
test batch_parity::t_r8_coalesced_pacing_parity ... ok
test batch_parity::t_r8_pipeline_parity_canonical ... ok
test crcfold::tests::t_affine_kernel_8lane_differential ... ok
test crcfold::tests::t_affine_kernel_models ... ok
test crcfold::tests::t_affine_kernel_scalar_differential ... ok
test crcfold::tests::t_affine_span_derivation_oracle ... ok
test crcfold::tests::t_dfold_constants_derivation ... ok
test crcfold::tests::t_fold_differential_exhaustive ... ok
test crcfold::tests::t_gfni_bitrev_matrix ... ok
test crcfold::tests::t_golden_vectors ... ok
test crcfold::tests::t_ofold_constants_derivation ... ok
test crcfold::tests::t_r23c_tag_core ... ok
test crcfold::tests::t_reference_matches_standard_vector ... ok
test crcfold::tests::t_reflect_constants_derivation ... ok
test crcfold::tests::t_spec_slice_vec_differential ... ok
test crcfold::tests::t_transpose_arena_public_api ... ok
test crcfold::tests::t_tri_constants_derivation ... ok
test crcfold::tests::t_vend_constants_derivation ... ok
test crcfold::tests::t_vtail_constants_derivation ... ok
test hydra::tests::t_hydra_bitparity_chaos_schedule ... ok
test hydra::tests::t_hydra_bitparity_default_schedule ... ok
test batch_parity::t_f2_rxbuild_chaos_sustained_soak ... ok
test batch_parity::t_f1_rxwarm_chaos_sustained_soak ... ok
test hydra::tests::t_hydra_bitparity_ring_wraparound ... ok
test hydra::tests::t_hydra_bitparity_seeded_range ... ok
test hydra::tests::t_hydra_bitparity_worker_counts ... ok
test hydra::tests::t_hydra_crosspass_overlap_bitparity ... ok
test hydra::tests::t_r23c_affine_ledger_pipeline_parity ... ok
test hydra::tests::t_r23c_affine_tag_parity ... ok
test batch_parity::t_i7_prepatch_chaos_sustained_soak ... ok
test hydra::tests::t_hydra_bitparity_fixed1 ... ok
test soa::tests::t_ladder_alternating_group_passes ... ok
test soa::tests::t_ladder_avx512_matches_scalar_when_present ... ok
test soa::tests::t_ladder_gap_fails ... ok
test soa::tests::t_ladder_pair_mismatch_fails ... ok
test soa::tests::t_ladder_partial_dup_fails_or_passes_correctly ... ok
test soa::tests::t_ladder_two_emits_fails ... ok
test soa::tests::t_ladder_wrapping_group_rejected ... ok
test tests::t10_max_rate_mode ... ok
test tests::t1_golden_walker_mini ... ok
test tests::t2_schedule_determinism ... ok
test tests::t3_packetization_modes ... ok
test tests::t4_render_round_trip ... ok
test tests::t5_accounting_identity_guarantee_coverage ... ok
test tests::t6_th1_structure ... ok
test tests::t7_session_split_invariance ... ok
test tests::t8_delay_distribution_sanity ... ok
test tests::t9_full_mini_chaos_run ... ok
test tests::test_e2e_1_mini_chaos_conformance ... ok
test tests::test_e2e_1b_mini_chaos_determinism_double_run ... ok
test hydra::tests::t_rxdesc_sustained_multipass_parity ... ok
test tests::test_u5_w1_property_1m_ops ... ok
test hydra::tests::t_hydra_pipeline_soa_chaos_bitparity ... ok
test hydra::tests::t_rxdesc_parity_matrix ... ok

test result: ok. 76 passed; 0 failed; 0 ignored; 0 measured; 0 filtered out; finished in 9.31s

[1m[92m     Running[0m unittests src/bin/diff_oracle.rs (target/debug/deps/diff_oracle-fa81e8970129c313)

running 0 tests

test result: ok. 0 passed; 0 failed; 0 ignored; 0 measured; 0 filtered out; finished in 0.00s

[1m[92m     Running[0m unittests src/bin/fakeserver.rs (target/debug/deps/fakeserver-cafe9c737f62a6cf)

running 0 tests

test result: ok. 0 passed; 0 failed; 0 ignored; 0 measured; 0 filtered out; finished in 0.00s

[1m[92m     Running[0m unittests src/bin/fbench.rs (target/debug/deps/fbench-125af8e1b5e4ff98)

running 0 tests

test result: ok. 0 passed; 0 failed; 0 ignored; 0 measured; 0 filtered out; finished in 0.00s

[1m[92m     Running[0m unittests src/bin/fuzz_campaign.rs (target/debug/deps/fuzz_campaign-5df8befc36b68eb5)

running 0 tests

test result: ok. 0 passed; 0 failed; 0 ignored; 0 measured; 0 filtered out; finished in 0.00s

[1m[92m     Running[0m unittests src/bin/matrix_sweep.rs (target/debug/deps/matrix_sweep-7c6987c33b3656ab)

running 0 tests

test result: ok. 0 passed; 0 failed; 0 ignored; 0 measured; 0 filtered out; finished in 0.00s

[1m[92m     Running[0m unittests src/bin/spec_server.rs (target/debug/deps/spec_server-cb8f9ed5a20ba269)

running 0 tests

test result: ok. 0 passed; 0 failed; 0 ignored; 0 measured; 0 filtered out; finished in 0.00s

[1m[92m     Running[0m unittests src/bin/venue.rs (target/debug/deps/venue-785153f8a034a3bf)

running 0 tests

test result: ok. 0 passed; 0 failed; 0 ignored; 0 measured; 0 filtered out; finished in 0.00s

[1m[92m     Running[0m unittests src/bin/window_sweep.rs (target/debug/deps/window_sweep-6d125350cd8689be)

running 0 tests

test result: ok. 0 passed; 0 failed; 0 ignored; 0 measured; 0 filtered out; finished in 0.00s

[1m[92m     Running[0m unittests src/lib.rs (target/debug/deps/nf_transport-1bacef6ed3ea05d1)

running 24 tests
test pipeline::tests::t_pipeline_armed_rejects_plain_reset ... ok
test pipeline::tests::t_pipeline_auto_advance_session_divergence_failstops ... ok
test pipeline::tests::t_pipeline_coalesce128 ... ok
test pipeline::tests::t_pipeline_auto_advance_multi_pass ... ok
test pipeline::tests::t_pipeline_multi_reset ... ok
test pipeline::tests::t_pipeline_single_pass_coalesce1 ... ok
test pipeline::tests::t_pipeline_single_pass_coalesce8 ... ok
test pipeline::tests::t_rxbuild_mid_pass_abandon ... ok
test pipeline::tests::t_rxbuild_constant_session ... ok
test pipeline::tests::t_nbuf32_parity_vs_depth16 ... ok
test pipeline::tests::t_rxwarm_mid_pass_abandon ... ok
test pipeline::tests::t_rxbuild_parity_vs_classic ... ok
test render::tests::t_r2_memo_all_valid ... ok
test render::tests::t_r2_memo_default_trait_none ... ok
test render::tests::t_r2_memo_exact_prefix ... ok
test render::tests::t_r2_memo_none_for_hb ... ok
test render::tests::t_r2_memo_none_oob ... ok
test render::tests::t_r2_memo_stable_across_reset ... ok
test render::tests::t_r8_batch_entries_match_side_tables ... ok
test render::tests::t_r9_aliasing_dual_feed_identical_bytes_and_smaller_blob ... ok
test render::tests::t_r9_aliasing_not_for_distinct_ranges ... ok
test pipeline::tests::t_rxwarm_unarmed_constant_session ... ok
test pipeline::tests::t_rxwarm_parity_vs_classic ... ok
test pipeline::tests::t_prepatch_marker_sentinel_head_invariant ... ok

test result: ok. 24 passed; 0 failed; 0 ignored; 0 measured; 0 filtered out; finished in 0.11s

[1m[92m   Doc-tests[0m nf_arbitrator

running 0 tests

test result: ok. 0 passed; 0 failed; 0 ignored; 0 measured; 0 filtered out; finished in 0.00s

[1m[92m   Doc-tests[0m nf_engine

running 0 tests

test result: ok. 0 passed; 0 failed; 0 ignored; 0 measured; 0 filtered out; finished in 0.00s

[1m[92m   Doc-tests[0m nf_protocol

running 0 tests

test result: ok. 0 passed; 0 failed; 0 ignored; 0 measured; 0 filtered out; finished in 0.00s

[1m[92m   Doc-tests[0m nf_recovery

running 0 tests

test result: ok. 0 passed; 0 failed; 0 ignored; 0 measured; 0 filtered out; finished in 0.00s

[1m[92m   Doc-tests[0m nf_testkit

running 0 tests

test result: ok. 0 passed; 0 failed; 0 ignored; 0 measured; 0 filtered out; finished in 0.00s

[1m[92m   Doc-tests[0m nf_transport

running 0 tests

test result: ok. 0 passed; 0 failed; 0 ignored; 0 measured; 0 filtered out; finished in 0.00s

=== 6. Full Day Audit & Histogram Diff ===
[1m[92m    Finished[0m `release` profile [optimized] target(s) in 0.01s
[1m[92m     Running[0m `target/release/audit data/tests/sample-mini.itch`
AUDIT file=data/tests/sample-mini.itch bytes=14999991 blocks=505849 violations=0 truncated_tail=true
HIST 0x41 A len=36 count=180684 pct=35.72
HIST 0x43 C len=36 count=20 pct=0.00
HIST 0x44 D len=19 count=164385 pct=32.50
HIST 0x45 E len=31 count=1507 pct=0.30
HIST 0x46 F len=40 count=27934 pct=5.52
HIST 0x48 H len=25 count=8900 pct=1.76
HIST 0x4C L len=26 count=6171 pct=1.22
HIST 0x4E N len=20 count=76670 pct=15.16
HIST 0x50 P len=44 count=1544 pct=0.31
HIST 0x52 R len=39 count=8906 pct=1.76
HIST 0x53 S len=12 count=3 pct=0.00
HIST 0x55 U len=35 count=18395 pct=3.64
HIST 0x56 V len=35 count=1 pct=0.00
HIST 0x58 X len=23 count=1821 pct=0.36
HIST 0x59 Y len=20 count=8908 pct=1.76
=== 7. Replay Conformance & Golden Hash Check ===
[1m[92m    Finished[0m `release` profile [optimized] target(s) in 0.01s
[1m[92m     Running[0m `target/release/replay --config ci-mode1.toml`
BLOB_BACKING mode=mmap anon_huge_kb=16384 map_mb=16.5 verdict=thp-granted
VERDICT hash=0xF6EF154EFDE905D8 count=505849 watermark=255850 violations=0
=== 8. Zero-Allocation Window (ALLOC_DELTA=0) ===
BLOB_BACKING mode=mmap anon_huge_kb=16384 map_mb=16.5 verdict=thp-granted
WINDOW_BEGIN
WINDOW_END
ALLOC_DELTA=0
VERDICT hash=0xF6EF154EFDE905D8 count=505849 watermark=255850 violations=0
=== 9. Kernel Syscall Strace Diff Probe ===
BLOB_BACKING mode=mmap anon_huge_kb=16384 map_mb=16.5 verdict=thp-granted
BLOB_BACKING mode=mmap anon_huge_kb=16384 map_mb=16.5 verdict=thp-granted
VERDICT hash=0xF6EF154EFDE905D8 count=505849 watermark=255850 violations=0
=== 10. Venue Sender & XDP Transport Smoke Check ===
[1m[92m    Finished[0m `release` profile [optimized] target(s) in 0.01s
[1m[92m     Running[0m `target/release/venue --sample data/tests/sample-mini.itch`
VENUE_SENDER starting: sending 101202 events
VENUE_SENDER finished: 101202 packets transmitted
=== 11. Benchmark & G12-T1 Tail Attribution Study ===
[1m[92m    Finished[0m `release` profile [optimized] target(s) in 0.01s
[1m[92m     Running[0m `target/release/bench --sample data/tests/sample-mini.itch --runs 5 --study`
BENCH_CALIBRATION invariant_tsc=true freq_mhz=2300.00 mark_overhead_cycles=36
=== 1. PR-1 UN-INSTRUMENTED BURST THROUGHPUT EVALUATION ===
BLOB_BACKING mode=mmap anon_huge_kb=14336 map_mb=16.5 verdict=thp-granted
BENCH mode=replay-burst-uninstrumented msgs=505849 rate=344916721 allocs=0 freq=2300.00MHz run=1
BENCH mode=replay-burst-uninstrumented msgs=505849 rate=438116989 allocs=0 freq=2300.00MHz run=2
BENCH mode=replay-burst-uninstrumented msgs=505849 rate=460584588 allocs=0 freq=2300.00MHz run=3
BENCH mode=replay-burst-uninstrumented msgs=505849 rate=476866036 allocs=0 freq=2300.00MHz run=4
BENCH mode=replay-burst-uninstrumented msgs=505849 rate=465727506 allocs=0 freq=2300.00MHz run=5
BENCH_MEDIAN mode=replay-burst-uninstrumented rate=460584588
PR1_TITAN_VERDICT rate=460584588 target=100000000 -> PASS (span conformance: every emitted byte CRC32C-checked in-window, 8 lanes)
=== 2. PR-1 SUSTAINED LOOP MODE (>= 5 SECONDS) ===
BENCH mode=replay-sustained-5s total_msgs=2312741628 duration=5.00s sustained_rate=462513686 msg/s allocs=0
PR1_TITAN_SUSTAINED_VERDICT rate=462513686 target=100000000 -> PASS
=== 3. SAMPLED MARKS EVALUATION (1-in-256) & PR-2 VERDICT ===
BENCH mode=replay-core-sampled-256-fast msgs=505849 rate=45598638 p50=82 p99=128 mean=86.63 allocs=0 freq=2300.00MHz run=1
BENCH mode=replay-core-sampled-256-fast msgs=505849 rate=45294903 p50=84 p99=122 mean=86.69 allocs=0 freq=2300.00MHz run=2
BENCH mode=replay-core-sampled-256-fast msgs=505849 rate=42729088 p50=84 p99=134 mean=89.78 allocs=0 freq=2300.00MHz run=3
BENCH mode=replay-core-sampled-256-fast msgs=505849 rate=45881550 p50=82 p99=124 mean=85.66 allocs=0 freq=2300.00MHz run=4
BENCH mode=replay-core-sampled-256-fast msgs=505849 rate=44629735 p50=84 p99=132 mean=89.02 allocs=0 freq=2300.00MHz run=5
PR2_SAMPLED_VERDICT rate=45294903 p50=84 p99=128 (tax=90.17%) -> p50 < 60: FAIL, p99 < 150: PASS
=== 4. H5 PACKET-SIZE SWEEP ===
H5_SWEEP packetize=Fixed(1) packets=1011710 rep=1 p50=132 p99=182 p99.9=230
H5_SWEEP packetize=Fixed(1) packets=1011710 rep=2 p50=144 p99=188 p99.9=250
H5_SWEEP packetize=Fixed(16) packets=63258 rep=1 p50=126 p99=178 p99.9=204
H5_SWEEP packetize=Fixed(16) packets=63258 rep=2 p50=126 p99=184 p99.9=354
H5_SWEEP packetize=MtuBound(1400) packets=21996 rep=1 p50=124 p99=184 p99.9=202
H5_SWEEP packetize=MtuBound(1400) packets=21996 rep=2 p50=124 p99=184 p99.9=188
=== 5. G12-T1 TAIL ATTRIBUTION STUDY PHASE 2 (PER-MESSAGE MEASUREMENT) ===
BENCH mode=replay-core-msg arm=cold msgs=505849 rate=9909697 raw[p50=124 p90=164 p99=178 p99.99=564 max=40652] adj[p50=88 p90=128 p99=142 p99.99=528 max=40616] allocs=0 freq=2300.00MHz run=1
BENCH mode=replay-core-msg arm=cold msgs=505849 rate=9920119 raw[p50=124 p90=164 p99=178 p99.99=720 max=45638] adj[p50=88 p90=128 p99=142 p99.99=684 max=45602] allocs=0 freq=2300.00MHz run=2
BENCH mode=replay-core-msg arm=cold msgs=505849 rate=9885114 raw[p50=124 p90=162 p99=178 p99.99=998 max=31682] adj[p50=88 p90=126 p99=142 p99.99=962 max=31646] allocs=0 freq=2300.00MHz run=3
BENCH mode=replay-core-msg arm=cold msgs=505849 rate=9898678 raw[p50=124 p90=164 p99=174 p99.99=462 max=32520] adj[p50=88 p90=128 p99=138 p99.99=426 max=32484] allocs=0 freq=2300.00MHz run=4
BENCH mode=replay-core-msg arm=cold msgs=505849 rate=10030725 raw[p50=120 p90=162 p99=180 p99.99=914 max=37964] adj[p50=84 p90=126 p99=144 p99.99=878 max=37928] allocs=0 freq=2300.00MHz run=5
T1_PHASE2 arm=cold rate=9909697 raw[p50=124 p90=164 p99=178 p99.9=184 p99.99=720 max=37964] adj[p50=88 p90=128 p99=142 p99.9=148 p99.99=684 max=37928] unknown_pct=0.00% (samples_above_p99=8479)
BENCH mode=replay-core-msg arm=prefault msgs=505849 rate=10061710 raw[p50=120 p90=160 p99=174 p99.99=986 max=90364] adj[p50=84 p90=124 p99=138 p99.99=950 max=90328] allocs=0 freq=2300.00MHz run=1
BENCH mode=replay-core-msg arm=prefault msgs=505849 rate=9837195 raw[p50=124 p90=164 p99=180 p99.99=782 max=62818] adj[p50=88 p90=128 p99=144 p99.99=746 max=62782] allocs=0 freq=2300.00MHz run=2
BENCH mode=replay-core-msg arm=prefault msgs=505849 rate=9871538 raw[p50=124 p90=164 p99=180 p99.99=704 max=27318] adj[p50=88 p90=128 p99=144 p99.99=668 max=27282] allocs=0 freq=2300.00MHz run=3
BENCH mode=replay-core-msg arm=prefault msgs=505849 rate=9757016 raw[p50=124 p90=164 p99=180 p99.99=3904 max=35470] adj[p50=88 p90=128 p99=144 p99.99=3872 max=35434] allocs=0 freq=2300.00MHz run=4
BENCH mode=replay-core-msg arm=prefault msgs=505849 rate=9735555 raw[p50=120 p90=164 p99=180 p99.99=1728 max=87494] adj[p50=84 p90=128 p99=144 p99.99=1696 max=87458] allocs=0 freq=2300.00MHz run=5
T1_PHASE2 arm=prefault rate=9837195 raw[p50=124 p90=164 p99=180 p99.9=186 p99.99=986 max=62818] adj[p50=88 p90=128 p99=144 p99.9=150 p99.99=950 max=62782] unknown_pct=0.00% (samples_above_p99=6868)
BENCH mode=replay-core-msg arm=empty msgs=1011698 rate=17687743 raw[p50=36 p90=38 p99=40 p99.99=118 max=31664] adj[p50=0 p90=2 p99=4 p99.99=82 max=31628] allocs=0 freq=2300.00MHz run=1
BENCH mode=replay-core-msg arm=empty msgs=1011698 rate=17646713 raw[p50=36 p90=38 p99=38 p99.99=48 max=28666] adj[p50=0 p90=2 p99=2 p99.99=12 max=28630] allocs=0 freq=2300.00MHz run=2
BENCH mode=replay-core-msg arm=empty msgs=1011698 rate=17947461 raw[p50=36 p90=38 p99=38 p99.99=92 max=45162] adj[p50=0 p90=2 p99=2 p99.99=56 max=45126] allocs=0 freq=2300.00MHz run=3
BENCH mode=replay-core-msg arm=empty msgs=1011698 rate=17652896 raw[p50=36 p90=38 p99=38 p99.99=48 max=22334] adj[p50=0 p90=2 p99=2 p99.99=12 max=22298] allocs=0 freq=2300.00MHz run=4
BENCH mode=replay-core-msg arm=empty msgs=1011698 rate=17605999 raw[p50=36 p90=38 p99=40 p99.99=56 max=31610] adj[p50=0 p90=2 p99=4 p99.99=20 max=31574] allocs=0 freq=2300.00MHz run=5
T1_PHASE2 arm=empty rate=17652896 raw[p50=36 p90=38 p99=38 p99.9=42 p99.99=56 max=31610] adj[p50=0 p90=2 p99=2 p99.9=6 p99.99=20 max=31574] unknown_pct=0.00% (samples_above_p99=147654)
STUDY_REPORT written to docs/artifacts/tail-study/study-report.md
=== 6. TARGET-1 PHASE A: 3-ARM SKELETON BASELINE SWEEP (20 RUNS) ===
BENCH mode=replay-core-msg arm=empty msgs=1011698 rate=17930807 raw[p50=36 p90=38 p99=38 p99.99=90 max=36442] adj[p50=0 p90=2 p99=2 p99.99=54 max=36406] allocs=0 freq=2300.00MHz run=1
T1_PHASE2 arm=empty rate=17930807 raw[p50=36 p90=38 p99=38 p99.9=40 p99.99=90 max=36442] adj[p50=0 p90=2 p99=2 p99.9=4 p99.99=54 max=36406] unknown_pct=0.00% (samples_above_p99=103808)
BENCH mode=replay-core-msg arm=loop msgs=1011698 rate=17973963 raw[p50=36 p90=38 p99=38 p99.99=88 max=28116] adj[p50=0 p90=2 p99=2 p99.99=52 max=28080] allocs=0 freq=2300.00MHz run=1
T1_PHASE2 arm=loop rate=17973963 raw[p50=36 p90=38 p99=38 p99.9=40 p99.99=88 max=28116] adj[p50=0 p90=2 p99=2 p99.9=4 p99.99=52 max=28080] unknown_pct=0.00% (samples_above_p99=90850)
BENCH mode=replay-core-msg arm=cold msgs=505849 rate=9831483 raw[p50=124 p90=164 p99=180 p99.99=454 max=33942] adj[p50=88 p90=128 p99=144 p99.99=418 max=33906] allocs=0 freq=2300.00MHz run=1
T1_PHASE2 arm=cold rate=9831483 raw[p50=124 p90=164 p99=180 p99.9=186 p99.99=454 max=33942] adj[p50=88 p90=128 p99=144 p99.9=150 p99.99=418 max=33906] unknown_pct=0.00% (samples_above_p99=5759)
BENCH mode=replay-core-msg arm=empty msgs=1011698 rate=18083924 raw[p50=36 p90=38 p99=38 p99.99=92 max=28944] adj[p50=0 p90=2 p99=2 p99.99=56 max=28908] allocs=0 freq=2300.00MHz run=1
T1_PHASE2 arm=empty rate=18083924 raw[p50=36 p90=38 p99=38 p99.9=40 p99.99=92 max=28944] adj[p50=0 p90=2 p99=2 p99.9=4 p99.99=56 max=28908] unknown_pct=0.00% (samples_above_p99=89957)
BENCH mode=replay-core-msg arm=loop msgs=1011698 rate=17678575 raw[p50=36 p90=38 p99=38 p99.99=90 max=28736] adj[p50=0 p90=2 p99=2 p99.99=54 max=28700] allocs=0 freq=2300.00MHz run=1
T1_PHASE2 arm=loop rate=17678575 raw[p50=36 p90=38 p99=38 p99.9=42 p99.99=90 max=28736] adj[p50=0 p90=2 p99=2 p99.9=6 p99.99=54 max=28700] unknown_pct=0.00% (samples_above_p99=92162)
BENCH mode=replay-core-msg arm=cold msgs=505849 rate=9821752 raw[p50=122 p90=164 p99=180 p99.99=644 max=19580] adj[p50=86 p90=128 p99=144 p99.99=608 max=19544] allocs=0 freq=2300.00MHz run=1
T1_PHASE2 arm=cold rate=9821752 raw[p50=122 p90=164 p99=180 p99.9=186 p99.99=644 max=19580] adj[p50=86 p90=128 p99=144 p99.9=150 p99.99=608 max=19544] unknown_pct=0.00% (samples_above_p99=6146)
BENCH mode=replay-core-msg arm=empty msgs=1011698 rate=18054238 raw[p50=36 p90=36 p99=38 p99.99=86 max=22352] adj[p50=0 p90=0 p99=2 p99.99=50 max=22316] allocs=0 freq=2300.00MHz run=1
T1_PHASE2 arm=empty rate=18054238 raw[p50=36 p90=36 p99=38 p99.9=42 p99.99=86 max=22352] adj[p50=0 p90=0 p99=2 p99.9=6 p99.99=50 max=22316] unknown_pct=0.00% (samples_above_p99=76073)
BENCH mode=replay-core-msg arm=loop msgs=1011698 rate=17622013 raw[p50=36 p90=38 p99=38 p99.99=78 max=19748] adj[p50=0 p90=2 p99=2 p99.99=42 max=19712] allocs=0 freq=2300.00MHz run=1
T1_PHASE2 arm=loop rate=17622013 raw[p50=36 p90=38 p99=38 p99.9=40 p99.99=78 max=19748] adj[p50=0 p90=2 p99=2 p99.9=4 p99.99=42 max=19712] unknown_pct=0.00% (samples_above_p99=122993)
BENCH mode=replay-core-msg arm=cold msgs=505849 rate=9745532 raw[p50=122 p90=164 p99=176 p99.99=798 max=64516] adj[p50=86 p90=128 p99=140 p99.99=762 max=64480] allocs=0 freq=2300.00MHz run=1
T1_PHASE2 arm=cold rate=9745532 raw[p50=122 p90=164 p99=176 p99.9=188 p99.99=798 max=64516] adj[p50=86 p90=128 p99=140 p99.9=152 p99.99=762 max=64480] unknown_pct=0.00% (samples_above_p99=6174)
BENCH mode=replay-core-msg arm=empty msgs=1011698 rate=17785938 raw[p50=36 p90=38 p99=38 p99.99=48 max=30644] adj[p50=0 p90=2 p99=2 p99.99=12 max=30608] allocs=0 freq=2300.00MHz run=1
T1_PHASE2 arm=empty rate=17785938 raw[p50=36 p90=38 p99=38 p99.9=42 p99.99=48 max=30644] adj[p50=0 p90=2 p99=2 p99.9=6 p99.99=12 max=30608] unknown_pct=0.00% (samples_above_p99=125872)
BENCH mode=replay-core-msg arm=loop msgs=1011698 rate=17912754 raw[p50=36 p90=38 p99=38 p99.99=44 max=31602] adj[p50=0 p90=2 p99=2 p99.99=8 max=31566] allocs=0 freq=2300.00MHz run=1
T1_PHASE2 arm=loop rate=17912754 raw[p50=36 p90=38 p99=38 p99.9=40 p99.99=44 max=31602] adj[p50=0 p90=2 p99=2 p99.9=4 p99.99=8 max=31566] unknown_pct=0.00% (samples_above_p99=68443)
BENCH mode=replay-core-msg arm=cold msgs=505849 rate=9747288 raw[p50=122 p90=164 p99=180 p99.99=3872 max=59168] adj[p50=86 p90=128 p99=144 p99.99=3840 max=59132] allocs=0 freq=2300.00MHz run=1
T1_PHASE2 arm=cold rate=9747288 raw[p50=122 p90=164 p99=180 p99.9=208 p99.99=3872 max=59168] adj[p50=86 p90=128 p99=144 p99.9=172 p99.99=3840 max=59132] unknown_pct=0.00% (samples_above_p99=6560)
BENCH mode=replay-core-msg arm=empty msgs=1011698 rate=17804349 raw[p50=36 p90=38 p99=38 p99.99=86 max=34764] adj[p50=0 p90=2 p99=2 p99.99=50 max=34728] allocs=0 freq=2300.00MHz run=1
T1_PHASE2 arm=empty rate=17804349 raw[p50=36 p90=38 p99=38 p99.9=42 p99.99=86 max=34764] adj[p50=0 p90=2 p99=2 p99.9=6 p99.99=50 max=34728] unknown_pct=0.00% (samples_above_p99=112960)
BENCH mode=replay-core-msg arm=loop msgs=1011698 rate=17754552 raw[p50=36 p90=38 p99=38 p99.99=92 max=28466] adj[p50=0 p90=2 p99=2 p99.99=56 max=28430] allocs=0 freq=2300.00MHz run=1
T1_PHASE2 arm=loop rate=17754552 raw[p50=36 p90=38 p99=38 p99.9=40 p99.99=92 max=28466] adj[p50=0 p90=2 p99=2 p99.9=4 p99.99=56 max=28430] unknown_pct=0.00% (samples_above_p99=77409)
BENCH mode=replay-core-msg arm=cold msgs=505849 rate=9687612 raw[p50=124 p90=164 p99=180 p99.99=948 max=520346] adj[p50=88 p90=128 p99=144 p99.99=912 max=520310] allocs=0 freq=2300.00MHz run=1
T1_PHASE2 arm=cold rate=9687612 raw[p50=124 p90=164 p99=180 p99.9=190 p99.99=948 max=520346] adj[p50=88 p90=128 p99=144 p99.9=154 p99.99=912 max=520310] unknown_pct=0.00% (samples_above_p99=6474)
BENCH mode=replay-core-msg arm=empty msgs=1011698 rate=17605096 raw[p50=36 p90=38 p99=40 p99.99=48 max=119430] adj[p50=0 p90=2 p99=4 p99.99=12 max=119394] allocs=0 freq=2300.00MHz run=1
T1_PHASE2 arm=empty rate=17605096 raw[p50=36 p90=38 p99=40 p99.9=42 p99.99=48 max=119430] adj[p50=0 p90=2 p99=4 p99.9=6 p99.99=12 max=119394] unknown_pct=0.00% (samples_above_p99=6998)
BENCH mode=replay-core-msg arm=loop msgs=1011698 rate=17570862 raw[p50=36 p90=38 p99=38 p99.99=46 max=38740] adj[p50=0 p90=2 p99=2 p99.99=10 max=38704] allocs=0 freq=2300.00MHz run=1
T1_PHASE2 arm=loop rate=17570862 raw[p50=36 p90=38 p99=38 p99.9=40 p99.99=46 max=38740] adj[p50=0 p90=2 p99=2 p99.9=4 p99.99=10 max=38704] unknown_pct=0.00% (samples_above_p99=135756)
BENCH mode=replay-core-msg arm=cold msgs=505849 rate=9728367 raw[p50=124 p90=164 p99=180 p99.99=676 max=47486] adj[p50=88 p90=128 p99=144 p99.99=640 max=47450] allocs=0 freq=2300.00MHz run=1
T1_PHASE2 arm=cold rate=9728367 raw[p50=124 p90=164 p99=180 p99.9=186 p99.99=676 max=47486] adj[p50=88 p90=128 p99=144 p99.9=150 p99.99=640 max=47450] unknown_pct=0.00% (samples_above_p99=6452)
BENCH mode=replay-core-msg arm=empty msgs=1011698 rate=17699964 raw[p50=36 p90=38 p99=38 p99.99=48 max=20602] adj[p50=0 p90=2 p99=2 p99.99=12 max=20566] allocs=0 freq=2300.00MHz run=1
T1_PHASE2 arm=empty rate=17699964 raw[p50=36 p90=38 p99=38 p99.9=40 p99.99=48 max=20602] adj[p50=0 p90=2 p99=2 p99.9=4 p99.99=12 max=20566] unknown_pct=0.00% (samples_above_p99=87753)
BENCH mode=replay-core-msg arm=loop msgs=1011698 rate=17737472 raw[p50=36 p90=38 p99=38 p99.99=86 max=22414] adj[p50=0 p90=2 p99=2 p99.99=50 max=22378] allocs=0 freq=2300.00MHz run=1
T1_PHASE2 arm=loop rate=17737472 raw[p50=36 p90=38 p99=38 p99.9=42 p99.99=86 max=22414] adj[p50=0 p90=2 p99=2 p99.9=6 p99.99=50 max=22378] unknown_pct=0.00% (samples_above_p99=62175)
BENCH mode=replay-core-msg arm=cold msgs=505849 rate=9734023 raw[p50=120 p90=164 p99=180 p99.99=612 max=201818] adj[p50=84 p90=128 p99=144 p99.99=576 max=201782] allocs=0 freq=2300.00MHz run=1
T1_PHASE2 arm=cold rate=9734023 raw[p50=120 p90=164 p99=180 p99.9=186 p99.99=612 max=201818] adj[p50=84 p90=128 p99=144 p99.9=150 p99.99=576 max=201782] unknown_pct=0.00% (samples_above_p99=6209)
BENCH mode=replay-core-msg arm=empty msgs=1011698 rate=17641249 raw[p50=36 p90=38 p99=40 p99.99=100 max=26068] adj[p50=0 p90=2 p99=4 p99.99=64 max=26032] allocs=0 freq=2300.00MHz run=1
T1_PHASE2 arm=empty rate=17641249 raw[p50=36 p90=38 p99=40 p99.9=44 p99.99=100 max=26068] adj[p50=0 p90=2 p99=4 p99.9=8 p99.99=64 max=26032] unknown_pct=0.00% (samples_above_p99=4757)
BENCH mode=replay-core-msg arm=loop msgs=1011698 rate=17638452 raw[p50=36 p90=38 p99=38 p99.99=88 max=46778] adj[p50=0 p90=2 p99=2 p99.99=52 max=46742] allocs=0 freq=2300.00MHz run=1
T1_PHASE2 arm=loop rate=17638452 raw[p50=36 p90=38 p99=38 p99.9=42 p99.99=88 max=46778] adj[p50=0 p90=2 p99=2 p99.9=6 p99.99=52 max=46742] unknown_pct=0.00% (samples_above_p99=104602)
BENCH mode=replay-core-msg arm=cold msgs=505849 rate=9814181 raw[p50=124 p90=164 p99=178 p99.99=680 max=51346] adj[p50=88 p90=128 p99=142 p99.99=644 max=51310] allocs=0 freq=2300.00MHz run=1
T1_PHASE2 arm=cold rate=9814181 raw[p50=124 p90=164 p99=178 p99.9=186 p99.99=680 max=51346] adj[p50=88 p90=128 p99=142 p99.9=150 p99.99=644 max=51310] unknown_pct=0.00% (samples_above_p99=5274)
BENCH mode=replay-core-msg arm=empty msgs=1011698 rate=17693571 raw[p50=36 p90=38 p99=38 p99.99=50 max=26078] adj[p50=0 p90=2 p99=2 p99.99=14 max=26042] allocs=0 freq=2300.00MHz run=1
T1_PHASE2 arm=empty rate=17693571 raw[p50=36 p90=38 p99=38 p99.9=42 p99.99=50 max=26078] adj[p50=0 p90=2 p99=2 p99.9=6 p99.99=14 max=26042] unknown_pct=0.00% (samples_above_p99=132266)
BENCH mode=replay-core-msg arm=loop msgs=1011698 rate=17638189 raw[p50=36 p90=38 p99=38 p99.99=44 max=21086] adj[p50=0 p90=2 p99=2 p99.99=8 max=21050] allocs=0 freq=2300.00MHz run=1
T1_PHASE2 arm=loop rate=17638189 raw[p50=36 p90=38 p99=38 p99.9=40 p99.99=44 max=21086] adj[p50=0 p90=2 p99=2 p99.9=4 p99.99=8 max=21050] unknown_pct=0.00% (samples_above_p99=121546)
BENCH mode=replay-core-msg arm=cold msgs=505849 rate=9947370 raw[p50=124 p90=162 p99=176 p99.99=934 max=68654] adj[p50=88 p90=126 p99=140 p99.99=898 max=68618] allocs=0 freq=2300.00MHz run=1
T1_PHASE2 arm=cold rate=9947370 raw[p50=124 p90=162 p99=176 p99.9=184 p99.99=934 max=68654] adj[p50=88 p90=126 p99=140 p99.9=148 p99.99=898 max=68618] unknown_pct=0.00% (samples_above_p99=5760)
BENCH mode=replay-core-msg arm=empty msgs=1011698 rate=17847484 raw[p50=36 p90=38 p99=38 p99.99=88 max=34954] adj[p50=0 p90=2 p99=2 p99.99=52 max=34918] allocs=0 freq=2300.00MHz run=1
T1_PHASE2 arm=empty rate=17847484 raw[p50=36 p90=38 p99=38 p99.9=40 p99.99=88 max=34954] adj[p50=0 p90=2 p99=2 p99.9=4 p99.99=52 max=34918] unknown_pct=0.00% (samples_above_p99=93436)
BENCH mode=replay-core-msg arm=loop msgs=1011698 rate=17563864 raw[p50=36 p90=38 p99=40 p99.99=88 max=46346] adj[p50=0 p90=2 p99=4 p99.99=52 max=46310] allocs=0 freq=2300.00MHz run=1
T1_PHASE2 arm=loop rate=17563864 raw[p50=36 p90=38 p99=40 p99.9=44 p99.99=88 max=46346] adj[p50=0 p90=2 p99=4 p99.9=8 p99.99=52 max=46310] unknown_pct=0.00% (samples_above_p99=9828)
BENCH mode=replay-core-msg arm=cold msgs=505849 rate=9862577 raw[p50=124 p90=164 p99=180 p99.99=934 max=29080] adj[p50=88 p90=128 p99=144 p99.99=898 max=29044] allocs=0 freq=2300.00MHz run=1
T1_PHASE2 arm=cold rate=9862577 raw[p50=124 p90=164 p99=180 p99.9=184 p99.99=934 max=29080] adj[p50=88 p90=128 p99=144 p99.9=148 p99.99=898 max=29044] unknown_pct=0.00% (samples_above_p99=5135)
BENCH mode=replay-core-msg arm=empty msgs=1011698 rate=17854749 raw[p50=36 p90=38 p99=38 p99.99=86 max=33432] adj[p50=0 p90=2 p99=2 p99.99=50 max=33396] allocs=0 freq=2300.00MHz run=1
T1_PHASE2 arm=empty rate=17854749 raw[p50=36 p90=38 p99=38 p99.9=40 p99.99=86 max=33432] adj[p50=0 p90=2 p99=2 p99.9=4 p99.99=50 max=33396] unknown_pct=0.00% (samples_above_p99=59793)
BENCH mode=replay-core-msg arm=loop msgs=1011698 rate=17528322 raw[p50=36 p90=38 p99=38 p99.99=44 max=35702] adj[p50=0 p90=2 p99=2 p99.99=8 max=35666] allocs=0 freq=2300.00MHz run=1
T1_PHASE2 arm=loop rate=17528322 raw[p50=36 p90=38 p99=38 p99.9=40 p99.99=44 max=35702] adj[p50=0 p90=2 p99=2 p99.9=4 p99.99=8 max=35666] unknown_pct=0.00% (samples_above_p99=131517)
BENCH mode=replay-core-msg arm=cold msgs=505849 rate=9903249 raw[p50=124 p90=164 p99=178 p99.99=560 max=108262] adj[p50=88 p90=128 p99=142 p99.99=524 max=108226] allocs=0 freq=2300.00MHz run=1
T1_PHASE2 arm=cold rate=9903249 raw[p50=124 p90=164 p99=178 p99.9=184 p99.99=560 max=108262] adj[p50=88 p90=128 p99=142 p99.9=148 p99.99=524 max=108226] unknown_pct=0.00% (samples_above_p99=8496)
BENCH mode=replay-core-msg arm=empty msgs=1011698 rate=18171487 raw[p50=34 p90=36 p99=38 p99.99=92 max=27282] adj[p50=0 p90=0 p99=2 p99.99=56 max=27246] allocs=0 freq=2300.00MHz run=1
T1_PHASE2 arm=empty rate=18171487 raw[p50=34 p90=36 p99=38 p99.9=40 p99.99=92 max=27282] adj[p50=0 p90=0 p99=2 p99.9=4 p99.99=56 max=27246] unknown_pct=0.00% (samples_above_p99=15426)
BENCH mode=replay-core-msg arm=loop msgs=1011698 rate=17827297 raw[p50=36 p90=38 p99=40 p99.99=92 max=28424] adj[p50=0 p90=2 p99=4 p99.99=56 max=28388] allocs=0 freq=2300.00MHz run=1
T1_PHASE2 arm=loop rate=17827297 raw[p50=36 p90=38 p99=40 p99.9=44 p99.99=92 max=28424] adj[p50=0 p90=2 p99=4 p99.9=8 p99.99=56 max=28388] unknown_pct=0.00% (samples_above_p99=2426)
BENCH mode=replay-core-msg arm=cold msgs=505849 rate=9999789 raw[p50=120 p90=160 p99=170 p99.99=700 max=30028] adj[p50=84 p90=124 p99=134 p99.99=664 max=29992] allocs=0 freq=2300.00MHz run=1
T1_PHASE2 arm=cold rate=9999789 raw[p50=120 p90=160 p99=170 p99.9=184 p99.99=700 max=30028] adj[p50=84 p90=124 p99=134 p99.9=148 p99.99=664 max=29992] unknown_pct=0.00% (samples_above_p99=6532)
BENCH mode=replay-core-msg arm=empty msgs=1011698 rate=17737276 raw[p50=36 p90=38 p99=38 p99.99=90 max=43882] adj[p50=0 p90=2 p99=2 p99.99=54 max=43846] allocs=0 freq=2300.00MHz run=1
T1_PHASE2 arm=empty rate=17737276 raw[p50=36 p90=38 p99=38 p99.9=40 p99.99=90 max=43882] adj[p50=0 p90=2 p99=2 p99.9=4 p99.99=54 max=43846] unknown_pct=0.00% (samples_above_p99=109472)
BENCH mode=replay-core-msg arm=loop msgs=1011698 rate=17793019 raw[p50=36 p90=38 p99=38 p99.99=86 max=61320] adj[p50=0 p90=2 p99=2 p99.99=50 max=61284] allocs=0 freq=2300.00MHz run=1
T1_PHASE2 arm=loop rate=17793019 raw[p50=36 p90=38 p99=38 p99.9=42 p99.99=86 max=61320] adj[p50=0 p90=2 p99=2 p99.9=6 p99.99=50 max=61284] unknown_pct=0.00% (samples_above_p99=133120)
BENCH mode=replay-core-msg arm=cold msgs=505849 rate=9969566 raw[p50=120 p90=162 p99=176 p99.99=848 max=51284] adj[p50=84 p90=126 p99=140 p99.99=812 max=51248] allocs=0 freq=2300.00MHz run=1
T1_PHASE2 arm=cold rate=9969566 raw[p50=120 p90=162 p99=176 p99.9=184 p99.99=848 max=51284] adj[p50=84 p90=126 p99=140 p99.9=148 p99.99=812 max=51248] unknown_pct=0.00% (samples_above_p99=5096)
BENCH mode=replay-core-msg arm=empty msgs=1011698 rate=17774905 raw[p50=36 p90=38 p99=38 p99.99=48 max=40080] adj[p50=0 p90=2 p99=2 p99.99=12 max=40044] allocs=0 freq=2300.00MHz run=1
T1_PHASE2 arm=empty rate=17774905 raw[p50=36 p90=38 p99=38 p99.9=42 p99.99=48 max=40080] adj[p50=0 p90=2 p99=2 p99.9=6 p99.99=12 max=40044] unknown_pct=0.00% (samples_above_p99=91493)
BENCH mode=replay-core-msg arm=loop msgs=1011698 rate=18006956 raw[p50=36 p90=38 p99=38 p99.99=90 max=24064] adj[p50=0 p90=2 p99=2 p99.99=54 max=24028] allocs=0 freq=2300.00MHz run=1
T1_PHASE2 arm=loop rate=18006956 raw[p50=36 p90=38 p99=38 p99.9=42 p99.99=90 max=24064] adj[p50=0 p90=2 p99=2 p99.9=6 p99.99=54 max=24028] unknown_pct=0.00% (samples_above_p99=62379)
BENCH mode=replay-core-msg arm=cold msgs=505849 rate=9743883 raw[p50=124 p90=164 p99=180 p99.99=768 max=79278] adj[p50=88 p90=128 p99=144 p99.99=732 max=79242] allocs=0 freq=2300.00MHz run=1
T1_PHASE2 arm=cold rate=9743883 raw[p50=124 p90=164 p99=180 p99.9=186 p99.99=768 max=79278] adj[p50=88 p90=128 p99=144 p99.9=150 p99.99=732 max=79242] unknown_pct=0.00% (samples_above_p99=6592)
BENCH mode=replay-core-msg arm=empty msgs=1011698 rate=18033208 raw[p50=36 p90=38 p99=38 p99.99=86 max=21576] adj[p50=0 p90=2 p99=2 p99.99=50 max=21540] allocs=0 freq=2300.00MHz run=1
T1_PHASE2 arm=empty rate=18033208 raw[p50=36 p90=38 p99=38 p99.9=42 p99.99=86 max=21576] adj[p50=0 p90=2 p99=2 p99.9=6 p99.99=50 max=21540] unknown_pct=0.00% (samples_above_p99=74334)
BENCH mode=replay-core-msg arm=loop msgs=1011698 rate=17941318 raw[p50=36 p90=38 p99=38 p99.99=92 max=20518] adj[p50=0 p90=2 p99=2 p99.99=56 max=20482] allocs=0 freq=2300.00MHz run=1
T1_PHASE2 arm=loop rate=17941318 raw[p50=36 p90=38 p99=38 p99.9=40 p99.99=92 max=20518] adj[p50=0 p90=2 p99=2 p99.9=4 p99.99=56 max=20482] unknown_pct=0.00% (samples_above_p99=72280)
BENCH mode=replay-core-msg arm=cold msgs=505849 rate=9903964 raw[p50=124 p90=164 p99=180 p99.99=950 max=23284] adj[p50=88 p90=128 p99=144 p99.99=914 max=23248] allocs=0 freq=2300.00MHz run=1
T1_PHASE2 arm=cold rate=9903964 raw[p50=124 p90=164 p99=180 p99.9=186 p99.99=950 max=23284] adj[p50=88 p90=128 p99=144 p99.9=150 p99.99=914 max=23248] unknown_pct=0.00% (samples_above_p99=5530)
BENCH mode=replay-core-msg arm=empty msgs=1011698 rate=17755412 raw[p50=36 p90=38 p99=40 p99.99=54 max=49796] adj[p50=0 p90=2 p99=4 p99.99=18 max=49760] allocs=0 freq=2300.00MHz run=1
T1_PHASE2 arm=empty rate=17755412 raw[p50=36 p90=38 p99=40 p99.9=42 p99.99=54 max=49796] adj[p50=0 p90=2 p99=4 p99.9=6 p99.99=18 max=49760] unknown_pct=0.00% (samples_above_p99=7463)
BENCH mode=replay-core-msg arm=loop msgs=1011698 rate=17667047 raw[p50=36 p90=38 p99=38 p99.99=68 max=21770] adj[p50=0 p90=2 p99=2 p99.99=32 max=21734] allocs=0 freq=2300.00MHz run=1
T1_PHASE2 arm=loop rate=17667047 raw[p50=36 p90=38 p99=38 p99.9=40 p99.99=68 max=21770] adj[p50=0 p90=2 p99=2 p99.9=4 p99.99=32 max=21734] unknown_pct=0.00% (samples_above_p99=104695)
BENCH mode=replay-core-msg arm=cold msgs=505849 rate=9787612 raw[p50=124 p90=164 p99=180 p99.99=730 max=30826] adj[p50=88 p90=128 p99=144 p99.99=694 max=30790] allocs=0 freq=2300.00MHz run=1
T1_PHASE2 arm=cold rate=9787612 raw[p50=124 p90=164 p99=180 p99.9=188 p99.99=730 max=30826] adj[p50=88 p90=128 p99=144 p99.9=152 p99.99=694 max=30790] unknown_pct=0.00% (samples_above_p99=5861)
BENCH mode=replay-core-msg arm=empty msgs=1011698 rate=17898090 raw[p50=36 p90=38 p99=38 p99.99=80 max=24170] adj[p50=0 p90=2 p99=2 p99.99=44 max=24134] allocs=0 freq=2300.00MHz run=1
T1_PHASE2 arm=empty rate=17898090 raw[p50=36 p90=38 p99=38 p99.9=42 p99.99=80 max=24170] adj[p50=0 p90=2 p99=2 p99.9=6 p99.99=44 max=24134] unknown_pct=0.00% (samples_above_p99=107602)
BENCH mode=replay-core-msg arm=loop msgs=1011698 rate=17903915 raw[p50=36 p90=38 p99=38 p99.99=90 max=41462] adj[p50=0 p90=2 p99=2 p99.99=54 max=41426] allocs=0 freq=2300.00MHz run=1
T1_PHASE2 arm=loop rate=17903915 raw[p50=36 p90=38 p99=38 p99.9=40 p99.99=90 max=41462] adj[p50=0 p90=2 p99=2 p99.9=4 p99.99=54 max=41426] unknown_pct=0.00% (samples_above_p99=94291)
BENCH mode=replay-core-msg arm=cold msgs=505849 rate=9941600 raw[p50=120 p90=162 p99=174 p99.99=1104 max=30384] adj[p50=84 p90=126 p99=138 p99.99=1072 max=30348] allocs=0 freq=2300.00MHz run=1
T1_PHASE2 arm=cold rate=9941600 raw[p50=120 p90=162 p99=174 p99.9=186 p99.99=1104 max=30384] adj[p50=84 p90=126 p99=138 p99.9=150 p99.99=1072 max=30348] unknown_pct=0.00% (samples_above_p99=5758)
BENCH mode=replay-core-msg arm=empty msgs=1011698 rate=17913299 raw[p50=36 p90=38 p99=38 p99.99=88 max=29230] adj[p50=0 p90=2 p99=2 p99.99=52 max=29194] allocs=0 freq=2300.00MHz run=1
T1_PHASE2 arm=empty rate=17913299 raw[p50=36 p90=38 p99=38 p99.9=40 p99.99=88 max=29230] adj[p50=0 p90=2 p99=2 p99.9=4 p99.99=52 max=29194] unknown_pct=0.00% (samples_above_p99=103586)
BENCH mode=replay-core-msg arm=loop msgs=1011698 rate=17821457 raw[p50=36 p90=38 p99=38 p99.99=50 max=28576] adj[p50=0 p90=2 p99=2 p99.99=14 max=28540] allocs=0 freq=2300.00MHz run=1
T1_PHASE2 arm=loop rate=17821457 raw[p50=36 p90=38 p99=38 p99.9=40 p99.99=50 max=28576] adj[p50=0 p90=2 p99=2 p99.9=4 p99.99=14 max=28540] unknown_pct=0.00% (samples_above_p99=99457)
BENCH mode=replay-core-msg arm=cold msgs=505849 rate=10043546 raw[p50=124 p90=162 p99=174 p99.99=472 max=38780] adj[p50=88 p90=126 p99=138 p99.99=436 max=38744] allocs=0 freq=2300.00MHz run=1
T1_PHASE2 arm=cold rate=10043546 raw[p50=124 p90=162 p99=174 p99.9=182 p99.99=472 max=38780] adj[p50=88 p90=126 p99=138 p99.9=146 p99.99=436 max=38744] unknown_pct=0.00% (samples_above_p99=7145)
BENCH mode=replay-core-msg arm=empty msgs=1011698 rate=17668680 raw[p50=36 p90=38 p99=40 p99.99=52 max=79344] adj[p50=0 p90=2 p99=4 p99.99=16 max=79308] allocs=0 freq=2300.00MHz run=1
T1_PHASE2 arm=empty rate=17668680 raw[p50=36 p90=38 p99=40 p99.9=46 p99.99=52 max=79344] adj[p50=0 p90=2 p99=4 p99.9=10 p99.99=16 max=79308] unknown_pct=0.00% (samples_above_p99=11978)
BENCH mode=replay-core-msg arm=loop msgs=1011698 rate=17718593 raw[p50=36 p90=38 p99=38 p99.99=90 max=23758] adj[p50=0 p90=2 p99=2 p99.99=54 max=23722] allocs=0 freq=2300.00MHz run=1
T1_PHASE2 arm=loop rate=17718593 raw[p50=36 p90=38 p99=38 p99.9=40 p99.99=90 max=23758] adj[p50=0 p90=2 p99=2 p99.9=4 p99.99=54 max=23722] unknown_pct=0.00% (samples_above_p99=97581)
BENCH mode=replay-core-msg arm=cold msgs=505849 rate=9935206 raw[p50=120 p90=162 p99=180 p99.99=532 max=37204] adj[p50=84 p90=126 p99=144 p99.99=496 max=37168] allocs=0 freq=2300.00MHz run=1
T1_PHASE2 arm=cold rate=9935206 raw[p50=120 p90=162 p99=180 p99.9=186 p99.99=532 max=37204] adj[p50=84 p90=126 p99=144 p99.9=150 p99.99=496 max=37168] unknown_pct=0.00% (samples_above_p99=6104)
BENCH mode=replay-core-msg arm=empty msgs=1011698 rate=17837645 raw[p50=36 p90=38 p99=38 p99.99=48 max=50232] adj[p50=0 p90=2 p99=2 p99.99=12 max=50196] allocs=0 freq=2300.00MHz run=1
T1_PHASE2 arm=empty rate=17837645 raw[p50=36 p90=38 p99=38 p99.9=40 p99.99=48 max=50232] adj[p50=0 p90=2 p99=2 p99.9=4 p99.99=12 max=50196] unknown_pct=0.00% (samples_above_p99=140591)
BENCH mode=replay-core-msg arm=loop msgs=1011698 rate=17808253 raw[p50=36 p90=38 p99=38 p99.99=90 max=31374] adj[p50=0 p90=2 p99=2 p99.99=54 max=31338] allocs=0 freq=2300.00MHz run=1
T1_PHASE2 arm=loop rate=17808253 raw[p50=36 p90=38 p99=38 p99.9=40 p99.99=90 max=31374] adj[p50=0 p90=2 p99=2 p99.9=4 p99.99=54 max=31338] unknown_pct=0.00% (samples_above_p99=93471)
BENCH mode=replay-core-msg arm=cold msgs=505849 rate=9799419 raw[p50=120 p90=164 p99=180 p99.99=778 max=108028] adj[p50=84 p90=128 p99=144 p99.99=742 max=107992] allocs=0 freq=2300.00MHz run=1
T1_PHASE2 arm=cold rate=9799419 raw[p50=120 p90=164 p99=180 p99.9=186 p99.99=778 max=108028] adj[p50=84 p90=128 p99=144 p99.9=150 p99.99=742 max=107992] unknown_pct=0.00% (samples_above_p99=6704)
TARGET1_PHASE_A empty_p50=36 cyc (spread=2 cyc) loop_p50=36 cyc (spread=0 cyc) full_p50=124 cyc (spread=4 cyc) loop_cost=0 cyc work_residual=88 cyc VERDICT=PASS
=== 7. DOSE-RESPONSE VALIDATION SWEEP (Law A-1d) ===
DOSE_RESPONSE_POINT K=0 p50=36 cyc
DOSE_RESPONSE_POINT K=10 p50=40 cyc
DOSE_RESPONSE_POINT K=20 p50=48 cyc
DOSE_RESPONSE_POINT K=50 p50=60 cyc
DOSE_RESPONSE_POINT K=100 p50=86 cyc
DOSE_RESPONSE_VERDICT K0=36 K10=40 K20=48 K50=60 K100=86 slope=0.500 cyc/unit VERDICT=PASS
=== 7b. LAW B-3b (i) SAMPLING BIAS PROBE (1-IN-4 DENSE vs 1-IN-256 SPARSE) ===
BIAS_PROBE dense_mean=86.77 cyc sparse_mean=87.51 cyc bias=0.85% VERDICT=PASS
=== 7c. LAW B-3b (ii) INTER-BRACKET GAP PROBE ===
GAP_PROBE sampled_intervals=1974 total_period_cyc=23254200 sparse_period_est=46.02 cyc
=== 8. PHASE B-REDO: STRICT 8-ARM STAGE-ECTOMY DECOMPOSITION (20 RUNS EACH) ===
RUNNER_IDENTITY cpu="INTEL(R) XEON(R) PLATINUM 8573C" freq_mhz=2300.00
STAGE_ECTOMY_RATES CONFIG_TAG="clean_replay" sampling="none" r0_hash=24.78M r0_fast=53.35M r0_disp=363.67M r1_count=373.90M r2_noproof=405.04M r3_noseq=803.69M r4_noitch=552.83M r5_noblock=2366.33M r6_poll=2439.25M
STAGE_ECTOMY_CYCLES CONFIG_TAG="clean_replay" c0=92.80 c0_fast=43.11 c0_disp=6.32 c1=6.15 c2=5.68 c3=2.86 c4=4.16 c5=0.97 c6=0.94
PR2_PROD_VERDICT rate=53354353 c0_fast=43.11 cyc fast_hash=36.78 cyc -> p50 < 60: PASS
H10_SINK_SPLIT total_sink=86.65 cyc fnv_math=86.48 cyc (99.8%) sink_dispatch=0.17 cyc (0.2%) H10_VERDICT=CONFIRMED (Invocation dispatch non-zero)
STAGE_ECTOMY_DECOMPOSITION delta_hash_total=86.65 (fnv=86.48, disp=0.17) delta_proof=0.47 (< 1.00 cyc bounded) delta_seq=2.82 delta_itch=0.00 (< 1.00 cyc bounded) delta_block=3.19 delta_header=0.03 poll_base=0.94
RECONCILIATION_COMPOSITE rate_total_c0=92.80 cyc bracket_mean=86.69 cyc sparse_period_est=46.02 cyc diff_rate_bracket=6.58% diff_bracket_gap=46.92% composite_residual=46.92% VERDICT=FAIL
=== 9. H9 REPETITION OVERHEAD SWEEP ===
H9_POINT limit=10000 msgs rate=19.90M msg/s cyc_msg=115.60
H9_POINT limit=50000 msgs rate=24.30M msg/s cyc_msg=94.65
H9_POINT limit=250000 msgs rate=26.04M msg/s cyc_msg=88.32
H9_POINT limit=505849 msgs rate=24.90M msg/s cyc_msg=92.37
=== 11b. R6: PR-1 HYDRA Bit-Exact Multi-Core Span Conformance (UNPINNED) ===
[1m[92m    Finished[0m `release` profile [optimized] target(s) in 0.01s
[1m[92m     Running[0m `target/release/bench --sample data/tests/sample-mini.itch --hydra-only --runs 7`
BENCH_CALIBRATION invariant_tsc=true freq_mhz=2300.00 mark_overhead_cycles=36
=== R6. PR-1 HYDRA BIT-EXACT MULTI-CORE SPAN CONFORMANCE ===
BLOB_BACKING mode=mmap anon_huge_kb=14336 map_mb=16.5 verdict=thp-granted
HYDRA_BITPARITY sequential=(count=505849 hash=0x881639cead506f25 msg_hash=0xcbf29ce484222325) hydra=(count=505849 hash=0x881639cead506f25 msg_hash=0xcbf29ce484222325) -> BIT-EXACT
BENCH mode=replay-hydra-burst msgs=505849 rate=561393247 allocs=0 freq=2300.00MHz workers=2 run=1
BENCH mode=replay-hydra-burst msgs=505849 rate=804476194 allocs=0 freq=2300.00MHz workers=2 run=2
BENCH mode=replay-hydra-burst msgs=505849 rate=960005541 allocs=0 freq=2300.00MHz workers=2 run=3
BENCH mode=replay-hydra-burst msgs=505849 rate=983179884 allocs=0 freq=2300.00MHz workers=2 run=4
BENCH mode=replay-hydra-burst msgs=505849 rate=1041002212 allocs=0 freq=2300.00MHz workers=2 run=5
BENCH mode=replay-hydra-burst msgs=505849 rate=996558286 allocs=0 freq=2300.00MHz workers=2 run=6
BENCH mode=replay-hydra-burst msgs=505849 rate=1036614055 allocs=0 freq=2300.00MHz workers=2 run=7
BENCH_MEDIAN mode=replay-hydra-burst rate=983179884
R23B_AFFINE_VERDICT arm=burst armed=false tag_hits=0 payload_fallbacks=0 ledger_rows=0 (R23c: workers verify spans from register tags, zero payload reads; the (prefix,cum) triple checked per-span by the scalar affine law)
PR1_HYDRA_VERDICT rate=983179884 (bit-exact multi-core span conformance: 2 workers, every emitted byte CRC32C-checked in-window, ordered serial fold)
PR1_GIGAHFT_BURST_VERDICT rate=983179884 target=1000000000 -> FAIL (R7 burst reference; the sustained arm below is the gate)
DIAG sustained: passes=11143 reset_ms=664.9 scan_ms=4329.1 end_ms=1.1 pending_max=11497 batches=245146 wait_ms=58.3 work_ms=3899.5 fold_ms=301.2 assist_chunks=106511 bytes_per_msg=27.65 crc_demand_gb_s=31.17
DIAG worker[0] sustained: cpu0(pinned) placement=[0, 2] batches=439296 spans=56198022 eval_ms=4939.2 idle_iters=91614 res_waits=3358 fw=0 fw_ms=0.0
DIAG worker[1] sustained: cpu2(pinned) placement=[0, 2] batches=480059 spans=61314914 eval_ms=4903.1 idle_iters=125994 res_waits=882 fw=0 fw_ms=0.0
DIAG rx sustained: publications=245206 polls=969679 prod_ms=1790.9 bufwait_laps=66427 resets=11145 eos_parks=0 nbuf=16 rx_actual_cpu=3
ADVANCE_DIAGNOSTIC sustained: advances=11145 advance_ms=285.6 us_per_advance=25.6 (F-5 reset/auto-advance hygiene — the synchronous bake tail the per-publication prepatch budget drains; HFT_PREPATCH_BUDGET prices it)
RXWARM_DIAGNOSTIC sustained: enabled=false fixes=0 uncovered=0 last_pass_fixes=0 (F-1 frame-entry warm start; the steady-state law is fixes==0 on pass>=2 — the kill rule reads persistent fixes)
RXBUILD_DIAGNOSTIC sustained: enabled=true patches=245124576 last_pass_patches=21996 frames=21996 (F-2 publish-by-reference master; the steady-state law is every patchable entry patched exactly once per pass boundary)
DIAG cons sustained: parks=19 park_ms=1.8 slow_waits=19 slow_ms=2.0
BENCH mode=replay-hydra-sustained-5s total_msgs=5636675407 duration=5.00s sustained_rate=1127225170 msg/s allocs=0 workers=2 crc_kernel=reflect
PR1_HYDRA_SUSTAINED_VERDICT rate=1127225170 (duration=5.00s, total_msgs=5636675407, workers=2)
PR1_GIGAHFT_VERDICT rate=1127225170 target=1000000000 -> PASS (Project 1.0B: bit-exact, zero-alloc, every byte verified in-window, cross-pass double-buffered fabric)
PR1_R8_FULL_VERIFY_VERDICT rate=1127225170 target=1000000000 -> PASS (R8: 1B msg/s sustained full verification — bit-exact, zero-alloc, every byte CRC32C-verified in-window)
PR1_R16_FULL_VERIFY_VERDICT rate=1127225170 target=2000000000 -> FAIL (R16: 2B msg/s sustained full verification — the Double Helix program, docs/29)
R16B_RXDESC_VERDICT rx_fixes=0 assist_chunks=106511 (array-driven submission telemetry; fixes=0 means every RX prefill entry was already exact)
R23B_AFFINE_VERDICT arm=sustained armed=false tag_hits=0 payload_fallbacks=0 ledger_rows=0 (R23c: zero-re-read affine verification on the worker fabric)
PR1_R23_AFFINE_SUSTAINED_VERDICT rate=1127225170 target=2500000000 -> FAIL (R23: 2.5B+ sustained full verification from register tags — the affine-span algebra program, docs/36)
BLOB_BACKING mode=mmap anon_huge_kb=14336 map_mb=16.5 verdict=thp-granted
=== 11c. R8: Kernel-Ceiling Microbenchmark (fabric physics telemetry) ===
[1m[92m    Finished[0m `release` profile [optimized] target(s) in 0.01s
[1m[92m     Running[0m `target/release/kbench`
KBENCH topo cpus=[0, 2, 1, 3] phys=2 smt=true fold512=true
KBENCH spec_slice_vec=true
KBENCH mode=scalar8lane threads=1 cpu=0 pinned=true gb_s=22.67 bytes=6810978048 iters=812 sink=0xbedb8ba779de450f
KBENCH mode=pclmul128_raw threads=1 cpu=0 pinned=true gb_s=17.42 bytes=5234491392 iters=624 sink=0x942dad7c7a327323
KBENCH mode=crc32_pclmul_mix threads=1 cpu=0 pinned=true gb_s=26.56 bytes=7969177600 iters=950 sink=0x5c504f01bdfb43ce
KBENCH mode=fold512 threads=1 cpu=0 pinned=true gb_s=30.45 bytes=9134427456 iters=1089 sink=0xbedb8ba779de450f
KBENCH mode=fold512_r threads=1 cpu=0 pinned=true gb_s=30.05 bytes=9016996800 iters=1075 sink=0xbedb8ba779de450f
KBENCH mode=fold512_rv threads=1 cpu=0 pinned=true gb_s=29.96 bytes=8991833088 iters=1072 sink=0xbedb8ba779de450f
KBENCH mode=fold512_rc threads=1 cpu=0 pinned=true gb_s=29.12 bytes=8740195968 iters=1042 sink=0xbedb8ba779de450f
KBENCH mode=fold512_rd threads=1 cpu=0 pinned=true gb_s=30.78 bytes=9235082304 iters=1101 sink=0xbedb8ba779de450f
KBENCH mode=fold512_ro threads=1 cpu=0 pinned=true gb_s=28.46 bytes=8538886272 iters=1018 sink=0xbedb8ba779de450f
KBENCH mode=fold512_r_pair threads=1 cpu=0 pinned=true gb_s=30.48 bytes=9149736960 iters=1091 sink=0x719eebd64a14675a
KBENCH mode=fold512_eval2 threads=1 cpu=0 pinned=true gb_s=25.00 bytes=7505971200 iters=895 sink=0x719eebd64a14675a
KBENCH mode=fold512_pair threads=1 cpu=0 pinned=true gb_s=28.67 bytes=8604610560 iters=1026 sink=0x719eebd64a14675a
KBENCH mode=fold512_tri threads=1 cpu=0 pinned=true gb_s=30.02 bytes=9008608896 iters=1074 sink=0xbedb8ba779de450f
KBENCH mode=fold512_tri_r threads=1 cpu=0 pinned=true gb_s=29.72 bytes=8924729856 iters=1064 sink=0xbedb8ba779de450f
KBENCH mode=fold512_pclmul_mix threads=1 cpu=0 pinned=true gb_s=28.82 bytes=8647929024 iters=1031 sink=0x3e36c56e483ee8a7
KBENCH mode=fold512_noend threads=1 cpu=0 pinned=true gb_s=30.29 bytes=9092487936 iters=1084 sink=0x4bb11da019b76839
KBENCH mode=fold512_pre threads=1 cpu=0 pinned=true gb_s=29.80 bytes=8941505664 iters=1066 sink=0xbedb8ba779de450f
KBENCH mode=fold512_t threads=1 cpu=0 pinned=true gb_s=26.31 bytes=7893017664 iters=941 sink=0xbedb8ba779de450f
KBENCH mode=fold512_supply threads=1 cpu=0 pinned=true gb_s=30.07 bytes=9026994816 iters=602 sink=0x633508877c074750
KBENCH mode=affine_sub_1t threads=1 cpu=0 pinned=true gb_s=131.45 ns_per_span=10.22 msgs_s=4107694182 bytes=39439924608 iters=4702 sink=0xb6d735b8
KBENCH mode=affine_sub_8lane threads=1 cpu=0 pinned=true gb_s=83.44 ns_per_span=16.11 msgs_s=2607586455 bytes=25037893440 iters=2985 sink=0xbedb8ba779de450f
KBENCH mode=spec_slice_512 threads=1 cpu=0 pinned=true gb_s=2.14 msgs_s=98263100 ns_per_msg=10.177 msgs=29681344 iters=77 sink=0x0
KBENCH mode=spec_slice_512_vec threads=1 cpu=0 pinned=true gb_s=2.24 msgs_s=102725989 ns_per_msg=9.735 msgs=30837760 iters=80 sink=0x95e9af94a6268d11
KBENCH mode=scalar8lane threads=2 placement=2cpu_distinct cpus=0,2 pinned=true gb_s=44.04 bytes=21565301184 sink=0xd48a9dbb3705b94e
KBENCH mode=fold512 threads=2 placement=2cpu_distinct cpus=0,2 pinned=true gb_s=60.84 bytes=30003532608 sink=0xd48a9dbb3705b94e
KBENCH mode=fold512_r threads=2 placement=2cpu_distinct cpus=0,2 pinned=true gb_s=60.86 bytes=30045472128 sink=0xd48a9dbb3705b94e
KBENCH mode=fold512_rv threads=2 placement=2cpu_distinct cpus=0,2 pinned=true gb_s=60.43 bytes=29835774528 sink=0xd48a9dbb3705b94e
KBENCH mode=fold512_rc threads=2 placement=2cpu_distinct cpus=0,2 pinned=true gb_s=60.27 bytes=29709955968 sink=0xd48a9dbb3705b94e
KBENCH mode=fold512_rd threads=2 placement=2cpu_distinct cpus=0,2 pinned=true gb_s=60.00 bytes=29592525312 sink=0xd48a9dbb3705b94e
KBENCH mode=fold512_ro threads=2 placement=2cpu_distinct cpus=0,2 pinned=true gb_s=55.55 bytes=27378118656 sink=0xd48a9dbb3705b94e
KBENCH mode=fold512_tri threads=2 placement=2cpu_distinct cpus=0,2 pinned=true gb_s=58.72 bytes=28963432512 sink=0xd48a9dbb3705b94e
KBENCH mode=fold512_tri_r threads=2 placement=2cpu_distinct cpus=0,2 pinned=true gb_s=58.37 bytes=28795674432 sink=0xd48a9dbb3705b94e
KBENCH mode=scalar8lane threads=2 placement=2cpu_smt cpus=0,1 pinned=true gb_s=22.40 bytes=11038481664 sink=0xf0ad3334c151ef0a
KBENCH mode=fold512 threads=2 placement=2cpu_smt cpus=0,1 pinned=true gb_s=30.66 bytes=15115003008 sink=0xf0ad3334c151ef0a
KBENCH mode=fold512_r threads=2 placement=2cpu_smt cpus=0,1 pinned=true gb_s=30.30 bytes=14938857024 sink=0xf0ad3334c151ef0a
KBENCH mode=fold512_rv threads=2 placement=2cpu_smt cpus=0,1 pinned=true gb_s=30.08 bytes=14846590080 sink=0xf0ad3334c151ef0a
KBENCH mode=fold512_rc threads=2 placement=2cpu_smt cpus=0,1 pinned=true gb_s=30.08 bytes=14829814272 sink=0xf0ad3334c151ef0a
KBENCH mode=fold512_rd threads=2 placement=2cpu_smt cpus=0,1 pinned=true gb_s=30.28 bytes=14922081216 sink=0xf0ad3334c151ef0a
KBENCH mode=fold512_ro threads=2 placement=2cpu_smt cpus=0,1 pinned=true gb_s=28.81 bytes=14175557760 sink=0xf0ad3334c151ef0a
KBENCH mode=fold512_tri threads=2 placement=2cpu_smt cpus=0,1 pinned=true gb_s=29.33 bytes=14469134400 sink=0xf0ad3334c151ef0a
KBENCH mode=fold512_tri_r threads=2 placement=2cpu_smt cpus=0,1 pinned=true gb_s=29.25 bytes=14418806976 sink=0xf0ad3334c151ef0a
KBENCH done
=== 11d. R9: Fabric-Shape Kernel Ablation (layout attribution telemetry) ===
[1m[92m    Finished[0m `release` profile [optimized] target(s) in 0.01s
[1m[92m     Running[0m `target/release/fbench --stage all --workers 2 --ms 1000`
BLOB_BACKING mode=mmap anon_huge_kb=16384 map_mb=16.5 verdict=thp-granted
FBENCH lens total=10992 lt64=0 lt192=0 lt512=0 ge512=10992 bytes_lt192=0 pct_bytes_lt192=0.00
FBENCH topo cpus=[0, 2, 1, 3] kernel=reflect workers=2 place=smt bodies=10992 msgs=505849 avg_bytes=1362.6 total_mb=15.0 freq_mhz=2999
FBENCH stage=P spans=20060368 gb_s=27.34 cyc_span=298.7 sink=0x7ec50194d71ad55d
FBENCH stage=K spans=19758048 gb_s=26.95 cyc_span=303.2 sink=0xfcecba2cd1fa29cc
FBENCH stage=D spans=19758225 gb_s=27.25 cyc_span=299.9 sink=0x12d7c91
FBENCH stage=R spans=19339073 gb_s=26.67 cyc_span=306.4 sink=0x1271741
FBENCH stage=F spans=19383873 gb_s=26.73 cyc_span=305.7 sink=0x127c641
FBENCH done
=== 11e. R11: Unarmed Prepatch Soak (rollback evidence) ===
[1m[92m    Finished[0m `release` profile [optimized] target(s) in 0.01s
[1m[92m     Running[0m `target/release/bench --hydra-only`
BENCH_CALIBRATION invariant_tsc=true freq_mhz=2300.00 mark_overhead_cycles=36
=== R6. PR-1 HYDRA BIT-EXACT MULTI-CORE SPAN CONFORMANCE ===
BLOB_BACKING mode=mmap anon_huge_kb=14336 map_mb=16.5 verdict=thp-granted
HYDRA_BITPARITY sequential=(count=505849 hash=0x881639cead506f25 msg_hash=0xcbf29ce484222325) hydra=(count=505849 hash=0x881639cead506f25 msg_hash=0xcbf29ce484222325) -> BIT-EXACT
BENCH mode=replay-hydra-burst msgs=505849 rate=508461475 allocs=0 freq=2300.00MHz workers=2 run=1
BENCH mode=replay-hydra-burst msgs=505849 rate=734518594 allocs=0 freq=2300.00MHz workers=2 run=2
BENCH mode=replay-hydra-burst msgs=505849 rate=882306052 allocs=0 freq=2300.00MHz workers=2 run=3
BENCH mode=replay-hydra-burst msgs=505849 rate=947485043 allocs=0 freq=2300.00MHz workers=2 run=4
BENCH mode=replay-hydra-burst msgs=505849 rate=944835753 allocs=0 freq=2300.00MHz workers=2 run=5
BENCH_MEDIAN mode=replay-hydra-burst rate=882306052
R23B_AFFINE_VERDICT arm=burst armed=false tag_hits=0 payload_fallbacks=0 ledger_rows=0 (R23c: workers verify spans from register tags, zero payload reads; the (prefix,cum) triple checked per-span by the scalar affine law)
PR1_HYDRA_VERDICT rate=882306052 (bit-exact multi-core span conformance: 2 workers, every emitted byte CRC32C-checked in-window, ordered serial fold)
PR1_GIGAHFT_BURST_VERDICT rate=882306052 target=1000000000 -> FAIL (R7 burst reference; the sustained arm below is the gate)
DIAG sustained: passes=9705 reset_ms=1802.6 scan_ms=3191.8 end_ms=1.1 pending_max=5144 batches=213510 wait_ms=39.8 work_ms=2816.4 fold_ms=253.5 assist_chunks=24064 bytes_per_msg=27.65 crc_demand_gb_s=27.15
DIAG worker[0] sustained: cpu0(pinned) placement=[0, 2] batches=437841 spans=52651416 eval_ms=4362.2 idle_iters=1870071 res_waits=0 fw=0 fw_ms=0.0
DIAG worker[1] sustained: cpu2(pinned) placement=[0, 2] batches=455033 spans=54179253 eval_ms=3978.8 idle_iters=2594729 res_waits=0 fw=0 fw_ms=0.0
DIAG rx sustained: publications=213570 polls=844573 prod_ms=1540.2 bufwait_laps=77997 resets=9707 eos_parks=0 nbuf=16 rx_actual_cpu=3
ADVANCE_DIAGNOSTIC sustained: advances=9707 advance_ms=1482.2 us_per_advance=152.7 (F-5 reset/auto-advance hygiene — the synchronous bake tail the per-publication prepatch budget drains; HFT_PREPATCH_BUDGET prices it)
RXWARM_DIAGNOSTIC sustained: enabled=false fixes=0 uncovered=0 last_pass_fixes=0 (F-1 frame-entry warm start; the steady-state law is fixes==0 on pass>=2 — the kill rule reads persistent fixes)
RXBUILD_DIAGNOSTIC sustained: enabled=true patches=213493176 last_pass_patches=21996 frames=21996 (F-2 publish-by-reference master; the steady-state law is every patchable entry patched exactly once per pass boundary)
DIAG cons sustained: parks=20 park_ms=2.9 slow_waits=20 slow_ms=3.1
BENCH mode=replay-hydra-sustained-5s total_msgs=4909264545 duration=5.00s sustained_rate=981739770 msg/s allocs=0 workers=2 crc_kernel=reflect
PR1_HYDRA_SUSTAINED_VERDICT rate=981739770 (duration=5.00s, total_msgs=4909264545, workers=2)
PR1_GIGAHFT_VERDICT rate=981739770 target=1000000000 -> FAIL (Project 1.0B: bit-exact, zero-alloc, every byte verified in-window, cross-pass double-buffered fabric)
PR1_R8_FULL_VERIFY_VERDICT rate=981739770 target=1000000000 -> FAIL (R8: 1B msg/s sustained full verification — bit-exact, zero-alloc, every byte CRC32C-verified in-window)
PR1_R16_FULL_VERIFY_VERDICT rate=981739770 target=2000000000 -> FAIL (R16: 2B msg/s sustained full verification — the Double Helix program, docs/29)
R16B_RXDESC_VERDICT rx_fixes=0 assist_chunks=24064 (array-driven submission telemetry; fixes=0 means every RX prefill entry was already exact)
R23B_AFFINE_VERDICT arm=sustained armed=false tag_hits=0 payload_fallbacks=0 ledger_rows=0 (R23c: zero-re-read affine verification on the worker fabric)
PR1_R23_AFFINE_SUSTAINED_VERDICT rate=981739770 target=2500000000 -> FAIL (R23: 2.5B+ sustained full verification from register tags — the affine-span algebra program, docs/36)
=== 11k. R16d/R17: Siblings Placement Soak (ring+siblings — the A1 anomaly pricing) ===
[1m[92m    Finished[0m `release` profile [optimized] target(s) in 0.01s
[1m[92m     Running[0m `target/release/bench --hydra-only`
BENCH_CALIBRATION invariant_tsc=true freq_mhz=2300.00 mark_overhead_cycles=36
=== R6. PR-1 HYDRA BIT-EXACT MULTI-CORE SPAN CONFORMANCE ===
BLOB_BACKING mode=mmap anon_huge_kb=16384 map_mb=16.5 verdict=thp-granted
HYDRA_BITPARITY sequential=(count=505849 hash=0x881639cead506f25 msg_hash=0xcbf29ce484222325) hydra=(count=505849 hash=0x881639cead506f25 msg_hash=0xcbf29ce484222325) -> BIT-EXACT
BENCH mode=replay-hydra-burst msgs=505849 rate=510742938 allocs=0 freq=2300.00MHz workers=2 run=1
BENCH mode=replay-hydra-burst msgs=505849 rate=751078327 allocs=0 freq=2300.00MHz workers=2 run=2
BENCH mode=replay-hydra-burst msgs=505849 rate=876633346 allocs=0 freq=2300.00MHz workers=2 run=3
BENCH mode=replay-hydra-burst msgs=505849 rate=857008047 allocs=0 freq=2300.00MHz workers=2 run=4
BENCH mode=replay-hydra-burst msgs=505849 rate=926814744 allocs=0 freq=2300.00MHz workers=2 run=5
BENCH_MEDIAN mode=replay-hydra-burst rate=857008047
R23B_AFFINE_VERDICT arm=burst armed=false tag_hits=0 payload_fallbacks=0 ledger_rows=0 (R23c: workers verify spans from register tags, zero payload reads; the (prefix,cum) triple checked per-span by the scalar affine law)
PR1_HYDRA_VERDICT rate=857008047 (bit-exact multi-core span conformance: 2 workers, every emitted byte CRC32C-checked in-window, ordered serial fold)
PR1_GIGAHFT_BURST_VERDICT rate=857008047 target=1000000000 -> FAIL (R7 burst reference; the sustained arm below is the gate)
DIAG sustained: passes=10850 reset_ms=478.2 scan_ms=4515.7 end_ms=1.5 pending_max=9041 batches=238700 wait_ms=23.4 work_ms=4131.9 fold_ms=302.0 assist_chunks=333644 bytes_per_msg=27.65 crc_demand_gb_s=30.35
DIAG worker[0] sustained: cpu2(pinned) placement=[2, 3] batches=388762 spans=49758111 eval_ms=4934.9 idle_iters=63682 res_waits=1450 fw=0 fw_ms=0.0
DIAG worker[1] sustained: cpu3(pinned) placement=[2, 3] batches=388831 spans=49766535 eval_ms=4930.4 idle_iters=55440 res_waits=523 fw=0 fw_ms=0.0
DIAG rx sustained: publications=238760 polls=944188 prod_ms=1707.6 bufwait_laps=86755 resets=10852 eos_parks=0 nbuf=16 rx_actual_cpu=1
ADVANCE_DIAGNOSTIC sustained: advances=10852 advance_ms=214.3 us_per_advance=19.8 (F-5 reset/auto-advance hygiene — the synchronous bake tail the per-publication prepatch budget drains; HFT_PREPATCH_BUDGET prices it)
RXWARM_DIAGNOSTIC sustained: enabled=false fixes=0 uncovered=0 last_pass_fixes=0 (F-1 frame-entry warm start; the steady-state law is fixes==0 on pass>=2 — the kill rule reads persistent fixes)
RXBUILD_DIAGNOSTIC sustained: enabled=true patches=238679812 last_pass_patches=21996 frames=21996 (F-2 publish-by-reference master; the steady-state law is every patchable entry patched exactly once per pass boundary)
DIAG cons sustained: parks=13 park_ms=1.2 slow_waits=13 slow_ms=1.4
BENCH mode=replay-hydra-sustained-5s total_msgs=5488461650 duration=5.00s sustained_rate=1097529922 msg/s allocs=0 workers=2 crc_kernel=reflect
PR1_HYDRA_SUSTAINED_VERDICT rate=1097529922 (duration=5.00s, total_msgs=5488461650, workers=2)
PR1_GIGAHFT_VERDICT rate=1097529922 target=1000000000 -> PASS (Project 1.0B: bit-exact, zero-alloc, every byte verified in-window, cross-pass double-buffered fabric)
PR1_R8_FULL_VERIFY_VERDICT rate=1097529922 target=1000000000 -> PASS (R8: 1B msg/s sustained full verification — bit-exact, zero-alloc, every byte CRC32C-verified in-window)
PR1_R16_FULL_VERIFY_VERDICT rate=1097529922 target=2000000000 -> FAIL (R16: 2B msg/s sustained full verification — the Double Helix program, docs/29)
R16B_RXDESC_VERDICT rx_fixes=0 assist_chunks=333644 (array-driven submission telemetry; fixes=0 means every RX prefill entry was already exact)
R23B_AFFINE_VERDICT arm=sustained armed=false tag_hits=0 payload_fallbacks=0 ledger_rows=0 (R23c: zero-re-read affine verification on the worker fabric)
PR1_R23_AFFINE_SUSTAINED_VERDICT rate=1097529922 target=2500000000 -> FAIL (R23: 2.5B+ sustained full verification from register tags — the affine-span algebra program, docs/36)
=== 11l. R22.1: Tri-Stream Fold ARMED Soak (the value-exact mirror tri) ===
[1m[92m    Finished[0m `release` profile [optimized] target(s) in 0.01s
[1m[92m     Running[0m `target/release/bench --hydra-only`
BENCH_CALIBRATION invariant_tsc=true freq_mhz=2300.00 mark_overhead_cycles=36
=== R6. PR-1 HYDRA BIT-EXACT MULTI-CORE SPAN CONFORMANCE ===
BLOB_BACKING mode=mmap anon_huge_kb=16384 map_mb=16.5 verdict=thp-granted
HYDRA_BITPARITY sequential=(count=505849 hash=0x881639cead506f25 msg_hash=0xcbf29ce484222325) hydra=(count=505849 hash=0x881639cead506f25 msg_hash=0xcbf29ce484222325) -> BIT-EXACT
BENCH mode=replay-hydra-burst msgs=505849 rate=507712304 allocs=0 freq=2300.00MHz workers=2 run=1
BENCH mode=replay-hydra-burst msgs=505849 rate=667692263 allocs=0 freq=2300.00MHz workers=2 run=2
BENCH mode=replay-hydra-burst msgs=505849 rate=745931542 allocs=0 freq=2300.00MHz workers=2 run=3
BENCH mode=replay-hydra-burst msgs=505849 rate=771905543 allocs=0 freq=2300.00MHz workers=2 run=4
BENCH mode=replay-hydra-burst msgs=505849 rate=861117778 allocs=0 freq=2300.00MHz workers=2 run=5
BENCH_MEDIAN mode=replay-hydra-burst rate=745931542
R23B_AFFINE_VERDICT arm=burst armed=false tag_hits=0 payload_fallbacks=0 ledger_rows=0 (R23c: workers verify spans from register tags, zero payload reads; the (prefix,cum) triple checked per-span by the scalar affine law)
PR1_HYDRA_VERDICT rate=745931542 (bit-exact multi-core span conformance: 2 workers, every emitted byte CRC32C-checked in-window, ordered serial fold)
PR1_GIGAHFT_BURST_VERDICT rate=745931542 target=1000000000 -> FAIL (R7 burst reference; the sustained arm below is the gate)
DIAG sustained: passes=9747 reset_ms=827.5 scan_ms=4167.0 end_ms=1.0 pending_max=5849 batches=214434 wait_ms=48.3 work_ms=3786.6 fold_ms=264.1 assist_chunks=141244 bytes_per_msg=27.65 crc_demand_gb_s=27.26
DIAG worker[0] sustained: cpu0(pinned) placement=[0, 2] batches=364141 spans=46602888 eval_ms=4942.1 idle_iters=108190 res_waits=0 fw=0 fw_ms=0.0
DIAG worker[1] sustained: cpu2(pinned) placement=[0, 2] batches=414713 spans=53070368 eval_ms=4913.0 idle_iters=129079 res_waits=0 fw=0 fw_ms=0.0
DIAG rx sustained: publications=214494 polls=848227 prod_ms=1469.2 bufwait_laps=70231 resets=9749 eos_parks=0 nbuf=16 rx_actual_cpu=3
ADVANCE_DIAGNOSTIC sustained: advances=9749 advance_ms=422.9 us_per_advance=43.4 (F-5 reset/auto-advance hygiene — the synchronous bake tail the per-publication prepatch budget drains; HFT_PREPATCH_BUDGET prices it)
RXWARM_DIAGNOSTIC sustained: enabled=false fixes=0 uncovered=0 last_pass_fixes=0 (F-1 frame-entry warm start; the steady-state law is fixes==0 on pass>=2 — the kill rule reads persistent fixes)
RXBUILD_DIAGNOSTIC sustained: enabled=true patches=214418160 last_pass_patches=22060 frames=21996 (F-2 publish-by-reference master; the steady-state law is every patchable entry patched exactly once per pass boundary)
DIAG cons sustained: parks=8 park_ms=0.5 slow_waits=8 slow_ms=0.7
BENCH mode=replay-hydra-sustained-5s total_msgs=4930510203 duration=5.00s sustained_rate=985938731 msg/s allocs=0 workers=2 crc_kernel=reflect
PR1_HYDRA_SUSTAINED_VERDICT rate=985938731 (duration=5.00s, total_msgs=4930510203, workers=2)
PR1_GIGAHFT_VERDICT rate=985938731 target=1000000000 -> FAIL (Project 1.0B: bit-exact, zero-alloc, every byte verified in-window, cross-pass double-buffered fabric)
PR1_R8_FULL_VERIFY_VERDICT rate=985938731 target=1000000000 -> FAIL (R8: 1B msg/s sustained full verification — bit-exact, zero-alloc, every byte CRC32C-verified in-window)
PR1_R16_FULL_VERIFY_VERDICT rate=985938731 target=2000000000 -> FAIL (R16: 2B msg/s sustained full verification — the Double Helix program, docs/29)
R16B_RXDESC_VERDICT rx_fixes=0 assist_chunks=141244 (array-driven submission telemetry; fixes=0 means every RX prefill entry was already exact)
R23B_AFFINE_VERDICT arm=sustained armed=false tag_hits=0 payload_fallbacks=0 ledger_rows=0 (R23c: zero-re-read affine verification on the worker fabric)
PR1_R23_AFFINE_SUSTAINED_VERDICT rate=985938731 target=2500000000 -> FAIL (R23: 2.5B+ sustained full verification from register tags — the affine-span algebra program, docs/36)
=== 11m. R12: Vectorized Watermark Ladder ARMED Soak (the refuted experiment) ===
[1m[92m    Finished[0m `release` profile [optimized] target(s) in 0.01s
[1m[92m     Running[0m `target/release/bench --hydra-only`
BENCH_CALIBRATION invariant_tsc=true freq_mhz=2300.00 mark_overhead_cycles=34
=== R6. PR-1 HYDRA BIT-EXACT MULTI-CORE SPAN CONFORMANCE ===
BLOB_BACKING mode=mmap anon_huge_kb=16384 map_mb=16.5 verdict=thp-granted
HYDRA_BITPARITY sequential=(count=505849 hash=0x881639cead506f25 msg_hash=0xcbf29ce484222325) hydra=(count=505849 hash=0x881639cead506f25 msg_hash=0xcbf29ce484222325) -> BIT-EXACT
BENCH mode=replay-hydra-burst msgs=505849 rate=548194266 allocs=0 freq=2300.00MHz workers=2 run=1
BENCH mode=replay-hydra-burst msgs=505849 rate=782585220 allocs=0 freq=2300.00MHz workers=2 run=2
BENCH mode=replay-hydra-burst msgs=505849 rate=963975432 allocs=0 freq=2300.00MHz workers=2 run=3
BENCH mode=replay-hydra-burst msgs=505849 rate=956245333 allocs=0 freq=2300.00MHz workers=2 run=4
BENCH mode=replay-hydra-burst msgs=505849 rate=974420566 allocs=0 freq=2300.00MHz workers=2 run=5
BENCH_MEDIAN mode=replay-hydra-burst rate=956245333
R23B_AFFINE_VERDICT arm=burst armed=false tag_hits=0 payload_fallbacks=0 ledger_rows=0 (R23c: workers verify spans from register tags, zero payload reads; the (prefix,cum) triple checked per-span by the scalar affine law)
PR1_HYDRA_VERDICT rate=956245333 (bit-exact multi-core span conformance: 2 workers, every emitted byte CRC32C-checked in-window, ordered serial fold)
PR1_GIGAHFT_BURST_VERDICT rate=956245333 target=1000000000 -> FAIL (R7 burst reference; the sustained arm below is the gate)
DIAG sustained: passes=10984 reset_ms=638.1 scan_ms=4355.9 end_ms=1.1 pending_max=11216 batches=241648 wait_ms=59.3 work_ms=3934.8 fold_ms=292.1 assist_chunks=60969 bytes_per_msg=27.65 crc_demand_gb_s=30.73
DIAG worker[0] sustained: cpu0(pinned) placement=[0, 2] batches=452104 spans=57838504 eval_ms=4937.9 idle_iters=88262 res_waits=694 fw=0 fw_ms=0.0
DIAG worker[1] sustained: cpu2(pinned) placement=[0, 2] batches=476655 spans=60854582 eval_ms=4898.7 idle_iters=118687 res_waits=0 fw=0 fw_ms=0.0
DIAG rx sustained: publications=241708 polls=955846 prod_ms=1767.7 bufwait_laps=67437 resets=10986 eos_parks=0 nbuf=16 rx_actual_cpu=3
ADVANCE_DIAGNOSTIC sustained: advances=10986 advance_ms=285.4 us_per_advance=26.0 (F-5 reset/auto-advance hygiene — the synchronous bake tail the per-publication prepatch budget drains; HFT_PREPATCH_BUDGET prices it)
RXWARM_DIAGNOSTIC sustained: enabled=false fixes=0 uncovered=0 last_pass_fixes=0 (F-1 frame-entry warm start; the steady-state law is fixes==0 on pass>=2 — the kill rule reads persistent fixes)
RXBUILD_DIAGNOSTIC sustained: enabled=true patches=241627212 last_pass_patches=22060 frames=21996 (F-2 publish-by-reference master; the steady-state law is every patchable entry patched exactly once per pass boundary)
DIAG cons sustained: parks=7 park_ms=1.2 slow_waits=7 slow_ms=1.3
BENCH mode=replay-hydra-sustained-5s total_msgs=5556245416 duration=5.00s sustained_rate=1111147154 msg/s allocs=0 workers=2 crc_kernel=reflect
PR1_HYDRA_SUSTAINED_VERDICT rate=1111147154 (duration=5.00s, total_msgs=5556245416, workers=2)
PR1_GIGAHFT_VERDICT rate=1111147154 target=1000000000 -> PASS (Project 1.0B: bit-exact, zero-alloc, every byte verified in-window, cross-pass double-buffered fabric)
PR1_R8_FULL_VERIFY_VERDICT rate=1111147154 target=1000000000 -> PASS (R8: 1B msg/s sustained full verification — bit-exact, zero-alloc, every byte CRC32C-verified in-window)
PR1_R16_FULL_VERIFY_VERDICT rate=1111147154 target=2000000000 -> FAIL (R16: 2B msg/s sustained full verification — the Double Helix program, docs/29)
R16B_RXDESC_VERDICT rx_fixes=0 assist_chunks=60969 (array-driven submission telemetry; fixes=0 means every RX prefill entry was already exact)
R23B_AFFINE_VERDICT arm=sustained armed=false tag_hits=0 payload_fallbacks=0 ledger_rows=0 (R23c: zero-re-read affine verification on the worker fabric)
PR1_R23_AFFINE_SUSTAINED_VERDICT rate=1111147154 target=2500000000 -> FAIL (R23: 2.5B+ sustained full verification from register tags — the affine-span algebra program, docs/36)
=== 11n. R12: Compact 8-Byte Span Descriptors OFF (rollback attribution) ===
[1m[92m    Finished[0m `release` profile [optimized] target(s) in 0.01s
[1m[92m     Running[0m `target/release/bench --hydra-only`
BENCH_CALIBRATION invariant_tsc=true freq_mhz=2300.00 mark_overhead_cycles=36
=== R6. PR-1 HYDRA BIT-EXACT MULTI-CORE SPAN CONFORMANCE ===
BLOB_BACKING mode=mmap anon_huge_kb=16384 map_mb=16.5 verdict=thp-granted
HYDRA_BITPARITY sequential=(count=505849 hash=0x881639cead506f25 msg_hash=0xcbf29ce484222325) hydra=(count=505849 hash=0x881639cead506f25 msg_hash=0xcbf29ce484222325) -> BIT-EXACT
BENCH mode=replay-hydra-burst msgs=505849 rate=530637742 allocs=0 freq=2300.00MHz workers=2 run=1
BENCH mode=replay-hydra-burst msgs=505849 rate=722465972 allocs=0 freq=2300.00MHz workers=2 run=2
BENCH mode=replay-hydra-burst msgs=505849 rate=967073366 allocs=0 freq=2300.00MHz workers=2 run=3
BENCH mode=replay-hydra-burst msgs=505849 rate=1064257416 allocs=0 freq=2300.00MHz workers=2 run=4
BENCH mode=replay-hydra-burst msgs=505849 rate=1060015632 allocs=0 freq=2300.00MHz workers=2 run=5
BENCH_MEDIAN mode=replay-hydra-burst rate=967073366
R23B_AFFINE_VERDICT arm=burst armed=false tag_hits=0 payload_fallbacks=0 ledger_rows=0 (R23c: workers verify spans from register tags, zero payload reads; the (prefix,cum) triple checked per-span by the scalar affine law)
PR1_HYDRA_VERDICT rate=967073366 (bit-exact multi-core span conformance: 2 workers, every emitted byte CRC32C-checked in-window, ordered serial fold)
PR1_GIGAHFT_BURST_VERDICT rate=967073366 target=1000000000 -> FAIL (R7 burst reference; the sustained arm below is the gate)
DIAG sustained: passes=11030 reset_ms=676.6 scan_ms=4317.6 end_ms=1.1 pending_max=9488 batches=242660 wait_ms=57.1 work_ms=3905.8 fold_ms=284.2 assist_chunks=114573 bytes_per_msg=27.65 crc_demand_gb_s=30.85
DIAG worker[0] sustained: cpu0(pinned) placement=[0, 2] batches=426404 spans=54566992 eval_ms=4939.9 idle_iters=93381 res_waits=0 fw=0 fw_ms=0.0
DIAG worker[1] sustained: cpu2(pinned) placement=[0, 2] batches=464248 spans=59372992 eval_ms=4899.4 idle_iters=124206 res_waits=4147 fw=0 fw_ms=0.0
DIAG rx sustained: publications=242715 polls=959828 prod_ms=1785.7 bufwait_laps=66671 resets=11032 eos_parks=0 nbuf=16 rx_actual_cpu=3
ADVANCE_DIAGNOSTIC sustained: advances=11032 advance_ms=297.7 us_per_advance=27.0 (F-5 reset/auto-advance hygiene — the synchronous bake tail the per-publication prepatch budget drains; HFT_PREPATCH_BUDGET prices it)
RXWARM_DIAGNOSTIC sustained: enabled=false fixes=0 uncovered=0 last_pass_fixes=0 (F-1 frame-entry warm start; the steady-state law is fixes==0 on pass>=2 — the kill rule reads persistent fixes)
RXBUILD_DIAGNOSTIC sustained: enabled=true patches=242639092 last_pass_patches=22060 frames=21996 (F-2 publish-by-reference master; the steady-state law is every patchable entry patched exactly once per pass boundary)
DIAG cons sustained: parks=14 park_ms=1.7 slow_waits=14 slow_ms=1.9
BENCH mode=replay-hydra-sustained-5s total_msgs=5579514470 duration=5.00s sustained_rate=1115724947 msg/s allocs=0 workers=2 crc_kernel=reflect
PR1_HYDRA_SUSTAINED_VERDICT rate=1115724947 (duration=5.00s, total_msgs=5579514470, workers=2)
PR1_GIGAHFT_VERDICT rate=1115724947 target=1000000000 -> PASS (Project 1.0B: bit-exact, zero-alloc, every byte verified in-window, cross-pass double-buffered fabric)
PR1_R8_FULL_VERIFY_VERDICT rate=1115724947 target=1000000000 -> PASS (R8: 1B msg/s sustained full verification — bit-exact, zero-alloc, every byte CRC32C-verified in-window)
PR1_R16_FULL_VERIFY_VERDICT rate=1115724947 target=2000000000 -> FAIL (R16: 2B msg/s sustained full verification — the Double Helix program, docs/29)
R16B_RXDESC_VERDICT rx_fixes=0 assist_chunks=114573 (array-driven submission telemetry; fixes=0 means every RX prefill entry was already exact)
R23B_AFFINE_VERDICT arm=sustained armed=false tag_hits=0 payload_fallbacks=0 ledger_rows=0 (R23c: zero-re-read affine verification on the worker fabric)
PR1_R23_AFFINE_SUSTAINED_VERDICT rate=1115724947 target=2500000000 -> FAIL (R23: 2.5B+ sustained full verification from register tags — the affine-span algebra program, docs/36)
=== 11r. R13: Mirror-Domain Fold Kernel Soak (rollback attribution) ===
[1m[92m    Finished[0m `release` profile [optimized] target(s) in 0.01s
[1m[92m     Running[0m `target/release/bench --hydra-only`
BENCH_CALIBRATION invariant_tsc=true freq_mhz=2300.00 mark_overhead_cycles=36
=== R6. PR-1 HYDRA BIT-EXACT MULTI-CORE SPAN CONFORMANCE ===
BLOB_BACKING mode=mmap anon_huge_kb=16384 map_mb=16.5 verdict=thp-granted
HYDRA_BITPARITY sequential=(count=505849 hash=0x881639cead506f25 msg_hash=0xcbf29ce484222325) hydra=(count=505849 hash=0x881639cead506f25 msg_hash=0xcbf29ce484222325) -> BIT-EXACT
BENCH mode=replay-hydra-burst msgs=505849 rate=575451597 allocs=0 freq=2300.00MHz workers=2 run=1
BENCH mode=replay-hydra-burst msgs=505849 rate=766158114 allocs=0 freq=2300.00MHz workers=2 run=2
BENCH mode=replay-hydra-burst msgs=505849 rate=926448098 allocs=0 freq=2300.00MHz workers=2 run=3
BENCH mode=replay-hydra-burst msgs=505849 rate=925045306 allocs=0 freq=2300.00MHz workers=2 run=4
BENCH mode=replay-hydra-burst msgs=505849 rate=928435871 allocs=0 freq=2300.00MHz workers=2 run=5
BENCH_MEDIAN mode=replay-hydra-burst rate=925045306
R23B_AFFINE_VERDICT arm=burst armed=false tag_hits=0 payload_fallbacks=0 ledger_rows=0 (R23c: workers verify spans from register tags, zero payload reads; the (prefix,cum) triple checked per-span by the scalar affine law)
PR1_HYDRA_VERDICT rate=925045306 (bit-exact multi-core span conformance: 2 workers, every emitted byte CRC32C-checked in-window, ordered serial fold)
PR1_GIGAHFT_BURST_VERDICT rate=925045306 target=1000000000 -> FAIL (R7 burst reference; the sustained arm below is the gate)
DIAG sustained: passes=10602 reset_ms=754.4 scan_ms=4239.6 end_ms=1.0 pending_max=5836 batches=233244 wait_ms=55.5 work_ms=3814.7 fold_ms=289.0 assist_chunks=112847 bytes_per_msg=27.65 crc_demand_gb_s=29.66
DIAG worker[0] sustained: cpu0(pinned) placement=[0, 2] batches=406702 spans=52050060 eval_ms=4946.4 idle_iters=78585 res_waits=0 fw=0 fw_ms=0.0
DIAG worker[1] sustained: cpu2(pinned) placement=[0, 2] batches=462675 spans=59012877 eval_ms=4898.6 idle_iters=129880 res_waits=0 fw=0 fw_ms=0.0
DIAG rx sustained: publications=233304 polls=922612 prod_ms=1598.7 bufwait_laps=73502 resets=10604 eos_parks=0 nbuf=16 rx_actual_cpu=3
ADVANCE_DIAGNOSTIC sustained: advances=10604 advance_ms=384.2 us_per_advance=36.2 (F-5 reset/auto-advance hygiene — the synchronous bake tail the per-publication prepatch budget drains; HFT_PREPATCH_BUDGET prices it)
RXWARM_DIAGNOSTIC sustained: enabled=false fixes=0 uncovered=0 last_pass_fixes=0 (F-1 frame-entry warm start; the steady-state law is fixes==0 on pass>=2 — the kill rule reads persistent fixes)
RXBUILD_DIAGNOSTIC sustained: enabled=true patches=233224676 last_pass_patches=21932 frames=21996 (F-2 publish-by-reference master; the steady-state law is every patchable entry patched exactly once per pass boundary)
DIAG cons sustained: parks=27 park_ms=1.9 slow_waits=27 slow_ms=2.3
BENCH mode=replay-hydra-sustained-5s total_msgs=5363011098 duration=5.00s sustained_rate=1072489613 msg/s allocs=0 workers=2 crc_kernel=fold512
PR1_HYDRA_SUSTAINED_VERDICT rate=1072489613 (duration=5.00s, total_msgs=5363011098, workers=2)
PR1_GIGAHFT_VERDICT rate=1072489613 target=1000000000 -> PASS (Project 1.0B: bit-exact, zero-alloc, every byte verified in-window, cross-pass double-buffered fabric)
PR1_R8_FULL_VERIFY_VERDICT rate=1072489613 target=1000000000 -> PASS (R8: 1B msg/s sustained full verification — bit-exact, zero-alloc, every byte CRC32C-verified in-window)
PR1_R16_FULL_VERIFY_VERDICT rate=1072489613 target=2000000000 -> FAIL (R16: 2B msg/s sustained full verification — the Double Helix program, docs/29)
R16B_RXDESC_VERDICT rx_fixes=0 assist_chunks=112847 (array-driven submission telemetry; fixes=0 means every RX prefill entry was already exact)
R23B_AFFINE_VERDICT arm=sustained armed=false tag_hits=0 payload_fallbacks=0 ledger_rows=0 (R23c: zero-re-read affine verification on the worker fabric)
PR1_R23_AFFINE_SUSTAINED_VERDICT rate=1072489613 target=2500000000 -> FAIL (R23: 2.5B+ sustained full verification from register tags — the affine-span algebra program, docs/36)
=== 11s. R14: Vector Barrett Ending OFF (rollback attribution) ===
[1m[92m    Finished[0m `release` profile [optimized] target(s) in 0.01s
[1m[92m     Running[0m `target/release/bench --hydra-only`
BENCH_CALIBRATION invariant_tsc=true freq_mhz=2300.00 mark_overhead_cycles=34
=== R6. PR-1 HYDRA BIT-EXACT MULTI-CORE SPAN CONFORMANCE ===
BLOB_BACKING mode=mmap anon_huge_kb=16384 map_mb=16.5 verdict=thp-granted
HYDRA_BITPARITY sequential=(count=505849 hash=0x881639cead506f25 msg_hash=0xcbf29ce484222325) hydra=(count=505849 hash=0x881639cead506f25 msg_hash=0xcbf29ce484222325) -> BIT-EXACT
BENCH mode=replay-hydra-burst msgs=505849 rate=538339970 allocs=0 freq=2300.00MHz workers=2 run=1
BENCH mode=replay-hydra-burst msgs=505849 rate=744147285 allocs=0 freq=2300.00MHz workers=2 run=2
BENCH mode=replay-hydra-burst msgs=505849 rate=908245234 allocs=0 freq=2300.00MHz workers=2 run=3
BENCH mode=replay-hydra-burst msgs=505849 rate=919259139 allocs=0 freq=2300.00MHz workers=2 run=4
BENCH mode=replay-hydra-burst msgs=505849 rate=1039579522 allocs=0 freq=2300.00MHz workers=2 run=5
BENCH_MEDIAN mode=replay-hydra-burst rate=908245234
R23B_AFFINE_VERDICT arm=burst armed=false tag_hits=0 payload_fallbacks=0 ledger_rows=0 (R23c: workers verify spans from register tags, zero payload reads; the (prefix,cum) triple checked per-span by the scalar affine law)
PR1_HYDRA_VERDICT rate=908245234 (bit-exact multi-core span conformance: 2 workers, every emitted byte CRC32C-checked in-window, ordered serial fold)
PR1_GIGAHFT_BURST_VERDICT rate=908245234 target=1000000000 -> FAIL (R7 burst reference; the sustained arm below is the gate)
DIAG sustained: passes=11116 reset_ms=690.6 scan_ms=4303.5 end_ms=1.1 pending_max=5987 batches=244552 wait_ms=63.6 work_ms=3870.7 fold_ms=299.7 assist_chunks=107401 bytes_per_msg=27.65 crc_demand_gb_s=31.10
DIAG worker[0] sustained: cpu0(pinned) placement=[0, 2] batches=438384 spans=56078361 eval_ms=4907.1 idle_iters=188673 res_waits=0 fw=0 fw_ms=0.0
DIAG worker[1] sustained: cpu2(pinned) placement=[0, 2] batches=478253 spans=61074711 eval_ms=4867.9 idle_iters=218499 res_waits=53 fw=0 fw_ms=0.0
DIAG rx sustained: publications=244612 polls=967330 prod_ms=1786.8 bufwait_laps=66240 resets=11118 eos_parks=0 nbuf=16 rx_actual_cpu=3
ADVANCE_DIAGNOSTIC sustained: advances=11118 advance_ms=279.6 us_per_advance=25.1 (F-5 reset/auto-advance hygiene — the synchronous bake tail the per-publication prepatch budget drains; HFT_PREPATCH_BUDGET prices it)
RXWARM_DIAGNOSTIC sustained: enabled=false fixes=0 uncovered=0 last_pass_fixes=0 (F-1 frame-entry warm start; the steady-state law is fixes==0 on pass>=2 — the kill rule reads persistent fixes)
RXBUILD_DIAGNOSTIC sustained: enabled=true patches=244530684 last_pass_patches=21932 frames=21996 (F-2 publish-by-reference master; the steady-state law is every patchable entry patched exactly once per pass boundary)
DIAG cons sustained: parks=37 park_ms=6.3 slow_waits=37 slow_ms=6.8
BENCH mode=replay-hydra-sustained-5s total_msgs=5623017484 duration=5.00s sustained_rate=1124481710 msg/s allocs=0 workers=2 crc_kernel=reflect
PR1_HYDRA_SUSTAINED_VERDICT rate=1124481710 (duration=5.00s, total_msgs=5623017484, workers=2)
PR1_GIGAHFT_VERDICT rate=1124481710 target=1000000000 -> PASS (Project 1.0B: bit-exact, zero-alloc, every byte verified in-window, cross-pass double-buffered fabric)
PR1_R8_FULL_VERIFY_VERDICT rate=1124481710 target=1000000000 -> PASS (R8: 1B msg/s sustained full verification — bit-exact, zero-alloc, every byte CRC32C-verified in-window)
PR1_R16_FULL_VERIFY_VERDICT rate=1124481710 target=2000000000 -> FAIL (R16: 2B msg/s sustained full verification — the Double Helix program, docs/29)
R16B_RXDESC_VERDICT rx_fixes=0 assist_chunks=107401 (array-driven submission telemetry; fixes=0 means every RX prefill entry was already exact)
R23B_AFFINE_VERDICT arm=sustained armed=false tag_hits=0 payload_fallbacks=0 ledger_rows=0 (R23c: zero-re-read affine verification on the worker fabric)
PR1_R23_AFFINE_SUSTAINED_VERDICT rate=1124481710 target=2500000000 -> FAIL (R23: 2.5B+ sustained full verification from register tags — the affine-span algebra program, docs/36)
=== 11t. R15: Vectorized Tail (vtail) OFF (rollback attribution) ===
[1m[92m    Finished[0m `release` profile [optimized] target(s) in 0.01s
[1m[92m     Running[0m `target/release/bench --hydra-only`
BENCH_CALIBRATION invariant_tsc=true freq_mhz=2300.00 mark_overhead_cycles=34
=== R6. PR-1 HYDRA BIT-EXACT MULTI-CORE SPAN CONFORMANCE ===
BLOB_BACKING mode=mmap anon_huge_kb=16384 map_mb=16.5 verdict=thp-granted
HYDRA_BITPARITY sequential=(count=505849 hash=0x881639cead506f25 msg_hash=0xcbf29ce484222325) hydra=(count=505849 hash=0x881639cead506f25 msg_hash=0xcbf29ce484222325) -> BIT-EXACT
BENCH mode=replay-hydra-burst msgs=505849 rate=554758142 allocs=0 freq=2300.00MHz workers=2 run=1
BENCH mode=replay-hydra-burst msgs=505849 rate=769968065 allocs=0 freq=2300.00MHz workers=2 run=2
BENCH mode=replay-hydra-burst msgs=505849 rate=921504796 allocs=0 freq=2300.00MHz workers=2 run=3
BENCH mode=replay-hydra-burst msgs=505849 rate=1066993891 allocs=0 freq=2300.00MHz workers=2 run=4
BENCH mode=replay-hydra-burst msgs=505849 rate=1073560871 allocs=0 freq=2300.00MHz workers=2 run=5
BENCH_MEDIAN mode=replay-hydra-burst rate=921504796
R23B_AFFINE_VERDICT arm=burst armed=false tag_hits=0 payload_fallbacks=0 ledger_rows=0 (R23c: workers verify spans from register tags, zero payload reads; the (prefix,cum) triple checked per-span by the scalar affine law)
PR1_HYDRA_VERDICT rate=921504796 (bit-exact multi-core span conformance: 2 workers, every emitted byte CRC32C-checked in-window, ordered serial fold)
PR1_GIGAHFT_BURST_VERDICT rate=921504796 target=1000000000 -> FAIL (R7 burst reference; the sustained arm below is the gate)
DIAG sustained: passes=11180 reset_ms=655.0 scan_ms=4339.0 end_ms=1.1 pending_max=9835 batches=245960 wait_ms=59.5 work_ms=3906.9 fold_ms=302.8 assist_chunks=110416 bytes_per_msg=27.65 crc_demand_gb_s=31.27
DIAG worker[0] sustained: cpu0(pinned) placement=[0, 2] batches=439946 spans=56296999 eval_ms=4939.5 idle_iters=83729 res_waits=2626 fw=0 fw_ms=0.0
DIAG worker[1] sustained: cpu2(pinned) placement=[0, 2] batches=479947 spans=61375466 eval_ms=4904.9 idle_iters=105023 res_waits=0 fw=0 fw_ms=0.0
DIAG rx sustained: publications=246020 polls=972898 prod_ms=1798.4 bufwait_laps=66969 resets=11182 eos_parks=0 nbuf=16 rx_actual_cpu=3
ADVANCE_DIAGNOSTIC sustained: advances=11182 advance_ms=277.5 us_per_advance=24.8 (F-5 reset/auto-advance hygiene — the synchronous bake tail the per-publication prepatch budget drains; HFT_PREPATCH_BUDGET prices it)
RXWARM_DIAGNOSTIC sustained: enabled=false fixes=0 uncovered=0 last_pass_fixes=0 (F-1 frame-entry warm start; the steady-state law is fixes==0 on pass>=2 — the kill rule reads persistent fixes)
RXBUILD_DIAGNOSTIC sustained: enabled=true patches=245938428 last_pass_patches=22060 frames=21996 (F-2 publish-by-reference master; the steady-state law is every patchable entry patched exactly once per pass boundary)
DIAG cons sustained: parks=22 park_ms=1.7 slow_waits=22 slow_ms=2.0
BENCH mode=replay-hydra-sustained-5s total_msgs=5655391820 duration=5.00s sustained_rate=1130934684 msg/s allocs=0 workers=2 crc_kernel=reflect
PR1_HYDRA_SUSTAINED_VERDICT rate=1130934684 (duration=5.00s, total_msgs=5655391820, workers=2)
PR1_GIGAHFT_VERDICT rate=1130934684 target=1000000000 -> PASS (Project 1.0B: bit-exact, zero-alloc, every byte verified in-window, cross-pass double-buffered fabric)
PR1_R8_FULL_VERIFY_VERDICT rate=1130934684 target=1000000000 -> PASS (R8: 1B msg/s sustained full verification — bit-exact, zero-alloc, every byte CRC32C-verified in-window)
PR1_R16_FULL_VERIFY_VERDICT rate=1130934684 target=2000000000 -> FAIL (R16: 2B msg/s sustained full verification — the Double Helix program, docs/29)
R16B_RXDESC_VERDICT rx_fixes=0 assist_chunks=110416 (array-driven submission telemetry; fixes=0 means every RX prefill entry was already exact)
R23B_AFFINE_VERDICT arm=sustained armed=false tag_hits=0 payload_fallbacks=0 ledger_rows=0 (R23c: zero-re-read affine verification on the worker fabric)
PR1_R23_AFFINE_SUSTAINED_VERDICT rate=1130934684 target=2500000000 -> FAIL (R23: 2.5B+ sustained full verification from register tags — the affine-span algebra program, docs/36)
=== 11u. R15: Worker Drain Granularity Sweep (the supply-side rebalance) ===
[1m[92m    Finished[0m `release` profile [optimized] target(s) in 0.01s
[1m[92m     Running[0m `target/release/bench --hydra-only`
BENCH_CALIBRATION invariant_tsc=true freq_mhz=2300.00 mark_overhead_cycles=36
=== R6. PR-1 HYDRA BIT-EXACT MULTI-CORE SPAN CONFORMANCE ===
BLOB_BACKING mode=mmap anon_huge_kb=14336 map_mb=16.5 verdict=thp-granted
HYDRA_BITPARITY sequential=(count=505849 hash=0x881639cead506f25 msg_hash=0xcbf29ce484222325) hydra=(count=505849 hash=0x881639cead506f25 msg_hash=0xcbf29ce484222325) -> BIT-EXACT
BENCH mode=replay-hydra-burst msgs=505849 rate=547596675 allocs=0 freq=2300.00MHz workers=2 run=1
BENCH mode=replay-hydra-burst msgs=505849 rate=799868757 allocs=0 freq=2300.00MHz workers=2 run=2
BENCH mode=replay-hydra-burst msgs=505849 rate=945144691 allocs=0 freq=2300.00MHz workers=2 run=3
BENCH mode=replay-hydra-burst msgs=505849 rate=991837446 allocs=0 freq=2300.00MHz workers=2 run=4
BENCH mode=replay-hydra-burst msgs=505849 rate=961278920 allocs=0 freq=2300.00MHz workers=2 run=5
BENCH_MEDIAN mode=replay-hydra-burst rate=945144691
R23B_AFFINE_VERDICT arm=burst armed=false tag_hits=0 payload_fallbacks=0 ledger_rows=0 (R23c: workers verify spans from register tags, zero payload reads; the (prefix,cum) triple checked per-span by the scalar affine law)
PR1_HYDRA_VERDICT rate=945144691 (bit-exact multi-core span conformance: 2 workers, every emitted byte CRC32C-checked in-window, ordered serial fold)
PR1_GIGAHFT_BURST_VERDICT rate=945144691 target=1000000000 -> FAIL (R7 burst reference; the sustained arm below is the gate)
DIAG sustained: passes=10939 reset_ms=688.1 scan_ms=4306.1 end_ms=1.1 pending_max=11449 batches=240658 wait_ms=57.5 work_ms=3882.0 fold_ms=297.3 assist_chunks=107165 bytes_per_msg=27.65 crc_demand_gb_s=30.60
DIAG worker[0] sustained: cpu0(pinned) placement=[0, 2] batches=863838 spans=55276303 eval_ms=4871.8 idle_iters=114798 res_waits=0 fw=0 fw_ms=0.0
DIAG worker[1] sustained: cpu2(pinned) placement=[0, 2] batches=936873 spans=59925621 eval_ms=4809.5 idle_iters=177350 res_waits=1313 fw=0 fw_ms=0.0
DIAG rx sustained: publications=240718 polls=951931 prod_ms=1745.7 bufwait_laps=66215 resets=10941 eos_parks=0 nbuf=16 rx_actual_cpu=3
ADVANCE_DIAGNOSTIC sustained: advances=10941 advance_ms=309.3 us_per_advance=28.3 (F-5 reset/auto-advance hygiene — the synchronous bake tail the per-publication prepatch budget drains; HFT_PREPATCH_BUDGET prices it)
RXWARM_DIAGNOSTIC sustained: enabled=false fixes=0 uncovered=0 last_pass_fixes=0 (F-1 frame-entry warm start; the steady-state law is fixes==0 on pass>=2 — the kill rule reads persistent fixes)
RXBUILD_DIAGNOSTIC sustained: enabled=true patches=240637392 last_pass_patches=21996 frames=21996 (F-2 publish-by-reference master; the steady-state law is every patchable entry patched exactly once per pass boundary)
DIAG cons sustained: parks=27 park_ms=2.1 slow_waits=27 slow_ms=2.4
BENCH mode=replay-hydra-sustained-5s total_msgs=5533482211 duration=5.00s sustained_rate=1106527816 msg/s allocs=0 workers=2 crc_kernel=reflect
PR1_HYDRA_SUSTAINED_VERDICT rate=1106527816 (duration=5.00s, total_msgs=5533482211, workers=2)
PR1_GIGAHFT_VERDICT rate=1106527816 target=1000000000 -> PASS (Project 1.0B: bit-exact, zero-alloc, every byte verified in-window, cross-pass double-buffered fabric)
PR1_R8_FULL_VERIFY_VERDICT rate=1106527816 target=1000000000 -> PASS (R8: 1B msg/s sustained full verification — bit-exact, zero-alloc, every byte CRC32C-verified in-window)
PR1_R16_FULL_VERIFY_VERDICT rate=1106527816 target=2000000000 -> FAIL (R16: 2B msg/s sustained full verification — the Double Helix program, docs/29)
R16B_RXDESC_VERDICT rx_fixes=0 assist_chunks=107165 (array-driven submission telemetry; fixes=0 means every RX prefill entry was already exact)
R23B_AFFINE_VERDICT arm=sustained armed=false tag_hits=0 payload_fallbacks=0 ledger_rows=0 (R23c: zero-re-read affine verification on the worker fabric)
PR1_R23_AFFINE_SUSTAINED_VERDICT rate=1106527816 target=2500000000 -> FAIL (R23: 2.5B+ sustained full verification from register tags — the affine-span algebra program, docs/36)
[1m[92m    Finished[0m `release` profile [optimized] target(s) in 0.01s
[1m[92m     Running[0m `target/release/bench --hydra-only`
BENCH_CALIBRATION invariant_tsc=true freq_mhz=2300.00 mark_overhead_cycles=36
=== R6. PR-1 HYDRA BIT-EXACT MULTI-CORE SPAN CONFORMANCE ===
BLOB_BACKING mode=mmap anon_huge_kb=14336 map_mb=16.5 verdict=thp-granted
HYDRA_BITPARITY sequential=(count=505849 hash=0x881639cead506f25 msg_hash=0xcbf29ce484222325) hydra=(count=505849 hash=0x881639cead506f25 msg_hash=0xcbf29ce484222325) -> BIT-EXACT
BENCH mode=replay-hydra-burst msgs=505849 rate=572226728 allocs=0 freq=2300.00MHz workers=2 run=1
BENCH mode=replay-hydra-burst msgs=505849 rate=829083965 allocs=0 freq=2300.00MHz workers=2 run=2
BENCH mode=replay-hydra-burst msgs=505849 rate=1038638197 allocs=0 freq=2300.00MHz workers=2 run=3
BENCH mode=replay-hydra-burst msgs=505849 rate=1038333326 allocs=0 freq=2300.00MHz workers=2 run=4
BENCH mode=replay-hydra-burst msgs=505849 rate=1088849521 allocs=0 freq=2300.00MHz workers=2 run=5
BENCH_MEDIAN mode=replay-hydra-burst rate=1038333326
R23B_AFFINE_VERDICT arm=burst armed=false tag_hits=0 payload_fallbacks=0 ledger_rows=0 (R23c: workers verify spans from register tags, zero payload reads; the (prefix,cum) triple checked per-span by the scalar affine law)
PR1_HYDRA_VERDICT rate=1038333326 (bit-exact multi-core span conformance: 2 workers, every emitted byte CRC32C-checked in-window, ordered serial fold)
PR1_GIGAHFT_BURST_VERDICT rate=1038333326 target=1000000000 -> PASS (R7 burst reference; the sustained arm below is the gate)
DIAG sustained: passes=11143 reset_ms=649.6 scan_ms=4344.3 end_ms=1.1 pending_max=11427 batches=245146 wait_ms=71.3 work_ms=3918.1 fold_ms=285.6 assist_chunks=112724 bytes_per_msg=27.65 crc_demand_gb_s=31.17
DIAG worker[0] sustained: cpu0(pinned) placement=[0, 2] batches=218674 spans=55824036 eval_ms=4918.8 idle_iters=215762 res_waits=22283 fw=0 fw_ms=0.0
DIAG worker[1] sustained: cpu2(pinned) placement=[0, 2] batches=240984 spans=61289265 eval_ms=4895.9 idle_iters=248365 res_waits=0 fw=0 fw_ms=0.0
DIAG rx sustained: publications=245206 polls=969679 prod_ms=1804.9 bufwait_laps=66673 resets=11145 eos_parks=0 nbuf=16 rx_actual_cpu=3
ADVANCE_DIAGNOSTIC sustained: advances=11145 advance_ms=251.9 us_per_advance=22.6 (F-5 reset/auto-advance hygiene — the synchronous bake tail the per-publication prepatch budget drains; HFT_PREPATCH_BUDGET prices it)
RXWARM_DIAGNOSTIC sustained: enabled=false fixes=0 uncovered=0 last_pass_fixes=0 (F-1 frame-entry warm start; the steady-state law is fixes==0 on pass>=2 — the kill rule reads persistent fixes)
RXBUILD_DIAGNOSTIC sustained: enabled=true patches=245124576 last_pass_patches=21996 frames=21996 (F-2 publish-by-reference master; the steady-state law is every patchable entry patched exactly once per pass boundary)
DIAG cons sustained: parks=23 park_ms=14.2 slow_waits=23 slow_ms=14.4
BENCH mode=replay-hydra-sustained-5s total_msgs=5636675407 duration=5.00s sustained_rate=1127232467 msg/s allocs=0 workers=2 crc_kernel=reflect
PR1_HYDRA_SUSTAINED_VERDICT rate=1127232467 (duration=5.00s, total_msgs=5636675407, workers=2)
PR1_GIGAHFT_VERDICT rate=1127232467 target=1000000000 -> PASS (Project 1.0B: bit-exact, zero-alloc, every byte verified in-window, cross-pass double-buffered fabric)
PR1_R8_FULL_VERIFY_VERDICT rate=1127232467 target=1000000000 -> PASS (R8: 1B msg/s sustained full verification — bit-exact, zero-alloc, every byte CRC32C-verified in-window)
PR1_R16_FULL_VERIFY_VERDICT rate=1127232467 target=2000000000 -> FAIL (R16: 2B msg/s sustained full verification — the Double Helix program, docs/29)
R16B_RXDESC_VERDICT rx_fixes=0 assist_chunks=112724 (array-driven submission telemetry; fixes=0 means every RX prefill entry was already exact)
R23B_AFFINE_VERDICT arm=sustained armed=false tag_hits=0 payload_fallbacks=0 ledger_rows=0 (R23c: zero-re-read affine verification on the worker fabric)
PR1_R23_AFFINE_SUSTAINED_VERDICT rate=1127232467 target=2500000000 -> FAIL (R23: 2.5B+ sustained full verification from register tags — the affine-span algebra program, docs/36)
=== 11wm. R17: Assist-Watermark Deep-Soak, SIBLINGS (the A3-b pricing where the assist lives) ===
[1m[92m    Finished[0m `release` profile [optimized] target(s) in 0.01s
[1m[92m     Running[0m `target/release/bench --hydra-only`
BENCH_CALIBRATION invariant_tsc=true freq_mhz=2300.00 mark_overhead_cycles=36
=== R6. PR-1 HYDRA BIT-EXACT MULTI-CORE SPAN CONFORMANCE ===
BLOB_BACKING mode=mmap anon_huge_kb=16384 map_mb=16.5 verdict=thp-granted
HYDRA_BITPARITY sequential=(count=505849 hash=0x881639cead506f25 msg_hash=0xcbf29ce484222325) hydra=(count=505849 hash=0x881639cead506f25 msg_hash=0xcbf29ce484222325) -> BIT-EXACT
BENCH mode=replay-hydra-burst msgs=505849 rate=497314584 allocs=0 freq=2300.00MHz workers=2 run=1
BENCH mode=replay-hydra-burst msgs=505849 rate=688961074 allocs=0 freq=2300.00MHz workers=2 run=2
BENCH mode=replay-hydra-burst msgs=505849 rate=850900019 allocs=0 freq=2300.00MHz workers=2 run=3
BENCH mode=replay-hydra-burst msgs=505849 rate=953503758 allocs=0 freq=2300.00MHz workers=2 run=4
BENCH mode=replay-hydra-burst msgs=505849 rate=968400800 allocs=0 freq=2300.00MHz workers=2 run=5
BENCH_MEDIAN mode=replay-hydra-burst rate=850900019
R23B_AFFINE_VERDICT arm=burst armed=false tag_hits=0 payload_fallbacks=0 ledger_rows=0 (R23c: workers verify spans from register tags, zero payload reads; the (prefix,cum) triple checked per-span by the scalar affine law)
PR1_HYDRA_VERDICT rate=850900019 (bit-exact multi-core span conformance: 2 workers, every emitted byte CRC32C-checked in-window, ordered serial fold)
PR1_GIGAHFT_BURST_VERDICT rate=850900019 target=1000000000 -> FAIL (R7 burst reference; the sustained arm below is the gate)
DIAG sustained: passes=10855 reset_ms=483.7 scan_ms=4510.1 end_ms=1.1 pending_max=6937 batches=238810 wait_ms=25.0 work_ms=4128.5 fold_ms=301.7 assist_chunks=334074 bytes_per_msg=27.65 crc_demand_gb_s=30.37
DIAG worker[0] sustained: cpu2(pinned) placement=[2, 3] batches=388861 spans=49770104 eval_ms=4928.1 idle_iters=84609 res_waits=0 fw=0 fw_ms=0.0
DIAG worker[1] sustained: cpu3(pinned) placement=[2, 3] batches=388964 spans=49783228 eval_ms=4923.0 idle_iters=74529 res_waits=0 fw=0 fw_ms=0.0
DIAG rx sustained: publications=238870 polls=944623 prod_ms=1704.0 bufwait_laps=86861 resets=10857 eos_parks=0 nbuf=16 rx_actual_cpu=1
ADVANCE_DIAGNOSTIC sustained: advances=10857 advance_ms=214.1 us_per_advance=19.7 (F-5 reset/auto-advance hygiene — the synchronous bake tail the per-publication prepatch budget drains; HFT_PREPATCH_BUDGET prices it)
RXWARM_DIAGNOSTIC sustained: enabled=false fixes=0 uncovered=0 last_pass_fixes=0 (F-1 frame-entry warm start; the steady-state law is fixes==0 on pass>=2 — the kill rule reads persistent fixes)
RXBUILD_DIAGNOSTIC sustained: enabled=true patches=238789792 last_pass_patches=21996 frames=21996 (F-2 publish-by-reference master; the steady-state law is every patchable entry patched exactly once per pass boundary)
DIAG cons sustained: parks=21 park_ms=2.6 slow_waits=21 slow_ms=2.8
BENCH mode=replay-hydra-sustained-5s total_msgs=5490990895 duration=5.00s sustained_rate=1098082124 msg/s allocs=0 workers=2 crc_kernel=reflect
PR1_HYDRA_SUSTAINED_VERDICT rate=1098082124 (duration=5.00s, total_msgs=5490990895, workers=2)
PR1_GIGAHFT_VERDICT rate=1098082124 target=1000000000 -> PASS (Project 1.0B: bit-exact, zero-alloc, every byte verified in-window, cross-pass double-buffered fabric)
PR1_R8_FULL_VERIFY_VERDICT rate=1098082124 target=1000000000 -> PASS (R8: 1B msg/s sustained full verification — bit-exact, zero-alloc, every byte CRC32C-verified in-window)
PR1_R16_FULL_VERIFY_VERDICT rate=1098082124 target=2000000000 -> FAIL (R16: 2B msg/s sustained full verification — the Double Helix program, docs/29)
R16B_RXDESC_VERDICT rx_fixes=0 assist_chunks=334074 (array-driven submission telemetry; fixes=0 means every RX prefill entry was already exact)
R23B_AFFINE_VERDICT arm=sustained armed=false tag_hits=0 payload_fallbacks=0 ledger_rows=0 (R23c: zero-re-read affine verification on the worker fabric)
PR1_R23_AFFINE_SUSTAINED_VERDICT rate=1098082124 target=2500000000 -> FAIL (R23: 2.5B+ sustained full verification from register tags — the affine-span algebra program, docs/36)
=== 11v. R16: Dual-Stream Fold (dfold) ARMED Soak (attribution) ===
[1m[92m    Finished[0m `release` profile [optimized] target(s) in 0.01s
[1m[92m     Running[0m `target/release/bench --hydra-only`
BENCH_CALIBRATION invariant_tsc=true freq_mhz=2300.00 mark_overhead_cycles=36
=== R6. PR-1 HYDRA BIT-EXACT MULTI-CORE SPAN CONFORMANCE ===
BLOB_BACKING mode=mmap anon_huge_kb=14336 map_mb=16.5 verdict=thp-granted
HYDRA_BITPARITY sequential=(count=505849 hash=0x881639cead506f25 msg_hash=0xcbf29ce484222325) hydra=(count=505849 hash=0x881639cead506f25 msg_hash=0xcbf29ce484222325) -> BIT-EXACT
BENCH mode=replay-hydra-burst msgs=505849 rate=539945476 allocs=0 freq=2300.00MHz workers=2 run=1
BENCH mode=replay-hydra-burst msgs=505849 rate=779081425 allocs=0 freq=2300.00MHz workers=2 run=2
BENCH mode=replay-hydra-burst msgs=505849 rate=895035493 allocs=0 freq=2300.00MHz workers=2 run=3
BENCH mode=replay-hydra-burst msgs=505849 rate=943170970 allocs=0 freq=2300.00MHz workers=2 run=4
BENCH mode=replay-hydra-burst msgs=505849 rate=977333016 allocs=0 freq=2300.00MHz workers=2 run=5
BENCH_MEDIAN mode=replay-hydra-burst rate=895035493
R23B_AFFINE_VERDICT arm=burst armed=false tag_hits=0 payload_fallbacks=0 ledger_rows=0 (R23c: workers verify spans from register tags, zero payload reads; the (prefix,cum) triple checked per-span by the scalar affine law)
PR1_HYDRA_VERDICT rate=895035493 (bit-exact multi-core span conformance: 2 workers, every emitted byte CRC32C-checked in-window, ordered serial fold)
PR1_GIGAHFT_BURST_VERDICT rate=895035493 target=1000000000 -> FAIL (R7 burst reference; the sustained arm below is the gate)
DIAG sustained: passes=11093 reset_ms=645.3 scan_ms=4348.4 end_ms=1.1 pending_max=10500 batches=244046 wait_ms=55.0 work_ms=3919.8 fold_ms=304.3 assist_chunks=103194 bytes_per_msg=27.65 crc_demand_gb_s=31.03
DIAG worker[0] sustained: cpu0(pinned) placement=[0, 2] batches=438243 spans=56079223 eval_ms=4940.8 idle_iters=84554 res_waits=0 fw=0 fw_ms=0.0
DIAG worker[1] sustained: cpu2(pinned) placement=[0, 2] batches=478035 spans=61089040 eval_ms=4896.5 idle_iters=119640 res_waits=2698 fw=0 fw_ms=0.0
DIAG rx sustained: publications=244106 polls=965329 prod_ms=1784.9 bufwait_laps=66457 resets=11095 eos_parks=0 nbuf=16 rx_actual_cpu=3
ADVANCE_DIAGNOSTIC sustained: advances=11095 advance_ms=273.1 us_per_advance=24.6 (F-5 reset/auto-advance hygiene — the synchronous bake tail the per-publication prepatch budget drains; HFT_PREPATCH_BUDGET prices it)
RXWARM_DIAGNOSTIC sustained: enabled=false fixes=0 uncovered=0 last_pass_fixes=0 (F-1 frame-entry warm start; the steady-state law is fixes==0 on pass>=2 — the kill rule reads persistent fixes)
RXBUILD_DIAGNOSTIC sustained: enabled=true patches=244024776 last_pass_patches=21996 frames=21996 (F-2 publish-by-reference master; the steady-state law is every patchable entry patched exactly once per pass boundary)
DIAG cons sustained: parks=1 park_ms=0.0 slow_waits=1 slow_ms=0.0
BENCH mode=replay-hydra-sustained-5s total_msgs=5611382957 duration=5.00s sustained_rate=1122182793 msg/s allocs=0 workers=2 crc_kernel=reflect
PR1_HYDRA_SUSTAINED_VERDICT rate=1122182793 (duration=5.00s, total_msgs=5611382957, workers=2)
PR1_GIGAHFT_VERDICT rate=1122182793 target=1000000000 -> PASS (Project 1.0B: bit-exact, zero-alloc, every byte verified in-window, cross-pass double-buffered fabric)
PR1_R8_FULL_VERIFY_VERDICT rate=1122182793 target=1000000000 -> PASS (R8: 1B msg/s sustained full verification — bit-exact, zero-alloc, every byte CRC32C-verified in-window)
PR1_R16_FULL_VERIFY_VERDICT rate=1122182793 target=2000000000 -> FAIL (R16: 2B msg/s sustained full verification — the Double Helix program, docs/29)
R16B_RXDESC_VERDICT rx_fixes=0 assist_chunks=103194 (array-driven submission telemetry; fixes=0 means every RX prefill entry was already exact)
R23B_AFFINE_VERDICT arm=sustained armed=false tag_hits=0 payload_fallbacks=0 ledger_rows=0 (R23c: zero-re-read affine verification on the worker fabric)
PR1_R23_AFFINE_SUSTAINED_VERDICT rate=1122182793 target=2500000000 -> FAIL (R23: 2.5B+ sustained full verification from register tags — the affine-span algebra program, docs/36)
=== 11oa. R21: Octo-Stream Fold (ofold) ARMED Soak (attribution) ===
[1m[92m    Finished[0m `release` profile [optimized] target(s) in 0.01s
[1m[92m     Running[0m `target/release/bench --hydra-only`
BENCH_CALIBRATION invariant_tsc=true freq_mhz=2300.00 mark_overhead_cycles=36
=== R6. PR-1 HYDRA BIT-EXACT MULTI-CORE SPAN CONFORMANCE ===
BLOB_BACKING mode=mmap anon_huge_kb=14336 map_mb=16.5 verdict=thp-granted
HYDRA_BITPARITY sequential=(count=505849 hash=0x881639cead506f25 msg_hash=0xcbf29ce484222325) hydra=(count=505849 hash=0x881639cead506f25 msg_hash=0xcbf29ce484222325) -> BIT-EXACT
BENCH mode=replay-hydra-burst msgs=505849 rate=525878119 allocs=0 freq=2300.00MHz workers=2 run=1
BENCH mode=replay-hydra-burst msgs=505849 rate=722684789 allocs=0 freq=2300.00MHz workers=2 run=2
BENCH mode=replay-hydra-burst msgs=505849 rate=944493508 allocs=0 freq=2300.00MHz workers=2 run=3
BENCH mode=replay-hydra-burst msgs=505849 rate=983082436 allocs=0 freq=2300.00MHz workers=2 run=4
BENCH mode=replay-hydra-burst msgs=505849 rate=1034462379 allocs=0 freq=2300.00MHz workers=2 run=5
BENCH_MEDIAN mode=replay-hydra-burst rate=944493508
R23B_AFFINE_VERDICT arm=burst armed=false tag_hits=0 payload_fallbacks=0 ledger_rows=0 (R23c: workers verify spans from register tags, zero payload reads; the (prefix,cum) triple checked per-span by the scalar affine law)
PR1_HYDRA_VERDICT rate=944493508 (bit-exact multi-core span conformance: 2 workers, every emitted byte CRC32C-checked in-window, ordered serial fold)
PR1_GIGAHFT_BURST_VERDICT rate=944493508 target=1000000000 -> FAIL (R7 burst reference; the sustained arm below is the gate)
DIAG sustained: passes=11058 reset_ms=679.4 scan_ms=4314.7 end_ms=1.1 pending_max=10992 batches=243276 wait_ms=59.5 work_ms=3887.9 fold_ms=298.0 assist_chunks=107628 bytes_per_msg=27.65 crc_demand_gb_s=30.93
DIAG worker[0] sustained: cpu0(pinned) placement=[0, 2] batches=435733 spans=55750854 eval_ms=4918.8 idle_iters=141510 res_waits=15758 fw=0 fw_ms=0.0
DIAG worker[1] sustained: cpu2(pinned) placement=[0, 2] batches=475138 spans=60738816 eval_ms=4880.8 idle_iters=194141 res_waits=396 fw=0 fw_ms=0.0
DIAG rx sustained: publications=243336 polls=962284 prod_ms=1785.7 bufwait_laps=66417 resets=11060 eos_parks=0 nbuf=16 rx_actual_cpu=3
ADVANCE_DIAGNOSTIC sustained: advances=11060 advance_ms=280.7 us_per_advance=25.4 (F-5 reset/auto-advance hygiene — the synchronous bake tail the per-publication prepatch budget drains; HFT_PREPATCH_BUDGET prices it)
RXWARM_DIAGNOSTIC sustained: enabled=false fixes=0 uncovered=0 last_pass_fixes=0 (F-1 frame-entry warm start; the steady-state law is fixes==0 on pass>=2 — the kill rule reads persistent fixes)
RXBUILD_DIAGNOSTIC sustained: enabled=true patches=243254916 last_pass_patches=21996 frames=21996 (F-2 publish-by-reference master; the steady-state law is every patchable entry patched exactly once per pass boundary)
DIAG cons sustained: parks=17 park_ms=2.8 slow_waits=17 slow_ms=3.0
BENCH mode=replay-hydra-sustained-5s total_msgs=5593678242 duration=5.00s sustained_rate=1118604840 msg/s allocs=0 workers=2 crc_kernel=reflect
PR1_HYDRA_SUSTAINED_VERDICT rate=1118604840 (duration=5.00s, total_msgs=5593678242, workers=2)
PR1_GIGAHFT_VERDICT rate=1118604840 target=1000000000 -> PASS (Project 1.0B: bit-exact, zero-alloc, every byte verified in-window, cross-pass double-buffered fabric)
PR1_R8_FULL_VERIFY_VERDICT rate=1118604840 target=1000000000 -> PASS (R8: 1B msg/s sustained full verification — bit-exact, zero-alloc, every byte CRC32C-verified in-window)
PR1_R16_FULL_VERIFY_VERDICT rate=1118604840 target=2000000000 -> FAIL (R16: 2B msg/s sustained full verification — the Double Helix program, docs/29)
R16B_RXDESC_VERDICT rx_fixes=0 assist_chunks=107628 (array-driven submission telemetry; fixes=0 means every RX prefill entry was already exact)
R23B_AFFINE_VERDICT arm=sustained armed=false tag_hits=0 payload_fallbacks=0 ledger_rows=0 (R23c: zero-re-read affine verification on the worker fabric)
PR1_R23_AFFINE_SUSTAINED_VERDICT rate=1118604840 target=2500000000 -> FAIL (R23: 2.5B+ sustained full verification from register tags — the affine-span algebra program, docs/36)
=== 11fb. R21: Fused In-Register Verification ARMED (the Task 2 shape) ===
[1m[92m    Finished[0m `release` profile [optimized] target(s) in 0.01s
[1m[92m     Running[0m `target/release/bench --hydra-only`
BENCH_CALIBRATION invariant_tsc=true freq_mhz=2300.00 mark_overhead_cycles=36
=== R6. PR-1 HYDRA BIT-EXACT MULTI-CORE SPAN CONFORMANCE ===
BLOB_BACKING mode=mmap anon_huge_kb=16384 map_mb=16.5 verdict=thp-granted
HYDRA_FUSED_DIAGNOSTIC force_inline=true kernel=reflect assist_slots=64 (R21 Task 2: submit-side fused verification — every span CRC evaluates on the submitting core at the framing point; the workers never re-read the payload, the 2nd memory pass is eliminated)
HYDRA_BITPARITY sequential=(count=505849 hash=0x881639cead506f25 msg_hash=0xcbf29ce484222325) hydra=(count=505849 hash=0x881639cead506f25 msg_hash=0xcbf29ce484222325) -> BIT-EXACT
BENCH mode=replay-hydra-burst msgs=505849 rate=227781827 allocs=0 freq=2300.00MHz workers=2 run=1
BENCH mode=replay-hydra-burst msgs=505849 rate=301303078 allocs=0 freq=2300.00MHz workers=2 run=2
BENCH mode=replay-hydra-burst msgs=505849 rate=424468961 allocs=0 freq=2300.00MHz workers=2 run=3
BENCH mode=replay-hydra-burst msgs=505849 rate=461156901 allocs=0 freq=2300.00MHz workers=2 run=4
BENCH mode=replay-hydra-burst msgs=505849 rate=467719565 allocs=0 freq=2300.00MHz workers=2 run=5
BENCH_MEDIAN mode=replay-hydra-burst rate=424468961
R23B_AFFINE_VERDICT arm=burst armed=false tag_hits=0 payload_fallbacks=0 ledger_rows=0 (R23c: workers verify spans from register tags, zero payload reads; the (prefix,cum) triple checked per-span by the scalar affine law)
PR1_HYDRA_VERDICT rate=424468961 (bit-exact multi-core span conformance: 2 workers, every emitted byte CRC32C-checked in-window, ordered serial fold)
PR1_GIGAHFT_BURST_VERDICT rate=424468961 target=1000000000 -> FAIL (R7 burst reference; the sustained arm below is the gate)
DIAG sustained: passes=4208 reset_ms=221.4 scan_ms=4775.2 end_ms=0.4 pending_max=48 batches=92576 wait_ms=18.1 work_ms=4649.8 fold_ms=84.7 assist_chunks=725880 bytes_per_msg=27.65 crc_demand_gb_s=11.77
DIAG worker[0] sustained: cpu0(pinned) placement=[0, 2] batches=0 spans=0 eval_ms=0.0 idle_iters=12554616 res_waits=0 fw=0 fw_ms=0.0
DIAG worker[1] sustained: cpu2(pinned) placement=[0, 2] batches=0 spans=0 eval_ms=0.0 idle_iters=16084998 res_waits=0 fw=0 fw_ms=0.0
DIAG rx sustained: publications=92636 polls=366334 prod_ms=560.4 bufwait_laps=109111 resets=4210 eos_parks=0 nbuf=16 rx_actual_cpu=3
ADVANCE_DIAGNOSTIC sustained: advances=4210 advance_ms=78.5 us_per_advance=18.6 (F-5 reset/auto-advance hygiene — the synchronous bake tail the per-publication prepatch budget drains; HFT_PREPATCH_BUDGET prices it)
RXWARM_DIAGNOSTIC sustained: enabled=false fixes=0 uncovered=0 last_pass_fixes=0 (F-1 frame-entry warm start; the steady-state law is fixes==0 on pass>=2 — the kill rule reads persistent fixes)
RXBUILD_DIAGNOSTIC sustained: enabled=true patches=92581996 last_pass_patches=22060 frames=21996 (F-2 publish-by-reference master; the steady-state law is every patchable entry patched exactly once per pass boundary)
DIAG cons sustained: parks=3 park_ms=0.3 slow_waits=3 slow_ms=0.3
BENCH mode=replay-hydra-sustained-5s total_msgs=2128612592 duration=5.00s sustained_rate=425664549 msg/s allocs=0 workers=2 crc_kernel=reflect
PR1_HYDRA_SUSTAINED_VERDICT rate=425664549 (duration=5.00s, total_msgs=2128612592, workers=2)
PR1_GIGAHFT_VERDICT rate=425664549 target=1000000000 -> FAIL (Project 1.0B: bit-exact, zero-alloc, every byte verified in-window, cross-pass double-buffered fabric)
PR1_R8_FULL_VERIFY_VERDICT rate=425664549 target=1000000000 -> FAIL (R8: 1B msg/s sustained full verification — bit-exact, zero-alloc, every byte CRC32C-verified in-window)
PR1_R16_FULL_VERIFY_VERDICT rate=425664549 target=2000000000 -> FAIL (R16: 2B msg/s sustained full verification — the Double Helix program, docs/29)
R16B_RXDESC_VERDICT rx_fixes=0 assist_chunks=725880 (array-driven submission telemetry; fixes=0 means every RX prefill entry was already exact)
R23B_AFFINE_VERDICT arm=sustained armed=false tag_hits=0 payload_fallbacks=0 ledger_rows=0 (R23c: zero-re-read affine verification on the worker fabric)
PR1_R23_AFFINE_SUSTAINED_VERDICT rate=425664549 target=2500000000 -> FAIL (R23: 2.5B+ sustained full verification from register tags — the affine-span algebra program, docs/36)
=== 11w. R16b/R17: Array-Driven Submission (rxdesc) ARMED (attribution) ===
[1m[92m    Finished[0m `release` profile [optimized] target(s) in 0.01s
[1m[92m     Running[0m `target/release/bench --hydra-only`
BENCH_CALIBRATION invariant_tsc=true freq_mhz=2300.00 mark_overhead_cycles=36
=== R6. PR-1 HYDRA BIT-EXACT MULTI-CORE SPAN CONFORMANCE ===
BLOB_BACKING mode=mmap anon_huge_kb=16384 map_mb=16.5 verdict=thp-granted
HYDRA_BITPARITY sequential=(count=505849 hash=0x881639cead506f25 msg_hash=0xcbf29ce484222325) hydra=(count=505849 hash=0x881639cead506f25 msg_hash=0xcbf29ce484222325) -> BIT-EXACT
BENCH mode=replay-hydra-burst msgs=505849 rate=660415219 allocs=0 freq=2300.00MHz workers=2 run=1
BENCH mode=replay-hydra-burst msgs=505849 rate=839427359 allocs=0 freq=2300.00MHz workers=2 run=2
BENCH mode=replay-hydra-burst msgs=505849 rate=905941959 allocs=0 freq=2300.00MHz workers=2 run=3
BENCH mode=replay-hydra-burst msgs=505849 rate=898794970 allocs=0 freq=2300.00MHz workers=2 run=4
BENCH mode=replay-hydra-burst msgs=505849 rate=937373643 allocs=0 freq=2300.00MHz workers=2 run=5
BENCH_MEDIAN mode=replay-hydra-burst rate=898794970
R23B_AFFINE_VERDICT arm=burst armed=false tag_hits=0 payload_fallbacks=0 ledger_rows=0 (R23c: workers verify spans from register tags, zero payload reads; the (prefix,cum) triple checked per-span by the scalar affine law)
PR1_HYDRA_VERDICT rate=898794970 (bit-exact multi-core span conformance: 2 workers, every emitted byte CRC32C-checked in-window, ordered serial fold)
PR1_GIGAHFT_BURST_VERDICT rate=898794970 target=1000000000 -> FAIL (R7 burst reference; the sustained arm below is the gate)
DIAG sustained: passes=9012 reset_ms=540.8 scan_ms=4453.9 end_ms=0.9 pending_max=7136 batches=198264 wait_ms=44.8 work_ms=4119.3 fold_ms=226.6 assist_chunks=17395 bytes_per_msg=27.65 crc_demand_gb_s=25.21
DIAG worker[0] sustained: cpu0(pinned) placement=[0, 2] batches=385101 spans=49174016 eval_ms=4795.0 idle_iters=137043 res_waits=0 fw=70458 fw_ms=98.4
DIAG worker[1] sustained: cpu2(pinned) placement=[0, 2] batches=382524 spans=48783664 eval_ms=4345.8 idle_iters=363430 res_waits=0 fw=190183 fw_ms=257.2
DIAG rx sustained: publications=198324 polls=784282 prod_ms=1317.1 bufwait_laps=71764 resets=9014 eos_parks=0 nbuf=16 rx_actual_cpu=3
ADVANCE_DIAGNOSTIC sustained: advances=9014 advance_ms=209.4 us_per_advance=23.2 (F-5 reset/auto-advance hygiene — the synchronous bake tail the per-publication prepatch budget drains; HFT_PREPATCH_BUDGET prices it)
RXWARM_DIAGNOSTIC sustained: enabled=false fixes=0 uncovered=0 last_pass_fixes=0 (F-1 frame-entry warm start; the steady-state law is fixes==0 on pass>=2 — the kill rule reads persistent fixes)
RXBUILD_DIAGNOSTIC sustained: enabled=true patches=198250844 last_pass_patches=21868 frames=21996 (F-2 publish-by-reference master; the steady-state law is every patchable entry patched exactly once per pass boundary)
DIAG cons sustained: parks=6 park_ms=1.5 slow_waits=6 slow_ms=1.6
BENCH mode=replay-hydra-sustained-5s total_msgs=4558711188 duration=5.00s sustained_rate=911657940 msg/s allocs=0 workers=2 crc_kernel=reflect
PR1_HYDRA_SUSTAINED_VERDICT rate=911657940 (duration=5.00s, total_msgs=4558711188, workers=2)
PR1_GIGAHFT_VERDICT rate=911657940 target=1000000000 -> FAIL (Project 1.0B: bit-exact, zero-alloc, every byte verified in-window, cross-pass double-buffered fabric)
PR1_R8_FULL_VERIFY_VERDICT rate=911657940 target=1000000000 -> FAIL (R8: 1B msg/s sustained full verification — bit-exact, zero-alloc, every byte CRC32C-verified in-window)
PR1_R16_FULL_VERIFY_VERDICT rate=911657940 target=2000000000 -> FAIL (R16: 2B msg/s sustained full verification — the Double Helix program, docs/29)
R16B_RXDESC_VERDICT rx_fixes=0 assist_chunks=17395 (array-driven submission telemetry; fixes=0 means every RX prefill entry was already exact)
R23B_AFFINE_VERDICT arm=sustained armed=false tag_hits=0 payload_fallbacks=0 ledger_rows=0 (R23c: zero-re-read affine verification on the worker fabric)
PR1_R23_AFFINE_SUSTAINED_VERDICT rate=911657940 target=2500000000 -> FAIL (R23: 2.5B+ sustained full verification from register tags — the affine-span algebra program, docs/36)
=== 11ab. R23c: Affine-Tag Zero-Re-Read Verification ARMED (the affine ship) ===
[1m[92m    Finished[0m `release` profile [optimized] target(s) in 0.01s
[1m[92m     Running[0m `target/release/bench --hydra-only`
BENCH_CALIBRATION invariant_tsc=true freq_mhz=2300.00 mark_overhead_cycles=34
=== R6. PR-1 HYDRA BIT-EXACT MULTI-CORE SPAN CONFORMANCE ===
BLOB_BACKING mode=mmap anon_huge_kb=16384 map_mb=16.5 verdict=thp-granted
HYDRA_BITPARITY sequential=(count=505849 hash=0x881639cead506f25 msg_hash=0xcbf29ce484222325) hydra=(count=505849 hash=0x881639cead506f25 msg_hash=0xcbf29ce484222325) -> BIT-EXACT
BENCH mode=replay-hydra-burst msgs=505849 rate=682355178 allocs=0 freq=2300.00MHz workers=2 run=1
BENCH mode=replay-hydra-burst msgs=505849 rate=554936459 allocs=0 freq=2300.00MHz workers=2 run=2
BENCH mode=replay-hydra-burst msgs=505849 rate=693856304 allocs=0 freq=2300.00MHz workers=2 run=3
BENCH mode=replay-hydra-burst msgs=505849 rate=671941520 allocs=0 freq=2300.00MHz workers=2 run=4
BENCH mode=replay-hydra-burst msgs=505849 rate=684527893 allocs=0 freq=2300.00MHz workers=2 run=5
BENCH_MEDIAN mode=replay-hydra-burst rate=682355178
R23B_AFFINE_VERDICT arm=burst armed=true tag_hits=65952 payload_fallbacks=0 ledger_rows=21984 (R23c: workers verify spans from register tags, zero payload reads; the (prefix,cum) triple checked per-span by the scalar affine law)
PR1_HYDRA_VERDICT rate=682355178 (bit-exact multi-core span conformance: 2 workers, every emitted byte CRC32C-checked in-window, ordered serial fold)
PR1_GIGAHFT_BURST_VERDICT rate=682355178 target=1000000000 -> FAIL (R7 burst reference; the sustained arm below is the gate)
DIAG sustained: passes=8649 reset_ms=915.4 scan_ms=4079.8 end_ms=0.7 pending_max=2432 batches=190278 wait_ms=38.7 work_ms=3765.6 fold_ms=239.5 assist_chunks=125 bytes_per_msg=27.65 crc_demand_gb_s=24.19
DIAG worker[0] sustained: cpu0(pinned) placement=[0, 2] batches=371958 spans=47536448 eval_ms=1284.5 idle_iters=2722951 res_waits=0 fw=1238911 fw_ms=2229.3
DIAG worker[1] sustained: cpu2(pinned) placement=[0, 2] batches=371998 spans=47536352 eval_ms=1224.5 idle_iters=2792193 res_waits=0 fw=1213291 fw_ms=2261.5
DIAG rx sustained: publications=190324 polls=752648 prod_ms=1098.9 bufwait_laps=127140 resets=8651 eos_parks=0 nbuf=16 rx_actual_cpu=3
ADVANCE_DIAGNOSTIC sustained: advances=8651 advance_ms=281.7 us_per_advance=32.6 (F-5 reset/auto-advance hygiene — the synchronous bake tail the per-publication prepatch budget drains; HFT_PREPATCH_BUDGET prices it)
RXWARM_DIAGNOSTIC sustained: enabled=false fixes=0 uncovered=0 last_pass_fixes=0 (F-1 frame-entry warm start; the steady-state law is fixes==0 on pass>=2 — the kill rule reads persistent fixes)
RXBUILD_DIAGNOSTIC sustained: enabled=true patches=190266168 last_pass_patches=21996 frames=21996 (F-2 publish-by-reference master; the steady-state law is every patchable entry patched exactly once per pass boundary)
DIAG cons sustained: parks=11 park_ms=5.2 slow_waits=11 slow_ms=5.3
BENCH mode=replay-hydra-sustained-5s total_msgs=4375088001 duration=5.00s sustained_rate=874923447 msg/s allocs=0 workers=2 crc_kernel=reflect
PR1_HYDRA_SUSTAINED_VERDICT rate=874923447 (duration=5.00s, total_msgs=4375088001, workers=2)
PR1_GIGAHFT_VERDICT rate=874923447 target=1000000000 -> FAIL (Project 1.0B: bit-exact, zero-alloc, every byte verified in-window, cross-pass double-buffered fabric)
PR1_R8_FULL_VERIFY_VERDICT rate=874923447 target=1000000000 -> FAIL (R8: 1B msg/s sustained full verification — bit-exact, zero-alloc, every byte CRC32C-verified in-window)
PR1_R16_FULL_VERIFY_VERDICT rate=874923447 target=2000000000 -> FAIL (R16: 2B msg/s sustained full verification — the Double Helix program, docs/29)
R16B_RXDESC_VERDICT rx_fixes=0 assist_chunks=125 (array-driven submission telemetry; fixes=0 means every RX prefill entry was already exact)
R23B_AFFINE_VERDICT arm=sustained armed=true tag_hits=95072800 payload_fallbacks=0 ledger_rows=21984 (R23c: zero-re-read affine verification on the worker fabric)
PR1_R23_AFFINE_SUSTAINED_VERDICT rate=874923447 target=2500000000 -> FAIL (R23: 2.5B+ sustained full verification from register tags — the affine-span algebra program, docs/36)
R23B_AFFINE_VERDICT arm=sustained armed=true tag_hits=95072800 payload_fallbacks=0 ledger_rows=21984 (R23c: zero-re-read affine verification on the worker fabric)
PR1_R23_AFFINE_SUSTAINED_VERDICT rate=874923447 target=2500000000 -> FAIL (R23: 2.5B+ sustained full verification from register tags — the affine-span algebra program, docs/36)
=== 11z. R17: Null-Mode Instrument (the non-CRC fabric ceiling) ===
[1m[92m    Finished[0m `release` profile [optimized] target(s) in 0.01s
[1m[92m     Running[0m `target/release/bench --hydra-only`
BENCH_CALIBRATION invariant_tsc=true freq_mhz=2300.00 mark_overhead_cycles=36
=== R6. PR-1 HYDRA BIT-EXACT MULTI-CORE SPAN CONFORMANCE ===
BLOB_BACKING mode=mmap anon_huge_kb=16384 map_mb=16.5 verdict=thp-granted
HYDRA_NULL_MODE_DIAGNOSTIC workers skip the CRC kernel — parity asserts DISABLED, rate is the pipeline-overhead ceiling only
BENCH mode=replay-hydra-burst msgs=505849 rate=1590215057 allocs=0 freq=2300.00MHz workers=2 run=1
BENCH mode=replay-hydra-burst msgs=505849 rate=1693405464 allocs=0 freq=2300.00MHz workers=2 run=2
BENCH mode=replay-hydra-burst msgs=505849 rate=1694591099 allocs=0 freq=2300.00MHz workers=2 run=3
BENCH mode=replay-hydra-burst msgs=505849 rate=1639997406 allocs=0 freq=2300.00MHz workers=2 run=4
BENCH mode=replay-hydra-burst msgs=505849 rate=1648500589 allocs=0 freq=2300.00MHz workers=2 run=5
BENCH_MEDIAN mode=replay-hydra-burst rate=1648500589
R23B_AFFINE_VERDICT arm=burst armed=false tag_hits=0 payload_fallbacks=0 ledger_rows=0 (R23c: workers verify spans from register tags, zero payload reads; the (prefix,cum) triple checked per-span by the scalar affine law)
PR1_HYDRA_VERDICT rate=1648500589 (bit-exact multi-core span conformance: 2 workers, every emitted byte CRC32C-checked in-window, ordered serial fold)
PR1_GIGAHFT_BURST_VERDICT rate=1648500589 target=1000000000 -> PASS (R7 burst reference; the sustained arm below is the gate)
DIAG sustained: passes=14024 reset_ms=444.0 scan_ms=4550.9 end_ms=1.0 pending_max=2272 batches=308528 wait_ms=67.0 work_ms=4072.7 fold_ms=366.9 assist_chunks=4 bytes_per_msg=27.65 crc_demand_gb_s=39.23
DIAG worker[0] sustained: cpu0(pinned) placement=[0, 2] batches=1209442 spans=78290804 eval_ms=475.4 idle_iters=14740290 res_waits=0 fw=0 fw_ms=0.0
DIAG worker[1] sustained: cpu2(pinned) placement=[0, 2] batches=1209506 spans=78291048 eval_ms=673.0 idle_iters=14787661 res_waits=0 fw=0 fw_ms=0.0
DIAG rx sustained: publications=308588 polls=1220326 prod_ms=1806.3 bufwait_laps=81222 resets=14026 eos_parks=0 nbuf=16 rx_actual_cpu=3
ADVANCE_DIAGNOSTIC sustained: advances=14026 advance_ms=126.2 us_per_advance=9.0 (F-5 reset/auto-advance hygiene — the synchronous bake tail the per-publication prepatch budget drains; HFT_PREPATCH_BUDGET prices it)
RXWARM_DIAGNOSTIC sustained: enabled=false fixes=0 uncovered=0 last_pass_fixes=0 (F-1 frame-entry warm start; the steady-state law is fixes==0 on pass>=2 — the kill rule reads persistent fixes)
RXBUILD_DIAGNOSTIC sustained: enabled=true patches=308495116 last_pass_patches=21996 frames=21996 (F-2 publish-by-reference master; the steady-state law is every patchable entry patched exactly once per pass boundary)
DIAG cons sustained: parks=19 park_ms=1.5 slow_waits=19 slow_ms=1.7
BENCH mode=replay-hydra-sustained-5s total_msgs=7094026376 duration=5.00s sustained_rate=1418642990 msg/s allocs=0 workers=2 crc_kernel=reflect
PR1_HYDRA_SUSTAINED_VERDICT rate=1418642990 (duration=5.00s, total_msgs=7094026376, workers=2)
PR1_GIGAHFT_VERDICT rate=1418642990 target=1000000000 -> PASS (Project 1.0B: bit-exact, zero-alloc, every byte verified in-window, cross-pass double-buffered fabric)
PR1_R8_FULL_VERIFY_VERDICT rate=1418642990 target=1000000000 -> PASS (R8: 1B msg/s sustained full verification — bit-exact, zero-alloc, every byte CRC32C-verified in-window)
PR1_R16_FULL_VERIFY_VERDICT rate=1418642990 target=2000000000 -> FAIL (R16: 2B msg/s sustained full verification — the Double Helix program, docs/29)
R16B_RXDESC_VERDICT rx_fixes=0 assist_chunks=4 (array-driven submission telemetry; fixes=0 means every RX prefill entry was already exact)
R23B_AFFINE_VERDICT arm=sustained armed=false tag_hits=0 payload_fallbacks=0 ledger_rows=0 (R23c: zero-re-read affine verification on the worker fabric)
PR1_R23_AFFINE_SUSTAINED_VERDICT rate=1418642990 target=2500000000 -> FAIL (R23: 2.5B+ sustained full verification from register tags — the affine-span algebra program, docs/36)
=== 11wn. R17/F-1: RX Frame-Entry Warm Start ARMED (the refuted lever's pricing instrument) ===
[1m[92m    Finished[0m `release` profile [optimized] target(s) in 0.01s
[1m[92m     Running[0m `target/release/bench --hydra-only`
BENCH_CALIBRATION invariant_tsc=true freq_mhz=2300.00 mark_overhead_cycles=36
=== R6. PR-1 HYDRA BIT-EXACT MULTI-CORE SPAN CONFORMANCE ===
BLOB_BACKING mode=mmap anon_huge_kb=16384 map_mb=16.5 verdict=thp-granted
HYDRA_BITPARITY sequential=(count=505849 hash=0x881639cead506f25 msg_hash=0xcbf29ce484222325) hydra=(count=505849 hash=0x881639cead506f25 msg_hash=0xcbf29ce484222325) -> BIT-EXACT
BENCH mode=replay-hydra-burst msgs=505849 rate=486905456 allocs=0 freq=2300.00MHz workers=2 run=1
BENCH mode=replay-hydra-burst msgs=505849 rate=737930289 allocs=0 freq=2300.00MHz workers=2 run=2
BENCH mode=replay-hydra-burst msgs=505849 rate=879945517 allocs=0 freq=2300.00MHz workers=2 run=3
BENCH mode=replay-hydra-burst msgs=505849 rate=717895116 allocs=0 freq=2300.00MHz workers=2 run=4
BENCH mode=replay-hydra-burst msgs=505849 rate=736503476 allocs=0 freq=2300.00MHz workers=2 run=5
BENCH_MEDIAN mode=replay-hydra-burst rate=736503476
R23B_AFFINE_VERDICT arm=burst armed=false tag_hits=0 payload_fallbacks=0 ledger_rows=0 (R23c: workers verify spans from register tags, zero payload reads; the (prefix,cum) triple checked per-span by the scalar affine law)
PR1_HYDRA_VERDICT rate=736503476 (bit-exact multi-core span conformance: 2 workers, every emitted byte CRC32C-checked in-window, ordered serial fold)
PR1_GIGAHFT_BURST_VERDICT rate=736503476 target=1000000000 -> FAIL (R7 burst reference; the sustained arm below is the gate)
DIAG sustained: passes=8604 reset_ms=1053.2 scan_ms=3941.9 end_ms=0.8 pending_max=7230 batches=189288 wait_ms=1223.0 work_ms=2467.7 fold_ms=222.1 assist_chunks=87 bytes_per_msg=27.65 crc_demand_gb_s=24.07
DIAG worker[0] sustained: cpu0(pinned) placement=[0, 2] batches=392339 spans=48033350 eval_ms=4145.1 idle_iters=2611648 res_waits=0 fw=0 fw_ms=0.0
DIAG worker[1] sustained: cpu2(pinned) placement=[0, 2] batches=397469 spans=48031192 eval_ms=4035.5 idle_iters=2498677 res_waits=0 fw=0 fw_ms=0.0
DIAG rx sustained: publications=189348 polls=748786 prod_ms=3711.7 bufwait_laps=9001 resets=8606 eos_parks=0 nbuf=16 rx_actual_cpu=3
ADVANCE_DIAGNOSTIC sustained: advances=8606 advance_ms=483.9 us_per_advance=56.2 (F-5 reset/auto-advance hygiene — the synchronous bake tail the per-publication prepatch budget drains; HFT_PREPATCH_BUDGET prices it)
RXWARM_DIAGNOSTIC sustained: enabled=true fixes=21996 uncovered=0 last_pass_fixes=0 (F-1 frame-entry warm start; the steady-state law is fixes==0 on pass>=2 — the kill rule reads persistent fixes)
RXBUILD_DIAGNOSTIC sustained: enabled=false patches=0 last_pass_patches=0 frames=0 (F-2 publish-by-reference master; the steady-state law is every patchable entry patched exactly once per pass boundary)
DIAG cons sustained: parks=1208 park_ms=16.5 slow_waits=1259 slow_ms=30.6
BENCH mode=replay-hydra-sustained-5s total_msgs=4352324796 duration=5.00s sustained_rate=870323818 msg/s allocs=0 workers=2 crc_kernel=reflect
PR1_HYDRA_SUSTAINED_VERDICT rate=870323818 (duration=5.00s, total_msgs=4352324796, workers=2)
PR1_GIGAHFT_VERDICT rate=870323818 target=1000000000 -> FAIL (Project 1.0B: bit-exact, zero-alloc, every byte verified in-window, cross-pass double-buffered fabric)
PR1_R8_FULL_VERIFY_VERDICT rate=870323818 target=1000000000 -> FAIL (R8: 1B msg/s sustained full verification — bit-exact, zero-alloc, every byte CRC32C-verified in-window)
PR1_R16_FULL_VERIFY_VERDICT rate=870323818 target=2000000000 -> FAIL (R16: 2B msg/s sustained full verification — the Double Helix program, docs/29)
R16B_RXDESC_VERDICT rx_fixes=0 assist_chunks=87 (array-driven submission telemetry; fixes=0 means every RX prefill entry was already exact)
R23B_AFFINE_VERDICT arm=sustained armed=false tag_hits=0 payload_fallbacks=0 ledger_rows=0 (R23c: zero-re-read affine verification on the worker fabric)
PR1_R23_AFFINE_SUSTAINED_VERDICT rate=870323818 target=2500000000 -> FAIL (R23: 2.5B+ sustained full verification from register tags — the affine-span algebra program, docs/36)
[1m[92m    Finished[0m `release` profile [optimized] target(s) in 0.01s
[1m[92m     Running[0m `target/release/hft_bench --sample data/tests/sample-mini.itch --runs 5 --warmup 2 --output-format json`
HFT_BENCH_CALIBRATION invariant_tsc=true freq_mhz=2300.00 mark_overhead_cycles=34 target_env=gnu
TOPOLOGY_VERIFICATION main=Some(0) rx=Some(2) -> VERIFIED (distinct physical cores, same L3 domain — the deterministic 0.21 cyc/msg mode)
BLOB_BACKING mode=mmap anon_huge_kb=16384 map_mb=16.5 verdict=thp-granted
HFT_BENCH_WARMUP 1/2 arm=classic rate=351955921
HFT_BENCH_WARMUP 2/2 arm=classic rate=404329535
HFT_BENCH_RUN 1/5 arm=classic rate=595891831 cyc=3.86
HFT_BENCH_RUN 2/5 arm=classic rate=658057759 cyc=3.50
HFT_BENCH_RUN 3/5 arm=classic rate=706010838 cyc=3.26
HFT_BENCH_RUN 4/5 arm=classic rate=679029315 cyc=3.39
HFT_BENCH_RUN 5/5 arm=classic rate=706348984 cyc=3.26
HFT_BENCH_WARMUP 1/2 arm=span rate=1117831643
HFT_BENCH_WARMUP 2/2 arm=span rate=1735658529
HFT_BENCH_RUN 1/5 arm=span rate=1470213477 cyc=1.56
HFT_BENCH_RUN 2/5 arm=span rate=2053400284 cyc=1.12
HFT_BENCH_RUN 3/5 arm=span rate=2035904597 cyc=1.13
HFT_BENCH_RUN 4/5 arm=span rate=1950449199 cyc=1.18
HFT_BENCH_RUN 5/5 arm=span rate=2087395547 cyc=1.10
DIAG rx span: publications=170 polls=673 prod_ms=2.2 bufwait_laps=63 resets=7 eos_parks=7 nbuf=16 rx_actual_cpu=2
ADVANCE_DIAGNOSTIC span: advances=0 advance_ms=0.0 us_per_advance=0.0 (F-5 reset/auto-advance hygiene — the synchronous bake tail the per-publication prepatch budget drains; HFT_PREPATCH_BUDGET prices it)
RXWARM_DIAGNOSTIC span: enabled=true fixes=21996 uncovered=0 last_pass_fixes=0 (F-1 frame-entry warm start; the steady-state law is fixes==0 on pass>=2 — the kill rule reads persistent fixes)
RXBUILD_DIAGNOSTIC span: enabled=false patches=0 last_pass_patches=0 frames=0 (F-2 publish-by-reference master; the steady-state law is every patchable entry patched exactly once per pass boundary)
DIAG cons span: parks=14 park_ms=0.2 slow_waits=15 slow_ms=0.4
LADDER_DIAGNOSTIC span: vectorized=false (F-3 entry walk; HFT_VEC_LADDER=1 arms the 8-entry group path — the Front A consumer IS the post-F-2 wall)
HFT_BENCH_WARMUP 1/2 arm=spec rate=214385219
HFT_BENCH_WARMUP 2/2 arm=spec rate=214964371
HFT_BENCH_RUN 1/5 arm=spec rate=227925926
HFT_BENCH_RUN 2/5 arm=spec rate=233300756
HFT_BENCH_RUN 3/5 arm=spec rate=233379546
HFT_BENCH_RUN 4/5 arm=spec rate=234315947
HFT_BENCH_RUN 5/5 arm=spec rate=237846573
PR1_R23_PURE_INGEST_VERDICT rate=233379546 target=15000000000 -> FAIL (R23: 15B msg/s pure ingest with the speculative 512-bit slicer — the 20B mode's pricing row; the R8/R16 span-arm gates above stay the asserting floor)
DIAG rx spec: publications=91 polls=609 prod_ms=1.4 bufwait_laps=0 resets=7 eos_parks=7 nbuf=16 rx_actual_cpu=2
ADVANCE_DIAGNOSTIC spec: advances=0 advance_ms=0.0 us_per_advance=0.0 (F-5 reset/auto-advance hygiene — the synchronous bake tail the per-publication prepatch budget drains; HFT_PREPATCH_BUDGET prices it)
RXWARM_DIAGNOSTIC spec: enabled=true fixes=10998 uncovered=0 last_pass_fixes=0 (F-1 frame-entry warm start; the steady-state law is fixes==0 on pass>=2 — the kill rule reads persistent fixes)
RXBUILD_DIAGNOSTIC spec: enabled=false patches=0 last_pass_patches=0 frames=0 (F-2 publish-by-reference master; the steady-state law is every patchable entry patched exactly once per pass boundary)
DIAG cons spec: parks=2 park_ms=0.0 slow_waits=2 slow_ms=0.0
PR1_R8_PURE_INGEST_VERDICT rate=2035904596 target=2000000000 -> PASS (R8: 2B msg/s pure ingest — full pipeline live, span emission, zero verification skipped)
PR1_R16_PURE_INGEST_VERDICT rate=2035904596 target=5000000000 -> FAIL (R16: 5B msg/s pure ingest — the Double Helix program, docs/29)
{
  "median_cycles": 3.3872,
  "p95_cycles": 3.8598,
  "p99_cycles": 3.8598,
  "stddev": 0.2229,
  "cv_percent": 6.5805,
  "runs": 5,
  "warmup": 2,
  "cpu_model": "INTEL(R) XEON(R) PLATINUM 8573C",
  "freq_mhz": 2300.00,
  "target": "x86_64-unknown-linux-gnu",
  "sink": "count+span",
  "sample": "data/tests/sample-mini.itch",
  "span_median_cycles": 1.1297,
  "span_p95_cycles": 1.5644,
  "span_p99_cycles": 1.5644,
  "span_stddev": 0.1746,
  "span_cv_percent": 15.4519,
  "span_rate_msg_per_sec": 2035904596,
  "r8_pure_ingest_target": 2000000000,
  "r8_pure_ingest_verdict": "PASS",
  "r16_pure_ingest_target": 5000000000,
  "r16_pure_ingest_verdict": "FAIL",
  "spec_rate_msg_per_sec": 233379546,
  "r23_pure_ingest_target": 15000000000,
  "r23_pure_ingest_verdict": "FAIL"
}
=== 11rb. R17/F-2: Publish-by-Reference ROLLBACK (the classic-path pricing arm — the default IS rxbuild since the F-2 verdict) ===
[1m[92m    Finished[0m `release` profile [optimized] target(s) in 0.01s
[1m[92m     Running[0m `target/release/bench --hydra-only`
BENCH_CALIBRATION invariant_tsc=true freq_mhz=2300.00 mark_overhead_cycles=36
=== R6. PR-1 HYDRA BIT-EXACT MULTI-CORE SPAN CONFORMANCE ===
BLOB_BACKING mode=mmap anon_huge_kb=14336 map_mb=16.5 verdict=thp-granted
HYDRA_BITPARITY sequential=(count=505849 hash=0x881639cead506f25 msg_hash=0xcbf29ce484222325) hydra=(count=505849 hash=0x881639cead506f25 msg_hash=0xcbf29ce484222325) -> BIT-EXACT
BENCH mode=replay-hydra-burst msgs=505849 rate=537541363 allocs=0 freq=2300.00MHz workers=2 run=1
BENCH mode=replay-hydra-burst msgs=505849 rate=794344650 allocs=0 freq=2300.00MHz workers=2 run=2
BENCH mode=replay-hydra-burst msgs=505849 rate=963753205 allocs=0 freq=2300.00MHz workers=2 run=3
BENCH mode=replay-hydra-burst msgs=505849 rate=945520986 allocs=0 freq=2300.00MHz workers=2 run=4
BENCH mode=replay-hydra-burst msgs=505849 rate=970949203 allocs=0 freq=2300.00MHz workers=2 run=5
BENCH_MEDIAN mode=replay-hydra-burst rate=945520986
R23B_AFFINE_VERDICT arm=burst armed=false tag_hits=0 payload_fallbacks=0 ledger_rows=0 (R23c: workers verify spans from register tags, zero payload reads; the (prefix,cum) triple checked per-span by the scalar affine law)
PR1_HYDRA_VERDICT rate=945520986 (bit-exact multi-core span conformance: 2 workers, every emitted byte CRC32C-checked in-window, ordered serial fold)
PR1_GIGAHFT_BURST_VERDICT rate=945520986 target=1000000000 -> FAIL (R7 burst reference; the sustained arm below is the gate)
DIAG sustained: passes=9891 reset_ms=813.2 scan_ms=4181.6 end_ms=0.9 pending_max=10992 batches=217602 wait_ms=1045.0 work_ms=2846.2 fold_ms=256.1 assist_chunks=277 bytes_per_msg=27.65 crc_demand_gb_s=27.67
DIAG worker[0] sustained: cpu0(pinned) placement=[0, 2] batches=446295 spans=55202858 eval_ms=4672.3 idle_iters=768083 res_waits=0 fw=0 fw_ms=0.0
DIAG worker[1] sustained: cpu2(pinned) placement=[0, 2] batches=451430 spans=55218172 eval_ms=4474.1 idle_iters=1317624 res_waits=919 fw=0 fw_ms=0.0
DIAG rx sustained: publications=217657 polls=860736 prod_ms=3967.8 bufwait_laps=10326 resets=9893 eos_parks=0 nbuf=16 rx_actual_cpu=3
ADVANCE_DIAGNOSTIC sustained: advances=9893 advance_ms=59.0 us_per_advance=6.0 (F-5 reset/auto-advance hygiene — the synchronous bake tail the per-publication prepatch budget drains; HFT_PREPATCH_BUDGET prices it)
RXWARM_DIAGNOSTIC sustained: enabled=false fixes=0 uncovered=0 last_pass_fixes=0 (F-1 frame-entry warm start; the steady-state law is fixes==0 on pass>=2 — the kill rule reads persistent fixes)
RXBUILD_DIAGNOSTIC sustained: enabled=false patches=0 last_pass_patches=0 frames=0 (F-2 publish-by-reference master; the steady-state law is every patchable entry patched exactly once per pass boundary)
DIAG cons sustained: parks=654 park_ms=9.2 slow_waits=682 slow_ms=17.1
BENCH mode=replay-hydra-sustained-5s total_msgs=5003352459 duration=5.00s sustained_rate=1000508504 msg/s allocs=0 workers=2 crc_kernel=reflect
PR1_HYDRA_SUSTAINED_VERDICT rate=1000508504 (duration=5.00s, total_msgs=5003352459, workers=2)
PR1_GIGAHFT_VERDICT rate=1000508504 target=1000000000 -> PASS (Project 1.0B: bit-exact, zero-alloc, every byte verified in-window, cross-pass double-buffered fabric)
PR1_R8_FULL_VERIFY_VERDICT rate=1000508504 target=1000000000 -> PASS (R8: 1B msg/s sustained full verification — bit-exact, zero-alloc, every byte CRC32C-verified in-window)
PR1_R16_FULL_VERIFY_VERDICT rate=1000508504 target=2000000000 -> FAIL (R16: 2B msg/s sustained full verification — the Double Helix program, docs/29)
R16B_RXDESC_VERDICT rx_fixes=0 assist_chunks=277 (array-driven submission telemetry; fixes=0 means every RX prefill entry was already exact)
R23B_AFFINE_VERDICT arm=sustained armed=false tag_hits=0 payload_fallbacks=0 ledger_rows=0 (R23c: zero-re-read affine verification on the worker fabric)
PR1_R23_AFFINE_SUSTAINED_VERDICT rate=1000508504 target=2500000000 -> FAIL (R23: 2.5B+ sustained full verification from register tags — the affine-span algebra program, docs/36)
[1m[92m    Finished[0m `release` profile [optimized] target(s) in 0.01s
[1m[92m     Running[0m `target/release/hft_bench --sample data/tests/sample-mini.itch --runs 5 --warmup 2 --output-format json`
HFT_BENCH_CALIBRATION invariant_tsc=true freq_mhz=2300.00 mark_overhead_cycles=36 target_env=gnu
TOPOLOGY_VERIFICATION main=Some(0) rx=Some(2) -> VERIFIED (distinct physical cores, same L3 domain — the deterministic 0.21 cyc/msg mode)
BLOB_BACKING mode=mmap anon_huge_kb=14336 map_mb=16.5 verdict=thp-granted
HFT_BENCH_WARMUP 1/2 arm=classic rate=364988062
HFT_BENCH_WARMUP 2/2 arm=classic rate=367728381
HFT_BENCH_RUN 1/5 arm=classic rate=584547845 cyc=3.93
HFT_BENCH_RUN 2/5 arm=classic rate=625558347 cyc=3.68
HFT_BENCH_RUN 3/5 arm=classic rate=634715233 cyc=3.62
HFT_BENCH_RUN 4/5 arm=classic rate=666790134 cyc=3.45
HFT_BENCH_RUN 5/5 arm=classic rate=641881706 cyc=3.58
HFT_BENCH_WARMUP 1/2 arm=span rate=1092303440
HFT_BENCH_WARMUP 2/2 arm=span rate=1584898862
HFT_BENCH_RUN 1/5 arm=span rate=2152548936 cyc=1.07
HFT_BENCH_RUN 2/5 arm=span rate=1969387516 cyc=1.17
HFT_BENCH_RUN 3/5 arm=span rate=2099036893 cyc=1.10
HFT_BENCH_RUN 4/5 arm=span rate=2068421396 cyc=1.11
HFT_BENCH_RUN 5/5 arm=span rate=1440574237 cyc=1.60
DIAG rx span: publications=170 polls=673 prod_ms=2.2 bufwait_laps=78 resets=7 eos_parks=7 nbuf=16 rx_actual_cpu=2
ADVANCE_DIAGNOSTIC span: advances=0 advance_ms=0.0 us_per_advance=0.0 (F-5 reset/auto-advance hygiene — the synchronous bake tail the per-publication prepatch budget drains; HFT_PREPATCH_BUDGET prices it)
RXWARM_DIAGNOSTIC span: enabled=false fixes=0 uncovered=0 last_pass_fixes=0 (F-1 frame-entry warm start; the steady-state law is fixes==0 on pass>=2 — the kill rule reads persistent fixes)
RXBUILD_DIAGNOSTIC span: enabled=false patches=0 last_pass_patches=0 frames=0 (F-2 publish-by-reference master; the steady-state law is every patchable entry patched exactly once per pass boundary)
DIAG cons span: parks=19 park_ms=0.3 slow_waits=21 slow_ms=0.4
LADDER_DIAGNOSTIC span: vectorized=false (F-3 entry walk; HFT_VEC_LADDER=1 arms the 8-entry group path — the Front A consumer IS the post-F-2 wall)
HFT_BENCH_WARMUP 1/2 arm=spec rate=203363249
HFT_BENCH_WARMUP 2/2 arm=spec rate=207766715
HFT_BENCH_RUN 1/5 arm=spec rate=230083532
HFT_BENCH_RUN 2/5 arm=spec rate=235728132
HFT_BENCH_RUN 3/5 arm=spec rate=239504239
HFT_BENCH_RUN 4/5 arm=spec rate=242882288
HFT_BENCH_RUN 5/5 arm=spec rate=237273912
PR1_R23_PURE_INGEST_VERDICT rate=237273912 target=15000000000 -> FAIL (R23: 15B msg/s pure ingest with the speculative 512-bit slicer — the 20B mode's pricing row; the R8/R16 span-arm gates above stay the asserting floor)
DIAG rx spec: publications=91 polls=609 prod_ms=1.3 bufwait_laps=0 resets=7 eos_parks=7 nbuf=16 rx_actual_cpu=2
ADVANCE_DIAGNOSTIC spec: advances=0 advance_ms=0.0 us_per_advance=0.0 (F-5 reset/auto-advance hygiene — the synchronous bake tail the per-publication prepatch budget drains; HFT_PREPATCH_BUDGET prices it)
RXWARM_DIAGNOSTIC spec: enabled=false fixes=0 uncovered=0 last_pass_fixes=0 (F-1 frame-entry warm start; the steady-state law is fixes==0 on pass>=2 — the kill rule reads persistent fixes)
RXBUILD_DIAGNOSTIC spec: enabled=false patches=0 last_pass_patches=0 frames=0 (F-2 publish-by-reference master; the steady-state law is every patchable entry patched exactly once per pass boundary)
DIAG cons spec: parks=2 park_ms=0.0 slow_waits=2 slow_ms=0.0
PR1_R8_PURE_INGEST_VERDICT rate=2068421396 target=2000000000 -> PASS (R8: 2B msg/s pure ingest — full pipeline live, span emission, zero verification skipped)
PR1_R16_PURE_INGEST_VERDICT rate=2068421396 target=5000000000 -> FAIL (R16: 5B msg/s pure ingest — the Double Helix program, docs/29)
{
  "median_cycles": 3.6237,
  "p95_cycles": 3.9347,
  "p99_cycles": 3.9347,
  "stddev": 0.1594,
  "cv_percent": 4.3998,
  "runs": 5,
  "warmup": 2,
  "cpu_model": "INTEL(R) XEON(R) PLATINUM 8573C",
  "freq_mhz": 2300.00,
  "target": "x86_64-unknown-linux-gnu",
  "sink": "count+span",
  "sample": "data/tests/sample-mini.itch",
  "span_median_cycles": 1.1120,
  "span_p95_cycles": 1.5966,
  "span_p99_cycles": 1.5966,
  "span_stddev": 0.1969,
  "span_cv_percent": 17.7096,
  "span_rate_msg_per_sec": 2068421396,
  "r8_pure_ingest_target": 2000000000,
  "r8_pure_ingest_verdict": "PASS",
  "r16_pure_ingest_target": 5000000000,
  "r16_pure_ingest_verdict": "FAIL",
  "spec_rate_msg_per_sec": 237273912,
  "r23_pure_ingest_target": 15000000000,
  "r23_pure_ingest_verdict": "FAIL"
}
=== 11sl. R17/F-3: Front A Vectorized Entry-Walk Ladder ARMED (the residual 7.7% lever, round 1) ===
[1m[92m    Finished[0m `release` profile [optimized] target(s) in 0.01s
[1m[92m     Running[0m `target/release/hft_bench --sample data/tests/sample-mini.itch --runs 5 --warmup 2 --output-format json`
HFT_BENCH_CALIBRATION invariant_tsc=true freq_mhz=2300.00 mark_overhead_cycles=36 target_env=gnu
TOPOLOGY_VERIFICATION main=Some(0) rx=Some(2) -> VERIFIED (distinct physical cores, same L3 domain — the deterministic 0.21 cyc/msg mode)
BLOB_BACKING mode=mmap anon_huge_kb=14336 map_mb=16.5 verdict=thp-granted
HFT_BENCH_WARMUP 1/2 arm=classic rate=364318797
HFT_BENCH_WARMUP 2/2 arm=classic rate=386458456
HFT_BENCH_RUN 1/5 arm=classic rate=576674422 cyc=3.99
HFT_BENCH_RUN 2/5 arm=classic rate=667038086 cyc=3.45
HFT_BENCH_RUN 3/5 arm=classic rate=736390898 cyc=3.12
HFT_BENCH_RUN 4/5 arm=classic rate=693624157 cyc=3.32
HFT_BENCH_RUN 5/5 arm=classic rate=704936446 cyc=3.26
HFT_BENCH_WARMUP 1/2 arm=span rate=1718289621
HFT_BENCH_WARMUP 2/2 arm=span rate=3730147259
HFT_BENCH_RUN 1/5 arm=span rate=3722077922 cyc=0.62
HFT_BENCH_RUN 2/5 arm=span rate=3782189988 cyc=0.61
HFT_BENCH_RUN 3/5 arm=span rate=3893542179 cyc=0.59
HFT_BENCH_RUN 4/5 arm=span rate=4011681761 cyc=0.57
HFT_BENCH_RUN 5/5 arm=span rate=3881353201 cyc=0.59
DIAG rx span: publications=170 polls=673 prod_ms=0.7 bufwait_laps=78 resets=7 eos_parks=7 nbuf=16 rx_actual_cpu=2
ADVANCE_DIAGNOSTIC span: advances=0 advance_ms=0.0 us_per_advance=0.0 (F-5 reset/auto-advance hygiene — the synchronous bake tail the per-publication prepatch budget drains; HFT_PREPATCH_BUDGET prices it)
RXWARM_DIAGNOSTIC span: enabled=false fixes=0 uncovered=0 last_pass_fixes=0 (F-1 frame-entry warm start; the steady-state law is fixes==0 on pass>=2 — the kill rule reads persistent fixes)
RXBUILD_DIAGNOSTIC span: enabled=true patches=153972 last_pass_patches=21996 frames=21996 (F-2 publish-by-reference master; the steady-state law is every patchable entry patched exactly once per pass boundary)
DIAG cons span: parks=1 park_ms=0.1 slow_waits=1 slow_ms=0.1
LADDER_DIAGNOSTIC span: vectorized=false (F-3 entry walk; HFT_VEC_LADDER=1 arms the 8-entry group path — the Front A consumer IS the post-F-2 wall)
HFT_BENCH_WARMUP 1/2 arm=spec rate=204236796
HFT_BENCH_WARMUP 2/2 arm=spec rate=200042709
HFT_BENCH_RUN 1/5 arm=spec rate=209873818
HFT_BENCH_RUN 2/5 arm=spec rate=218679224
HFT_BENCH_RUN 3/5 arm=spec rate=232787561
HFT_BENCH_RUN 4/5 arm=spec rate=239881882
HFT_BENCH_RUN 5/5 arm=spec rate=245585663
PR1_R23_PURE_INGEST_VERDICT rate=232787561 target=15000000000 -> FAIL (R23: 15B msg/s pure ingest with the speculative 512-bit slicer — the 20B mode's pricing row; the R8/R16 span-arm gates above stay the asserting floor)
DIAG rx spec: publications=91 polls=609 prod_ms=0.5 bufwait_laps=0 resets=7 eos_parks=7 nbuf=16 rx_actual_cpu=2
ADVANCE_DIAGNOSTIC spec: advances=0 advance_ms=0.0 us_per_advance=0.0 (F-5 reset/auto-advance hygiene — the synchronous bake tail the per-publication prepatch budget drains; HFT_PREPATCH_BUDGET prices it)
RXWARM_DIAGNOSTIC spec: enabled=false fixes=0 uncovered=0 last_pass_fixes=0 (F-1 frame-entry warm start; the steady-state law is fixes==0 on pass>=2 — the kill rule reads persistent fixes)
RXBUILD_DIAGNOSTIC spec: enabled=true patches=76986 last_pass_patches=10998 frames=10998 (F-2 publish-by-reference master; the steady-state law is every patchable entry patched exactly once per pass boundary)
DIAG cons spec: parks=0 park_ms=0.0 slow_waits=0 slow_ms=0.0
PR1_R8_PURE_INGEST_VERDICT rate=3881353201 target=2000000000 -> PASS (R8: 2B msg/s pure ingest — full pipeline live, span emission, zero verification skipped)
PR1_R16_PURE_INGEST_VERDICT rate=3881353201 target=5000000000 -> FAIL (R16: 5B msg/s pure ingest — the Double Helix program, docs/29)
{
  "median_cycles": 3.3159,
  "p95_cycles": 3.9884,
  "p99_cycles": 3.9884,
  "stddev": 0.2990,
  "cv_percent": 9.0184,
  "runs": 5,
  "warmup": 2,
  "cpu_model": "INTEL(R) XEON(R) PLATINUM 8573C",
  "freq_mhz": 2300.00,
  "target": "x86_64-unknown-linux-gnu",
  "sink": "count+span",
  "sample": "data/tests/sample-mini.itch",
  "span_median_cycles": 0.5926,
  "span_p95_cycles": 0.6179,
  "span_p99_cycles": 0.6179,
  "span_stddev": 0.0154,
  "span_cv_percent": 2.5926,
  "span_rate_msg_per_sec": 3881353201,
  "r8_pure_ingest_target": 2000000000,
  "r8_pure_ingest_verdict": "PASS",
  "r16_pure_ingest_target": 5000000000,
  "r16_pure_ingest_verdict": "FAIL",
  "spec_rate_msg_per_sec": 232787561,
  "r23_pure_ingest_target": 15000000000,
  "r23_pure_ingest_verdict": "FAIL"
}
[1m[92m    Finished[0m `release` profile [optimized] target(s) in 0.01s
[1m[92m     Running[0m `target/release/hft_bench --sample data/tests/sample-mini.itch --runs 5 --warmup 2 --output-format json`
HFT_BENCH_CALIBRATION invariant_tsc=true freq_mhz=2300.00 mark_overhead_cycles=36 target_env=gnu
TOPOLOGY_VERIFICATION main=Some(0) rx=Some(2) -> VERIFIED (distinct physical cores, same L3 domain — the deterministic 0.21 cyc/msg mode)
BLOB_BACKING mode=mmap anon_huge_kb=14336 map_mb=16.5 verdict=thp-granted
HFT_BENCH_WARMUP 1/2 arm=classic rate=175701252
HFT_BENCH_WARMUP 2/2 arm=classic rate=199706036
HFT_BENCH_RUN 1/5 arm=classic rate=314831953 cyc=7.31
HFT_BENCH_RUN 2/5 arm=classic rate=483228125 cyc=4.76
HFT_BENCH_RUN 3/5 arm=classic rate=574658623 cyc=4.00
HFT_BENCH_RUN 4/5 arm=classic rate=640080223 cyc=3.59
HFT_BENCH_RUN 5/5 arm=classic rate=654283733 cyc=3.52
HFT_BENCH_WARMUP 1/2 arm=span rate=1255912745
HFT_BENCH_WARMUP 2/2 arm=span rate=2626954575
HFT_BENCH_RUN 1/5 arm=span rate=3174093920 cyc=0.72
HFT_BENCH_RUN 2/5 arm=span rate=2958648441 cyc=0.78
HFT_BENCH_RUN 3/5 arm=span rate=2744391577 cyc=0.84
HFT_BENCH_RUN 4/5 arm=span rate=2250658491 cyc=1.02
HFT_BENCH_RUN 5/5 arm=span rate=2610995261 cyc=0.88
DIAG rx span: publications=170 polls=673 prod_ms=1.2 bufwait_laps=109 resets=7 eos_parks=7 nbuf=16 rx_actual_cpu=2
ADVANCE_DIAGNOSTIC span: advances=0 advance_ms=0.0 us_per_advance=0.0 (F-5 reset/auto-advance hygiene — the synchronous bake tail the per-publication prepatch budget drains; HFT_PREPATCH_BUDGET prices it)
RXWARM_DIAGNOSTIC span: enabled=false fixes=0 uncovered=0 last_pass_fixes=0 (F-1 frame-entry warm start; the steady-state law is fixes==0 on pass>=2 — the kill rule reads persistent fixes)
RXBUILD_DIAGNOSTIC span: enabled=true patches=153972 last_pass_patches=21996 frames=21996 (F-2 publish-by-reference master; the steady-state law is every patchable entry patched exactly once per pass boundary)
DIAG cons span: parks=4 park_ms=0.1 slow_waits=4 slow_ms=0.2
LADDER_DIAGNOSTIC span: vectorized=true (F-3 entry walk; HFT_VEC_LADDER=1 arms the 8-entry group path — the Front A consumer IS the post-F-2 wall)
HFT_BENCH_WARMUP 1/2 arm=spec rate=181579864
HFT_BENCH_WARMUP 2/2 arm=spec rate=184032288
HFT_BENCH_RUN 1/5 arm=spec rate=212290594
HFT_BENCH_RUN 2/5 arm=spec rate=236607236
HFT_BENCH_RUN 3/5 arm=spec rate=247216759
HFT_BENCH_RUN 4/5 arm=spec rate=250105065
HFT_BENCH_RUN 5/5 arm=spec rate=247647988
PR1_R23_PURE_INGEST_VERDICT rate=247216759 target=15000000000 -> FAIL (R23: 15B msg/s pure ingest with the speculative 512-bit slicer — the 20B mode's pricing row; the R8/R16 span-arm gates above stay the asserting floor)
DIAG rx spec: publications=91 polls=609 prod_ms=0.5 bufwait_laps=16 resets=7 eos_parks=7 nbuf=16 rx_actual_cpu=2
ADVANCE_DIAGNOSTIC spec: advances=0 advance_ms=0.0 us_per_advance=0.0 (F-5 reset/auto-advance hygiene — the synchronous bake tail the per-publication prepatch budget drains; HFT_PREPATCH_BUDGET prices it)
RXWARM_DIAGNOSTIC spec: enabled=false fixes=0 uncovered=0 last_pass_fixes=0 (F-1 frame-entry warm start; the steady-state law is fixes==0 on pass>=2 — the kill rule reads persistent fixes)
RXBUILD_DIAGNOSTIC spec: enabled=true patches=76986 last_pass_patches=10998 frames=10998 (F-2 publish-by-reference master; the steady-state law is every patchable entry patched exactly once per pass boundary)
DIAG cons spec: parks=0 park_ms=0.0 slow_waits=0 slow_ms=0.0
PR1_R8_PURE_INGEST_VERDICT rate=2744391577 target=2000000000 -> PASS (R8: 2B msg/s pure ingest — full pipeline live, span emission, zero verification skipped)
PR1_R16_PURE_INGEST_VERDICT rate=2744391577 target=5000000000 -> FAIL (R16: 5B msg/s pure ingest — the Double Helix program, docs/29)
{
  "median_cycles": 4.0024,
  "p95_cycles": 7.3055,
  "p99_cycles": 7.3055,
  "stddev": 1.4061,
  "cv_percent": 35.1326,
  "runs": 5,
  "warmup": 2,
  "cpu_model": "INTEL(R) XEON(R) PLATINUM 8573C",
  "freq_mhz": 2300.00,
  "target": "x86_64-unknown-linux-gnu",
  "sink": "count+span",
  "sample": "data/tests/sample-mini.itch",
  "span_median_cycles": 0.8381,
  "span_p95_cycles": 1.0219,
  "span_p99_cycles": 1.0219,
  "span_stddev": 0.1016,
  "span_cv_percent": 12.1261,
  "span_rate_msg_per_sec": 2744391577,
  "r8_pure_ingest_target": 2000000000,
  "r8_pure_ingest_verdict": "PASS",
  "r16_pure_ingest_target": 5000000000,
  "r16_pure_ingest_verdict": "FAIL",
  "spec_rate_msg_per_sec": 247216759,
  "r23_pure_ingest_target": 15000000000,
  "r23_pure_ingest_verdict": "FAIL"
}
=== 11nb. R17/F-4: Mailbox Depth NBUF=32 ARMED (the buffer-reuse-stall pricing) ===
[1m[92m    Finished[0m `release` profile [optimized] target(s) in 0.01s
[1m[92m     Running[0m `target/release/hft_bench --sample data/tests/sample-mini.itch --runs 5 --warmup 2 --output-format json`
HFT_BENCH_CALIBRATION invariant_tsc=true freq_mhz=2300.00 mark_overhead_cycles=34 target_env=gnu
TOPOLOGY_VERIFICATION main=Some(0) rx=Some(2) -> VERIFIED (distinct physical cores, same L3 domain — the deterministic 0.21 cyc/msg mode)
BLOB_BACKING mode=mmap anon_huge_kb=14336 map_mb=16.5 verdict=thp-granted
HFT_BENCH_WARMUP 1/2 arm=classic rate=327816891
HFT_BENCH_WARMUP 2/2 arm=classic rate=357309910
HFT_BENCH_RUN 1/5 arm=classic rate=635917698 cyc=3.62
HFT_BENCH_RUN 2/5 arm=classic rate=679604959 cyc=3.38
HFT_BENCH_RUN 3/5 arm=classic rate=677523221 cyc=3.39
HFT_BENCH_RUN 4/5 arm=classic rate=706220786 cyc=3.26
HFT_BENCH_RUN 5/5 arm=classic rate=679574829 cyc=3.38
HFT_BENCH_WARMUP 1/2 arm=span rate=3530640590
HFT_BENCH_WARMUP 2/2 arm=span rate=3589159772
HFT_BENCH_RUN 1/5 arm=span rate=3908191883 cyc=0.59
HFT_BENCH_RUN 2/5 arm=span rate=3865632976 cyc=0.59
HFT_BENCH_RUN 3/5 arm=span rate=3801918061 cyc=0.60
HFT_BENCH_RUN 4/5 arm=span rate=3794616936 cyc=0.61
HFT_BENCH_RUN 5/5 arm=span rate=3534439631 cyc=0.65
DIAG rx span: publications=176 polls=696 prod_ms=0.8 bufwait_laps=0 resets=7 eos_parks=8 nbuf=32 rx_actual_cpu=2
ADVANCE_DIAGNOSTIC span: advances=0 advance_ms=0.0 us_per_advance=0.0 (F-5 reset/auto-advance hygiene — the synchronous bake tail the per-publication prepatch budget drains; HFT_PREPATCH_BUDGET prices it)
RXWARM_DIAGNOSTIC span: enabled=false fixes=0 uncovered=0 last_pass_fixes=0 (F-1 frame-entry warm start; the steady-state law is fixes==0 on pass>=2 — the kill rule reads persistent fixes)
RXBUILD_DIAGNOSTIC span: enabled=true patches=153972 last_pass_patches=21996 frames=21996 (F-2 publish-by-reference master; the steady-state law is every patchable entry patched exactly once per pass boundary)
DIAG cons span: parks=0 park_ms=0.0 slow_waits=0 slow_ms=0.0
LADDER_DIAGNOSTIC span: vectorized=false (F-3 entry walk; HFT_VEC_LADDER=1 arms the 8-entry group path — the Front A consumer IS the post-F-2 wall)
HFT_BENCH_WARMUP 1/2 arm=spec rate=180582513
HFT_BENCH_WARMUP 2/2 arm=spec rate=184401871
HFT_BENCH_RUN 1/5 arm=spec rate=201116889
HFT_BENCH_RUN 2/5 arm=spec rate=218814303
HFT_BENCH_RUN 3/5 arm=spec rate=227919559
HFT_BENCH_RUN 4/5 arm=spec rate=250473615
HFT_BENCH_RUN 5/5 arm=spec rate=257668171
PR1_R23_PURE_INGEST_VERDICT rate=227919559 target=15000000000 -> FAIL (R23: 15B msg/s pure ingest with the speculative 512-bit slicer — the 20B mode's pricing row; the R8/R16 span-arm gates above stay the asserting floor)
DIAG rx spec: publications=91 polls=609 prod_ms=0.5 bufwait_laps=0 resets=7 eos_parks=7 nbuf=32 rx_actual_cpu=2
ADVANCE_DIAGNOSTIC spec: advances=0 advance_ms=0.0 us_per_advance=0.0 (F-5 reset/auto-advance hygiene — the synchronous bake tail the per-publication prepatch budget drains; HFT_PREPATCH_BUDGET prices it)
RXWARM_DIAGNOSTIC spec: enabled=false fixes=0 uncovered=0 last_pass_fixes=0 (F-1 frame-entry warm start; the steady-state law is fixes==0 on pass>=2 — the kill rule reads persistent fixes)
RXBUILD_DIAGNOSTIC spec: enabled=true patches=76986 last_pass_patches=10998 frames=10998 (F-2 publish-by-reference master; the steady-state law is every patchable entry patched exactly once per pass boundary)
DIAG cons spec: parks=0 park_ms=0.0 slow_waits=0 slow_ms=0.0
PR1_R8_PURE_INGEST_VERDICT rate=3801918061 target=2000000000 -> PASS (R8: 2B msg/s pure ingest — full pipeline live, span emission, zero verification skipped)
PR1_R16_PURE_INGEST_VERDICT rate=3801918061 target=5000000000 -> FAIL (R16: 5B msg/s pure ingest — the Double Helix program, docs/29)
{
  "median_cycles": 3.3845,
  "p95_cycles": 3.6168,
  "p99_cycles": 3.6168,
  "stddev": 0.1164,
  "cv_percent": 3.4398,
  "runs": 5,
  "warmup": 2,
  "cpu_model": "INTEL(R) XEON(R) PLATINUM 8573C",
  "freq_mhz": 2300.00,
  "target": "x86_64-unknown-linux-gnu",
  "sink": "count+span",
  "sample": "data/tests/sample-mini.itch",
  "span_median_cycles": 0.6050,
  "span_p95_cycles": 0.6507,
  "span_p99_cycles": 0.6507,
  "span_stddev": 0.0218,
  "span_cv_percent": 3.6088,
  "span_rate_msg_per_sec": 3801918061,
  "r8_pure_ingest_target": 2000000000,
  "r8_pure_ingest_verdict": "PASS",
  "r16_pure_ingest_target": 5000000000,
  "r16_pure_ingest_verdict": "FAIL",
  "spec_rate_msg_per_sec": 227919559,
  "r23_pure_ingest_target": 15000000000,
  "r23_pure_ingest_verdict": "FAIL"
}
=== 11pb. R17/F-5: Prepatch Budget 1024 ARMED (the advance-tail drain pricing) ===
[1m[92m    Finished[0m `release` profile [optimized] target(s) in 0.01s
[1m[92m     Running[0m `target/release/bench --hydra-only`
BENCH_CALIBRATION invariant_tsc=true freq_mhz=2300.00 mark_overhead_cycles=34
=== R6. PR-1 HYDRA BIT-EXACT MULTI-CORE SPAN CONFORMANCE ===
BLOB_BACKING mode=mmap anon_huge_kb=16384 map_mb=16.5 verdict=thp-granted
HYDRA_BITPARITY sequential=(count=505849 hash=0x881639cead506f25 msg_hash=0xcbf29ce484222325) hydra=(count=505849 hash=0x881639cead506f25 msg_hash=0xcbf29ce484222325) -> BIT-EXACT
BENCH mode=replay-hydra-burst msgs=505849 rate=545505033 allocs=0 freq=2300.00MHz workers=2 run=1
BENCH mode=replay-hydra-burst msgs=505849 rate=761169662 allocs=0 freq=2300.00MHz workers=2 run=2
BENCH mode=replay-hydra-burst msgs=505849 rate=931479026 allocs=0 freq=2300.00MHz workers=2 run=3
BENCH mode=replay-hydra-burst msgs=505849 rate=955797242 allocs=0 freq=2300.00MHz workers=2 run=4
BENCH mode=replay-hydra-burst msgs=505849 rate=1041338663 allocs=0 freq=2300.00MHz workers=2 run=5
BENCH_MEDIAN mode=replay-hydra-burst rate=931479026
R23B_AFFINE_VERDICT arm=burst armed=false tag_hits=0 payload_fallbacks=0 ledger_rows=0 (R23c: workers verify spans from register tags, zero payload reads; the (prefix,cum) triple checked per-span by the scalar affine law)
PR1_HYDRA_VERDICT rate=931479026 (bit-exact multi-core span conformance: 2 workers, every emitted byte CRC32C-checked in-window, ordered serial fold)
PR1_GIGAHFT_BURST_VERDICT rate=931479026 target=1000000000 -> FAIL (R7 burst reference; the sustained arm below is the gate)
DIAG sustained: passes=11158 reset_ms=446.7 scan_ms=4547.4 end_ms=1.1 pending_max=9348 batches=245476 wait_ms=87.6 work_ms=4110.5 fold_ms=300.1 assist_chunks=101251 bytes_per_msg=27.65 crc_demand_gb_s=31.21
DIAG worker[0] sustained: cpu0(pinned) placement=[0, 2] batches=444288 spans=56816809 eval_ms=4928.9 idle_iters=116477 res_waits=0 fw=0 fw_ms=0.0
DIAG worker[1] sustained: cpu2(pinned) placement=[0, 2] batches=479980 spans=61201895 eval_ms=4874.1 idle_iters=185218 res_waits=760 fw=0 fw_ms=0.0
DIAG rx sustained: publications=245536 polls=970984 prod_ms=1791.5 bufwait_laps=33959 resets=11160 eos_parks=0 nbuf=16 rx_actual_cpu=3
ADVANCE_DIAGNOSTIC sustained: advances=11160 advance_ms=121.4 us_per_advance=10.9 (F-5 reset/auto-advance hygiene — the synchronous bake tail the per-publication prepatch budget drains; HFT_PREPATCH_BUDGET prices it)
RXWARM_DIAGNOSTIC sustained: enabled=false fixes=0 uncovered=0 last_pass_fixes=0 (F-1 frame-entry warm start; the steady-state law is fixes==0 on pass>=2 — the kill rule reads persistent fixes)
RXBUILD_DIAGNOSTIC sustained: enabled=true patches=245471796 last_pass_patches=21996 frames=21996 (F-2 publish-by-reference master; the steady-state law is every patchable entry patched exactly once per pass boundary)
DIAG cons sustained: parks=60 park_ms=5.8 slow_waits=60 slow_ms=6.6
BENCH mode=replay-hydra-sustained-5s total_msgs=5644263142 duration=5.00s sustained_rate=1128718400 msg/s allocs=0 workers=2 crc_kernel=reflect
PR1_HYDRA_SUSTAINED_VERDICT rate=1128718400 (duration=5.00s, total_msgs=5644263142, workers=2)
PR1_GIGAHFT_VERDICT rate=1128718400 target=1000000000 -> PASS (Project 1.0B: bit-exact, zero-alloc, every byte verified in-window, cross-pass double-buffered fabric)
PR1_R8_FULL_VERIFY_VERDICT rate=1128718400 target=1000000000 -> PASS (R8: 1B msg/s sustained full verification — bit-exact, zero-alloc, every byte CRC32C-verified in-window)
PR1_R16_FULL_VERIFY_VERDICT rate=1128718400 target=2000000000 -> FAIL (R16: 2B msg/s sustained full verification — the Double Helix program, docs/29)
R16B_RXDESC_VERDICT rx_fixes=0 assist_chunks=101251 (array-driven submission telemetry; fixes=0 means every RX prefill entry was already exact)
R23B_AFFINE_VERDICT arm=sustained armed=false tag_hits=0 payload_fallbacks=0 ledger_rows=0 (R23c: zero-re-read affine verification on the worker fabric)
PR1_R23_AFFINE_SUSTAINED_VERDICT rate=1128718400 target=2500000000 -> FAIL (R23: 2.5B+ sustained full verification from register tags — the affine-span algebra program, docs/36)
=== 12. Reference Arbitrator & Differential Oracle (G12-T3 / D1..D12) ===
[1m[92m    Finished[0m `release` profile [optimized] target(s) in 0.01s
[1m[92m     Running[0m `target/release/diff_oracle`
=== RUNNING G12-T3 REFERENCE ARBITRATOR & DIFFERENTIAL SUITE (D1..D11) ===
=== D3-REDO: Oracle Validation by Sequencer-Logic Bug Injections ===
D3_DIVERGENCE_DUMP mutation="DisableClearOnAdvance" detected=true seq_wm=1231 ref_wm=1224 seq_hash=0x473C5B1BF49F1C91 ref_hash=0xCFE76D07416B4CA5
D3_DIVERGENCE_DUMP mutation="OffByOneClamp" detected=true seq_wm=600 ref_wm=601 seq_hash=0xB1C1F8344636F511 ref_hash=0x972FEC36E88A4C25
D3_DIVERGENCE_DUMP mutation="DropStagedAtEos" detected=true seq_wm=10 ref_wm=13 seq_hash=0xF0B1A3FF15503051 ref_hash=0x9D6D68BF10C6C3A5
D3 ALL_SEQUENCER_LOGIC_MUTATIONS_DETECTED: Oracle caught all 3 sequencer mutations with divergence dumps.
=== D1: Full 17-Cell Matrix Differential Verification ===
BLOB_BACKING mode=mmap anon_huge_kb=16384 map_mb=16.5 verdict=thp-granted
D1 cell="M1 (Baseline MTU contiguous)" seq_wm=505850 ref_wm=505850 count=505849 hash=0xF6EF154EFDE905D8 VERDICT=PASS
D1 cell="M2 (Fixed 1 msg)" seq_wm=505850 ref_wm=505850 count=505849 hash=0xF6EF154EFDE905D8 VERDICT=PASS
D1 cell="M3 (Fixed 16 msgs)" seq_wm=505850 ref_wm=505850 count=505849 hash=0xF6EF154EFDE905D8 VERDICT=PASS
D1 cell="M4 (Gaussian delay jitter)" seq_wm=505850 ref_wm=505850 count=505849 hash=0xF6EF154EFDE905D8 VERDICT=PASS
D1 cell="M5 (Bernoulli loss with dual feed)" seq_wm=505850 ref_wm=505850 count=505849 hash=0xF6EF154EFDE905D8 VERDICT=PASS
D1 cell="M6 (Gilbert-Elliott burst loss)" seq_wm=505850 ref_wm=505850 count=505849 hash=0xF6EF154EFDE905D8 VERDICT=PASS
D1 cell="M7 (Pathological split: 1B to MTU)" seq_wm=505850 ref_wm=505850 count=505849 hash=0xF6EF154EFDE905D8 VERDICT=PASS
D1 cell="M8 (Feed A only lossless)" seq_wm=505850 ref_wm=505850 count=505849 hash=0xF6EF154EFDE905D8 VERDICT=PASS
D1 cell="M9 (Feed B only lossless)" seq_wm=505850 ref_wm=505850 count=505849 hash=0xF6EF154EFDE905D8 VERDICT=PASS
D1 cell="M10 (Heavy reorder jitter)" seq_wm=505850 ref_wm=505850 count=505849 hash=0xF6EF154EFDE905D8 VERDICT=PASS
D1 cell="M11 (Deep out-of-order window)" seq_wm=505850 ref_wm=505850 count=505849 hash=0xF6EF154EFDE905D8 VERDICT=PASS
D1 cell="M12 (Max-rate unconstrained)" seq_wm=505850 ref_wm=505850 count=505849 hash=0xF6EF154EFDE905D8 VERDICT=PASS
D1 cell="M13 (M-LATE: Staged arrival edge)" seq_wm=505850 ref_wm=505850 count=505849 hash=0xF6EF154EFDE905D8 VERDICT=PASS
D1 cell="M14 (M-BURST: Burst packet arrival)" seq_wm=505850 ref_wm=505850 count=505849 hash=0xF6EF154EFDE905D8 VERDICT=PASS
D1 cell="M15 (M-STARVE: Feed A silent for 2s)" seq_wm=505850 ref_wm=505850 count=505849 hash=0xF6EF154EFDE905D8 VERDICT=PASS
D1 cell="M16 (M-DUP2: Overlapping dual feed)" seq_wm=505850 ref_wm=505850 count=505849 hash=0xF6EF154EFDE905D8 VERDICT=PASS
D1 cell="M17 (M-DROPRESP / Session Boundary)" seq_wm=255850 ref_wm=255850 count=505849 hash=0xF6EF154EFDE905D8 VERDICT=PASS
D1 ALL_17_CELLS_PASSED: Triple equality verified across all 17 matrix cells.
=== D2: 100 Seeded Random Configs Differential Test ===
D2 100_RANDOM_CONFIGS_PASSED: Triple equality verified across 100 random configs.
=== D4: Duplicate Ordering (First-Received Wins) ===
D4 DUPLICATE_ORDERING_PASSED: seq_wm=505850 ref_wm=505850 count=505849 hash=0xF6EF154EFDE905D8
=== D5: Session Splits Verification ===
D5 SESSION_SPLITS_PASSED: Watermarks and hashes match across session boundaries.
=== D6: Unclean Death (Scripted Drops) Verification ===
D6 UNCLEAN_DEATH_PASSED: State matches reference final state.
=== D7/D8: Watchdog & Double-Run Determinism ===
D7/D8 WATCHDOG_AND_DETERMINISM_PASSED: elapsed=0.56s run1=(505850, 505850, 505849, 17793464081775658456) run2=(505850, 505850, 505849, 17793464081775658456)
=== D9: Indexed-Ingest Equivalence (classic == indexed) ===
D9 INDEXED_EQUIVALENCE_PASSED: 12 cells (3 configs x 4 mutations) classic==indexed
D11 CRC_KERNEL_DIFFERENTIAL_PASSED: scalar==reference, fold512==scalar on 2109 bodies (exhaustive lengths + patterns + random + eval2 + eval_pair)
D11 REFLECT_KERNEL_DIFFERENTIAL_PASSED: reflect==scalar on 2101 bodies (exhaustive lengths + patterns + random + eval_pair)
D12 BATCH_AND_PIPELINE_EQUIVALENCE_PASSED: classic == ingest_batch == RX-pipelined (counters/watermark/count/hash) incl. multi-pass resets
=== ALL D1..D12 DIFFERENTIAL ORACLE CHECKS PASSED SUCCESSFULLY ===
=== 13. T2 Window Sweep & Full 17-Cell Matrix Confluence Campaign ===
[1m[92m    Finished[0m `release` profile [optimized] target(s) in 0.01s
[1m[92m     Running[0m `target/release/window_sweep`
=== RUNNING T2 WINDOW SIZE SWEEP (256..4096 x M1, M11) ===
BLOB_BACKING mode=mmap anon_huge_kb=14336 map_mb=16.5 verdict=thp-granted
WINDOW_SWEEP slots=256  arena= 16640 B l1_fit=Fits 32K L1D                   M1_rate=24.94M golden_M1=true M11_rate=15.33M golden_M11=true max_staged=0 beyond_drops=0
WINDOW_SWEEP slots=512  arena= 33280 B l1_fit=Fits 64K L1D                   M1_rate=24.83M golden_M1=true M11_rate=15.35M golden_M11=true max_staged=0 beyond_drops=0
WINDOW_SWEEP slots=1024 arena= 66560 B l1_fit=Exceeds L1D (L2 Cache resident) M1_rate=24.73M golden_M1=true M11_rate=15.48M golden_M11=true max_staged=0 beyond_drops=0
WINDOW_SWEEP slots=2048 arena=133120 B l1_fit=Exceeds L1D (L2 Cache resident) M1_rate=24.78M golden_M1=true M11_rate=15.38M golden_M11=true max_staged=0 beyond_drops=0
WINDOW_SWEEP slots=4096 arena=266240 B l1_fit=Exceeds L1D (L2 Cache resident) M1_rate=24.84M golden_M1=true M11_rate=15.41M golden_M11=true max_staged=0 beyond_drops=0

=== T2 WINDOW SWEEP KNEE TABLE ===
| Window Slots | Arena Footprint | Cache Residency | M1 Rate | M11 Rate | Max Staged | Beyond Drops | Confluence Verdict |
|---|---|---|---|---|---|---|---|
| 256  |  16640 B ( 16.2 KiB) | Fits 32K L1D                 | 24.94M msg/s | 15.33M msg/s | 0          | 0            | **PASS** |
| 512  |  33280 B ( 32.5 KiB) | Fits 64K L1D                 | 24.83M msg/s | 15.35M msg/s | 0          | 0            | **PASS** |
| 1024 |  66560 B ( 65.0 KiB) | Exceeds L1D (L2 Cache resident) | 24.73M msg/s | 15.48M msg/s | 0          | 0            | **PASS** |
| 2048 | 133120 B (130.0 KiB) | Exceeds L1D (L2 Cache resident) | 24.78M msg/s | 15.38M msg/s | 0          | 0            | **PASS** |
| 4096 | 266240 B (260.0 KiB) | Exceeds L1D (L2 Cache resident) | 24.84M msg/s | 15.41M msg/s | 0          | 0            | **PASS** |
=== T2 WINDOW SWEEP COMPLETED SUCCESSFULLY ===
[1m[92m    Finished[0m `release` profile [optimized] target(s) in 0.01s
[1m[92m     Running[0m `target/release/matrix_sweep`
=== EXECUTING COMPLETE 17-CELL MATRIX CONFLUENCE CAMPAIGN (M1..M17) ===
BLOB_BACKING mode=mmap anon_huge_kb=16384 map_mb=16.5 verdict=thp-granted
MATRIX_CELL name="M1 (Baseline MTU contiguous)       " rate= 3.27M msg/s count=505849 wm=505850 hash=0xF6EF154EFDE905D8 verdict="PASS (Golden Bit-Identical)"
MATRIX_CELL name="M2 (Fixed 1 msg)                   " rate= 3.18M msg/s count=505849 wm=505850 hash=0xF6EF154EFDE905D8 verdict="PASS (Golden Bit-Identical)"
MATRIX_CELL name="M3 (Fixed 16 msgs)                 " rate= 3.66M msg/s count=505849 wm=505850 hash=0xF6EF154EFDE905D8 verdict="PASS (Golden Bit-Identical)"
MATRIX_CELL name="M4 (Gaussian delay jitter)         " rate= 3.70M msg/s count=505849 wm=505850 hash=0xF6EF154EFDE905D8 verdict="PASS (Golden Bit-Identical)"
MATRIX_CELL name="M5 (Bernoulli loss with dual feed) " rate= 3.77M msg/s count=505849 wm=505850 hash=0xF6EF154EFDE905D8 verdict="PASS (Golden Bit-Identical)"
MATRIX_CELL name="M6 (Gilbert-Elliott burst loss)    " rate= 3.86M msg/s count=505849 wm=505850 hash=0xF6EF154EFDE905D8 verdict="PASS (Golden Bit-Identical)"
MATRIX_CELL name="M7 (Pathological split: 1B to MTU) " rate= 3.64M msg/s count=505849 wm=505850 hash=0xF6EF154EFDE905D8 verdict="PASS (Golden Bit-Identical)"
MATRIX_CELL name="M8 (Feed A only lossless)          " rate= 4.78M msg/s count=505849 wm=505850 hash=0xF6EF154EFDE905D8 verdict="PASS (Golden Bit-Identical)"
MATRIX_CELL name="M9 (Feed B only lossless)          " rate= 4.77M msg/s count=505849 wm=505850 hash=0xF6EF154EFDE905D8 verdict="PASS (Golden Bit-Identical)"
MATRIX_CELL name="M10 (Heavy reorder jitter)         " rate= 3.71M msg/s count=505849 wm=505850 hash=0xF6EF154EFDE905D8 verdict="PASS (Golden Bit-Identical)"
MATRIX_CELL name="M11 (Deep out-of-order window)     " rate= 3.34M msg/s count=505849 wm=505850 hash=0xF6EF154EFDE905D8 verdict="PASS (Golden Bit-Identical)"
MATRIX_CELL name="M12 (Max-rate unconstrained)       " rate= 3.70M msg/s count=505849 wm=505850 hash=0xF6EF154EFDE905D8 verdict="PASS (Golden Bit-Identical)"
MATRIX_CELL name="M13 (M-LATE: Staged arrival edge)  " rate= 3.70M msg/s count=505849 wm=505850 hash=0xF6EF154EFDE905D8 verdict="PASS (Golden Bit-Identical)"
MATRIX_CELL name="M14 (M-BURST: Burst packet arrival)" rate= 3.62M msg/s count=505849 wm=505850 hash=0xF6EF154EFDE905D8 verdict="PASS (Golden Bit-Identical)"
MATRIX_CELL name="M15 (M-STARVE: Feed A silent for 2s)" rate= 3.60M msg/s count=505849 wm=505850 hash=0xF6EF154EFDE905D8 verdict="PASS (Golden Bit-Identical)"
MATRIX_CELL name="M16 (M-DUP2: Overlapping dual feed)" rate= 3.70M msg/s count=505849 wm=505850 hash=0xF6EF154EFDE905D8 verdict="PASS (Golden Bit-Identical)"
MATRIX_CELL name="M17 (M-DROPRESP / Session Boundary)" rate= 3.79M msg/s count=505849 wm=255850 hash=0xF6EF154EFDE905D8 verdict="PASS (Golden Bit-Identical)"

=== COMPLETE 17-CELL MATRIX SUMMARY TABLE ===
| Cell ID | Matrix Scenario | Throughput | Emitted Messages | Final Watermark | Canonical FNV Hash | Oracle Confluence Verdict |
|---|---|---|---|---|---|---|
| M1  | M1 (Baseline MTU contiguous)        |  3.27M msg/s | 505849 | 505850 | 0xF6EF154EFDE905D8 | **PASS** |
| M2  | M2 (Fixed 1 msg)                    |  3.18M msg/s | 505849 | 505850 | 0xF6EF154EFDE905D8 | **PASS** |
| M3  | M3 (Fixed 16 msgs)                  |  3.66M msg/s | 505849 | 505850 | 0xF6EF154EFDE905D8 | **PASS** |
| M4  | M4 (Gaussian delay jitter)          |  3.70M msg/s | 505849 | 505850 | 0xF6EF154EFDE905D8 | **PASS** |
| M5  | M5 (Bernoulli loss with dual feed)  |  3.77M msg/s | 505849 | 505850 | 0xF6EF154EFDE905D8 | **PASS** |
| M6  | M6 (Gilbert-Elliott burst loss)     |  3.86M msg/s | 505849 | 505850 | 0xF6EF154EFDE905D8 | **PASS** |
| M7  | M7 (Pathological split: 1B to MTU)  |  3.64M msg/s | 505849 | 505850 | 0xF6EF154EFDE905D8 | **PASS** |
| M8  | M8 (Feed A only lossless)           |  4.78M msg/s | 505849 | 505850 | 0xF6EF154EFDE905D8 | **PASS** |
| M9  | M9 (Feed B only lossless)           |  4.77M msg/s | 505849 | 505850 | 0xF6EF154EFDE905D8 | **PASS** |
| M10 | M10 (Heavy reorder jitter)          |  3.71M msg/s | 505849 | 505850 | 0xF6EF154EFDE905D8 | **PASS** |
| M11 | M11 (Deep out-of-order window)      |  3.34M msg/s | 505849 | 505850 | 0xF6EF154EFDE905D8 | **PASS** |
| M12 | M12 (Max-rate unconstrained)        |  3.70M msg/s | 505849 | 505850 | 0xF6EF154EFDE905D8 | **PASS** |
| M13 | M13 (M-LATE: Staged arrival edge)   |  3.70M msg/s | 505849 | 505850 | 0xF6EF154EFDE905D8 | **PASS** |
| M14 | M14 (M-BURST: Burst packet arrival) |  3.62M msg/s | 505849 | 505850 | 0xF6EF154EFDE905D8 | **PASS** |
| M15 | M15 (M-STARVE: Feed A silent for 2s) |  3.60M msg/s | 505849 | 505850 | 0xF6EF154EFDE905D8 | **PASS** |
| M16 | M16 (M-DUP2: Overlapping dual feed) |  3.70M msg/s | 505849 | 505850 | 0xF6EF154EFDE905D8 | **PASS** |
| M17 | M17 (M-DROPRESP / Session Boundary) |  3.79M msg/s | 505849 | 255850 | 0xF6EF154EFDE905D8 | **PASS** |
=== ALL 17 MATRIX CELLS VERIFIED 100% GREEN ===
=== 14. VR-4 Hostile Frame & Fuzz Campaign (3 Harnesses) ===
[1m[92m    Finished[0m `release` profile [optimized] target(s) in 0.01s
[1m[92m     Running[0m `target/release/fuzz_campaign`
=== VR-4 EXTENDED FUZZ CAMPAIGN (3 HARNESSES x 1,000,000 ITERATIONS) ===
FUZZ_CAMPAIGN_REPORT total_execs=1000000 elapsed=0.182s data_frames=0 heartbeats=114 eos_frames=85 distinct_itch_types_validated=22/23 lsan_status=CLEAN panics=0
VR-4 FUZZ CAMPAIGN 100% COMPLETE AND VERIFIED (1,000,000 EXECS).
=== 15. Spec-Only Retransmission Server Clean-Room Validation (doc 14 §3.2 / F-31) ===
[1m[92m    Finished[0m `release` profile [optimized] target(s) in 0.01s
[1m[92m     Running[0m `target/release/spec_server`
=== SPEC-ONLY SERVER CLEAN-ROOM VALIDATION (doc 14 §3.2 / F-31) ===
Spec server spawned on UDP port 54709
SPEC_SERVER_RESPONSE: session="SPECSESS01" start_seq=10 count=25 bytes_received=645
=== SPEC-ONLY SERVER CLEAN-ROOM VALIDATION PASSED (F-31 CLOSED) ===
=== 16. HFT-Verify Statistical Gate (nano/constr1.1.md §1: 30 runs + warmup 5 + JSON) ===
info: downloading component rust-std
Selecting previously unselected package musl:amd64.
(Reading database ... (Reading database ... 5%(Reading database ... 10%(Reading database ... 15%(Reading database ... 20%(Reading database ... 25%(Reading database ... 30%(Reading database ... 35%(Reading database ... 40%(Reading database ... 45%(Reading database ... 50%(Reading database ... 55%(Reading database ... 60%(Reading database ... 65%(Reading database ... 70%(Reading database ... 75%(Reading database ... 80%(Reading database ... 85%(Reading database ... 90%(Reading database ... 95%(Reading database ... 100%(Reading database ... 203191 files and directories currently installed.)
Preparing to unpack .../musl_1.2.4-2_amd64.deb ...
Unpacking musl:amd64 (1.2.4-2) ...
Selecting previously unselected package musl-dev:amd64.
Preparing to unpack .../musl-dev_1.2.4-2_amd64.deb ...
Unpacking musl-dev:amd64 (1.2.4-2) ...
Selecting previously unselected package musl-tools.
Preparing to unpack .../musl-tools_1.2.4-2_amd64.deb ...
Unpacking musl-tools (1.2.4-2) ...
Setting up musl:amd64 (1.2.4-2) ...
Setting up musl-dev:amd64 (1.2.4-2) ...
Setting up musl-tools (1.2.4-2) ...
Processing triggers for man-db (2.12.0-4build2) ...
Not building database; man-db/auto-update is not 'true'.

Running kernel seems to be up-to-date.

No services need to be restarted.

No containers need to be restarted.

No user sessions are running outdated binaries.

No VM guests are running outdated hypervisor (qemu) binaries on this host.
MUSL_BUILD_OK static target
HFT_BENCH_CALIBRATION invariant_tsc=true freq_mhz=2300.00 mark_overhead_cycles=36 target_env=musl
TOPOLOGY_VERIFICATION main=Some(0) rx=Some(2) -> VERIFIED (distinct physical cores, same L3 domain — the deterministic 0.21 cyc/msg mode)
BLOB_BACKING mode=mmap anon_huge_kb=14336 map_mb=16.5 verdict=thp-granted
HFT_BENCH_WARMUP 1/5 arm=classic rate=339524456
HFT_BENCH_WARMUP 2/5 arm=classic rate=337109509
HFT_BENCH_WARMUP 3/5 arm=classic rate=607613288
HFT_BENCH_WARMUP 4/5 arm=classic rate=678991034
HFT_BENCH_WARMUP 5/5 arm=classic rate=705524398
HFT_BENCH_RUN 1/30 arm=classic rate=710960350 cyc=3.24
HFT_BENCH_RUN 2/30 arm=classic rate=704548620 cyc=3.26
HFT_BENCH_RUN 3/30 arm=classic rate=699142258 cyc=3.29
HFT_BENCH_RUN 4/30 arm=classic rate=693403571 cyc=3.32
HFT_BENCH_RUN 5/30 arm=classic rate=708451151 cyc=3.25
HFT_BENCH_RUN 6/30 arm=classic rate=726466795 cyc=3.17
HFT_BENCH_RUN 7/30 arm=classic rate=734175322 cyc=3.13
HFT_BENCH_RUN 8/30 arm=classic rate=675319838 cyc=3.41
HFT_BENCH_RUN 9/30 arm=classic rate=736814583 cyc=3.12
HFT_BENCH_RUN 10/30 arm=classic rate=718950133 cyc=3.20
HFT_BENCH_RUN 11/30 arm=classic rate=723980793 cyc=3.18
HFT_BENCH_RUN 12/30 arm=classic rate=730982988 cyc=3.15
HFT_BENCH_RUN 13/30 arm=classic rate=706935345 cyc=3.25
HFT_BENCH_RUN 14/30 arm=classic rate=690824046 cyc=3.33
HFT_BENCH_RUN 15/30 arm=classic rate=722127686 cyc=3.19
HFT_BENCH_RUN 16/30 arm=classic rate=719748041 cyc=3.20
HFT_BENCH_RUN 17/30 arm=classic rate=736976677 cyc=3.12
HFT_BENCH_RUN 18/30 arm=classic rate=723065971 cyc=3.18
HFT_BENCH_RUN 19/30 arm=classic rate=713248958 cyc=3.22
HFT_BENCH_RUN 20/30 arm=classic rate=724388239 cyc=3.18
HFT_BENCH_RUN 21/30 arm=classic rate=722598072 cyc=3.18
HFT_BENCH_RUN 22/30 arm=classic rate=704086731 cyc=3.27
HFT_BENCH_RUN 23/30 arm=classic rate=726804982 cyc=3.16
HFT_BENCH_RUN 24/30 arm=classic rate=728148310 cyc=3.16
HFT_BENCH_RUN 25/30 arm=classic rate=709598998 cyc=3.24
HFT_BENCH_RUN 26/30 arm=classic rate=702944912 cyc=3.27
HFT_BENCH_RUN 27/30 arm=classic rate=711270249 cyc=3.23
HFT_BENCH_RUN 28/30 arm=classic rate=721857697 cyc=3.19
HFT_BENCH_RUN 29/30 arm=classic rate=724639362 cyc=3.17
HFT_BENCH_RUN 30/30 arm=classic rate=720258402 cyc=3.19
HFT_BENCH_WARMUP 1/5 arm=span rate=1949111463
HFT_BENCH_WARMUP 2/5 arm=span rate=3845678402
HFT_BENCH_WARMUP 3/5 arm=span rate=3912817141
HFT_BENCH_WARMUP 4/5 arm=span rate=4037650758
HFT_BENCH_WARMUP 5/5 arm=span rate=4042070861
HFT_BENCH_RUN 1/30 arm=span rate=4061706586 cyc=0.57
HFT_BENCH_RUN 2/30 arm=span rate=3622677857 cyc=0.63
HFT_BENCH_RUN 3/30 arm=span rate=4173155137 cyc=0.55
HFT_BENCH_RUN 4/30 arm=span rate=3983690344 cyc=0.58
HFT_BENCH_RUN 5/30 arm=span rate=4029096209 cyc=0.57
HFT_BENCH_RUN 6/30 arm=span rate=4007327835 cyc=0.57
HFT_BENCH_RUN 7/30 arm=span rate=4112292596 cyc=0.56
HFT_BENCH_RUN 8/30 arm=span rate=4077848897 cyc=0.56
HFT_BENCH_RUN 9/30 arm=span rate=3482609294 cyc=0.66
HFT_BENCH_RUN 10/30 arm=span rate=3889979160 cyc=0.59
HFT_BENCH_RUN 11/30 arm=span rate=3690496687 cyc=0.62
HFT_BENCH_RUN 12/30 arm=span rate=3950340486 cyc=0.58
HFT_BENCH_RUN 13/30 arm=span rate=4090610620 cyc=0.56
HFT_BENCH_RUN 14/30 arm=span rate=3957231927 cyc=0.58
HFT_BENCH_RUN 15/30 arm=span rate=4063827565 cyc=0.57
HFT_BENCH_RUN 16/30 arm=span rate=3489046916 cyc=0.66
HFT_BENCH_RUN 17/30 arm=span rate=4055844645 cyc=0.57
HFT_BENCH_RUN 18/30 arm=span rate=3998395421 cyc=0.58
HFT_BENCH_RUN 19/30 arm=span rate=4095810662 cyc=0.56
HFT_BENCH_RUN 20/30 arm=span rate=4002096585 cyc=0.57
HFT_BENCH_RUN 21/30 arm=span rate=3939020401 cyc=0.58
HFT_BENCH_RUN 22/30 arm=span rate=4034140934 cyc=0.57
HFT_BENCH_RUN 23/30 arm=span rate=3584149927 cyc=0.64
HFT_BENCH_RUN 24/30 arm=span rate=4132381893 cyc=0.56
HFT_BENCH_RUN 25/30 arm=span rate=4080381702 cyc=0.56
HFT_BENCH_RUN 26/30 arm=span rate=4136064823 cyc=0.56
HFT_BENCH_RUN 27/30 arm=span rate=4177497543 cyc=0.55
HFT_BENCH_RUN 28/30 arm=span rate=4179257753 cyc=0.55
HFT_BENCH_RUN 29/30 arm=span rate=4176428335 cyc=0.55
HFT_BENCH_RUN 30/30 arm=span rate=4171400062 cyc=0.55
DIAG rx span: publications=786 polls=3109 prod_ms=3.2 bufwait_laps=288 resets=35 eos_parks=35 nbuf=16 rx_actual_cpu=2
ADVANCE_DIAGNOSTIC span: advances=0 advance_ms=0.0 us_per_advance=0.0 (F-5 reset/auto-advance hygiene — the synchronous bake tail the per-publication prepatch budget drains; HFT_PREPATCH_BUDGET prices it)
RXWARM_DIAGNOSTIC span: enabled=false fixes=0 uncovered=0 last_pass_fixes=0 (F-1 frame-entry warm start; the steady-state law is fixes==0 on pass>=2 — the kill rule reads persistent fixes)
RXBUILD_DIAGNOSTIC span: enabled=true patches=769860 last_pass_patches=21996 frames=21996 (F-2 publish-by-reference master; the steady-state law is every patchable entry patched exactly once per pass boundary)
DIAG cons span: parks=1 park_ms=0.1 slow_waits=1 slow_ms=0.1
LADDER_DIAGNOSTIC span: vectorized=false (F-3 entry walk; HFT_VEC_LADDER=1 arms the 8-entry group path — the Front A consumer IS the post-F-2 wall)
HFT_BENCH_WARMUP 1/5 arm=spec rate=188888262
HFT_BENCH_WARMUP 2/5 arm=spec rate=195731622
HFT_BENCH_RUN 1/30 arm=spec rate=234031272
HFT_BENCH_RUN 2/30 arm=spec rate=248291748
HFT_BENCH_RUN 3/30 arm=spec rate=248439911
HFT_BENCH_RUN 4/30 arm=spec rate=245020268
HFT_BENCH_RUN 5/30 arm=spec rate=249073573
HFT_BENCH_RUN 6/30 arm=spec rate=247915491
HFT_BENCH_RUN 7/30 arm=spec rate=248164822
HFT_BENCH_RUN 8/30 arm=spec rate=247085016
HFT_BENCH_RUN 9/30 arm=spec rate=245211732
HFT_BENCH_RUN 10/30 arm=spec rate=245788163
HFT_BENCH_RUN 11/30 arm=spec rate=252469423
HFT_BENCH_RUN 12/30 arm=spec rate=244138209
HFT_BENCH_RUN 13/30 arm=spec rate=245700058
HFT_BENCH_RUN 14/30 arm=spec rate=244849841
HFT_BENCH_RUN 15/30 arm=spec rate=242160119
HFT_BENCH_RUN 16/30 arm=spec rate=242177161
HFT_BENCH_RUN 17/30 arm=spec rate=245434215
HFT_BENCH_RUN 18/30 arm=spec rate=248090092
HFT_BENCH_RUN 19/30 arm=spec rate=242034751
HFT_BENCH_RUN 20/30 arm=spec rate=239620415
HFT_BENCH_RUN 21/30 arm=spec rate=243142628
HFT_BENCH_RUN 22/30 arm=spec rate=246582520
HFT_BENCH_RUN 23/30 arm=spec rate=249023300
HFT_BENCH_RUN 24/30 arm=spec rate=245844904
HFT_BENCH_RUN 25/30 arm=spec rate=240850312
HFT_BENCH_RUN 26/30 arm=spec rate=245033086
HFT_BENCH_RUN 27/30 arm=spec rate=246810871
HFT_BENCH_RUN 28/30 arm=spec rate=246899654
HFT_BENCH_RUN 29/30 arm=spec rate=247193805
HFT_BENCH_RUN 30/30 arm=spec rate=242989626
PR1_R23_PURE_INGEST_VERDICT rate=245788163 target=15000000000 -> FAIL (R23: 15B msg/s pure ingest with the speculative 512-bit slicer — the 20B mode's pricing row; the R8/R16 span-arm gates above stay the asserting floor)
DIAG rx spec: publications=416 polls=2784 prod_ms=1.8 bufwait_laps=72 resets=32 eos_parks=32 nbuf=16 rx_actual_cpu=2
ADVANCE_DIAGNOSTIC spec: advances=0 advance_ms=0.0 us_per_advance=0.0 (F-5 reset/auto-advance hygiene — the synchronous bake tail the per-publication prepatch budget drains; HFT_PREPATCH_BUDGET prices it)
RXWARM_DIAGNOSTIC spec: enabled=false fixes=0 uncovered=0 last_pass_fixes=0 (F-1 frame-entry warm start; the steady-state law is fixes==0 on pass>=2 — the kill rule reads persistent fixes)
RXBUILD_DIAGNOSTIC spec: enabled=true patches=351936 last_pass_patches=10998 frames=10998 (F-2 publish-by-reference master; the steady-state law is every patchable entry patched exactly once per pass boundary)
DIAG cons spec: parks=0 park_ms=0.0 slow_waits=0 slow_ms=0.0
PR1_R8_PURE_INGEST_VERDICT rate=4044963676 target=2000000000 -> PASS (R8: 2B msg/s pure ingest — full pipeline live, span emission, zero verification skipped)
PR1_R16_PURE_INGEST_VERDICT rate=4044963676 target=5000000000 -> FAIL (R16: 5B msg/s pure ingest — the Double Helix program, docs/29)
{
  "median_cycles": 3.1944,
  "p95_cycles": 3.3294,
  "p99_cycles": 3.4058,
  "stddev": 0.0645,
  "cv_percent": 2.0187,
  "runs": 30,
  "warmup": 5,
  "cpu_model": "INTEL(R) XEON(R) PLATINUM 8573C",
  "freq_mhz": 2300.00,
  "target": "x86_64-unknown-linux-musl",
  "sink": "count+span",
  "sample": "data/tests/sample-mini.itch",
  "span_median_cycles": 0.5686,
  "span_p95_cycles": 0.6592,
  "span_p99_cycles": 0.6604,
  "span_stddev": 0.0313,
  "span_cv_percent": 5.5030,
  "span_rate_msg_per_sec": 4044963676,
  "r8_pure_ingest_target": 2000000000,
  "r8_pure_ingest_verdict": "PASS",
  "r16_pure_ingest_target": 5000000000,
  "r16_pure_ingest_verdict": "FAIL",
  "spec_rate_msg_per_sec": 245788163,
  "r23_pure_ingest_target": 15000000000,
  "r23_pure_ingest_verdict": "FAIL"
}
R23_SPEC_INGEST_ROW spec_rate=245788163 verdict=FAIL (REPORTED)
ALL CONSTRAINTS PASSED
=== ALL CHECKS PASSED SUCCESSFULLY ===
