RUSTFLAGS (env): -C target-cpu=x86-64-v3
rustc: rustc 1.99.0 (b940084d7 2026-09-28)
target_arch="x86_64"
target_feature="fxsr"
target_feature="sse"
target_feature="sse2"
CPUS: 4
model name	: AMD EPYC 9V45 96-Core Processor
cpu0 siblings: 0-1 L3: 0-3
cpu1 siblings: 0-1 L3: 0-3
cpu2 siblings: 2-3 L3: 0-3
cpu3 siblings: 2-3 L3: 0-3
taskset: pid 2141's current affinity list: 0-3
=== 1. Mini Sample SHA256 Check ===
data/tests/sample-mini.itch: OK
=== 2. Build Workspace Release ===
[1m[92m    Updating[0m crates.io index
[1m[92m   Compiling[0m nf-protocol v0.1.0 (/home/runner/work/HFT-Proj/HFT-Proj/crates/nf-protocol)
[1m[92m   Compiling[0m nf-arbitrator v0.1.0 (/home/runner/work/HFT-Proj/HFT-Proj/crates/nf-arbitrator)
[1m[92m   Compiling[0m nf-transport v0.1.0 (/home/runner/work/HFT-Proj/HFT-Proj/crates/nf-transport)
[1m[92m   Compiling[0m nf-recovery v0.1.0 (/home/runner/work/HFT-Proj/HFT-Proj/crates/nf-recovery)
[1m[92m   Compiling[0m nf-testkit v0.1.0 (/home/runner/work/HFT-Proj/HFT-Proj/crates/nf-testkit)
[1m[92m   Compiling[0m nf-engine v0.1.0 (/home/runner/work/HFT-Proj/HFT-Proj/crates/nf-engine)
[1m[92m    Finished[0m `release` profile [optimized] target(s) in 17.35s
=== 3. Clippy Workspace ===
[1m[92m    Checking[0m nf-protocol v0.1.0 (/home/runner/work/HFT-Proj/HFT-Proj/crates/nf-protocol)
[1m[92m    Checking[0m nf-arbitrator v0.1.0 (/home/runner/work/HFT-Proj/HFT-Proj/crates/nf-arbitrator)
[1m[92m    Checking[0m nf-transport v0.1.0 (/home/runner/work/HFT-Proj/HFT-Proj/crates/nf-transport)
[1m[92m    Checking[0m nf-recovery v0.1.0 (/home/runner/work/HFT-Proj/HFT-Proj/crates/nf-recovery)
[1m[92m    Checking[0m nf-testkit v0.1.0 (/home/runner/work/HFT-Proj/HFT-Proj/crates/nf-testkit)
[1m[92m    Checking[0m nf-engine v0.1.0 (/home/runner/work/HFT-Proj/HFT-Proj/crates/nf-engine)
[1m[92m    Finished[0m `dev` profile [unoptimized + debuginfo] target(s) in 1.45s
=== 4. Negative Lint Tripwire Test ===
[1m[92m    Checking[0m lint-fixture v0.1.0 (/home/runner/work/HFT-Proj/HFT-Proj/tests/lint_fixture)
[1m[91merror[0m[1m: use of a disallowed type `alloc::vec::Vec`[0m
 [1m[94m--> [0msrc/lib.rs:7:23
  [1m[94m|[0m
[1m[94m7[0m [1m[94m|[0m     let _v: Vec<u8> = Vec::new();
  [1m[94m|[0m                       [1m[91m^^^[0m
  [1m[94m|[0m
  [1m[94m= [0m[1mnote[0m: Tier-F zero-allocation ban
  [1m[94m= [0m[1mhelp[0m: for further information visit https://rust-lang.github.io/rust-clippy/rust-1.99.0/index.html#disallowed_types
[1m[92mnote[0m: the lint level is defined here
 [1m[94m--> [0msrc/lib.rs:3:9
  [1m[94m|[0m
[1m[94m3[0m [1m[94m|[0m #![deny(clippy::disallowed_types)]
  [1m[94m|[0m         [1m[92m^^^^^^^^^^^^^^^^^^^^^^^^[0m

[1m[91merror[0m[1m: use of a disallowed type `alloc::vec::Vec`[0m
 [1m[94m--> [0msrc/lib.rs:7:13
  [1m[94m|[0m
[1m[94m7[0m [1m[94m|[0m     let _v: Vec<u8> = Vec::new();
  [1m[94m|[0m             [1m[91m^^^^^^^[0m
  [1m[94m|[0m
  [1m[94m= [0m[1mnote[0m: Tier-F zero-allocation ban
  [1m[94m= [0m[1mhelp[0m: for further information visit https://rust-lang.github.io/rust-clippy/rust-1.99.0/index.html#disallowed_types

[1m[91merror[0m[1m: use of a disallowed type `alloc::string::String`[0m
 [1m[94m--> [0msrc/lib.rs:8:22
  [1m[94m|[0m
[1m[94m8[0m [1m[94m|[0m     let _s: String = String::new();
  [1m[94m|[0m                      [1m[91m^^^^^^[0m
  [1m[94m|[0m
  [1m[94m= [0m[1mnote[0m: Tier-F zero-allocation ban
  [1m[94m= [0m[1mhelp[0m: for further information visit https://rust-lang.github.io/rust-clippy/rust-1.99.0/index.html#disallowed_types

[1m[91merror[0m[1m: use of a disallowed type `alloc::string::String`[0m
 [1m[94m--> [0msrc/lib.rs:8:13
  [1m[94m|[0m
[1m[94m8[0m [1m[94m|[0m     let _s: String = String::new();
  [1m[94m|[0m             [1m[91m^^^^^^[0m
  [1m[94m|[0m
  [1m[94m= [0m[1mnote[0m: Tier-F zero-allocation ban
  [1m[94m= [0m[1mhelp[0m: for further information visit https://rust-lang.github.io/rust-clippy/rust-1.99.0/index.html#disallowed_types

[1m[91merror[0m[1m: use of a disallowed type `std::collections::HashMap`[0m
 [1m[94m--> [0msrc/lib.rs:9:53
  [1m[94m|[0m
[1m[94m9[0m [1m[94m|[0m     let _map: std::collections::HashMap<u32, u32> = std::collections::HashMap::new();
  [1m[94m|[0m                                                     [1m[91m^^^^^^^^^^^^^^^^^^^^^^^^^[0m
  [1m[94m|[0m
  [1m[94m= [0m[1mnote[0m: Tier-F zero-allocation ban
  [1m[94m= [0m[1mhelp[0m: for further information visit https://rust-lang.github.io/rust-clippy/rust-1.99.0/index.html#disallowed_types

[1m[91merror[0m[1m: use of a disallowed type `std::collections::HashMap`[0m
 [1m[94m--> [0msrc/lib.rs:9:15
  [1m[94m|[0m
[1m[94m9[0m [1m[94m|[0m     let _map: std::collections::HashMap<u32, u32> = std::collections::HashMap::new();
  [1m[94m|[0m               [1m[91m^^^^^^^^^^^^^^^^^^^^^^^^^^^^^^^^^^^[0m
  [1m[94m|[0m
  [1m[94m= [0m[1mnote[0m: Tier-F zero-allocation ban
  [1m[94m= [0m[1mhelp[0m: for further information visit https://rust-lang.github.io/rust-clippy/rust-1.99.0/index.html#disallowed_types

[1m[91merror[0m[1m: use of a disallowed type `alloc::rc::Rc`[0m
  [1m[94m--> [0msrc/lib.rs:10:15
   [1m[94m|[0m
[1m[94m10[0m [1m[94m|[0m     let _rc = std::rc::Rc::new(42);
   [1m[94m|[0m               [1m[91m^^^^^^^^^^^[0m
   [1m[94m|[0m
   [1m[94m= [0m[1mnote[0m: Tier-F zero-allocation ban
   [1m[94m= [0m[1mhelp[0m: for further information visit https://rust-lang.github.io/rust-clippy/rust-1.99.0/index.html#disallowed_types

[1m[91merror[0m[1m: use of a disallowed type `alloc::sync::Arc`[0m
  [1m[94m--> [0msrc/lib.rs:11:16
   [1m[94m|[0m
[1m[94m11[0m [1m[94m|[0m     let _arc = std::sync::Arc::new(42);
   [1m[94m|[0m                [1m[91m^^^^^^^^^^^^^^[0m
   [1m[94m|[0m
   [1m[94m= [0m[1mnote[0m: Tier-F zero-allocation ban
   [1m[94m= [0m[1mhelp[0m: for further information visit https://rust-lang.github.io/rust-clippy/rust-1.99.0/index.html#disallowed_types

[1m[91merror[0m[1m: use of a disallowed method `alloc::string::ToString::to_string`[0m
  [1m[94m--> [0msrc/lib.rs:15:17
   [1m[94m|[0m
[1m[94m15[0m [1m[94m|[0m     let _s = 42.to_string();
   [1m[94m|[0m                 [1m[91m^^^^^^^^^[0m
   [1m[94m|[0m
   [1m[94m= [0m[1mnote[0m: Tier-M zero-allocation hot-loop ban
   [1m[94m= [0m[1mhelp[0m: for further information visit https://rust-lang.github.io/rust-clippy/rust-1.99.0/index.html#disallowed_methods
[1m[92mnote[0m: the lint level is defined here
  [1m[94m--> [0msrc/lib.rs:4:9
   [1m[94m|[0m
[1m[94m 4[0m [1m[94m|[0m #![deny(clippy::disallowed_methods)]
   [1m[94m|[0m         [1m[92m^^^^^^^^^^^^^^^^^^^^^^^^^^[0m

[1m[91merror[0m[1m: use of a disallowed method `alloc::borrow::ToOwned::to_owned`[0m
  [1m[94m--> [0msrc/lib.rs:17:24
   [1m[94m|[0m
[1m[94m17[0m [1m[94m|[0m     let _owned = slice.to_owned();
   [1m[94m|[0m                        [1m[91m^^^^^^^^[0m
   [1m[94m|[0m
   [1m[94m= [0m[1mnote[0m: Tier-M zero-allocation hot-loop ban
   [1m[94m= [0m[1mhelp[0m: for further information visit https://rust-lang.github.io/rust-clippy/rust-1.99.0/index.html#disallowed_methods

[1m[91merror[0m: could not compile `lint-fixture` (lib) due to 10 previous errors
=== 5. Unit & Conformance Tests ===
[1m[92m   Compiling[0m nf-protocol v0.1.0 (/home/runner/work/HFT-Proj/HFT-Proj/crates/nf-protocol)
[1m[92m   Compiling[0m nf-transport v0.1.0 (/home/runner/work/HFT-Proj/HFT-Proj/crates/nf-transport)
[1m[92m   Compiling[0m nf-arbitrator v0.1.0 (/home/runner/work/HFT-Proj/HFT-Proj/crates/nf-arbitrator)
[1m[92m   Compiling[0m nf-recovery v0.1.0 (/home/runner/work/HFT-Proj/HFT-Proj/crates/nf-recovery)
[1m[92m   Compiling[0m nf-testkit v0.1.0 (/home/runner/work/HFT-Proj/HFT-Proj/crates/nf-testkit)
[1m[92m   Compiling[0m nf-engine v0.1.0 (/home/runner/work/HFT-Proj/HFT-Proj/crates/nf-engine)
[1m[92m    Finished[0m `test` profile [optimized + debuginfo] target(s) in 14.19s
[1m[92m     Running[0m unittests src/lib.rs (target/debug/deps/nf_arbitrator-6363e96099bf9242)

running 0 tests

test result: ok. 0 passed; 0 failed; 0 ignored; 0 measured; 0 filtered out; finished in 0.00s

[1m[92m     Running[0m tests/compilefail.rs (target/debug/deps/compilefail-478af2cb6c91a996)

running 1 test
[1m[92m    Checking[0m nf-protocol v0.1.0 (/home/runner/work/HFT-Proj/HFT-Proj/crates/nf-protocol)
[1m[92m    Checking[0m nf-arbitrator v0.1.0 (/home/runner/work/HFT-Proj/HFT-Proj/crates/nf-arbitrator)
[1m[92m    Checking[0m nf-transport v0.1.0 (/home/runner/work/HFT-Proj/HFT-Proj/crates/nf-transport)
[1m[92m    Checking[0m nf-recovery v0.1.0 (/home/runner/work/HFT-Proj/HFT-Proj/crates/nf-recovery)
[1m[92m    Checking[0m nf-testkit v0.1.0 (/home/runner/work/HFT-Proj/HFT-Proj/crates/nf-testkit)
[1m[92m    Checking[0m nf-arbitrator-tests v0.0.0 (/home/runner/work/HFT-Proj/HFT-Proj/target/tests/trybuild/nf-arbitrator)
[1m[92m    Finished[0m `dev` profile [unoptimized + debuginfo] target(s) in 0.46s


test tests/ui/cf1_private_field_construction.rs ... ok
test tests/ui/cf2_private_field_read.rs ... ok
test tests/ui/cf3_destructure.rs ... ok
test tests/ui/cf4_lookalike_type.rs ... ok
test tests/ui/cf5_hold_across_calls.rs ... ok
test tests/ui/cf6_orphan_clone.rs ... ok


test test_compile_fail_suite ... ok

test result: ok. 1 passed; 0 failed; 0 ignored; 0 measured; 0 filtered out; finished in 1.55s

[1m[92m     Running[0m tests/sequencer_tests.rs (target/debug/deps/sequencer_tests-c037a0fdfcc57b5c)

running 19 tests
test test_r3_no_optin_unchanged ... ok
test test_r3_span_equivalence_contiguous_flow ... ok
test test_r3_span_fallback_on_invalid ... ok
test test_r3_span_gap_staging_drain ... ok
test test_u11_seal ... ok
test test_r3_span_hb_eos ... ok
test test_u12_recovery_intent ... ok
test test_u10_gen_law ... ok
test test_u13_totality ... ok
test test_u14_byte_identity ... ok
test test_u1_dup_fast_path ... ok
test test_u2_partial_overlap ... ok
test test_u3_reorder_disorder ... ok
test test_u4_window_clamp ... ok
test test_u8_eos_handling ... ok
test test_u6_session_change ... ok
test test_u7_heartbeat_gap ... ok
test test_u9_eos_then_data ... ok
test test_u_zombie_hazard ... ok

test result: ok. 19 passed; 0 failed; 0 ignored; 0 measured; 0 filtered out; finished in 0.00s

[1m[92m     Running[0m tests/split_watermark.rs (target/debug/deps/split_watermark-6b556bc238fd948b)

running 1 test
test test_a1_split_watermark_discriminator ... ok

test result: ok. 1 passed; 0 failed; 0 ignored; 0 measured; 0 filtered out; finished in 0.05s

[1m[92m     Running[0m unittests src/lib.rs (target/debug/deps/nf_engine-2835e0eb584a1f80)

running 4 tests
test tests::test_audit_in_memory_stream ... ok
test tail_study::tests::test_p2_l1_unit_law_per_message_stamps ... ok
test histogram::tests::test_static_histogram_percentiles ... ok
test tests::test_audit_truncated_tail ... ok

test result: ok. 4 passed; 0 failed; 0 ignored; 0 measured; 0 filtered out; finished in 0.00s

[1m[92m     Running[0m unittests src/bin/audit.rs (target/debug/deps/audit-0ffa5e810830aa34)

running 0 tests

test result: ok. 0 passed; 0 failed; 0 ignored; 0 measured; 0 filtered out; finished in 0.00s

[1m[92m     Running[0m unittests src/bin/bench.rs (target/debug/deps/bench-8d7d78bca1894c8b)

running 0 tests

test result: ok. 0 passed; 0 failed; 0 ignored; 0 measured; 0 filtered out; finished in 0.00s

[1m[92m     Running[0m unittests src/bin/hft_bench.rs (target/debug/deps/hft_bench-77e0d5531fa87c9d)

running 0 tests

test result: ok. 0 passed; 0 failed; 0 ignored; 0 measured; 0 filtered out; finished in 0.00s

[1m[92m     Running[0m unittests src/bin/kbench.rs (target/debug/deps/kbench-4bb94fa949f08972)

running 0 tests

test result: ok. 0 passed; 0 failed; 0 ignored; 0 measured; 0 filtered out; finished in 0.00s

[1m[92m     Running[0m unittests src/bin/replay.rs (target/debug/deps/replay-0ff2083d86b40b63)

running 0 tests

test result: ok. 0 passed; 0 failed; 0 ignored; 0 measured; 0 filtered out; finished in 0.00s

[1m[92m     Running[0m tests/xdp_tests.rs (target/debug/deps/xdp_tests-51cc3573b9588ba6)

running 6 tests
test test_x1_xdp_smoke ... ok
test test_x4_fill_ring_discipline ... ok
test test_x6_malicious_frames ... ok
test test_x5_alloc_window_xdp ... ok
test test_x3_scripted_dual_drop ... ok
test test_x2_conformance_mini ... ok

test result: ok. 6 passed; 0 failed; 0 ignored; 0 measured; 0 filtered out; finished in 0.03s

[1m[92m     Running[0m unittests src/lib.rs (target/debug/deps/nf_protocol-885ff5d190450fa5)

running 21 tests
test gates::tests::test_gates_tripwires_fail_on_bad_inputs ... ok
test itch5::tests::t1_tv_it1_system_event ... ok
test itch5::tests::t2_tv_it2_stock_directory ... ok
test itch5::tests::t3_case_trap ... ok
test itch5::tests::t7_extended_overlays ... ok
test itch5::tests::t4_synthetic_add_order ... ok
test itch5::tests::t5_table_totality ... ok
test itch5::tests::t6_error_paths ... ok
test moldudp64::tests::t11_span_calculation ... ok
test moldudp64::tests::t1_tv1_golden ... ok
test moldudp64::tests::t2_t3_heartbeat_and_eos ... ok
test moldudp64::tests::t4_encode_request ... ok
test moldudp64::tests::t5_truncated_frame ... ok
test moldudp64::tests::t6_block_overrun ... ok
test moldudp64::tests::t7_trailing_bytes ... ok
test moldudp64::tests::t8_zero_length_message ... ok
test moldudp64::tests::t9_seq_overflow ... ok
test packet::tests::test_validate_frame_synthetic ... ok
test moldudp64::tests::t13_spec_slice_edges ... ok
test moldudp64::tests::t10_round_trip_property ... ok
test moldudp64::tests::t12_spec_slice_matches_blocks ... ok

test result: ok. 21 passed; 0 failed; 0 ignored; 0 measured; 0 filtered out; finished in 0.04s

[1m[92m     Running[0m unittests src/lib.rs (target/debug/deps/nf_recovery-a4273f375a48027e)

running 0 tests

test result: ok. 0 passed; 0 failed; 0 ignored; 0 measured; 0 filtered out; finished in 0.00s

[1m[92m     Running[0m tests/recovery_tests.rs (target/debug/deps/recovery_tests-6c123f8406540150)

running 17 tests
test test_r10_session_boundary_during_recovery ... ok
test test_r11_socket_disconnect ... ok
test test_r12_vt_grace_stepping ... ok
test test_r13_retry_counting_determinism ... ok
test test_r14_state_transition_matrix ... ok
test test_e2e_2b_split_dual_drop ... ok
test test_e2e_2a_canonical_dual_drop ... ok
test test_e2e_2c_double_run_confluence ... ok
test test_r4_request_encode_from_intent ... ok
test test_r1_fakeserver_drop_request_fault ... ok
test test_r6_drop_request_dead ... ok
test test_r7_silence_dead ... ok
test test_r5_partial_fill_truncate_after ... ok
test test_r3_inv_r5_wrong_session ... ok
test test_r2_fakeserver_drop_response_fault ... ok
test test_r9_dual_drop_repair ... ok
test test_r8_duplicate_first ... ok

test result: ok. 17 passed; 0 failed; 0 ignored; 0 measured; 0 filtered out; finished in 0.14s

[1m[92m     Running[0m unittests src/lib.rs (target/debug/deps/nf_testkit-c60ad869f026b239)

running 76 tests
test affinity::fabric_placement_tests::t_fabric_placement_distinct_workers_on_distinct_cores ... ok
test affinity::l3_tests::t_l3_groups_partition ... ok
test affinity::fabric_placement_tests::t_fabric_placement_no_worker_on_main_sibling_when_possible ... ok
test affinity::l3_tests::t_pipeline_placement_distinct ... ok
test affinity::l3_tests::t_topology_verification_same_cpu_violates ... ok
test affinity::tests::t_affinity_order_nonempty_and_bounded ... ok
test affinity::tests::t_affinity_pin_roundtrip ... ok
test affinity::l3_tests::t_topology_verification_placement_consistent ... ok
test batch_parity::t_r12_soa_parity_default_schedule ... ok
test batch_parity::t_r12_soa_parity_lossy_schedule ... ok
test batch_parity::t_r12_soa_parity_multi_pass_resets ... ok
test batch_parity::t_r12_soa_parity_reorder_schedule ... ok
test batch_parity::t_r12_soa_parity_session_split ... ok
test batch_parity::t_r12_soa_parity_single_feed_seeded ... ok
test batch_parity::t_r8_batch_parity_default_schedule ... ok
test batch_parity::t_r8_batch_parity_fast_sink ... ok
test batch_parity::t_r8_batch_parity_lossy_schedule ... ok
test batch_parity::t_r8_batch_parity_multi_pass_reset ... ok
test batch_parity::t_r8_batch_parity_per_message_sink ... ok
test batch_parity::t_r8_batch_parity_reorder_schedule ... ok
test batch_parity::t_r8_batch_parity_session_split ... ok
test batch_parity::t_r8_batch_parity_single_feed_seeded ... ok
test batch_parity::t_r8_coalesced_pacing_parity ... ok
test batch_parity::t_r8_pipeline_parity_canonical ... ok
test crcfold::tests::t_affine_kernel_8lane_differential ... ok
test crcfold::tests::t_affine_kernel_models ... ok
test crcfold::tests::t_affine_kernel_scalar_differential ... ok
test crcfold::tests::t_affine_span_derivation_oracle ... ok
test crcfold::tests::t_dfold_constants_derivation ... ok
test crcfold::tests::t_fold_differential_exhaustive ... ok
test crcfold::tests::t_gfni_bitrev_matrix ... ok
test crcfold::tests::t_golden_vectors ... ok
test crcfold::tests::t_ofold_constants_derivation ... ok
test crcfold::tests::t_r23c_tag_core ... ok
test crcfold::tests::t_reference_matches_standard_vector ... ok
test crcfold::tests::t_reflect_constants_derivation ... ok
test crcfold::tests::t_spec_slice_vec_differential ... ok
test crcfold::tests::t_transpose_arena_public_api ... ok
test crcfold::tests::t_tri_constants_derivation ... ok
test crcfold::tests::t_vend_constants_derivation ... ok
test crcfold::tests::t_vtail_constants_derivation ... ok
test hydra::tests::t_hydra_bitparity_chaos_schedule ... ok
test hydra::tests::t_hydra_bitparity_default_schedule ... ok
test batch_parity::t_f2_rxbuild_chaos_sustained_soak ... ok
test batch_parity::t_f1_rxwarm_chaos_sustained_soak ... ok
test hydra::tests::t_hydra_bitparity_seeded_range ... ok
test hydra::tests::t_hydra_bitparity_ring_wraparound ... ok
test hydra::tests::t_hydra_bitparity_worker_counts ... ok
test hydra::tests::t_hydra_crosspass_overlap_bitparity ... ok
test hydra::tests::t_r23c_affine_ledger_pipeline_parity ... ok
test hydra::tests::t_r23c_affine_tag_parity ... ok
test hydra::tests::t_hydra_bitparity_fixed1 ... ok
test batch_parity::t_i7_prepatch_chaos_sustained_soak ... ok
test soa::tests::t_ladder_alternating_group_passes ... ok
test soa::tests::t_ladder_avx512_matches_scalar_when_present ... ok
test soa::tests::t_ladder_gap_fails ... ok
test soa::tests::t_ladder_pair_mismatch_fails ... ok
test soa::tests::t_ladder_partial_dup_fails_or_passes_correctly ... ok
test soa::tests::t_ladder_two_emits_fails ... ok
test soa::tests::t_ladder_wrapping_group_rejected ... ok
test tests::t10_max_rate_mode ... ok
test tests::t1_golden_walker_mini ... ok
test tests::t2_schedule_determinism ... ok
test tests::t3_packetization_modes ... ok
test tests::t4_render_round_trip ... ok
test tests::t5_accounting_identity_guarantee_coverage ... ok
test tests::t6_th1_structure ... ok
test tests::t7_session_split_invariance ... ok
test tests::t8_delay_distribution_sanity ... ok
test tests::t9_full_mini_chaos_run ... ok
test tests::test_e2e_1_mini_chaos_conformance ... ok
test tests::test_e2e_1b_mini_chaos_determinism_double_run ... ok
test tests::test_u5_w1_property_1m_ops ... ok
test hydra::tests::t_rxdesc_sustained_multipass_parity ... ok
test hydra::tests::t_hydra_pipeline_soa_chaos_bitparity ... ok
test hydra::tests::t_rxdesc_parity_matrix ... ok

test result: ok. 76 passed; 0 failed; 0 ignored; 0 measured; 0 filtered out; finished in 4.97s

[1m[92m     Running[0m unittests src/bin/diff_oracle.rs (target/debug/deps/diff_oracle-fa81e8970129c313)

running 0 tests

test result: ok. 0 passed; 0 failed; 0 ignored; 0 measured; 0 filtered out; finished in 0.00s

[1m[92m     Running[0m unittests src/bin/fakeserver.rs (target/debug/deps/fakeserver-cafe9c737f62a6cf)

running 0 tests

test result: ok. 0 passed; 0 failed; 0 ignored; 0 measured; 0 filtered out; finished in 0.00s

[1m[92m     Running[0m unittests src/bin/fbench.rs (target/debug/deps/fbench-125af8e1b5e4ff98)

running 0 tests

test result: ok. 0 passed; 0 failed; 0 ignored; 0 measured; 0 filtered out; finished in 0.00s

[1m[92m     Running[0m unittests src/bin/fuzz_campaign.rs (target/debug/deps/fuzz_campaign-5df8befc36b68eb5)

running 0 tests

test result: ok. 0 passed; 0 failed; 0 ignored; 0 measured; 0 filtered out; finished in 0.00s

[1m[92m     Running[0m unittests src/bin/matrix_sweep.rs (target/debug/deps/matrix_sweep-7c6987c33b3656ab)

running 0 tests

test result: ok. 0 passed; 0 failed; 0 ignored; 0 measured; 0 filtered out; finished in 0.00s

[1m[92m     Running[0m unittests src/bin/spec_server.rs (target/debug/deps/spec_server-cb8f9ed5a20ba269)

running 0 tests

test result: ok. 0 passed; 0 failed; 0 ignored; 0 measured; 0 filtered out; finished in 0.00s

[1m[92m     Running[0m unittests src/bin/venue.rs (target/debug/deps/venue-785153f8a034a3bf)

running 0 tests

test result: ok. 0 passed; 0 failed; 0 ignored; 0 measured; 0 filtered out; finished in 0.00s

[1m[92m     Running[0m unittests src/bin/window_sweep.rs (target/debug/deps/window_sweep-6d125350cd8689be)

running 0 tests

test result: ok. 0 passed; 0 failed; 0 ignored; 0 measured; 0 filtered out; finished in 0.00s

[1m[92m     Running[0m unittests src/lib.rs (target/debug/deps/nf_transport-1bacef6ed3ea05d1)

running 24 tests
test pipeline::tests::t_pipeline_armed_rejects_plain_reset ... ok
test pipeline::tests::t_pipeline_auto_advance_multi_pass ... ok
test pipeline::tests::t_pipeline_auto_advance_session_divergence_failstops ... ok
test pipeline::tests::t_pipeline_coalesce128 ... ok
test pipeline::tests::t_pipeline_multi_reset ... ok
test pipeline::tests::t_pipeline_single_pass_coalesce1 ... ok
test pipeline::tests::t_pipeline_single_pass_coalesce8 ... ok
test pipeline::tests::t_rxbuild_constant_session ... ok
test pipeline::tests::t_rxbuild_mid_pass_abandon ... ok
test pipeline::tests::t_nbuf32_parity_vs_depth16 ... ok
test pipeline::tests::t_rxwarm_mid_pass_abandon ... ok
test pipeline::tests::t_rxbuild_parity_vs_classic ... ok
test render::tests::t_r2_memo_all_valid ... ok
test render::tests::t_r2_memo_default_trait_none ... ok
test render::tests::t_r2_memo_exact_prefix ... ok
test render::tests::t_r2_memo_none_for_hb ... ok
test pipeline::tests::t_rxwarm_parity_vs_classic ... ok
test render::tests::t_r2_memo_none_oob ... ok
test render::tests::t_r2_memo_stable_across_reset ... ok
test render::tests::t_r8_batch_entries_match_side_tables ... ok
test render::tests::t_r9_aliasing_dual_feed_identical_bytes_and_smaller_blob ... ok
test render::tests::t_r9_aliasing_not_for_distinct_ranges ... ok
test pipeline::tests::t_rxwarm_unarmed_constant_session ... ok
test pipeline::tests::t_prepatch_marker_sentinel_head_invariant ... ok

test result: ok. 24 passed; 0 failed; 0 ignored; 0 measured; 0 filtered out; finished in 0.11s

[1m[92m   Doc-tests[0m nf_arbitrator

running 0 tests

test result: ok. 0 passed; 0 failed; 0 ignored; 0 measured; 0 filtered out; finished in 0.00s

[1m[92m   Doc-tests[0m nf_engine

running 0 tests

test result: ok. 0 passed; 0 failed; 0 ignored; 0 measured; 0 filtered out; finished in 0.00s

[1m[92m   Doc-tests[0m nf_protocol

running 0 tests

test result: ok. 0 passed; 0 failed; 0 ignored; 0 measured; 0 filtered out; finished in 0.00s

[1m[92m   Doc-tests[0m nf_recovery

running 0 tests

test result: ok. 0 passed; 0 failed; 0 ignored; 0 measured; 0 filtered out; finished in 0.00s

[1m[92m   Doc-tests[0m nf_testkit

running 0 tests

test result: ok. 0 passed; 0 failed; 0 ignored; 0 measured; 0 filtered out; finished in 0.00s

[1m[92m   Doc-tests[0m nf_transport

running 0 tests

test result: ok. 0 passed; 0 failed; 0 ignored; 0 measured; 0 filtered out; finished in 0.00s

=== 6. Full Day Audit & Histogram Diff ===
[1m[92m    Finished[0m `release` profile [optimized] target(s) in 0.01s
[1m[92m     Running[0m `target/release/audit data/tests/sample-mini.itch`
AUDIT file=data/tests/sample-mini.itch bytes=14999991 blocks=505849 violations=0 truncated_tail=true
HIST 0x41 A len=36 count=180684 pct=35.72
HIST 0x43 C len=36 count=20 pct=0.00
HIST 0x44 D len=19 count=164385 pct=32.50
HIST 0x45 E len=31 count=1507 pct=0.30
HIST 0x46 F len=40 count=27934 pct=5.52
HIST 0x48 H len=25 count=8900 pct=1.76
HIST 0x4C L len=26 count=6171 pct=1.22
HIST 0x4E N len=20 count=76670 pct=15.16
HIST 0x50 P len=44 count=1544 pct=0.31
HIST 0x52 R len=39 count=8906 pct=1.76
HIST 0x53 S len=12 count=3 pct=0.00
HIST 0x55 U len=35 count=18395 pct=3.64
HIST 0x56 V len=35 count=1 pct=0.00
HIST 0x58 X len=23 count=1821 pct=0.36
HIST 0x59 Y len=20 count=8908 pct=1.76
=== 7. Replay Conformance & Golden Hash Check ===
[1m[92m    Finished[0m `release` profile [optimized] target(s) in 0.01s
[1m[92m     Running[0m `target/release/replay --config ci-mode1.toml`
BLOB_BACKING mode=mmap anon_huge_kb=14336 map_mb=16.5 verdict=thp-granted
VERDICT hash=0xF6EF154EFDE905D8 count=505849 watermark=255850 violations=0
=== 8. Zero-Allocation Window (ALLOC_DELTA=0) ===
BLOB_BACKING mode=mmap anon_huge_kb=16384 map_mb=16.5 verdict=thp-granted
WINDOW_BEGIN
WINDOW_END
ALLOC_DELTA=0
VERDICT hash=0xF6EF154EFDE905D8 count=505849 watermark=255850 violations=0
=== 9. Kernel Syscall Strace Diff Probe ===
BLOB_BACKING mode=mmap anon_huge_kb=14336 map_mb=16.5 verdict=thp-granted
BLOB_BACKING mode=mmap anon_huge_kb=14336 map_mb=16.5 verdict=thp-granted
VERDICT hash=0xF6EF154EFDE905D8 count=505849 watermark=255850 violations=0
=== 10. Venue Sender & XDP Transport Smoke Check ===
[1m[92m    Finished[0m `release` profile [optimized] target(s) in 0.01s
[1m[92m     Running[0m `target/release/venue --sample data/tests/sample-mini.itch`
VENUE_SENDER starting: sending 101202 events
VENUE_SENDER finished: 101202 packets transmitted
=== 11. Benchmark & G12-T1 Tail Attribution Study ===
[1m[92m    Finished[0m `release` profile [optimized] target(s) in 0.01s
[1m[92m     Running[0m `target/release/bench --sample data/tests/sample-mini.itch --runs 5 --study`
BENCH_CALIBRATION invariant_tsc=true freq_mhz=2596.12 mark_overhead_cycles=52
=== 1. PR-1 UN-INSTRUMENTED BURST THROUGHPUT EVALUATION ===
BLOB_BACKING mode=mmap anon_huge_kb=14336 map_mb=16.5 verdict=thp-granted
BENCH mode=replay-burst-uninstrumented msgs=505849 rate=602572777 allocs=0 freq=2596.12MHz run=1
BENCH mode=replay-burst-uninstrumented msgs=505849 rate=672070968 allocs=0 freq=2596.12MHz run=2
BENCH mode=replay-burst-uninstrumented msgs=505849 rate=832170524 allocs=0 freq=2596.12MHz run=3
BENCH mode=replay-burst-uninstrumented msgs=505849 rate=870836683 allocs=0 freq=2596.12MHz run=4
BENCH mode=replay-burst-uninstrumented msgs=505849 rate=864415439 allocs=0 freq=2596.12MHz run=5
BENCH_MEDIAN mode=replay-burst-uninstrumented rate=832170524
PR1_TITAN_VERDICT rate=832170524 target=100000000 -> PASS (span conformance: every emitted byte CRC32C-checked in-window, 8 lanes)
=== 2. PR-1 SUSTAINED LOOP MODE (>= 5 SECONDS) ===
BENCH mode=replay-sustained-5s total_msgs=4585015336 duration=5.00s sustained_rate=916992152 msg/s allocs=0
PR1_TITAN_SUSTAINED_VERDICT rate=916992152 target=100000000 -> PASS
=== 3. SAMPLED MARKS EVALUATION (1-in-256) & PR-2 VERDICT ===
BENCH mode=replay-core-sampled-256-fast msgs=505849 rate=68449639 p50=52 p99=78 mean=59.12 allocs=0 freq=2596.12MHz run=1
BENCH mode=replay-core-sampled-256-fast msgs=505849 rate=68647610 p50=52 p99=78 mean=58.90 allocs=0 freq=2596.12MHz run=2
BENCH mode=replay-core-sampled-256-fast msgs=505849 rate=69347705 p50=52 p99=78 mean=57.98 allocs=0 freq=2596.12MHz run=3
BENCH mode=replay-core-sampled-256-fast msgs=505849 rate=68747492 p50=52 p99=78 mean=58.17 allocs=0 freq=2596.12MHz run=4
BENCH mode=replay-core-sampled-256-fast msgs=505849 rate=68726262 p50=52 p99=78 mean=58.89 allocs=0 freq=2596.12MHz run=5
PR2_SAMPLED_VERDICT rate=68726262 p50=52 p99=78 (tax=91.74%) -> p50 < 60: PASS, p99 < 150: PASS
=== 4. H5 PACKET-SIZE SWEEP ===
H5_SWEEP packetize=Fixed(1) packets=1011710 rep=1 p50=104 p99=130 p99.9=182
H5_SWEEP packetize=Fixed(1) packets=1011710 rep=2 p50=104 p99=130 p99.9=156
H5_SWEEP packetize=Fixed(16) packets=63258 rep=1 p50=104 p99=130 p99.9=364
H5_SWEEP packetize=Fixed(16) packets=63258 rep=2 p50=104 p99=130 p99.9=156
H5_SWEEP packetize=MtuBound(1400) packets=21996 rep=1 p50=104 p99=130 p99.9=156
H5_SWEEP packetize=MtuBound(1400) packets=21996 rep=2 p50=104 p99=130 p99.9=156
=== 5. G12-T1 TAIL ATTRIBUTION STUDY PHASE 2 (PER-MESSAGE MEASUREMENT) ===
BENCH mode=replay-core-msg arm=cold msgs=505849 rate=14555325 raw[p50=78 p90=130 p99=130 p99.99=442 max=33722] adj[p50=26 p90=78 p99=78 p99.99=390 max=33670] allocs=0 freq=2596.12MHz run=1
BENCH mode=replay-core-msg arm=cold msgs=505849 rate=14733142 raw[p50=78 p90=130 p99=130 p99.99=598 max=46150] adj[p50=26 p90=78 p99=78 p99.99=546 max=46098] allocs=0 freq=2596.12MHz run=2
BENCH mode=replay-core-msg arm=cold msgs=505849 rate=14684244 raw[p50=78 p90=130 p99=130 p99.99=442 max=30212] adj[p50=26 p90=78 p99=78 p99.99=390 max=30160] allocs=0 freq=2596.12MHz run=3
BENCH mode=replay-core-msg arm=cold msgs=505849 rate=14627803 raw[p50=78 p90=130 p99=130 p99.99=468 max=70278] adj[p50=26 p90=78 p99=78 p99.99=416 max=70226] allocs=0 freq=2596.12MHz run=4
BENCH mode=replay-core-msg arm=cold msgs=505849 rate=14764244 raw[p50=78 p90=130 p99=130 p99.99=442 max=59332] adj[p50=26 p90=78 p99=78 p99.99=390 max=59280] allocs=0 freq=2596.12MHz run=5
T1_PHASE2 arm=cold rate=14684244 raw[p50=78 p90=130 p99=130 p99.9=156 p99.99=442 max=46150] adj[p50=26 p90=78 p99=78 p99.9=104 p99.99=390 max=46098] unknown_pct=0.00% (samples_above_p99=116221)
BENCH mode=replay-core-msg arm=prefault msgs=505849 rate=14873004 raw[p50=78 p90=130 p99=130 p99.99=2944 max=38870] adj[p50=26 p90=78 p99=78 p99.99=2912 max=38818] allocs=0 freq=2596.12MHz run=1
BENCH mode=replay-core-msg arm=prefault msgs=505849 rate=14893111 raw[p50=78 p90=130 p99=130 p99.99=416 max=94900] adj[p50=26 p90=78 p99=78 p99.99=364 max=94848] allocs=0 freq=2596.12MHz run=2
BENCH mode=replay-core-msg arm=prefault msgs=505849 rate=14897403 raw[p50=78 p90=130 p99=130 p99.99=390 max=32552] adj[p50=26 p90=78 p99=78 p99.99=338 max=32500] allocs=0 freq=2596.12MHz run=3
BENCH mode=replay-core-msg arm=prefault msgs=505849 rate=14700899 raw[p50=78 p90=130 p99=130 p99.99=416 max=80548] adj[p50=26 p90=78 p99=78 p99.99=364 max=80496] allocs=0 freq=2596.12MHz run=4
BENCH mode=replay-core-msg arm=prefault msgs=505849 rate=14843349 raw[p50=78 p90=130 p99=130 p99.99=416 max=43576] adj[p50=26 p90=78 p99=78 p99.99=364 max=43524] allocs=0 freq=2596.12MHz run=5
T1_PHASE2 arm=prefault rate=14873004 raw[p50=78 p90=130 p99=130 p99.9=156 p99.99=416 max=43576] adj[p50=26 p90=78 p99=78 p99.9=104 p99.99=364 max=43524] unknown_pct=0.00% (samples_above_p99=123558)
BENCH mode=replay-core-msg arm=empty msgs=1011698 rate=22639656 raw[p50=52 p90=52 p99=52 p99.99=78 max=42458] adj[p50=0 p90=0 p99=0 p99.99=26 max=42406] allocs=0 freq=2596.12MHz run=1
BENCH mode=replay-core-msg arm=empty msgs=1011698 rate=22287179 raw[p50=52 p90=52 p99=52 p99.99=78 max=41886] adj[p50=0 p90=0 p99=0 p99.99=26 max=41834] allocs=0 freq=2596.12MHz run=2
BENCH mode=replay-core-msg arm=empty msgs=1011698 rate=22302374 raw[p50=52 p90=52 p99=52 p99.99=78 max=48412] adj[p50=0 p90=0 p99=0 p99.99=26 max=48360] allocs=0 freq=2596.12MHz run=3
BENCH mode=replay-core-msg arm=empty msgs=1011698 rate=22472658 raw[p50=52 p90=52 p99=52 p99.99=78 max=31772] adj[p50=0 p90=0 p99=0 p99.99=26 max=31720] allocs=0 freq=2596.12MHz run=4
BENCH mode=replay-core-msg arm=empty msgs=1011698 rate=22478754 raw[p50=52 p90=52 p99=52 p99.99=78 max=84838] adj[p50=0 p90=0 p99=0 p99.99=26 max=84786] allocs=0 freq=2596.12MHz run=5
T1_PHASE2 arm=empty rate=22472658 raw[p50=52 p90=52 p99=52 p99.9=52 p99.99=78 max=42458] adj[p50=0 p90=0 p99=0 p99.9=0 p99.99=26 max=42406] unknown_pct=0.00% (samples_above_p99=386363)
STUDY_REPORT written to docs/artifacts/tail-study/study-report.md
=== 6. TARGET-1 PHASE A: 3-ARM SKELETON BASELINE SWEEP (20 RUNS) ===
BENCH mode=replay-core-msg arm=empty msgs=1011698 rate=22407656 raw[p50=52 p90=52 p99=52 p99.99=78 max=38168] adj[p50=0 p90=0 p99=0 p99.99=26 max=38116] allocs=0 freq=2596.12MHz run=1
T1_PHASE2 arm=empty rate=22407656 raw[p50=52 p90=52 p99=52 p99.9=52 p99.99=78 max=38168] adj[p50=0 p90=0 p99=0 p99.9=0 p99.99=26 max=38116] unknown_pct=0.00% (samples_above_p99=381182)
BENCH mode=replay-core-msg arm=loop msgs=1011698 rate=22577858 raw[p50=52 p90=52 p99=52 p99.99=78 max=43550] adj[p50=0 p90=0 p99=0 p99.99=26 max=43498] allocs=0 freq=2596.12MHz run=1
T1_PHASE2 arm=loop rate=22577858 raw[p50=52 p90=52 p99=52 p99.9=52 p99.99=78 max=43550] adj[p50=0 p90=0 p99=0 p99.9=0 p99.99=26 max=43498] unknown_pct=0.00% (samples_above_p99=390290)
BENCH mode=replay-core-msg arm=cold msgs=505849 rate=14656343 raw[p50=78 p90=130 p99=130 p99.99=416 max=26832] adj[p50=26 p90=78 p99=78 p99.99=364 max=26780] allocs=0 freq=2596.12MHz run=1
T1_PHASE2 arm=cold rate=14656343 raw[p50=78 p90=130 p99=130 p99.9=156 p99.99=416 max=26832] adj[p50=26 p90=78 p99=78 p99.9=104 p99.99=364 max=26780] unknown_pct=0.00% (samples_above_p99=127894)
BENCH mode=replay-core-msg arm=empty msgs=1011698 rate=21945558 raw[p50=52 p90=52 p99=52 p99.99=78 max=151710] adj[p50=0 p90=0 p99=0 p99.99=26 max=151658] allocs=0 freq=2596.12MHz run=1
T1_PHASE2 arm=empty rate=21945558 raw[p50=52 p90=52 p99=52 p99.9=52 p99.99=78 max=151710] adj[p50=0 p90=0 p99=0 p99.9=0 p99.99=26 max=151658] unknown_pct=0.00% (samples_above_p99=382687)
BENCH mode=replay-core-msg arm=loop msgs=1011698 rate=22585839 raw[p50=52 p90=52 p99=52 p99.99=78 max=56004] adj[p50=0 p90=0 p99=0 p99.99=26 max=55952] allocs=0 freq=2596.12MHz run=1
T1_PHASE2 arm=loop rate=22585839 raw[p50=52 p90=52 p99=52 p99.9=52 p99.99=78 max=56004] adj[p50=0 p90=0 p99=0 p99.9=0 p99.99=26 max=55952] unknown_pct=0.00% (samples_above_p99=389907)
BENCH mode=replay-core-msg arm=cold msgs=505849 rate=14707359 raw[p50=78 p90=130 p99=130 p99.99=416 max=58812] adj[p50=26 p90=78 p99=78 p99.99=364 max=58760] allocs=0 freq=2596.12MHz run=1
T1_PHASE2 arm=cold rate=14707359 raw[p50=78 p90=130 p99=130 p99.9=156 p99.99=416 max=58812] adj[p50=26 p90=78 p99=78 p99.9=104 p99.99=364 max=58760] unknown_pct=0.00% (samples_above_p99=123446)
BENCH mode=replay-core-msg arm=empty msgs=1011698 rate=22347399 raw[p50=52 p90=52 p99=52 p99.99=78 max=62634] adj[p50=0 p90=0 p99=0 p99.99=26 max=62582] allocs=0 freq=2596.12MHz run=1
T1_PHASE2 arm=empty rate=22347399 raw[p50=52 p90=52 p99=52 p99.9=52 p99.99=78 max=62634] adj[p50=0 p90=0 p99=0 p99.9=0 p99.99=26 max=62582] unknown_pct=0.00% (samples_above_p99=396400)
BENCH mode=replay-core-msg arm=loop msgs=1011698 rate=22753970 raw[p50=52 p90=52 p99=52 p99.99=78 max=42978] adj[p50=0 p90=0 p99=0 p99.99=26 max=42926] allocs=0 freq=2596.12MHz run=1
T1_PHASE2 arm=loop rate=22753970 raw[p50=52 p90=52 p99=52 p99.9=52 p99.99=78 max=42978] adj[p50=0 p90=0 p99=0 p99.9=0 p99.99=26 max=42926] unknown_pct=0.00% (samples_above_p99=381667)
BENCH mode=replay-core-msg arm=cold msgs=505849 rate=14663121 raw[p50=78 p90=130 p99=130 p99.99=442 max=39962] adj[p50=26 p90=78 p99=78 p99.99=390 max=39910] allocs=0 freq=2596.12MHz run=1
T1_PHASE2 arm=cold rate=14663121 raw[p50=78 p90=130 p99=130 p99.9=156 p99.99=442 max=39962] adj[p50=26 p90=78 p99=78 p99.9=104 p99.99=390 max=39910] unknown_pct=0.00% (samples_above_p99=128684)
BENCH mode=replay-core-msg arm=empty msgs=1011698 rate=22505226 raw[p50=52 p90=52 p99=52 p99.99=78 max=111436] adj[p50=0 p90=0 p99=0 p99.99=26 max=111384] allocs=0 freq=2596.12MHz run=1
T1_PHASE2 arm=empty rate=22505226 raw[p50=52 p90=52 p99=52 p99.9=52 p99.99=78 max=111436] adj[p50=0 p90=0 p99=0 p99.9=0 p99.99=26 max=111384] unknown_pct=0.00% (samples_above_p99=387589)
BENCH mode=replay-core-msg arm=loop msgs=1011698 rate=22779296 raw[p50=52 p90=52 p99=52 p99.99=78 max=37570] adj[p50=0 p90=0 p99=0 p99.99=26 max=37518] allocs=0 freq=2596.12MHz run=1
T1_PHASE2 arm=loop rate=22779296 raw[p50=52 p90=52 p99=52 p99.9=52 p99.99=78 max=37570] adj[p50=0 p90=0 p99=0 p99.9=0 p99.99=26 max=37518] unknown_pct=0.00% (samples_above_p99=386021)
BENCH mode=replay-core-msg arm=cold msgs=505849 rate=14705834 raw[p50=78 p90=130 p99=130 p99.99=442 max=36816] adj[p50=26 p90=78 p99=78 p99.99=390 max=36764] allocs=0 freq=2596.12MHz run=1
T1_PHASE2 arm=cold rate=14705834 raw[p50=78 p90=130 p99=130 p99.9=156 p99.99=442 max=36816] adj[p50=26 p90=78 p99=78 p99.9=104 p99.99=390 max=36764] unknown_pct=0.00% (samples_above_p99=126082)
BENCH mode=replay-core-msg arm=empty msgs=1011698 rate=22581421 raw[p50=52 p90=52 p99=52 p99.99=78 max=44018] adj[p50=0 p90=0 p99=0 p99.99=26 max=43966] allocs=0 freq=2596.12MHz run=1
T1_PHASE2 arm=empty rate=22581421 raw[p50=52 p90=52 p99=52 p99.9=52 p99.99=78 max=44018] adj[p50=0 p90=0 p99=0 p99.9=0 p99.99=26 max=43966] unknown_pct=0.00% (samples_above_p99=387472)
BENCH mode=replay-core-msg arm=loop msgs=1011698 rate=22844615 raw[p50=52 p90=52 p99=52 p99.99=78 max=45812] adj[p50=0 p90=0 p99=0 p99.99=26 max=45760] allocs=0 freq=2596.12MHz run=1
T1_PHASE2 arm=loop rate=22844615 raw[p50=52 p90=52 p99=52 p99.9=52 p99.99=78 max=45812] adj[p50=0 p90=0 p99=0 p99.9=0 p99.99=26 max=45760] unknown_pct=0.00% (samples_above_p99=381263)
BENCH mode=replay-core-msg arm=cold msgs=505849 rate=14795005 raw[p50=78 p90=130 p99=130 p99.99=416 max=45344] adj[p50=26 p90=78 p99=78 p99.99=364 max=45292] allocs=0 freq=2596.12MHz run=1
T1_PHASE2 arm=cold rate=14795005 raw[p50=78 p90=130 p99=130 p99.9=156 p99.99=416 max=45344] adj[p50=26 p90=78 p99=78 p99.9=104 p99.99=364 max=45292] unknown_pct=0.00% (samples_above_p99=120551)
BENCH mode=replay-core-msg arm=empty msgs=1011698 rate=22675640 raw[p50=52 p90=52 p99=52 p99.99=78 max=38766] adj[p50=0 p90=0 p99=0 p99.99=26 max=38714] allocs=0 freq=2596.12MHz run=1
T1_PHASE2 arm=empty rate=22675640 raw[p50=52 p90=52 p99=52 p99.9=52 p99.99=78 max=38766] adj[p50=0 p90=0 p99=0 p99.9=0 p99.99=26 max=38714] unknown_pct=0.00% (samples_above_p99=380482)
BENCH mode=replay-core-msg arm=loop msgs=1011698 rate=20010232 raw[p50=52 p90=52 p99=52 p99.99=78 max=471744] adj[p50=0 p90=0 p99=0 p99.99=26 max=471692] allocs=0 freq=2596.12MHz run=1
T1_PHASE2 arm=loop rate=20010232 raw[p50=52 p90=52 p99=52 p99.9=52 p99.99=78 max=471744] adj[p50=0 p90=0 p99=0 p99.9=0 p99.99=26 max=471692] unknown_pct=0.00% (samples_above_p99=376178)
BENCH mode=replay-core-msg arm=cold msgs=505849 rate=14561330 raw[p50=78 p90=130 p99=130 p99.99=416 max=32916] adj[p50=26 p90=78 p99=78 p99.99=364 max=32864] allocs=0 freq=2596.12MHz run=1
T1_PHASE2 arm=cold rate=14561330 raw[p50=78 p90=130 p99=130 p99.9=156 p99.99=416 max=32916] adj[p50=26 p90=78 p99=78 p99.9=104 p99.99=364 max=32864] unknown_pct=0.00% (samples_above_p99=134778)
BENCH mode=replay-core-msg arm=empty msgs=1011698 rate=22678140 raw[p50=52 p90=52 p99=52 p99.99=78 max=47814] adj[p50=0 p90=0 p99=0 p99.99=26 max=47762] allocs=0 freq=2596.12MHz run=1
T1_PHASE2 arm=empty rate=22678140 raw[p50=52 p90=52 p99=52 p99.9=52 p99.99=78 max=47814] adj[p50=0 p90=0 p99=0 p99.9=0 p99.99=26 max=47762] unknown_pct=0.00% (samples_above_p99=380978)
BENCH mode=replay-core-msg arm=loop msgs=1011698 rate=22223484 raw[p50=52 p90=52 p99=52 p99.99=78 max=126022] adj[p50=0 p90=0 p99=0 p99.99=26 max=125970] allocs=0 freq=2596.12MHz run=1
T1_PHASE2 arm=loop rate=22223484 raw[p50=52 p90=52 p99=52 p99.9=52 p99.99=78 max=126022] adj[p50=0 p90=0 p99=0 p99.9=0 p99.99=26 max=125970] unknown_pct=0.00% (samples_above_p99=383120)
BENCH mode=replay-core-msg arm=cold msgs=505849 rate=14883677 raw[p50=78 p90=130 p99=130 p99.99=416 max=48178] adj[p50=26 p90=78 p99=78 p99.99=364 max=48126] allocs=0 freq=2596.12MHz run=1
T1_PHASE2 arm=cold rate=14883677 raw[p50=78 p90=130 p99=130 p99.9=156 p99.99=416 max=48178] adj[p50=26 p90=78 p99=78 p99.9=104 p99.99=364 max=48126] unknown_pct=0.00% (samples_above_p99=115099)
BENCH mode=replay-core-msg arm=empty msgs=1011698 rate=22740842 raw[p50=52 p90=52 p99=52 p99.99=78 max=46566] adj[p50=0 p90=0 p99=0 p99.99=26 max=46514] allocs=0 freq=2596.12MHz run=1
T1_PHASE2 arm=empty rate=22740842 raw[p50=52 p90=52 p99=52 p99.9=52 p99.99=78 max=46566] adj[p50=0 p90=0 p99=0 p99.9=0 p99.99=26 max=46514] unknown_pct=0.00% (samples_above_p99=383865)
BENCH mode=replay-core-msg arm=loop msgs=1011698 rate=21661335 raw[p50=52 p90=52 p99=52 p99.99=78 max=85358] adj[p50=0 p90=0 p99=0 p99.99=26 max=85306] allocs=0 freq=2596.12MHz run=1
T1_PHASE2 arm=loop rate=21661335 raw[p50=52 p90=52 p99=52 p99.9=52 p99.99=78 max=85358] adj[p50=0 p90=0 p99=0 p99.9=0 p99.99=26 max=85306] unknown_pct=0.00% (samples_above_p99=429300)
BENCH mode=replay-core-msg arm=cold msgs=505849 rate=13714625 raw[p50=104 p90=130 p99=130 p99.99=14720 max=113542] adj[p50=52 p90=78 p99=78 p99.99=14720 max=113490] allocs=0 freq=2596.12MHz run=1
T1_PHASE2 arm=cold rate=13714625 raw[p50=104 p90=130 p99=130 p99.9=156 p99.99=14720 max=113542] adj[p50=52 p90=78 p99=78 p99.9=104 p99.99=14720 max=113490] unknown_pct=0.00% (samples_above_p99=156099)
BENCH mode=replay-core-msg arm=empty msgs=1011698 rate=22151031 raw[p50=52 p90=52 p99=52 p99.99=78 max=38272] adj[p50=0 p90=0 p99=0 p99.99=26 max=38220] allocs=0 freq=2596.12MHz run=1
T1_PHASE2 arm=empty rate=22151031 raw[p50=52 p90=52 p99=52 p99.9=52 p99.99=78 max=38272] adj[p50=0 p90=0 p99=0 p99.9=0 p99.99=26 max=38220] unknown_pct=0.00% (samples_above_p99=411314)
BENCH mode=replay-core-msg arm=loop msgs=1011698 rate=22473488 raw[p50=52 p90=52 p99=52 p99.99=78 max=41860] adj[p50=0 p90=0 p99=0 p99.99=26 max=41808] allocs=0 freq=2596.12MHz run=1
T1_PHASE2 arm=loop rate=22473488 raw[p50=52 p90=52 p99=52 p99.9=52 p99.99=78 max=41860] adj[p50=0 p90=0 p99=0 p99.9=0 p99.99=26 max=41808] unknown_pct=0.00% (samples_above_p99=402027)
BENCH mode=replay-core-msg arm=cold msgs=505849 rate=14238058 raw[p50=104 p90=130 p99=130 p99.99=2976 max=44460] adj[p50=52 p90=78 p99=78 p99.99=2912 max=44408] allocs=0 freq=2596.12MHz run=1
T1_PHASE2 arm=cold rate=14238058 raw[p50=104 p90=130 p99=130 p99.9=182 p99.99=2976 max=44460] adj[p50=52 p90=78 p99=78 p99.9=130 p99.99=2912 max=44408] unknown_pct=0.00% (samples_above_p99=154707)
BENCH mode=replay-core-msg arm=empty msgs=1011698 rate=22435939 raw[p50=52 p90=52 p99=52 p99.99=78 max=23634] adj[p50=0 p90=0 p99=0 p99.99=26 max=23582] allocs=0 freq=2596.12MHz run=1
T1_PHASE2 arm=empty rate=22435939 raw[p50=52 p90=52 p99=52 p99.9=52 p99.99=78 max=23634] adj[p50=0 p90=0 p99=0 p99.9=0 p99.99=26 max=23582] unknown_pct=0.00% (samples_above_p99=396931)
BENCH mode=replay-core-msg arm=loop msgs=1011698 rate=23080478 raw[p50=52 p90=52 p99=52 p99.99=78 max=28522] adj[p50=0 p90=0 p99=0 p99.99=26 max=28470] allocs=0 freq=2596.12MHz run=1
T1_PHASE2 arm=loop rate=23080478 raw[p50=52 p90=52 p99=52 p99.9=52 p99.99=78 max=28522] adj[p50=0 p90=0 p99=0 p99.9=0 p99.99=26 max=28470] unknown_pct=0.00% (samples_above_p99=370459)
BENCH mode=replay-core-msg arm=cold msgs=505849 rate=14841225 raw[p50=78 p90=130 p99=130 p99.99=416 max=39936] adj[p50=26 p90=78 p99=78 p99.99=364 max=39884] allocs=0 freq=2596.12MHz run=1
T1_PHASE2 arm=cold rate=14841225 raw[p50=78 p90=130 p99=130 p99.9=156 p99.99=416 max=39936] adj[p50=26 p90=78 p99=78 p99.9=104 p99.99=364 max=39884] unknown_pct=0.00% (samples_above_p99=118539)
BENCH mode=replay-core-msg arm=empty msgs=1011698 rate=22519886 raw[p50=52 p90=52 p99=52 p99.99=78 max=48724] adj[p50=0 p90=0 p99=0 p99.99=26 max=48672] allocs=0 freq=2596.12MHz run=1
T1_PHASE2 arm=empty rate=22519886 raw[p50=52 p90=52 p99=52 p99.9=52 p99.99=78 max=48724] adj[p50=0 p90=0 p99=0 p99.9=0 p99.99=26 max=48672] unknown_pct=0.00% (samples_above_p99=393422)
BENCH mode=replay-core-msg arm=loop msgs=1011698 rate=22920078 raw[p50=52 p90=52 p99=52 p99.99=78 max=37622] adj[p50=0 p90=0 p99=0 p99.99=26 max=37570] allocs=0 freq=2596.12MHz run=1
T1_PHASE2 arm=loop rate=22920078 raw[p50=52 p90=52 p99=52 p99.9=52 p99.99=78 max=37622] adj[p50=0 p90=0 p99=0 p99.9=0 p99.99=26 max=37570] unknown_pct=0.00% (samples_above_p99=379878)
BENCH mode=replay-core-msg arm=cold msgs=505849 rate=14802263 raw[p50=78 p90=130 p99=130 p99.99=390 max=53612] adj[p50=26 p90=78 p99=78 p99.99=338 max=53560] allocs=0 freq=2596.12MHz run=1
T1_PHASE2 arm=cold rate=14802263 raw[p50=78 p90=130 p99=130 p99.9=156 p99.99=390 max=53612] adj[p50=26 p90=78 p99=78 p99.9=104 p99.99=338 max=53560] unknown_pct=0.00% (samples_above_p99=119513)
BENCH mode=replay-core-msg arm=empty msgs=1011698 rate=22963708 raw[p50=52 p90=52 p99=52 p99.99=78 max=73606] adj[p50=0 p90=0 p99=0 p99.99=26 max=73554] allocs=0 freq=2596.12MHz run=1
T1_PHASE2 arm=empty rate=22963708 raw[p50=52 p90=52 p99=52 p99.9=52 p99.99=78 max=73606] adj[p50=0 p90=0 p99=0 p99.9=0 p99.99=26 max=73554] unknown_pct=0.00% (samples_above_p99=372494)
BENCH mode=replay-core-msg arm=loop msgs=1011698 rate=23063137 raw[p50=52 p90=52 p99=52 p99.99=78 max=22802] adj[p50=0 p90=0 p99=0 p99.99=26 max=22750] allocs=0 freq=2596.12MHz run=1
T1_PHASE2 arm=loop rate=23063137 raw[p50=52 p90=52 p99=52 p99.9=52 p99.99=78 max=22802] adj[p50=0 p90=0 p99=0 p99.9=0 p99.99=26 max=22750] unknown_pct=0.00% (samples_above_p99=371375)
BENCH mode=replay-core-msg arm=cold msgs=505849 rate=15009926 raw[p50=78 p90=130 p99=130 p99.99=390 max=38870] adj[p50=26 p90=78 p99=78 p99.99=338 max=38818] allocs=0 freq=2596.12MHz run=1
T1_PHASE2 arm=cold rate=15009926 raw[p50=78 p90=130 p99=130 p99.9=156 p99.99=390 max=38870] adj[p50=26 p90=78 p99=78 p99.9=104 p99.99=338 max=38818] unknown_pct=0.00% (samples_above_p99=105535)
BENCH mode=replay-core-msg arm=empty msgs=1011698 rate=22946609 raw[p50=52 p90=52 p99=52 p99.99=78 max=33358] adj[p50=0 p90=0 p99=0 p99.99=26 max=33306] allocs=0 freq=2596.12MHz run=1
T1_PHASE2 arm=empty rate=22946609 raw[p50=52 p90=52 p99=52 p99.9=52 p99.99=78 max=33358] adj[p50=0 p90=0 p99=0 p99.9=0 p99.99=26 max=33306] unknown_pct=0.00% (samples_above_p99=370799)
BENCH mode=replay-core-msg arm=loop msgs=1011698 rate=23250596 raw[p50=52 p90=52 p99=52 p99.99=78 max=53612] adj[p50=0 p90=0 p99=0 p99.99=26 max=53560] allocs=0 freq=2596.12MHz run=1
T1_PHASE2 arm=loop rate=23250596 raw[p50=52 p90=52 p99=52 p99.9=52 p99.99=78 max=53612] adj[p50=0 p90=0 p99=0 p99.9=0 p99.99=26 max=53560] unknown_pct=0.00% (samples_above_p99=366028)
BENCH mode=replay-core-msg arm=cold msgs=505849 rate=15249458 raw[p50=78 p90=130 p99=130 p99.99=390 max=52494] adj[p50=26 p90=78 p99=78 p99.99=338 max=52442] allocs=0 freq=2596.12MHz run=1
T1_PHASE2 arm=cold rate=15249458 raw[p50=78 p90=130 p99=130 p99.9=130 p99.99=390 max=52494] adj[p50=26 p90=78 p99=78 p99.9=78 p99.99=338 max=52442] unknown_pct=0.00% (samples_above_p99=86949)
BENCH mode=replay-core-msg arm=empty msgs=1011698 rate=23424268 raw[p50=52 p90=52 p99=52 p99.99=78 max=42302] adj[p50=0 p90=0 p99=0 p99.99=26 max=42250] allocs=0 freq=2596.12MHz run=1
T1_PHASE2 arm=empty rate=23424268 raw[p50=52 p90=52 p99=52 p99.9=52 p99.99=78 max=42302] adj[p50=0 p90=0 p99=0 p99.9=0 p99.99=26 max=42250] unknown_pct=0.00% (samples_above_p99=347883)
BENCH mode=replay-core-msg arm=loop msgs=1011698 rate=23689276 raw[p50=52 p90=52 p99=52 p99.99=78 max=42848] adj[p50=0 p90=0 p99=0 p99.99=26 max=42796] allocs=0 freq=2596.12MHz run=1
T1_PHASE2 arm=loop rate=23689276 raw[p50=52 p90=52 p99=52 p99.9=52 p99.99=78 max=42848] adj[p50=0 p90=0 p99=0 p99.9=0 p99.99=26 max=42796] unknown_pct=0.00% (samples_above_p99=347209)
BENCH mode=replay-core-msg arm=cold msgs=505849 rate=15430390 raw[p50=78 p90=130 p99=130 p99.99=416 max=41496] adj[p50=26 p90=78 p99=78 p99.99=364 max=41444] allocs=0 freq=2596.12MHz run=1
T1_PHASE2 arm=cold rate=15430390 raw[p50=78 p90=130 p99=130 p99.9=130 p99.99=416 max=41496] adj[p50=26 p90=78 p99=78 p99.9=78 p99.99=364 max=41444] unknown_pct=0.00% (samples_above_p99=68183)
BENCH mode=replay-core-msg arm=empty msgs=1011698 rate=23789777 raw[p50=52 p90=52 p99=52 p99.99=78 max=51532] adj[p50=0 p90=0 p99=0 p99.99=26 max=51480] allocs=0 freq=2596.12MHz run=1
T1_PHASE2 arm=empty rate=23789777 raw[p50=52 p90=52 p99=52 p99.9=52 p99.99=78 max=51532] adj[p50=0 p90=0 p99=0 p99.9=0 p99.99=26 max=51480] unknown_pct=0.00% (samples_above_p99=332234)
BENCH mode=replay-core-msg arm=loop msgs=1011698 rate=22830046 raw[p50=52 p90=52 p99=52 p99.99=78 max=93236] adj[p50=0 p90=0 p99=0 p99.99=26 max=93184] allocs=0 freq=2596.12MHz run=1
T1_PHASE2 arm=loop rate=22830046 raw[p50=52 p90=52 p99=52 p99.9=52 p99.99=78 max=93236] adj[p50=0 p90=0 p99=0 p99.9=0 p99.99=26 max=93184] unknown_pct=0.00% (samples_above_p99=366076)
BENCH mode=replay-core-msg arm=cold msgs=505849 rate=14686362 raw[p50=78 p90=130 p99=130 p99.99=416 max=48568] adj[p50=26 p90=78 p99=78 p99.99=364 max=48516] allocs=0 freq=2596.12MHz run=1
T1_PHASE2 arm=cold rate=14686362 raw[p50=78 p90=130 p99=130 p99.9=156 p99.99=416 max=48568] adj[p50=26 p90=78 p99=78 p99.9=104 p99.99=364 max=48516] unknown_pct=0.00% (samples_above_p99=117242)
BENCH mode=replay-core-msg arm=empty msgs=1011698 rate=22893784 raw[p50=52 p90=52 p99=52 p99.99=78 max=69836] adj[p50=0 p90=0 p99=0 p99.99=26 max=69784] allocs=0 freq=2596.12MHz run=1
T1_PHASE2 arm=empty rate=22893784 raw[p50=52 p90=52 p99=52 p99.9=52 p99.99=78 max=69836] adj[p50=0 p90=0 p99=0 p99.9=0 p99.99=26 max=69784] unknown_pct=0.00% (samples_above_p99=366408)
BENCH mode=replay-core-msg arm=loop msgs=1011698 rate=23025723 raw[p50=52 p90=52 p99=52 p99.99=78 max=22048] adj[p50=0 p90=0 p99=0 p99.99=26 max=21996] allocs=0 freq=2596.12MHz run=1
T1_PHASE2 arm=loop rate=23025723 raw[p50=52 p90=52 p99=52 p99.9=52 p99.99=78 max=22048] adj[p50=0 p90=0 p99=0 p99.9=0 p99.99=26 max=21996] unknown_pct=0.00% (samples_above_p99=376316)
BENCH mode=replay-core-msg arm=cold msgs=505849 rate=15150901 raw[p50=78 p90=130 p99=130 p99.99=416 max=40768] adj[p50=26 p90=78 p99=78 p99.99=364 max=40716] allocs=0 freq=2596.12MHz run=1
T1_PHASE2 arm=cold rate=15150901 raw[p50=78 p90=130 p99=130 p99.9=130 p99.99=416 max=40768] adj[p50=26 p90=78 p99=78 p99.9=78 p99.99=364 max=40716] unknown_pct=0.00% (samples_above_p99=93658)
BENCH mode=replay-core-msg arm=empty msgs=1011698 rate=23103746 raw[p50=52 p90=52 p99=52 p99.99=78 max=47892] adj[p50=0 p90=0 p99=0 p99.99=26 max=47840] allocs=0 freq=2596.12MHz run=1
T1_PHASE2 arm=empty rate=23103746 raw[p50=52 p90=52 p99=52 p99.9=52 p99.99=78 max=47892] adj[p50=0 p90=0 p99=0 p99.9=0 p99.99=26 max=47840] unknown_pct=0.00% (samples_above_p99=361753)
BENCH mode=replay-core-msg arm=loop msgs=1011698 rate=23081121 raw[p50=52 p90=52 p99=52 p99.99=78 max=61438] adj[p50=0 p90=0 p99=0 p99.99=26 max=61386] allocs=0 freq=2596.12MHz run=1
T1_PHASE2 arm=loop rate=23081121 raw[p50=52 p90=52 p99=52 p99.9=52 p99.99=78 max=61438] adj[p50=0 p90=0 p99=0 p99.9=0 p99.99=26 max=61386] unknown_pct=0.00% (samples_above_p99=364048)
BENCH mode=replay-core-msg arm=cold msgs=505849 rate=14594936 raw[p50=78 p90=130 p99=130 p99.99=780 max=74646] adj[p50=26 p90=78 p99=78 p99.99=728 max=74594] allocs=0 freq=2596.12MHz run=1
T1_PHASE2 arm=cold rate=14594936 raw[p50=78 p90=130 p99=130 p99.9=156 p99.99=780 max=74646] adj[p50=26 p90=78 p99=78 p99.9=104 p99.99=728 max=74594] unknown_pct=0.00% (samples_above_p99=107031)
BENCH mode=replay-core-msg arm=empty msgs=1011698 rate=22809689 raw[p50=52 p90=52 p99=52 p99.99=78 max=51376] adj[p50=0 p90=0 p99=0 p99.99=26 max=51324] allocs=0 freq=2596.12MHz run=1
T1_PHASE2 arm=empty rate=22809689 raw[p50=52 p90=52 p99=52 p99.9=52 p99.99=78 max=51376] adj[p50=0 p90=0 p99=0 p99.9=0 p99.99=26 max=51324] unknown_pct=0.00% (samples_above_p99=371336)
BENCH mode=replay-core-msg arm=loop msgs=1011698 rate=22990037 raw[p50=52 p90=52 p99=52 p99.99=78 max=58552] adj[p50=0 p90=0 p99=0 p99.99=26 max=58500] allocs=0 freq=2596.12MHz run=1
T1_PHASE2 arm=loop rate=22990037 raw[p50=52 p90=52 p99=52 p99.9=52 p99.99=78 max=58552] adj[p50=0 p90=0 p99=0 p99.9=0 p99.99=26 max=58500] unknown_pct=0.00% (samples_above_p99=377862)
BENCH mode=replay-core-msg arm=cold msgs=505849 rate=14897368 raw[p50=78 p90=130 p99=130 p99.99=416 max=21632] adj[p50=26 p90=78 p99=78 p99.99=364 max=21580] allocs=0 freq=2596.12MHz run=1
T1_PHASE2 arm=cold rate=14897368 raw[p50=78 p90=130 p99=130 p99.9=156 p99.99=416 max=21632] adj[p50=26 p90=78 p99=78 p99.9=104 p99.99=364 max=21580] unknown_pct=0.00% (samples_above_p99=112268)
BENCH mode=replay-core-msg arm=empty msgs=1011698 rate=22767611 raw[p50=52 p90=52 p99=52 p99.99=78 max=65364] adj[p50=0 p90=0 p99=0 p99.99=26 max=65312] allocs=0 freq=2596.12MHz run=1
T1_PHASE2 arm=empty rate=22767611 raw[p50=52 p90=52 p99=52 p99.9=52 p99.99=78 max=65364] adj[p50=0 p90=0 p99=0 p99.9=0 p99.99=26 max=65312] unknown_pct=0.00% (samples_above_p99=370058)
BENCH mode=replay-core-msg arm=loop msgs=1011698 rate=23029839 raw[p50=52 p90=52 p99=52 p99.99=78 max=49530] adj[p50=0 p90=0 p99=0 p99.99=26 max=49478] allocs=0 freq=2596.12MHz run=1
T1_PHASE2 arm=loop rate=23029839 raw[p50=52 p90=52 p99=52 p99.9=52 p99.99=78 max=49530] adj[p50=0 p90=0 p99=0 p99.9=0 p99.99=26 max=49478] unknown_pct=0.00% (samples_above_p99=375867)
BENCH mode=replay-core-msg arm=cold msgs=505849 rate=14776130 raw[p50=78 p90=130 p99=130 p99.99=416 max=46410] adj[p50=26 p90=78 p99=78 p99.99=364 max=46358] allocs=0 freq=2596.12MHz run=1
T1_PHASE2 arm=cold rate=14776130 raw[p50=78 p90=130 p99=130 p99.9=156 p99.99=416 max=46410] adj[p50=26 p90=78 p99=78 p99.9=104 p99.99=364 max=46358] unknown_pct=0.00% (samples_above_p99=120551)
BENCH mode=replay-core-msg arm=empty msgs=1011698 rate=23126919 raw[p50=52 p90=52 p99=52 p99.99=78 max=45344] adj[p50=0 p90=0 p99=0 p99.99=26 max=45292] allocs=0 freq=2596.12MHz run=1
T1_PHASE2 arm=empty rate=23126919 raw[p50=52 p90=52 p99=52 p99.9=52 p99.99=78 max=45344] adj[p50=0 p90=0 p99=0 p99.9=0 p99.99=26 max=45292] unknown_pct=0.00% (samples_above_p99=365087)
BENCH mode=replay-core-msg arm=loop msgs=1011698 rate=23921403 raw[p50=52 p90=52 p99=52 p99.99=78 max=86996] adj[p50=0 p90=0 p99=0 p99.99=26 max=86944] allocs=0 freq=2596.12MHz run=1
T1_PHASE2 arm=loop rate=23921403 raw[p50=52 p90=52 p99=52 p99.9=52 p99.99=78 max=86996] adj[p50=0 p90=0 p99=0 p99.9=0 p99.99=26 max=86944] unknown_pct=0.00% (samples_above_p99=339552)
BENCH mode=replay-core-msg arm=cold msgs=505849 rate=15561749 raw[p50=78 p90=130 p99=130 p99.99=416 max=28626] adj[p50=26 p90=78 p99=78 p99.99=364 max=28574] allocs=0 freq=2596.12MHz run=1
T1_PHASE2 arm=cold rate=15561749 raw[p50=78 p90=130 p99=130 p99.9=130 p99.99=416 max=28626] adj[p50=26 p90=78 p99=78 p99.9=78 p99.99=364 max=28574] unknown_pct=0.00% (samples_above_p99=66492)
TARGET1_PHASE_A empty_p50=52 cyc (spread=0 cyc) loop_p50=52 cyc (spread=0 cyc) full_p50=78 cyc (spread=26 cyc) loop_cost=0 cyc work_residual=26 cyc VERDICT=PASS
=== 7. DOSE-RESPONSE VALIDATION SWEEP (Law A-1d) ===
DOSE_RESPONSE_POINT K=0 p50=52 cyc
DOSE_RESPONSE_POINT K=10 p50=52 cyc
DOSE_RESPONSE_POINT K=20 p50=52 cyc
DOSE_RESPONSE_POINT K=50 p50=52 cyc
DOSE_RESPONSE_POINT K=100 p50=52 cyc
DOSE_RESPONSE_VERDICT K0=52 K10=52 K20=52 K50=52 K100=52 slope=0.000 cyc/unit VERDICT=PASS
=== 7b. LAW B-3b (i) SAMPLING BIAS PROBE (1-IN-4 DENSE vs 1-IN-256 SPARSE) ===
BIAS_PROBE dense_mean=57.27 cyc sparse_mean=57.29 cyc bias=0.05% VERDICT=PASS
=== 7c. LAW B-3b (ii) INTER-BRACKET GAP PROBE ===
GAP_PROBE sampled_intervals=1974 total_period_cyc=16455244 sparse_period_est=32.56 cyc
=== 8. PHASE B-REDO: STRICT 8-ARM STAGE-ECTOMY DECOMPOSITION (20 RUNS EACH) ===
RUNNER_IDENTITY cpu="AMD EPYC 9V45 96-Core Processor" freq_mhz=2596.12
STAGE_ECTOMY_RATES CONFIG_TAG="clean_replay" sampling="none" r0_hash=36.04M r0_fast=83.83M r0_disp=794.22M r1_count=806.87M r2_noproof=910.59M r3_noseq=1519.38M r4_noitch=1012.67M r5_noblock=5954.18M r6_poll=6226.52M
STAGE_ECTOMY_CYCLES CONFIG_TAG="clean_replay" c0=72.02 c0_fast=30.97 c0_disp=3.27 c1=3.22 c2=2.85 c3=1.71 c4=2.56 c5=0.44 c6=0.42
PR2_PROD_VERDICT rate=83834821 c0_fast=30.97 cyc fast_hash=27.70 cyc -> p50 < 60: PASS
H10_SINK_SPLIT total_sink=68.81 cyc fnv_math=68.76 cyc (99.9%) sink_dispatch=0.05 cyc (0.1%) H10_VERDICT=CONFIRMED (Invocation dispatch non-zero)
STAGE_ECTOMY_DECOMPOSITION delta_hash_total=68.81 (fnv=68.76, disp=0.05) delta_proof=0.37 (< 1.00 cyc bounded) delta_seq=1.14 delta_itch=0.00 (< 1.00 cyc bounded) delta_block=2.13 delta_header=0.02 poll_base=0.42
RECONCILIATION_COMPOSITE rate_total_c0=72.02 cyc bracket_mean=58.89 cyc sparse_period_est=32.56 cyc diff_rate_bracket=18.24% diff_bracket_gap=44.70% composite_residual=44.70% VERDICT=FAIL
=== 9. H9 REPETITION OVERHEAD SWEEP ===
H9_POINT limit=10000 msgs rate=29.69M msg/s cyc_msg=87.45
H9_POINT limit=50000 msgs rate=37.30M msg/s cyc_msg=69.61
H9_POINT limit=250000 msgs rate=37.81M msg/s cyc_msg=68.66
H9_POINT limit=505849 msgs rate=37.23M msg/s cyc_msg=69.74
=== 11b. R6: PR-1 HYDRA Bit-Exact Multi-Core Span Conformance (UNPINNED) ===
[1m[92m    Finished[0m `release` profile [optimized] target(s) in 0.01s
[1m[92m     Running[0m `target/release/bench --sample data/tests/sample-mini.itch --hydra-only --runs 7`
BENCH_CALIBRATION invariant_tsc=true freq_mhz=2596.12 mark_overhead_cycles=52
=== R6. PR-1 HYDRA BIT-EXACT MULTI-CORE SPAN CONFORMANCE ===
BLOB_BACKING mode=mmap anon_huge_kb=16384 map_mb=16.5 verdict=thp-granted
HYDRA_BITPARITY sequential=(count=505849 hash=0x881639cead506f25 msg_hash=0xcbf29ce484222325) hydra=(count=505849 hash=0x881639cead506f25 msg_hash=0xcbf29ce484222325) -> BIT-EXACT
BENCH mode=replay-hydra-burst msgs=505849 rate=1290549642 allocs=0 freq=2596.12MHz workers=2 run=1
BENCH mode=replay-hydra-burst msgs=505849 rate=1449586056 allocs=0 freq=2596.12MHz workers=2 run=2
BENCH mode=replay-hydra-burst msgs=505849 rate=1403315698 allocs=0 freq=2596.12MHz workers=2 run=3
BENCH mode=replay-hydra-burst msgs=505849 rate=1408834301 allocs=0 freq=2596.12MHz workers=2 run=4
BENCH mode=replay-hydra-burst msgs=505849 rate=1389378246 allocs=0 freq=2596.12MHz workers=2 run=5
BENCH mode=replay-hydra-burst msgs=505849 rate=1432119631 allocs=0 freq=2596.12MHz workers=2 run=6
BENCH mode=replay-hydra-burst msgs=505849 rate=1509501357 allocs=0 freq=2596.12MHz workers=2 run=7
BENCH_MEDIAN mode=replay-hydra-burst rate=1408834301
R23B_AFFINE_VERDICT arm=burst armed=false tag_hits=0 payload_fallbacks=0 ledger_rows=0 (R23c: workers verify spans from register tags, zero payload reads; the (prefix,cum) triple checked per-span by the scalar affine law)
PR1_HYDRA_VERDICT rate=1408834301 (bit-exact multi-core span conformance: 2 workers, every emitted byte CRC32C-checked in-window, ordered serial fold)
PR1_GIGAHFT_BURST_VERDICT rate=1408834301 target=1000000000 -> PASS (R7 burst reference; the sustained arm below is the gate)
DIAG sustained: passes=16977 reset_ms=482.2 scan_ms=4514.2 end_ms=0.9 pending_max=8455 batches=373494 wait_ms=41.0 work_ms=4111.4 fold_ms=283.7 assist_chunks=375491 bytes_per_msg=27.65 crc_demand_gb_s=47.49
DIAG worker[0] sustained: cpu0(pinned) placement=[0, 2] batches=578904 spans=74076852 eval_ms=4942.8 idle_iters=69432 res_waits=0 fw=0 fw_ms=0.0
DIAG worker[1] sustained: cpu2(pinned) placement=[0, 2] batches=712051 spans=91119784 eval_ms=4932.3 idle_iters=67566 res_waits=692 fw=0 fw_ms=0.0
DIAG rx sustained: publications=373554 polls=1477237 prod_ms=1509.2 bufwait_laps=135689 resets=16979 eos_parks=0 nbuf=16 rx_actual_cpu=3
ADVANCE_DIAGNOSTIC sustained: advances=16979 advance_ms=118.3 us_per_advance=7.0 (F-5 reset/auto-advance hygiene — the synchronous bake tail the per-publication prepatch budget drains; HFT_PREPATCH_BUDGET prices it)
RXWARM_DIAGNOSTIC sustained: enabled=false fixes=0 uncovered=0 last_pass_fixes=0 (F-1 frame-entry warm start; the steady-state law is fixes==0 on pass>=2 — the kill rule reads persistent fixes)
RXBUILD_DIAGNOSTIC sustained: enabled=true patches=373449240 last_pass_patches=21932 frames=21996 (F-2 publish-by-reference master; the steady-state law is every patchable entry patched exactly once per pass boundary)
DIAG cons sustained: parks=26 park_ms=6.1 slow_waits=26 slow_ms=6.5
BENCH mode=replay-hydra-sustained-5s total_msgs=8587798473 duration=5.00s sustained_rate=1717523119 msg/s allocs=0 workers=2 crc_kernel=reflect
PR1_HYDRA_SUSTAINED_VERDICT rate=1717523119 (duration=5.00s, total_msgs=8587798473, workers=2)
PR1_GIGAHFT_VERDICT rate=1717523119 target=1000000000 -> PASS (Project 1.0B: bit-exact, zero-alloc, every byte verified in-window, cross-pass double-buffered fabric)
PR1_R8_FULL_VERIFY_VERDICT rate=1717523119 target=1000000000 -> PASS (R8: 1B msg/s sustained full verification — bit-exact, zero-alloc, every byte CRC32C-verified in-window)
PR1_R16_FULL_VERIFY_VERDICT rate=1717523119 target=2000000000 -> FAIL (R16: 2B msg/s sustained full verification — the Double Helix program, docs/29)
R16B_RXDESC_VERDICT rx_fixes=0 assist_chunks=375491 (array-driven submission telemetry; fixes=0 means every RX prefill entry was already exact)
R23B_AFFINE_VERDICT arm=sustained armed=false tag_hits=0 payload_fallbacks=0 ledger_rows=0 (R23c: zero-re-read affine verification on the worker fabric)
PR1_R23_AFFINE_SUSTAINED_VERDICT rate=1717523119 target=2500000000 -> FAIL (R23: 2.5B+ sustained full verification from register tags — the affine-span algebra program, docs/36)
BLOB_BACKING mode=mmap anon_huge_kb=16384 map_mb=16.5 verdict=thp-granted
=== 11c. R8: Kernel-Ceiling Microbenchmark (fabric physics telemetry) ===
[1m[92m    Finished[0m `release` profile [optimized] target(s) in 0.01s
[1m[92m     Running[0m `target/release/kbench`
KBENCH topo cpus=[0, 2, 1, 3] phys=2 smt=true fold512=true
KBENCH spec_slice_vec=true
KBENCH mode=scalar8lane threads=1 cpu=0 pinned=true gb_s=77.17 bytes=23150615040 iters=2760 sink=0xbedb8ba779de450f
KBENCH mode=pclmul128_raw threads=1 cpu=0 pinned=true gb_s=16.49 bytes=4949278720 iters=590 sink=0x942dad7c7a327323
KBENCH mode=crc32_pclmul_mix threads=1 cpu=0 pinned=true gb_s=34.36 bytes=10309599232 iters=1229 sink=0x5c504f01bdfb43ce
KBENCH mode=fold512 threads=1 cpu=0 pinned=true gb_s=62.84 bytes=18856008192 iters=2248 sink=0xbedb8ba779de450f
KBENCH mode=fold512_r threads=1 cpu=0 pinned=true gb_s=58.48 bytes=17547495168 iters=2092 sink=0xbedb8ba779de450f
KBENCH mode=fold512_rv threads=1 cpu=0 pinned=true gb_s=58.82 bytes=17648150016 iters=2104 sink=0xbedb8ba779de450f
KBENCH mode=fold512_rc threads=1 cpu=0 pinned=true gb_s=64.21 bytes=19267015488 iters=2297 sink=0xbedb8ba779de450f
KBENCH mode=fold512_rd threads=1 cpu=0 pinned=true gb_s=50.63 bytes=15190494144 iters=1811 sink=0xbedb8ba779de450f
KBENCH mode=fold512_ro threads=1 cpu=0 pinned=true gb_s=38.75 bytes=11625634944 iters=1386 sink=0xbedb8ba779de450f
KBENCH mode=fold512_r_pair threads=1 cpu=0 pinned=true gb_s=58.70 bytes=17611776000 iters=2100 sink=0x719eebd64a14675a
KBENCH mode=fold512_eval2 threads=1 cpu=0 pinned=true gb_s=58.12 bytes=17435658240 iters=2079 sink=0x719eebd64a14675a
KBENCH mode=fold512_pair threads=1 cpu=0 pinned=true gb_s=53.62 bytes=16093808640 iters=1919 sink=0x719eebd64a14675a
KBENCH mode=fold512_tri threads=1 cpu=0 pinned=true gb_s=62.22 bytes=18671474304 iters=2226 sink=0xbedb8ba779de450f
KBENCH mode=fold512_tri_r threads=1 cpu=0 pinned=true gb_s=42.19 bytes=12657347136 iters=1509 sink=0xbedb8ba779de450f
KBENCH mode=fold512_pclmul_mix threads=1 cpu=0 pinned=true gb_s=35.01 bytes=10510043712 iters=1253 sink=0x3e36c56e483ee8a7
KBENCH mode=fold512_noend threads=1 cpu=0 pinned=true gb_s=56.63 bytes=16993893504 iters=2026 sink=0x4bb11da019b76839
KBENCH mode=fold512_pre threads=1 cpu=0 pinned=true gb_s=51.40 bytes=15425355456 iters=1839 sink=0xbedb8ba779de450f
KBENCH mode=fold512_t threads=1 cpu=0 pinned=true gb_s=56.39 bytes=16918402368 iters=2017 sink=0xbedb8ba779de450f
KBENCH mode=fold512_supply threads=1 cpu=0 pinned=true gb_s=57.28 bytes=17184279168 iters=1146 sink=0x633508877c074750
KBENCH mode=affine_sub_1t threads=1 cpu=0 pinned=true gb_s=136.95 ns_per_span=9.81 msgs_s=4279780891 bytes=41092341696 iters=4899 sink=0xb6d735b8
KBENCH mode=affine_sub_8lane threads=1 cpu=0 pinned=true gb_s=113.43 ns_per_span=11.85 msgs_s=3544558470 bytes=34029726528 iters=4057 sink=0xbedb8ba779de450f
KBENCH mode=spec_slice_512 threads=1 cpu=0 pinned=true gb_s=3.59 msgs_s=164940173 ns_per_msg=6.063 msgs=49725888 iters=129 sink=0x0
KBENCH mode=spec_slice_512_vec threads=1 cpu=0 pinned=true gb_s=3.88 msgs_s=178353157 ns_per_msg=5.607 msgs=53580608 iters=139 sink=0x0
KBENCH mode=scalar8lane threads=2 placement=2cpu_distinct cpus=0,2 pinned=true gb_s=144.16 bytes=71506881600 sink=0xd48a9dbb3705b94e
KBENCH mode=fold512 threads=2 placement=2cpu_distinct cpus=0,2 pinned=true gb_s=117.51 bytes=58371423936 sink=0xd48a9dbb3705b94e
KBENCH mode=fold512_r threads=2 placement=2cpu_distinct cpus=0,2 pinned=true gb_s=113.44 bytes=56358326976 sink=0xd48a9dbb3705b94e
KBENCH mode=fold512_rv threads=2 placement=2cpu_distinct cpus=0,2 pinned=true gb_s=112.46 bytes=56047974528 sink=0xd48a9dbb3705b94e
KBENCH mode=fold512_rc threads=2 placement=2cpu_distinct cpus=0,2 pinned=true gb_s=111.73 bytes=55494372864 sink=0xd48a9dbb3705b94e
KBENCH mode=fold512_rd threads=2 placement=2cpu_distinct cpus=0,2 pinned=true gb_s=99.05 bytes=49203444864 sink=0xd48a9dbb3705b94e
KBENCH mode=fold512_ro threads=2 placement=2cpu_distinct cpus=0,2 pinned=true gb_s=75.63 bytes=37611361536 sink=0xd48a9dbb3705b94e
KBENCH mode=fold512_tri threads=2 placement=2cpu_distinct cpus=0,2 pinned=true gb_s=119.44 bytes=59327644992 sink=0xd48a9dbb3705b94e
KBENCH mode=fold512_tri_r threads=2 placement=2cpu_distinct cpus=0,2 pinned=true gb_s=82.40 bytes=40958135232 sink=0xd48a9dbb3705b94e
KBENCH mode=scalar8lane threads=2 placement=2cpu_smt cpus=0,1 pinned=true gb_s=70.16 bytes=34834965312 sink=0xf0ad3334c151ef0a
KBENCH mode=fold512 threads=2 placement=2cpu_smt cpus=0,1 pinned=true gb_s=63.38 bytes=31479803712 sink=0xf0ad3334c151ef0a
KBENCH mode=fold512_r threads=2 placement=2cpu_smt cpus=0,1 pinned=true gb_s=55.02 bytes=27327791232 sink=0xf0ad3334c151ef0a
KBENCH mode=fold512_rv threads=2 placement=2cpu_smt cpus=0,1 pinned=true gb_s=54.23 bytes=27017438784 sink=0xf0ad3334c151ef0a
KBENCH mode=fold512_rc threads=2 placement=2cpu_smt cpus=0,1 pinned=true gb_s=62.19 bytes=30917814144 sink=0xf0ad3334c151ef0a
KBENCH mode=fold512_rd threads=2 placement=2cpu_smt cpus=0,1 pinned=true gb_s=48.18 bytes=23922302208 sink=0xf0ad3334c151ef0a
KBENCH mode=fold512_ro threads=2 placement=2cpu_smt cpus=0,1 pinned=true gb_s=35.29 bytes=17530719360 sink=0xf0ad3334c151ef0a
KBENCH mode=fold512_tri threads=2 placement=2cpu_smt cpus=0,1 pinned=true gb_s=58.90 bytes=29349276096 sink=0xf0ad3334c151ef0a
KBENCH mode=fold512_tri_r threads=2 placement=2cpu_smt cpus=0,1 pinned=true gb_s=42.66 bytes=21213009216 sink=0xf0ad3334c151ef0a
KBENCH done
=== 11d. R9: Fabric-Shape Kernel Ablation (layout attribution telemetry) ===
[1m[92m    Finished[0m `release` profile [optimized] target(s) in 0.01s
[1m[92m     Running[0m `target/release/fbench --stage all --workers 2 --ms 1000`
BLOB_BACKING mode=mmap anon_huge_kb=14336 map_mb=16.5 verdict=thp-granted
FBENCH lens total=10992 lt64=0 lt192=0 lt512=0 ge512=10992 bytes_lt192=0 pct_bytes_lt192=0.00
FBENCH topo cpus=[0, 2, 1, 3] kernel=reflect workers=2 place=smt bodies=10992 msgs=505849 avg_bytes=1362.6 total_mb=15.0 freq_mhz=4214
FBENCH stage=P spans=35499088 gb_s=48.38 cyc_span=237.4 sink=0x8229bbb806e0fc91
FBENCH stage=K spans=35521680 gb_s=48.42 cyc_span=237.2 sink=0x8229bbb806e0fc91
FBENCH stage=D spans=34800423 gb_s=47.86 cyc_span=239.9 sink=0x2130327
FBENCH stage=R spans=33058964 gb_s=45.49 cyc_span=252.4 sink=0x1f87094
FBENCH stage=F spans=34387393 gb_s=47.34 cyc_span=242.6 sink=0x20cb5c1
FBENCH done
=== 11e. R11: Unarmed Prepatch Soak (rollback evidence) ===
[1m[92m    Finished[0m `release` profile [optimized] target(s) in 0.00s
[1m[92m     Running[0m `target/release/bench --hydra-only`
BENCH_CALIBRATION invariant_tsc=true freq_mhz=2596.12 mark_overhead_cycles=52
=== R6. PR-1 HYDRA BIT-EXACT MULTI-CORE SPAN CONFORMANCE ===
BLOB_BACKING mode=mmap anon_huge_kb=14336 map_mb=16.5 verdict=thp-granted
HYDRA_BITPARITY sequential=(count=505849 hash=0x881639cead506f25 msg_hash=0xcbf29ce484222325) hydra=(count=505849 hash=0x881639cead506f25 msg_hash=0xcbf29ce484222325) -> BIT-EXACT
BENCH mode=replay-hydra-burst msgs=505849 rate=1225094815 allocs=0 freq=2596.12MHz workers=2 run=1
BENCH mode=replay-hydra-burst msgs=505849 rate=1223938775 allocs=0 freq=2596.12MHz workers=2 run=2
BENCH mode=replay-hydra-burst msgs=505849 rate=1252901605 allocs=0 freq=2596.12MHz workers=2 run=3
BENCH mode=replay-hydra-burst msgs=505849 rate=1412654572 allocs=0 freq=2596.12MHz workers=2 run=4
BENCH mode=replay-hydra-burst msgs=505849 rate=1403818081 allocs=0 freq=2596.12MHz workers=2 run=5
BENCH_MEDIAN mode=replay-hydra-burst rate=1252901605
R23B_AFFINE_VERDICT arm=burst armed=false tag_hits=0 payload_fallbacks=0 ledger_rows=0 (R23c: workers verify spans from register tags, zero payload reads; the (prefix,cum) triple checked per-span by the scalar affine law)
PR1_HYDRA_VERDICT rate=1252901605 (bit-exact multi-core span conformance: 2 workers, every emitted byte CRC32C-checked in-window, ordered serial fold)
PR1_GIGAHFT_BURST_VERDICT rate=1252901605 target=1000000000 -> PASS (R7 burst reference; the sustained arm below is the gate)
DIAG sustained: passes=17116 reset_ms=992.6 scan_ms=4003.8 end_ms=0.9 pending_max=8211 batches=376552 wait_ms=36.8 work_ms=3606.1 fold_ms=284.9 assist_chunks=270461 bytes_per_msg=27.65 crc_demand_gb_s=47.88
DIAG worker[0] sustained: cpu0(pinned) placement=[0, 2] batches=624041 spans=79841029 eval_ms=4957.1 idle_iters=40196 res_waits=87 fw=0 fw_ms=0.0
DIAG worker[1] sustained: cpu2(pinned) placement=[0, 2] batches=732613 spans=93740250 eval_ms=4946.7 idle_iters=43653 res_waits=0 fw=0 fw_ms=0.0
DIAG rx sustained: publications=376612 polls=1489330 prod_ms=1515.3 bufwait_laps=137019 resets=17118 eos_parks=0 nbuf=16 rx_actual_cpu=3
ADVANCE_DIAGNOSTIC sustained: advances=17118 advance_ms=656.9 us_per_advance=38.4 (F-5 reset/auto-advance hygiene — the synchronous bake tail the per-publication prepatch budget drains; HFT_PREPATCH_BUDGET prices it)
RXWARM_DIAGNOSTIC sustained: enabled=false fixes=0 uncovered=0 last_pass_fixes=0 (F-1 frame-entry warm start; the steady-state law is fixes==0 on pass>=2 — the kill rule reads persistent fixes)
RXBUILD_DIAGNOSTIC sustained: enabled=true patches=376505532 last_pass_patches=21996 frames=21996 (F-2 publish-by-reference master; the steady-state law is every patchable entry patched exactly once per pass boundary)
DIAG cons sustained: parks=29 park_ms=2.9 slow_waits=29 slow_ms=3.3
BENCH mode=replay-hydra-sustained-5s total_msgs=8658111484 duration=5.00s sustained_rate=1731616137 msg/s allocs=0 workers=2 crc_kernel=reflect
PR1_HYDRA_SUSTAINED_VERDICT rate=1731616137 (duration=5.00s, total_msgs=8658111484, workers=2)
PR1_GIGAHFT_VERDICT rate=1731616137 target=1000000000 -> PASS (Project 1.0B: bit-exact, zero-alloc, every byte verified in-window, cross-pass double-buffered fabric)
PR1_R8_FULL_VERIFY_VERDICT rate=1731616137 target=1000000000 -> PASS (R8: 1B msg/s sustained full verification — bit-exact, zero-alloc, every byte CRC32C-verified in-window)
PR1_R16_FULL_VERIFY_VERDICT rate=1731616137 target=2000000000 -> FAIL (R16: 2B msg/s sustained full verification — the Double Helix program, docs/29)
R16B_RXDESC_VERDICT rx_fixes=0 assist_chunks=270461 (array-driven submission telemetry; fixes=0 means every RX prefill entry was already exact)
R23B_AFFINE_VERDICT arm=sustained armed=false tag_hits=0 payload_fallbacks=0 ledger_rows=0 (R23c: zero-re-read affine verification on the worker fabric)
PR1_R23_AFFINE_SUSTAINED_VERDICT rate=1731616137 target=2500000000 -> FAIL (R23: 2.5B+ sustained full verification from register tags — the affine-span algebra program, docs/36)
=== 11k. R16d/R17: Siblings Placement Soak (ring+siblings — the A1 anomaly pricing) ===
[1m[92m    Finished[0m `release` profile [optimized] target(s) in 0.01s
[1m[92m     Running[0m `target/release/bench --hydra-only`
BENCH_CALIBRATION invariant_tsc=true freq_mhz=2596.12 mark_overhead_cycles=52
=== R6. PR-1 HYDRA BIT-EXACT MULTI-CORE SPAN CONFORMANCE ===
BLOB_BACKING mode=mmap anon_huge_kb=16384 map_mb=16.5 verdict=thp-granted
HYDRA_BITPARITY sequential=(count=505849 hash=0x881639cead506f25 msg_hash=0xcbf29ce484222325) hydra=(count=505849 hash=0x881639cead506f25 msg_hash=0xcbf29ce484222325) -> BIT-EXACT
BENCH mode=replay-hydra-burst msgs=505849 rate=1262958552 allocs=0 freq=2596.12MHz workers=2 run=1
BENCH mode=replay-hydra-burst msgs=505849 rate=1341482754 allocs=0 freq=2596.12MHz workers=2 run=2
BENCH mode=replay-hydra-burst msgs=505849 rate=1487804304 allocs=0 freq=2596.12MHz workers=2 run=3
BENCH mode=replay-hydra-burst msgs=505849 rate=1508376073 allocs=0 freq=2596.12MHz workers=2 run=4
BENCH mode=replay-hydra-burst msgs=505849 rate=1417646844 allocs=0 freq=2596.12MHz workers=2 run=5
BENCH_MEDIAN mode=replay-hydra-burst rate=1417646844
R23B_AFFINE_VERDICT arm=burst armed=false tag_hits=0 payload_fallbacks=0 ledger_rows=0 (R23c: workers verify spans from register tags, zero payload reads; the (prefix,cum) triple checked per-span by the scalar affine law)
PR1_HYDRA_VERDICT rate=1417646844 (bit-exact multi-core span conformance: 2 workers, every emitted byte CRC32C-checked in-window, ordered serial fold)
PR1_GIGAHFT_BURST_VERDICT rate=1417646844 target=1000000000 -> PASS (R7 burst reference; the sustained arm below is the gate)
DIAG sustained: passes=17358 reset_ms=398.8 scan_ms=4591.2 end_ms=1.9 pending_max=11503 batches=381876 wait_ms=24.0 work_ms=4199.4 fold_ms=293.7 assist_chunks=591780 bytes_per_msg=27.65 crc_demand_gb_s=48.56
DIAG worker[0] sustained: cpu2(pinned) placement=[2, 3] batches=608248 spans=77846617 eval_ms=4959.0 idle_iters=23657 res_waits=443 fw=0 fw_ms=0.0
DIAG worker[1] sustained: cpu3(pinned) placement=[2, 3] batches=606307 spans=77597484 eval_ms=4958.5 idle_iters=23685 res_waits=0 fw=0 fw_ms=0.0
DIAG rx sustained: publications=381936 polls=1510384 prod_ms=1570.7 bufwait_laps=138719 resets=17360 eos_parks=0 nbuf=16 rx_actual_cpu=1
ADVANCE_DIAGNOSTIC sustained: advances=17360 advance_ms=80.5 us_per_advance=4.6 (F-5 reset/auto-advance hygiene — the synchronous bake tail the per-publication prepatch budget drains; HFT_PREPATCH_BUDGET prices it)
RXWARM_DIAGNOSTIC sustained: enabled=false fixes=0 uncovered=0 last_pass_fixes=0 (F-1 frame-entry warm start; the steady-state law is fixes==0 on pass>=2 — the kill rule reads persistent fixes)
RXBUILD_DIAGNOSTIC sustained: enabled=true patches=381829780 last_pass_patches=21996 frames=21996 (F-2 publish-by-reference master; the steady-state law is every patchable entry patched exactly once per pass boundary)
DIAG cons sustained: parks=21 park_ms=1.2 slow_waits=21 slow_ms=1.5
BENCH mode=replay-hydra-sustained-5s total_msgs=8780526942 duration=5.00s sustained_rate=1756057570 msg/s allocs=0 workers=2 crc_kernel=reflect
PR1_HYDRA_SUSTAINED_VERDICT rate=1756057570 (duration=5.00s, total_msgs=8780526942, workers=2)
PR1_GIGAHFT_VERDICT rate=1756057570 target=1000000000 -> PASS (Project 1.0B: bit-exact, zero-alloc, every byte verified in-window, cross-pass double-buffered fabric)
PR1_R8_FULL_VERIFY_VERDICT rate=1756057570 target=1000000000 -> PASS (R8: 1B msg/s sustained full verification — bit-exact, zero-alloc, every byte CRC32C-verified in-window)
PR1_R16_FULL_VERIFY_VERDICT rate=1756057570 target=2000000000 -> FAIL (R16: 2B msg/s sustained full verification — the Double Helix program, docs/29)
R16B_RXDESC_VERDICT rx_fixes=0 assist_chunks=591780 (array-driven submission telemetry; fixes=0 means every RX prefill entry was already exact)
R23B_AFFINE_VERDICT arm=sustained armed=false tag_hits=0 payload_fallbacks=0 ledger_rows=0 (R23c: zero-re-read affine verification on the worker fabric)
PR1_R23_AFFINE_SUSTAINED_VERDICT rate=1756057570 target=2500000000 -> FAIL (R23: 2.5B+ sustained full verification from register tags — the affine-span algebra program, docs/36)
=== 11l. R22.1: Tri-Stream Fold ARMED Soak (the value-exact mirror tri) ===
[1m[92m    Finished[0m `release` profile [optimized] target(s) in 0.01s
[1m[92m     Running[0m `target/release/bench --hydra-only`
BENCH_CALIBRATION invariant_tsc=true freq_mhz=2596.12 mark_overhead_cycles=52
=== R6. PR-1 HYDRA BIT-EXACT MULTI-CORE SPAN CONFORMANCE ===
BLOB_BACKING mode=mmap anon_huge_kb=16384 map_mb=16.5 verdict=thp-granted
HYDRA_BITPARITY sequential=(count=505849 hash=0x881639cead506f25 msg_hash=0xcbf29ce484222325) hydra=(count=505849 hash=0x881639cead506f25 msg_hash=0xcbf29ce484222325) -> BIT-EXACT
BENCH mode=replay-hydra-burst msgs=505849 rate=843680679 allocs=0 freq=2596.12MHz workers=2 run=1
BENCH mode=replay-hydra-burst msgs=505849 rate=846650297 allocs=0 freq=2596.12MHz workers=2 run=2
BENCH mode=replay-hydra-burst msgs=505849 rate=1206887995 allocs=0 freq=2596.12MHz workers=2 run=3
BENCH mode=replay-hydra-burst msgs=505849 rate=1435293216 allocs=0 freq=2596.12MHz workers=2 run=4
BENCH mode=replay-hydra-burst msgs=505849 rate=1486973341 allocs=0 freq=2596.12MHz workers=2 run=5
BENCH_MEDIAN mode=replay-hydra-burst rate=1206887995
R23B_AFFINE_VERDICT arm=burst armed=false tag_hits=0 payload_fallbacks=0 ledger_rows=0 (R23c: workers verify spans from register tags, zero payload reads; the (prefix,cum) triple checked per-span by the scalar affine law)
PR1_HYDRA_VERDICT rate=1206887995 (bit-exact multi-core span conformance: 2 workers, every emitted byte CRC32C-checked in-window, ordered serial fold)
PR1_GIGAHFT_BURST_VERDICT rate=1206887995 target=1000000000 -> PASS (R7 burst reference; the sustained arm below is the gate)
DIAG sustained: passes=15972 reset_ms=462.1 scan_ms=4534.5 end_ms=0.9 pending_max=11365 batches=351384 wait_ms=33.8 work_ms=4142.8 fold_ms=285.6 assist_chunks=363488 bytes_per_msg=27.65 crc_demand_gb_s=44.68
DIAG worker[0] sustained: cpu0(pinned) placement=[0, 2] batches=541501 spans=69298747 eval_ms=4960.7 idle_iters=41208 res_waits=0 fw=0 fw_ms=0.0
DIAG worker[1] sustained: cpu2(pinned) placement=[0, 2] batches=667789 spans=85452227 eval_ms=4948.5 idle_iters=42417 res_waits=5307 fw=0 fw_ms=0.0
DIAG rx sustained: publications=351444 polls=1389802 prod_ms=1436.7 bufwait_laps=128031 resets=15974 eos_parks=0 nbuf=16 rx_actual_cpu=3
ADVANCE_DIAGNOSTIC sustained: advances=15974 advance_ms=142.1 us_per_advance=8.9 (F-5 reset/auto-advance hygiene — the synchronous bake tail the per-publication prepatch budget drains; HFT_PREPATCH_BUDGET prices it)
RXWARM_DIAGNOSTIC sustained: enabled=false fixes=0 uncovered=0 last_pass_fixes=0 (F-1 frame-entry warm start; the steady-state law is fixes==0 on pass>=2 — the kill rule reads persistent fixes)
RXBUILD_DIAGNOSTIC sustained: enabled=true patches=351343260 last_pass_patches=21996 frames=21996 (F-2 publish-by-reference master; the steady-state law is every patchable entry patched exactly once per pass boundary)
DIAG cons sustained: parks=7 park_ms=0.3 slow_waits=7 slow_ms=0.4
BENCH mode=replay-hydra-sustained-5s total_msgs=8079420228 duration=5.00s sustained_rate=1615804669 msg/s allocs=0 workers=2 crc_kernel=reflect
PR1_HYDRA_SUSTAINED_VERDICT rate=1615804669 (duration=5.00s, total_msgs=8079420228, workers=2)
PR1_GIGAHFT_VERDICT rate=1615804669 target=1000000000 -> PASS (Project 1.0B: bit-exact, zero-alloc, every byte verified in-window, cross-pass double-buffered fabric)
PR1_R8_FULL_VERIFY_VERDICT rate=1615804669 target=1000000000 -> PASS (R8: 1B msg/s sustained full verification — bit-exact, zero-alloc, every byte CRC32C-verified in-window)
PR1_R16_FULL_VERIFY_VERDICT rate=1615804669 target=2000000000 -> FAIL (R16: 2B msg/s sustained full verification — the Double Helix program, docs/29)
R16B_RXDESC_VERDICT rx_fixes=0 assist_chunks=363488 (array-driven submission telemetry; fixes=0 means every RX prefill entry was already exact)
R23B_AFFINE_VERDICT arm=sustained armed=false tag_hits=0 payload_fallbacks=0 ledger_rows=0 (R23c: zero-re-read affine verification on the worker fabric)
PR1_R23_AFFINE_SUSTAINED_VERDICT rate=1615804669 target=2500000000 -> FAIL (R23: 2.5B+ sustained full verification from register tags — the affine-span algebra program, docs/36)
=== 11m. R12: Vectorized Watermark Ladder ARMED Soak (the refuted experiment) ===
[1m[92m    Finished[0m `release` profile [optimized] target(s) in 0.01s
[1m[92m     Running[0m `target/release/bench --hydra-only`
BENCH_CALIBRATION invariant_tsc=true freq_mhz=2596.12 mark_overhead_cycles=52
=== R6. PR-1 HYDRA BIT-EXACT MULTI-CORE SPAN CONFORMANCE ===
BLOB_BACKING mode=mmap anon_huge_kb=14336 map_mb=16.5 verdict=thp-granted
HYDRA_BITPARITY sequential=(count=505849 hash=0x881639cead506f25 msg_hash=0xcbf29ce484222325) hydra=(count=505849 hash=0x881639cead506f25 msg_hash=0xcbf29ce484222325) -> BIT-EXACT
BENCH mode=replay-hydra-burst msgs=505849 rate=1125434400 allocs=0 freq=2596.12MHz workers=2 run=1
BENCH mode=replay-hydra-burst msgs=505849 rate=1341123539 allocs=0 freq=2596.12MHz workers=2 run=2
BENCH mode=replay-hydra-burst msgs=505849 rate=1431511714 allocs=0 freq=2596.12MHz workers=2 run=3
BENCH mode=replay-hydra-burst msgs=505849 rate=1509866310 allocs=0 freq=2596.12MHz workers=2 run=4
BENCH mode=replay-hydra-burst msgs=505849 rate=1466381999 allocs=0 freq=2596.12MHz workers=2 run=5
BENCH_MEDIAN mode=replay-hydra-burst rate=1431511714
R23B_AFFINE_VERDICT arm=burst armed=false tag_hits=0 payload_fallbacks=0 ledger_rows=0 (R23c: workers verify spans from register tags, zero payload reads; the (prefix,cum) triple checked per-span by the scalar affine law)
PR1_HYDRA_VERDICT rate=1431511714 (bit-exact multi-core span conformance: 2 workers, every emitted byte CRC32C-checked in-window, ordered serial fold)
PR1_GIGAHFT_BURST_VERDICT rate=1431511714 target=1000000000 -> PASS (R7 burst reference; the sustained arm below is the gate)
DIAG sustained: passes=16658 reset_ms=475.1 scan_ms=4521.6 end_ms=0.9 pending_max=11628 batches=366476 wait_ms=37.6 work_ms=4134.5 fold_ms=276.3 assist_chunks=314827 bytes_per_msg=27.65 crc_demand_gb_s=46.60
DIAG worker[0] sustained: cpu0(pinned) placement=[0, 2] batches=585529 spans=74927018 eval_ms=4961.5 idle_iters=35914 res_waits=0 fw=0 fw_ms=0.0
DIAG worker[1] sustained: cpu2(pinned) placement=[0, 2] batches=708316 spans=90644603 eval_ms=4949.5 idle_iters=36931 res_waits=1362 fw=0 fw_ms=0.0
DIAG rx sustained: publications=366536 polls=1449484 prod_ms=1469.6 bufwait_laps=133121 resets=16660 eos_parks=0 nbuf=16 rx_actual_cpu=3
ADVANCE_DIAGNOSTIC sustained: advances=16660 advance_ms=143.6 us_per_advance=8.6 (F-5 reset/auto-advance hygiene — the synchronous bake tail the per-publication prepatch budget drains; HFT_PREPATCH_BUDGET prices it)
RXWARM_DIAGNOSTIC sustained: enabled=false fixes=0 uncovered=0 last_pass_fixes=0 (F-1 frame-entry warm start; the steady-state law is fixes==0 on pass>=2 — the kill rule reads persistent fixes)
RXBUILD_DIAGNOSTIC sustained: enabled=true patches=366432516 last_pass_patches=21996 frames=21996 (F-2 publish-by-reference master; the steady-state law is every patchable entry patched exactly once per pass boundary)
DIAG cons sustained: parks=20 park_ms=2.5 slow_waits=20 slow_ms=2.8
BENCH mode=replay-hydra-sustained-5s total_msgs=8426432642 duration=5.00s sustained_rate=1685212509 msg/s allocs=0 workers=2 crc_kernel=reflect
PR1_HYDRA_SUSTAINED_VERDICT rate=1685212509 (duration=5.00s, total_msgs=8426432642, workers=2)
PR1_GIGAHFT_VERDICT rate=1685212509 target=1000000000 -> PASS (Project 1.0B: bit-exact, zero-alloc, every byte verified in-window, cross-pass double-buffered fabric)
PR1_R8_FULL_VERIFY_VERDICT rate=1685212509 target=1000000000 -> PASS (R8: 1B msg/s sustained full verification — bit-exact, zero-alloc, every byte CRC32C-verified in-window)
PR1_R16_FULL_VERIFY_VERDICT rate=1685212509 target=2000000000 -> FAIL (R16: 2B msg/s sustained full verification — the Double Helix program, docs/29)
R16B_RXDESC_VERDICT rx_fixes=0 assist_chunks=314827 (array-driven submission telemetry; fixes=0 means every RX prefill entry was already exact)
R23B_AFFINE_VERDICT arm=sustained armed=false tag_hits=0 payload_fallbacks=0 ledger_rows=0 (R23c: zero-re-read affine verification on the worker fabric)
PR1_R23_AFFINE_SUSTAINED_VERDICT rate=1685212509 target=2500000000 -> FAIL (R23: 2.5B+ sustained full verification from register tags — the affine-span algebra program, docs/36)
=== 11n. R12: Compact 8-Byte Span Descriptors OFF (rollback attribution) ===
[1m[92m    Finished[0m `release` profile [optimized] target(s) in 0.01s
[1m[92m     Running[0m `target/release/bench --hydra-only`
BENCH_CALIBRATION invariant_tsc=true freq_mhz=2596.12 mark_overhead_cycles=52
=== R6. PR-1 HYDRA BIT-EXACT MULTI-CORE SPAN CONFORMANCE ===
BLOB_BACKING mode=mmap anon_huge_kb=16384 map_mb=16.5 verdict=thp-granted
HYDRA_BITPARITY sequential=(count=505849 hash=0x881639cead506f25 msg_hash=0xcbf29ce484222325) hydra=(count=505849 hash=0x881639cead506f25 msg_hash=0xcbf29ce484222325) -> BIT-EXACT
BENCH mode=replay-hydra-burst msgs=505849 rate=1416340941 allocs=0 freq=2596.12MHz workers=2 run=1
BENCH mode=replay-hydra-burst msgs=505849 rate=1409187525 allocs=0 freq=2596.12MHz workers=2 run=2
BENCH mode=replay-hydra-burst msgs=505849 rate=1451503586 allocs=0 freq=2596.12MHz workers=2 run=3
BENCH mode=replay-hydra-burst msgs=505849 rate=1451337005 allocs=0 freq=2596.12MHz workers=2 run=4
BENCH mode=replay-hydra-burst msgs=505849 rate=1427383468 allocs=0 freq=2596.12MHz workers=2 run=5
BENCH_MEDIAN mode=replay-hydra-burst rate=1427383468
R23B_AFFINE_VERDICT arm=burst armed=false tag_hits=0 payload_fallbacks=0 ledger_rows=0 (R23c: workers verify spans from register tags, zero payload reads; the (prefix,cum) triple checked per-span by the scalar affine law)
PR1_HYDRA_VERDICT rate=1427383468 (bit-exact multi-core span conformance: 2 workers, every emitted byte CRC32C-checked in-window, ordered serial fold)
PR1_GIGAHFT_BURST_VERDICT rate=1427383468 target=1000000000 -> PASS (R7 burst reference; the sustained arm below is the gate)
DIAG sustained: passes=17049 reset_ms=470.3 scan_ms=4526.1 end_ms=1.0 pending_max=7648 batches=375078 wait_ms=41.1 work_ms=4127.5 fold_ms=275.6 assist_chunks=380130 bytes_per_msg=27.65 crc_demand_gb_s=47.70
DIAG worker[0] sustained: cpu0(pinned) placement=[0, 2] batches=570729 spans=73042544 eval_ms=4964.9 idle_iters=31912 res_waits=42 fw=0 fw_ms=0.0
DIAG worker[1] sustained: cpu2(pinned) placement=[0, 2] batches=703977 spans=90099648 eval_ms=4952.3 idle_iters=34698 res_waits=258 fw=0 fw_ms=0.0
DIAG rx sustained: publications=375138 polls=1483501 prod_ms=1513.5 bufwait_laps=136247 resets=17051 eos_parks=0 nbuf=16 rx_actual_cpu=3
ADVANCE_DIAGNOSTIC sustained: advances=17051 advance_ms=118.6 us_per_advance=7.0 (F-5 reset/auto-advance hygiene — the synchronous bake tail the per-publication prepatch budget drains; HFT_PREPATCH_BUDGET prices it)
RXWARM_DIAGNOSTIC sustained: enabled=false fixes=0 uncovered=0 last_pass_fixes=0 (F-1 frame-entry warm start; the steady-state law is fixes==0 on pass>=2 — the kill rule reads persistent fixes)
RXBUILD_DIAGNOSTIC sustained: enabled=true patches=375032952 last_pass_patches=21996 frames=21996 (F-2 publish-by-reference master; the steady-state law is every patchable entry patched exactly once per pass boundary)
DIAG cons sustained: parks=22 park_ms=4.7 slow_waits=22 slow_ms=5.1
BENCH mode=replay-hydra-sustained-5s total_msgs=8624219601 duration=5.00s sustained_rate=1724806917 msg/s allocs=0 workers=2 crc_kernel=reflect
PR1_HYDRA_SUSTAINED_VERDICT rate=1724806917 (duration=5.00s, total_msgs=8624219601, workers=2)
PR1_GIGAHFT_VERDICT rate=1724806917 target=1000000000 -> PASS (Project 1.0B: bit-exact, zero-alloc, every byte verified in-window, cross-pass double-buffered fabric)
PR1_R8_FULL_VERIFY_VERDICT rate=1724806917 target=1000000000 -> PASS (R8: 1B msg/s sustained full verification — bit-exact, zero-alloc, every byte CRC32C-verified in-window)
PR1_R16_FULL_VERIFY_VERDICT rate=1724806917 target=2000000000 -> FAIL (R16: 2B msg/s sustained full verification — the Double Helix program, docs/29)
R16B_RXDESC_VERDICT rx_fixes=0 assist_chunks=380130 (array-driven submission telemetry; fixes=0 means every RX prefill entry was already exact)
R23B_AFFINE_VERDICT arm=sustained armed=false tag_hits=0 payload_fallbacks=0 ledger_rows=0 (R23c: zero-re-read affine verification on the worker fabric)
PR1_R23_AFFINE_SUSTAINED_VERDICT rate=1724806917 target=2500000000 -> FAIL (R23: 2.5B+ sustained full verification from register tags — the affine-span algebra program, docs/36)
=== 11r. R13: Mirror-Domain Fold Kernel Soak (rollback attribution) ===
[1m[92m    Finished[0m `release` profile [optimized] target(s) in 0.01s
[1m[92m     Running[0m `target/release/bench --hydra-only`
BENCH_CALIBRATION invariant_tsc=true freq_mhz=2596.12 mark_overhead_cycles=52
=== R6. PR-1 HYDRA BIT-EXACT MULTI-CORE SPAN CONFORMANCE ===
BLOB_BACKING mode=mmap anon_huge_kb=16384 map_mb=16.5 verdict=thp-granted
HYDRA_BITPARITY sequential=(count=505849 hash=0x881639cead506f25 msg_hash=0xcbf29ce484222325) hydra=(count=505849 hash=0x881639cead506f25 msg_hash=0xcbf29ce484222325) -> BIT-EXACT
BENCH mode=replay-hydra-burst msgs=505849 rate=971878206 allocs=0 freq=2596.12MHz workers=2 run=1
BENCH mode=replay-hydra-burst msgs=505849 rate=1251906262 allocs=0 freq=2596.12MHz workers=2 run=2
BENCH mode=replay-hydra-burst msgs=505849 rate=1322688526 allocs=0 freq=2596.12MHz workers=2 run=3
BENCH mode=replay-hydra-burst msgs=505849 rate=1402844797 allocs=0 freq=2596.12MHz workers=2 run=4
BENCH mode=replay-hydra-burst msgs=505849 rate=1423964080 allocs=0 freq=2596.12MHz workers=2 run=5
BENCH_MEDIAN mode=replay-hydra-burst rate=1322688526
R23B_AFFINE_VERDICT arm=burst armed=false tag_hits=0 payload_fallbacks=0 ledger_rows=0 (R23c: workers verify spans from register tags, zero payload reads; the (prefix,cum) triple checked per-span by the scalar affine law)
PR1_HYDRA_VERDICT rate=1322688526 (bit-exact multi-core span conformance: 2 workers, every emitted byte CRC32C-checked in-window, ordered serial fold)
PR1_GIGAHFT_BURST_VERDICT rate=1322688526 target=1000000000 -> PASS (R7 burst reference; the sustained arm below is the gate)
DIAG sustained: passes=17096 reset_ms=476.1 scan_ms=4520.4 end_ms=0.9 pending_max=8473 batches=376112 wait_ms=36.9 work_ms=4118.2 fold_ms=286.8 assist_chunks=375857 bytes_per_msg=27.65 crc_demand_gb_s=47.83
DIAG worker[0] sustained: cpu0(pinned) placement=[0, 2] batches=584579 spans=74808829 eval_ms=4944.5 idle_iters=62503 res_waits=687 fw=0 fw_ms=0.0
DIAG worker[1] sustained: cpu2(pinned) placement=[0, 2] batches=716446 spans=91688386 eval_ms=4932.9 idle_iters=62945 res_waits=443 fw=0 fw_ms=0.0
DIAG rx sustained: publications=376172 polls=1487590 prod_ms=1522.6 bufwait_laps=136895 resets=17098 eos_parks=0 nbuf=16 rx_actual_cpu=3
ADVANCE_DIAGNOSTIC sustained: advances=17098 advance_ms=118.4 us_per_advance=6.9 (F-5 reset/auto-advance hygiene — the synchronous bake tail the per-publication prepatch budget drains; HFT_PREPATCH_BUDGET prices it)
RXWARM_DIAGNOSTIC sustained: enabled=false fixes=0 uncovered=0 last_pass_fixes=0 (F-1 frame-entry warm start; the steady-state law is fixes==0 on pass>=2 — the kill rule reads persistent fixes)
RXBUILD_DIAGNOSTIC sustained: enabled=true patches=376066764 last_pass_patches=21996 frames=21996 (F-2 publish-by-reference master; the steady-state law is every patchable entry patched exactly once per pass boundary)
DIAG cons sustained: parks=22 park_ms=2.4 slow_waits=22 slow_ms=2.8
BENCH mode=replay-hydra-sustained-5s total_msgs=8647994504 duration=5.00s sustained_rate=1729542157 msg/s allocs=0 workers=2 crc_kernel=fold512
PR1_HYDRA_SUSTAINED_VERDICT rate=1729542157 (duration=5.00s, total_msgs=8647994504, workers=2)
PR1_GIGAHFT_VERDICT rate=1729542157 target=1000000000 -> PASS (Project 1.0B: bit-exact, zero-alloc, every byte verified in-window, cross-pass double-buffered fabric)
PR1_R8_FULL_VERIFY_VERDICT rate=1729542157 target=1000000000 -> PASS (R8: 1B msg/s sustained full verification — bit-exact, zero-alloc, every byte CRC32C-verified in-window)
PR1_R16_FULL_VERIFY_VERDICT rate=1729542157 target=2000000000 -> FAIL (R16: 2B msg/s sustained full verification — the Double Helix program, docs/29)
R16B_RXDESC_VERDICT rx_fixes=0 assist_chunks=375857 (array-driven submission telemetry; fixes=0 means every RX prefill entry was already exact)
R23B_AFFINE_VERDICT arm=sustained armed=false tag_hits=0 payload_fallbacks=0 ledger_rows=0 (R23c: zero-re-read affine verification on the worker fabric)
PR1_R23_AFFINE_SUSTAINED_VERDICT rate=1729542157 target=2500000000 -> FAIL (R23: 2.5B+ sustained full verification from register tags — the affine-span algebra program, docs/36)
=== 11s. R14: Vector Barrett Ending OFF (rollback attribution) ===
[1m[92m    Finished[0m `release` profile [optimized] target(s) in 0.01s
[1m[92m     Running[0m `target/release/bench --hydra-only`
BENCH_CALIBRATION invariant_tsc=true freq_mhz=2596.12 mark_overhead_cycles=52
=== R6. PR-1 HYDRA BIT-EXACT MULTI-CORE SPAN CONFORMANCE ===
BLOB_BACKING mode=mmap anon_huge_kb=14336 map_mb=16.5 verdict=thp-granted
HYDRA_BITPARITY sequential=(count=505849 hash=0x881639cead506f25 msg_hash=0xcbf29ce484222325) hydra=(count=505849 hash=0x881639cead506f25 msg_hash=0xcbf29ce484222325) -> BIT-EXACT
BENCH mode=replay-hydra-burst msgs=505849 rate=944296037 allocs=0 freq=2596.12MHz workers=2 run=1
BENCH mode=replay-hydra-burst msgs=505849 rate=1538652699 allocs=0 freq=2596.12MHz workers=2 run=2
BENCH mode=replay-hydra-burst msgs=505849 rate=1549844203 allocs=0 freq=2596.12MHz workers=2 run=3
BENCH mode=replay-hydra-burst msgs=505849 rate=1659751159 allocs=0 freq=2596.12MHz workers=2 run=4
BENCH mode=replay-hydra-burst msgs=505849 rate=1621383651 allocs=0 freq=2596.12MHz workers=2 run=5
BENCH_MEDIAN mode=replay-hydra-burst rate=1549844203
R23B_AFFINE_VERDICT arm=burst armed=false tag_hits=0 payload_fallbacks=0 ledger_rows=0 (R23c: workers verify spans from register tags, zero payload reads; the (prefix,cum) triple checked per-span by the scalar affine law)
PR1_HYDRA_VERDICT rate=1549844203 (bit-exact multi-core span conformance: 2 workers, every emitted byte CRC32C-checked in-window, ordered serial fold)
PR1_GIGAHFT_BURST_VERDICT rate=1549844203 target=1000000000 -> PASS (R7 burst reference; the sustained arm below is the gate)
DIAG sustained: passes=16998 reset_ms=454.1 scan_ms=4542.5 end_ms=0.9 pending_max=6096 batches=373956 wait_ms=35.7 work_ms=4145.8 fold_ms=287.2 assist_chunks=381631 bytes_per_msg=27.65 crc_demand_gb_s=47.55
DIAG worker[0] sustained: cpu0(pinned) placement=[0, 2] batches=579335 spans=74144330 eval_ms=4964.8 idle_iters=30649 res_waits=0 fw=0 fw_ms=0.0
DIAG worker[1] sustained: cpu2(pinned) placement=[0, 2] batches=710154 spans=90889438 eval_ms=4952.1 idle_iters=29579 res_waits=0 fw=0 fw_ms=0.0
DIAG rx sustained: publications=374016 polls=1479064 prod_ms=1511.5 bufwait_laps=135963 resets=17000 eos_parks=0 nbuf=16 rx_actual_cpu=3
ADVANCE_DIAGNOSTIC sustained: advances=17000 advance_ms=115.8 us_per_advance=6.8 (F-5 reset/auto-advance hygiene — the synchronous bake tail the per-publication prepatch budget drains; HFT_PREPATCH_BUDGET prices it)
RXWARM_DIAGNOSTIC sustained: enabled=false fixes=0 uncovered=0 last_pass_fixes=0 (F-1 frame-entry warm start; the steady-state law is fixes==0 on pass>=2 — the kill rule reads persistent fixes)
RXBUILD_DIAGNOSTIC sustained: enabled=true patches=373911156 last_pass_patches=21996 frames=21996 (F-2 publish-by-reference master; the steady-state law is every patchable entry patched exactly once per pass boundary)
DIAG cons sustained: parks=11 park_ms=0.7 slow_waits=11 slow_ms=0.9
BENCH mode=replay-hydra-sustained-5s total_msgs=8598421302 duration=5.00s sustained_rate=1719599069 msg/s allocs=0 workers=2 crc_kernel=reflect
PR1_HYDRA_SUSTAINED_VERDICT rate=1719599069 (duration=5.00s, total_msgs=8598421302, workers=2)
PR1_GIGAHFT_VERDICT rate=1719599069 target=1000000000 -> PASS (Project 1.0B: bit-exact, zero-alloc, every byte verified in-window, cross-pass double-buffered fabric)
PR1_R8_FULL_VERIFY_VERDICT rate=1719599069 target=1000000000 -> PASS (R8: 1B msg/s sustained full verification — bit-exact, zero-alloc, every byte CRC32C-verified in-window)
PR1_R16_FULL_VERIFY_VERDICT rate=1719599069 target=2000000000 -> FAIL (R16: 2B msg/s sustained full verification — the Double Helix program, docs/29)
R16B_RXDESC_VERDICT rx_fixes=0 assist_chunks=381631 (array-driven submission telemetry; fixes=0 means every RX prefill entry was already exact)
R23B_AFFINE_VERDICT arm=sustained armed=false tag_hits=0 payload_fallbacks=0 ledger_rows=0 (R23c: zero-re-read affine verification on the worker fabric)
PR1_R23_AFFINE_SUSTAINED_VERDICT rate=1719599069 target=2500000000 -> FAIL (R23: 2.5B+ sustained full verification from register tags — the affine-span algebra program, docs/36)
=== 11t. R15: Vectorized Tail (vtail) OFF (rollback attribution) ===
[1m[92m    Finished[0m `release` profile [optimized] target(s) in 0.01s
[1m[92m     Running[0m `target/release/bench --hydra-only`
BENCH_CALIBRATION invariant_tsc=true freq_mhz=2596.12 mark_overhead_cycles=52
=== R6. PR-1 HYDRA BIT-EXACT MULTI-CORE SPAN CONFORMANCE ===
BLOB_BACKING mode=mmap anon_huge_kb=14336 map_mb=16.5 verdict=thp-granted
HYDRA_BITPARITY sequential=(count=505849 hash=0x881639cead506f25 msg_hash=0xcbf29ce484222325) hydra=(count=505849 hash=0x881639cead506f25 msg_hash=0xcbf29ce484222325) -> BIT-EXACT
BENCH mode=replay-hydra-burst msgs=505849 rate=1274493451 allocs=0 freq=2596.12MHz workers=2 run=1
BENCH mode=replay-hydra-burst msgs=505849 rate=1374518706 allocs=0 freq=2596.12MHz workers=2 run=2
BENCH mode=replay-hydra-burst msgs=505849 rate=1448967374 allocs=0 freq=2596.12MHz workers=2 run=3
BENCH mode=replay-hydra-burst msgs=505849 rate=1525737157 allocs=0 freq=2596.12MHz workers=2 run=4
BENCH mode=replay-hydra-burst msgs=505849 rate=1611918373 allocs=0 freq=2596.12MHz workers=2 run=5
BENCH_MEDIAN mode=replay-hydra-burst rate=1448967374
R23B_AFFINE_VERDICT arm=burst armed=false tag_hits=0 payload_fallbacks=0 ledger_rows=0 (R23c: workers verify spans from register tags, zero payload reads; the (prefix,cum) triple checked per-span by the scalar affine law)
PR1_HYDRA_VERDICT rate=1448967374 (bit-exact multi-core span conformance: 2 workers, every emitted byte CRC32C-checked in-window, ordered serial fold)
PR1_GIGAHFT_BURST_VERDICT rate=1448967374 target=1000000000 -> PASS (R7 burst reference; the sustained arm below is the gate)
DIAG sustained: passes=17447 reset_ms=453.4 scan_ms=4543.0 end_ms=0.9 pending_max=7096 batches=383834 wait_ms=39.6 work_ms=4136.9 fold_ms=287.7 assist_chunks=387889 bytes_per_msg=27.65 crc_demand_gb_s=48.81
DIAG worker[0] sustained: cpu0(pinned) placement=[0, 2] batches=593948 spans=76003969 eval_ms=4966.4 idle_iters=27758 res_waits=0 fw=0 fw_ms=0.0
DIAG worker[1] sustained: cpu2(pinned) placement=[0, 2] batches=731655 spans=93632898 eval_ms=4953.4 idle_iters=31522 res_waits=0 fw=0 fw_ms=0.0
DIAG rx sustained: publications=383894 polls=1518127 prod_ms=1526.8 bufwait_laps=139418 resets=17449 eos_parks=0 nbuf=16 rx_actual_cpu=3
ADVANCE_DIAGNOSTIC sustained: advances=17449 advance_ms=112.3 us_per_advance=6.4 (F-5 reset/auto-advance hygiene — the synchronous bake tail the per-publication prepatch budget drains; HFT_PREPATCH_BUDGET prices it)
RXWARM_DIAGNOSTIC sustained: enabled=false fixes=0 uncovered=0 last_pass_fixes=0 (F-1 frame-entry warm start; the steady-state law is fixes==0 on pass>=2 — the kill rule reads persistent fixes)
RXBUILD_DIAGNOSTIC sustained: enabled=true patches=383787360 last_pass_patches=21996 frames=21996 (F-2 publish-by-reference master; the steady-state law is every patchable entry patched exactly once per pass boundary)
DIAG cons sustained: parks=22 park_ms=0.9 slow_waits=22 slow_ms=1.2
BENCH mode=replay-hydra-sustained-5s total_msgs=8825547503 duration=5.00s sustained_rate=1765084947 msg/s allocs=0 workers=2 crc_kernel=reflect
PR1_HYDRA_SUSTAINED_VERDICT rate=1765084947 (duration=5.00s, total_msgs=8825547503, workers=2)
PR1_GIGAHFT_VERDICT rate=1765084947 target=1000000000 -> PASS (Project 1.0B: bit-exact, zero-alloc, every byte verified in-window, cross-pass double-buffered fabric)
PR1_R8_FULL_VERIFY_VERDICT rate=1765084947 target=1000000000 -> PASS (R8: 1B msg/s sustained full verification — bit-exact, zero-alloc, every byte CRC32C-verified in-window)
PR1_R16_FULL_VERIFY_VERDICT rate=1765084947 target=2000000000 -> FAIL (R16: 2B msg/s sustained full verification — the Double Helix program, docs/29)
R16B_RXDESC_VERDICT rx_fixes=0 assist_chunks=387889 (array-driven submission telemetry; fixes=0 means every RX prefill entry was already exact)
R23B_AFFINE_VERDICT arm=sustained armed=false tag_hits=0 payload_fallbacks=0 ledger_rows=0 (R23c: zero-re-read affine verification on the worker fabric)
PR1_R23_AFFINE_SUSTAINED_VERDICT rate=1765084947 target=2500000000 -> FAIL (R23: 2.5B+ sustained full verification from register tags — the affine-span algebra program, docs/36)
=== 11u. R15: Worker Drain Granularity Sweep (the supply-side rebalance) ===
[1m[92m    Finished[0m `release` profile [optimized] target(s) in 0.00s
[1m[92m     Running[0m `target/release/bench --hydra-only`
BENCH_CALIBRATION invariant_tsc=true freq_mhz=2596.12 mark_overhead_cycles=52
=== R6. PR-1 HYDRA BIT-EXACT MULTI-CORE SPAN CONFORMANCE ===
BLOB_BACKING mode=mmap anon_huge_kb=16384 map_mb=16.5 verdict=thp-granted
HYDRA_BITPARITY sequential=(count=505849 hash=0x881639cead506f25 msg_hash=0xcbf29ce484222325) hydra=(count=505849 hash=0x881639cead506f25 msg_hash=0xcbf29ce484222325) -> BIT-EXACT
BENCH mode=replay-hydra-burst msgs=505849 rate=1450213583 allocs=0 freq=2596.12MHz workers=2 run=1
BENCH mode=replay-hydra-burst msgs=505849 rate=1529755982 allocs=0 freq=2596.12MHz workers=2 run=2
BENCH mode=replay-hydra-burst msgs=505849 rate=1549416957 allocs=0 freq=2596.12MHz workers=2 run=3
BENCH mode=replay-hydra-burst msgs=505849 rate=1713232405 allocs=0 freq=2596.12MHz workers=2 run=4
BENCH mode=replay-hydra-burst msgs=505849 rate=1634238140 allocs=0 freq=2596.12MHz workers=2 run=5
BENCH_MEDIAN mode=replay-hydra-burst rate=1549416957
R23B_AFFINE_VERDICT arm=burst armed=false tag_hits=0 payload_fallbacks=0 ledger_rows=0 (R23c: workers verify spans from register tags, zero payload reads; the (prefix,cum) triple checked per-span by the scalar affine law)
PR1_HYDRA_VERDICT rate=1549416957 (bit-exact multi-core span conformance: 2 workers, every emitted byte CRC32C-checked in-window, ordered serial fold)
PR1_GIGAHFT_BURST_VERDICT rate=1549416957 target=1000000000 -> PASS (R7 burst reference; the sustained arm below is the gate)
DIAG sustained: passes=17286 reset_ms=450.4 scan_ms=4546.1 end_ms=0.9 pending_max=7435 batches=380292 wait_ms=37.1 work_ms=4149.1 fold_ms=284.9 assist_chunks=394691 bytes_per_msg=27.65 crc_demand_gb_s=48.36
DIAG worker[0] sustained: cpu0(pinned) placement=[0, 2] batches=1168524 spans=74782882 eval_ms=4936.0 idle_iters=32756 res_waits=0 fw=0 fw_ms=0.0
DIAG worker[1] sustained: cpu2(pinned) placement=[0, 2] batches=1447321 spans=92625842 eval_ms=4914.0 idle_iters=36240 res_waits=0 fw=0 fw_ms=0.0
DIAG rx sustained: publications=380352 polls=1504120 prod_ms=1490.2 bufwait_laps=138224 resets=17288 eos_parks=0 nbuf=16 rx_actual_cpu=3
ADVANCE_DIAGNOSTIC sustained: advances=17288 advance_ms=123.0 us_per_advance=7.1 (F-5 reset/auto-advance hygiene — the synchronous bake tail the per-publication prepatch budget drains; HFT_PREPATCH_BUDGET prices it)
RXWARM_DIAGNOSTIC sustained: enabled=false fixes=0 uncovered=0 last_pass_fixes=0 (F-1 frame-entry warm start; the steady-state law is fixes==0 on pass>=2 — the kill rule reads persistent fixes)
RXBUILD_DIAGNOSTIC sustained: enabled=true patches=380246004 last_pass_patches=21996 frames=21996 (F-2 publish-by-reference master; the steady-state law is every patchable entry patched exactly once per pass boundary)
DIAG cons sustained: parks=22 park_ms=2.3 slow_waits=22 slow_ms=2.6
BENCH mode=replay-hydra-sustained-5s total_msgs=8744105814 duration=5.00s sustained_rate=1748790783 msg/s allocs=0 workers=2 crc_kernel=reflect
PR1_HYDRA_SUSTAINED_VERDICT rate=1748790783 (duration=5.00s, total_msgs=8744105814, workers=2)
PR1_GIGAHFT_VERDICT rate=1748790783 target=1000000000 -> PASS (Project 1.0B: bit-exact, zero-alloc, every byte verified in-window, cross-pass double-buffered fabric)
PR1_R8_FULL_VERIFY_VERDICT rate=1748790783 target=1000000000 -> PASS (R8: 1B msg/s sustained full verification — bit-exact, zero-alloc, every byte CRC32C-verified in-window)
PR1_R16_FULL_VERIFY_VERDICT rate=1748790783 target=2000000000 -> FAIL (R16: 2B msg/s sustained full verification — the Double Helix program, docs/29)
R16B_RXDESC_VERDICT rx_fixes=0 assist_chunks=394691 (array-driven submission telemetry; fixes=0 means every RX prefill entry was already exact)
R23B_AFFINE_VERDICT arm=sustained armed=false tag_hits=0 payload_fallbacks=0 ledger_rows=0 (R23c: zero-re-read affine verification on the worker fabric)
PR1_R23_AFFINE_SUSTAINED_VERDICT rate=1748790783 target=2500000000 -> FAIL (R23: 2.5B+ sustained full verification from register tags — the affine-span algebra program, docs/36)
[1m[92m    Finished[0m `release` profile [optimized] target(s) in 0.01s
[1m[92m     Running[0m `target/release/bench --hydra-only`
BENCH_CALIBRATION invariant_tsc=true freq_mhz=2596.12 mark_overhead_cycles=52
=== R6. PR-1 HYDRA BIT-EXACT MULTI-CORE SPAN CONFORMANCE ===
BLOB_BACKING mode=mmap anon_huge_kb=16384 map_mb=16.5 verdict=thp-granted
HYDRA_BITPARITY sequential=(count=505849 hash=0x881639cead506f25 msg_hash=0xcbf29ce484222325) hydra=(count=505849 hash=0x881639cead506f25 msg_hash=0xcbf29ce484222325) -> BIT-EXACT
BENCH mode=replay-hydra-burst msgs=505849 rate=1489122627 allocs=0 freq=2596.12MHz workers=2 run=1
BENCH mode=replay-hydra-burst msgs=505849 rate=1519673022 allocs=0 freq=2596.12MHz workers=2 run=2
BENCH mode=replay-hydra-burst msgs=505849 rate=1648753124 allocs=0 freq=2596.12MHz workers=2 run=3
BENCH mode=replay-hydra-burst msgs=505849 rate=1682635407 allocs=0 freq=2596.12MHz workers=2 run=4
BENCH mode=replay-hydra-burst msgs=505849 rate=1725104696 allocs=0 freq=2596.12MHz workers=2 run=5
BENCH_MEDIAN mode=replay-hydra-burst rate=1648753124
R23B_AFFINE_VERDICT arm=burst armed=false tag_hits=0 payload_fallbacks=0 ledger_rows=0 (R23c: workers verify spans from register tags, zero payload reads; the (prefix,cum) triple checked per-span by the scalar affine law)
PR1_HYDRA_VERDICT rate=1648753124 (bit-exact multi-core span conformance: 2 workers, every emitted byte CRC32C-checked in-window, ordered serial fold)
PR1_GIGAHFT_BURST_VERDICT rate=1648753124 target=1000000000 -> PASS (R7 burst reference; the sustained arm below is the gate)
DIAG sustained: passes=17467 reset_ms=449.6 scan_ms=4546.8 end_ms=1.0 pending_max=6556 batches=384274 wait_ms=37.7 work_ms=4149.7 fold_ms=285.1 assist_chunks=392617 bytes_per_msg=27.65 crc_demand_gb_s=48.86
DIAG worker[0] sustained: cpu0(pinned) placement=[0, 2] batches=297735 spans=76185658 eval_ms=4978.2 idle_iters=32210 res_waits=0 fw=0 fw_ms=0.0
DIAG worker[1] sustained: cpu2(pinned) placement=[0, 2] batches=364909 spans=93376074 eval_ms=4971.4 idle_iters=32083 res_waits=0 fw=0 fw_ms=0.0
DIAG rx sustained: publications=384334 polls=1519867 prod_ms=1525.0 bufwait_laps=139734 resets=17469 eos_parks=0 nbuf=16 rx_actual_cpu=3
ADVANCE_DIAGNOSTIC sustained: advances=17469 advance_ms=114.7 us_per_advance=6.6 (F-5 reset/auto-advance hygiene — the synchronous bake tail the per-publication prepatch budget drains; HFT_PREPATCH_BUDGET prices it)
RXWARM_DIAGNOSTIC sustained: enabled=false fixes=0 uncovered=0 last_pass_fixes=0 (F-1 frame-entry warm start; the steady-state law is fixes==0 on pass>=2 — the kill rule reads persistent fixes)
RXBUILD_DIAGNOSTIC sustained: enabled=true patches=384227280 last_pass_patches=21932 frames=21996 (F-2 publish-by-reference master; the steady-state law is every patchable entry patched exactly once per pass boundary)
DIAG cons sustained: parks=15 park_ms=1.7 slow_waits=15 slow_ms=1.9
BENCH mode=replay-hydra-sustained-5s total_msgs=8835664483 duration=5.00s sustained_rate=1767054857 msg/s allocs=0 workers=2 crc_kernel=reflect
PR1_HYDRA_SUSTAINED_VERDICT rate=1767054857 (duration=5.00s, total_msgs=8835664483, workers=2)
PR1_GIGAHFT_VERDICT rate=1767054857 target=1000000000 -> PASS (Project 1.0B: bit-exact, zero-alloc, every byte verified in-window, cross-pass double-buffered fabric)
PR1_R8_FULL_VERIFY_VERDICT rate=1767054857 target=1000000000 -> PASS (R8: 1B msg/s sustained full verification — bit-exact, zero-alloc, every byte CRC32C-verified in-window)
PR1_R16_FULL_VERIFY_VERDICT rate=1767054857 target=2000000000 -> FAIL (R16: 2B msg/s sustained full verification — the Double Helix program, docs/29)
R16B_RXDESC_VERDICT rx_fixes=0 assist_chunks=392617 (array-driven submission telemetry; fixes=0 means every RX prefill entry was already exact)
R23B_AFFINE_VERDICT arm=sustained armed=false tag_hits=0 payload_fallbacks=0 ledger_rows=0 (R23c: zero-re-read affine verification on the worker fabric)
PR1_R23_AFFINE_SUSTAINED_VERDICT rate=1767054857 target=2500000000 -> FAIL (R23: 2.5B+ sustained full verification from register tags — the affine-span algebra program, docs/36)
=== 11wm. R17: Assist-Watermark Deep-Soak, SIBLINGS (the A3-b pricing where the assist lives) ===
[1m[92m    Finished[0m `release` profile [optimized] target(s) in 0.00s
[1m[92m     Running[0m `target/release/bench --hydra-only`
BENCH_CALIBRATION invariant_tsc=true freq_mhz=2596.12 mark_overhead_cycles=52
=== R6. PR-1 HYDRA BIT-EXACT MULTI-CORE SPAN CONFORMANCE ===
BLOB_BACKING mode=mmap anon_huge_kb=14336 map_mb=16.5 verdict=thp-granted
HYDRA_BITPARITY sequential=(count=505849 hash=0x881639cead506f25 msg_hash=0xcbf29ce484222325) hydra=(count=505849 hash=0x881639cead506f25 msg_hash=0xcbf29ce484222325) -> BIT-EXACT
BENCH mode=replay-hydra-burst msgs=505849 rate=1293155986 allocs=0 freq=2596.12MHz workers=2 run=1
BENCH mode=replay-hydra-burst msgs=505849 rate=1390566068 allocs=0 freq=2596.12MHz workers=2 run=2
BENCH mode=replay-hydra-burst msgs=505849 rate=1387697380 allocs=0 freq=2596.12MHz workers=2 run=3
BENCH mode=replay-hydra-burst msgs=505849 rate=1442344595 allocs=0 freq=2596.12MHz workers=2 run=4
BENCH mode=replay-hydra-burst msgs=505849 rate=1509186108 allocs=0 freq=2596.12MHz workers=2 run=5
BENCH_MEDIAN mode=replay-hydra-burst rate=1390566068
R23B_AFFINE_VERDICT arm=burst armed=false tag_hits=0 payload_fallbacks=0 ledger_rows=0 (R23c: workers verify spans from register tags, zero payload reads; the (prefix,cum) triple checked per-span by the scalar affine law)
PR1_HYDRA_VERDICT rate=1390566068 (bit-exact multi-core span conformance: 2 workers, every emitted byte CRC32C-checked in-window, ordered serial fold)
PR1_GIGAHFT_BURST_VERDICT rate=1390566068 target=1000000000 -> PASS (R7 burst reference; the sustained arm below is the gate)
DIAG sustained: passes=17297 reset_ms=404.6 scan_ms=4582.5 end_ms=3.1 pending_max=8167 batches=380534 wait_ms=27.7 work_ms=4181.5 fold_ms=295.4 assist_chunks=600248 bytes_per_msg=27.65 crc_demand_gb_s=48.39
DIAG worker[0] sustained: cpu2(pinned) placement=[2, 3] batches=603383 spans=77218416 eval_ms=4954.7 idle_iters=32525 res_waits=1200 fw=0 fw_ms=0.0
DIAG worker[1] sustained: cpu3(pinned) placement=[2, 3] batches=601692 spans=76999974 eval_ms=4953.8 idle_iters=26561 res_waits=0 fw=0 fw_ms=0.0
DIAG rx sustained: publications=380594 polls=1505077 prod_ms=1582.9 bufwait_laps=138387 resets=17299 eos_parks=0 nbuf=16 rx_actual_cpu=1
ADVANCE_DIAGNOSTIC sustained: advances=17299 advance_ms=86.6 us_per_advance=5.0 (F-5 reset/auto-advance hygiene — the synchronous bake tail the per-publication prepatch budget drains; HFT_PREPATCH_BUDGET prices it)
RXWARM_DIAGNOSTIC sustained: enabled=false fixes=0 uncovered=0 last_pass_fixes=0 (F-1 frame-entry warm start; the steady-state law is fixes==0 on pass>=2 — the kill rule reads persistent fixes)
RXBUILD_DIAGNOSTIC sustained: enabled=true patches=380488024 last_pass_patches=21996 frames=21996 (F-2 publish-by-reference master; the steady-state law is every patchable entry patched exactly once per pass boundary)
DIAG cons sustained: parks=24 park_ms=3.2 slow_waits=24 slow_ms=3.6
BENCH mode=replay-hydra-sustained-5s total_msgs=8749670153 duration=5.00s sustained_rate=1749898161 msg/s allocs=0 workers=2 crc_kernel=reflect
PR1_HYDRA_SUSTAINED_VERDICT rate=1749898161 (duration=5.00s, total_msgs=8749670153, workers=2)
PR1_GIGAHFT_VERDICT rate=1749898161 target=1000000000 -> PASS (Project 1.0B: bit-exact, zero-alloc, every byte verified in-window, cross-pass double-buffered fabric)
PR1_R8_FULL_VERIFY_VERDICT rate=1749898161 target=1000000000 -> PASS (R8: 1B msg/s sustained full verification — bit-exact, zero-alloc, every byte CRC32C-verified in-window)
PR1_R16_FULL_VERIFY_VERDICT rate=1749898161 target=2000000000 -> FAIL (R16: 2B msg/s sustained full verification — the Double Helix program, docs/29)
R16B_RXDESC_VERDICT rx_fixes=0 assist_chunks=600248 (array-driven submission telemetry; fixes=0 means every RX prefill entry was already exact)
R23B_AFFINE_VERDICT arm=sustained armed=false tag_hits=0 payload_fallbacks=0 ledger_rows=0 (R23c: zero-re-read affine verification on the worker fabric)
PR1_R23_AFFINE_SUSTAINED_VERDICT rate=1749898161 target=2500000000 -> FAIL (R23: 2.5B+ sustained full verification from register tags — the affine-span algebra program, docs/36)
=== 11v. R16: Dual-Stream Fold (dfold) ARMED Soak (attribution) ===
[1m[92m    Finished[0m `release` profile [optimized] target(s) in 0.01s
[1m[92m     Running[0m `target/release/bench --hydra-only`
BENCH_CALIBRATION invariant_tsc=true freq_mhz=2596.12 mark_overhead_cycles=52
=== R6. PR-1 HYDRA BIT-EXACT MULTI-CORE SPAN CONFORMANCE ===
BLOB_BACKING mode=mmap anon_huge_kb=16384 map_mb=16.5 verdict=thp-granted
HYDRA_BITPARITY sequential=(count=505849 hash=0x881639cead506f25 msg_hash=0xcbf29ce484222325) hydra=(count=505849 hash=0x881639cead506f25 msg_hash=0xcbf29ce484222325) -> BIT-EXACT
BENCH mode=replay-hydra-burst msgs=505849 rate=1462984975 allocs=0 freq=2596.12MHz workers=2 run=1
BENCH mode=replay-hydra-burst msgs=505849 rate=1533703027 allocs=0 freq=2596.12MHz workers=2 run=2
BENCH mode=replay-hydra-burst msgs=505849 rate=1716086155 allocs=0 freq=2596.12MHz workers=2 run=3
BENCH mode=replay-hydra-burst msgs=505849 rate=1675767985 allocs=0 freq=2596.12MHz workers=2 run=4
BENCH mode=replay-hydra-burst msgs=505849 rate=1748273669 allocs=0 freq=2596.12MHz workers=2 run=5
BENCH_MEDIAN mode=replay-hydra-burst rate=1675767985
R23B_AFFINE_VERDICT arm=burst armed=false tag_hits=0 payload_fallbacks=0 ledger_rows=0 (R23c: workers verify spans from register tags, zero payload reads; the (prefix,cum) triple checked per-span by the scalar affine law)
PR1_HYDRA_VERDICT rate=1675767985 (bit-exact multi-core span conformance: 2 workers, every emitted byte CRC32C-checked in-window, ordered serial fold)
PR1_GIGAHFT_BURST_VERDICT rate=1675767985 target=1000000000 -> PASS (R7 burst reference; the sustained arm below is the gate)
DIAG sustained: passes=17289 reset_ms=459.1 scan_ms=4537.3 end_ms=0.9 pending_max=7332 batches=380358 wait_ms=38.1 work_ms=4136.5 fold_ms=286.1 assist_chunks=388124 bytes_per_msg=27.65 crc_demand_gb_s=48.37
DIAG worker[0] sustained: cpu0(pinned) placement=[0, 2] batches=585527 spans=74935579 eval_ms=4950.0 idle_iters=55939 res_waits=0 fw=0 fw_ms=0.0
DIAG worker[1] sustained: cpu2(pinned) placement=[0, 2] batches=726104 spans=92922773 eval_ms=4937.2 idle_iters=60025 res_waits=0 fw=0 fw_ms=0.0
DIAG rx sustained: publications=380418 polls=1504381 prod_ms=1511.5 bufwait_laps=138520 resets=17291 eos_parks=0 nbuf=16 rx_actual_cpu=3
ADVANCE_DIAGNOSTIC sustained: advances=17291 advance_ms=115.9 us_per_advance=6.7 (F-5 reset/auto-advance hygiene — the synchronous bake tail the per-publication prepatch budget drains; HFT_PREPATCH_BUDGET prices it)
RXWARM_DIAGNOSTIC sustained: enabled=false fixes=0 uncovered=0 last_pass_fixes=0 (F-1 frame-entry warm start; the steady-state law is fixes==0 on pass>=2 — the kill rule reads persistent fixes)
RXBUILD_DIAGNOSTIC sustained: enabled=true patches=380311992 last_pass_patches=21996 frames=21996 (F-2 publish-by-reference master; the steady-state law is every patchable entry patched exactly once per pass boundary)
DIAG cons sustained: parks=16 park_ms=2.2 slow_waits=16 slow_ms=2.5
BENCH mode=replay-hydra-sustained-5s total_msgs=8745623361 duration=5.00s sustained_rate=1749087246 msg/s allocs=0 workers=2 crc_kernel=reflect
PR1_HYDRA_SUSTAINED_VERDICT rate=1749087246 (duration=5.00s, total_msgs=8745623361, workers=2)
PR1_GIGAHFT_VERDICT rate=1749087246 target=1000000000 -> PASS (Project 1.0B: bit-exact, zero-alloc, every byte verified in-window, cross-pass double-buffered fabric)
PR1_R8_FULL_VERIFY_VERDICT rate=1749087246 target=1000000000 -> PASS (R8: 1B msg/s sustained full verification — bit-exact, zero-alloc, every byte CRC32C-verified in-window)
PR1_R16_FULL_VERIFY_VERDICT rate=1749087246 target=2000000000 -> FAIL (R16: 2B msg/s sustained full verification — the Double Helix program, docs/29)
R16B_RXDESC_VERDICT rx_fixes=0 assist_chunks=388124 (array-driven submission telemetry; fixes=0 means every RX prefill entry was already exact)
R23B_AFFINE_VERDICT arm=sustained armed=false tag_hits=0 payload_fallbacks=0 ledger_rows=0 (R23c: zero-re-read affine verification on the worker fabric)
PR1_R23_AFFINE_SUSTAINED_VERDICT rate=1749087246 target=2500000000 -> FAIL (R23: 2.5B+ sustained full verification from register tags — the affine-span algebra program, docs/36)
=== 11oa. R21: Octo-Stream Fold (ofold) ARMED Soak (attribution) ===
[1m[92m    Finished[0m `release` profile [optimized] target(s) in 0.01s
[1m[92m     Running[0m `target/release/bench --hydra-only`
BENCH_CALIBRATION invariant_tsc=true freq_mhz=2596.12 mark_overhead_cycles=52
=== R6. PR-1 HYDRA BIT-EXACT MULTI-CORE SPAN CONFORMANCE ===
BLOB_BACKING mode=mmap anon_huge_kb=16384 map_mb=16.5 verdict=thp-granted
HYDRA_BITPARITY sequential=(count=505849 hash=0x881639cead506f25 msg_hash=0xcbf29ce484222325) hydra=(count=505849 hash=0x881639cead506f25 msg_hash=0xcbf29ce484222325) -> BIT-EXACT
BENCH mode=replay-hydra-burst msgs=505849 rate=1190840970 allocs=0 freq=2596.12MHz workers=2 run=1
BENCH mode=replay-hydra-burst msgs=505849 rate=1340554879 allocs=0 freq=2596.12MHz workers=2 run=2
BENCH mode=replay-hydra-burst msgs=505849 rate=1376954443 allocs=0 freq=2596.12MHz workers=2 run=3
BENCH mode=replay-hydra-burst msgs=505849 rate=1603528181 allocs=0 freq=2596.12MHz workers=2 run=4
BENCH mode=replay-hydra-burst msgs=505849 rate=1505857031 allocs=0 freq=2596.12MHz workers=2 run=5
BENCH_MEDIAN mode=replay-hydra-burst rate=1376954443
R23B_AFFINE_VERDICT arm=burst armed=false tag_hits=0 payload_fallbacks=0 ledger_rows=0 (R23c: workers verify spans from register tags, zero payload reads; the (prefix,cum) triple checked per-span by the scalar affine law)
PR1_HYDRA_VERDICT rate=1376954443 (bit-exact multi-core span conformance: 2 workers, every emitted byte CRC32C-checked in-window, ordered serial fold)
PR1_GIGAHFT_BURST_VERDICT rate=1376954443 target=1000000000 -> PASS (R7 burst reference; the sustained arm below is the gate)
DIAG sustained: passes=17420 reset_ms=458.4 scan_ms=4538.0 end_ms=0.9 pending_max=11130 batches=383240 wait_ms=36.9 work_ms=4132.9 fold_ms=287.6 assist_chunks=389310 bytes_per_msg=27.65 crc_demand_gb_s=48.73
DIAG worker[0] sustained: cpu0(pinned) placement=[0, 2] batches=591057 spans=75636791 eval_ms=4964.8 idle_iters=31610 res_waits=12 fw=0 fw_ms=0.0
DIAG worker[1] sustained: cpu2(pinned) placement=[0, 2] batches=731451 spans=93607359 eval_ms=4951.5 idle_iters=30311 res_waits=5471 fw=0 fw_ms=0.0
DIAG rx sustained: publications=383300 polls=1515778 prod_ms=1513.1 bufwait_laps=139415 resets=17422 eos_parks=0 nbuf=16 rx_actual_cpu=3
ADVANCE_DIAGNOSTIC sustained: advances=17422 advance_ms=116.0 us_per_advance=6.7 (F-5 reset/auto-advance hygiene — the synchronous bake tail the per-publication prepatch budget drains; HFT_PREPATCH_BUDGET prices it)
RXWARM_DIAGNOSTIC sustained: enabled=false fixes=0 uncovered=0 last_pass_fixes=0 (F-1 frame-entry warm start; the steady-state law is fixes==0 on pass>=2 — the kill rule reads persistent fixes)
RXBUILD_DIAGNOSTIC sustained: enabled=true patches=383193468 last_pass_patches=21932 frames=21996 (F-2 publish-by-reference master; the steady-state law is every patchable entry patched exactly once per pass boundary)
DIAG cons sustained: parks=18 park_ms=1.7 slow_waits=18 slow_ms=2.0
BENCH mode=replay-hydra-sustained-5s total_msgs=8811889580 duration=5.00s sustained_rate=1762314523 msg/s allocs=0 workers=2 crc_kernel=reflect
PR1_HYDRA_SUSTAINED_VERDICT rate=1762314523 (duration=5.00s, total_msgs=8811889580, workers=2)
PR1_GIGAHFT_VERDICT rate=1762314523 target=1000000000 -> PASS (Project 1.0B: bit-exact, zero-alloc, every byte verified in-window, cross-pass double-buffered fabric)
PR1_R8_FULL_VERIFY_VERDICT rate=1762314523 target=1000000000 -> PASS (R8: 1B msg/s sustained full verification — bit-exact, zero-alloc, every byte CRC32C-verified in-window)
PR1_R16_FULL_VERIFY_VERDICT rate=1762314523 target=2000000000 -> FAIL (R16: 2B msg/s sustained full verification — the Double Helix program, docs/29)
R16B_RXDESC_VERDICT rx_fixes=0 assist_chunks=389310 (array-driven submission telemetry; fixes=0 means every RX prefill entry was already exact)
R23B_AFFINE_VERDICT arm=sustained armed=false tag_hits=0 payload_fallbacks=0 ledger_rows=0 (R23c: zero-re-read affine verification on the worker fabric)
PR1_R23_AFFINE_SUSTAINED_VERDICT rate=1762314523 target=2500000000 -> FAIL (R23: 2.5B+ sustained full verification from register tags — the affine-span algebra program, docs/36)
=== 11fb. R21: Fused In-Register Verification ARMED (the Task 2 shape) ===
[1m[92m    Finished[0m `release` profile [optimized] target(s) in 0.01s
[1m[92m     Running[0m `target/release/bench --hydra-only`
BENCH_CALIBRATION invariant_tsc=true freq_mhz=2596.12 mark_overhead_cycles=52
=== R6. PR-1 HYDRA BIT-EXACT MULTI-CORE SPAN CONFORMANCE ===
BLOB_BACKING mode=mmap anon_huge_kb=16384 map_mb=16.5 verdict=thp-granted
HYDRA_FUSED_DIAGNOSTIC force_inline=true kernel=reflect assist_slots=64 (R21 Task 2: submit-side fused verification — every span CRC evaluates on the submitting core at the framing point; the workers never re-read the payload, the 2nd memory pass is eliminated)
HYDRA_BITPARITY sequential=(count=505849 hash=0x881639cead506f25 msg_hash=0xcbf29ce484222325) hydra=(count=505849 hash=0x881639cead506f25 msg_hash=0xcbf29ce484222325) -> BIT-EXACT
BENCH mode=replay-hydra-burst msgs=505849 rate=335847631 allocs=0 freq=2596.12MHz workers=2 run=1
BENCH mode=replay-hydra-burst msgs=505849 rate=324723870 allocs=0 freq=2596.12MHz workers=2 run=2
BENCH mode=replay-hydra-burst msgs=505849 rate=413368199 allocs=0 freq=2596.12MHz workers=2 run=3
BENCH mode=replay-hydra-burst msgs=505849 rate=554707649 allocs=0 freq=2596.12MHz workers=2 run=4
BENCH mode=replay-hydra-burst msgs=505849 rate=590822925 allocs=0 freq=2596.12MHz workers=2 run=5
BENCH_MEDIAN mode=replay-hydra-burst rate=413368199
R23B_AFFINE_VERDICT arm=burst armed=false tag_hits=0 payload_fallbacks=0 ledger_rows=0 (R23c: workers verify spans from register tags, zero payload reads; the (prefix,cum) triple checked per-span by the scalar affine law)
PR1_HYDRA_VERDICT rate=413368199 (bit-exact multi-core span conformance: 2 workers, every emitted byte CRC32C-checked in-window, ordered serial fold)
PR1_GIGAHFT_BURST_VERDICT rate=413368199 target=1000000000 -> FAIL (R7 burst reference; the sustained arm below is the gate)
DIAG sustained: passes=6766 reset_ms=147.5 scan_ms=4851.3 end_ms=0.3 pending_max=48 batches=148852 wait_ms=12.2 work_ms=4713.4 fold_ms=97.2 assist_chunks=1167135 bytes_per_msg=27.65 crc_demand_gb_s=18.93
DIAG worker[0] sustained: cpu0(pinned) placement=[0, 2] batches=0 spans=0 eval_ms=0.0 idle_iters=7820277 res_waits=0 fw=0 fw_ms=0.0
DIAG worker[1] sustained: cpu2(pinned) placement=[0, 2] batches=0 spans=0 eval_ms=0.0 idle_iters=8967930 res_waits=0 fw=0 fw_ms=0.0
DIAG rx sustained: publications=148912 polls=588880 prod_ms=522.0 bufwait_laps=167641 resets=6768 eos_parks=0 nbuf=16 rx_actual_cpu=3
ADVANCE_DIAGNOSTIC sustained: advances=6768 advance_ms=24.7 us_per_advance=3.6 (F-5 reset/auto-advance hygiene — the synchronous bake tail the per-publication prepatch budget drains; HFT_PREPATCH_BUDGET prices it)
RXWARM_DIAGNOSTIC sustained: enabled=false fixes=0 uncovered=0 last_pass_fixes=0 (F-1 frame-entry warm start; the steady-state law is fixes==0 on pass>=2 — the kill rule reads persistent fixes)
RXBUILD_DIAGNOSTIC sustained: enabled=true patches=148847764 last_pass_patches=21996 frames=21996 (F-2 publish-by-reference master; the steady-state law is every patchable entry patched exactly once per pass boundary)
DIAG cons sustained: parks=4 park_ms=0.3 slow_waits=4 slow_ms=0.3
BENCH mode=replay-hydra-sustained-5s total_msgs=3422574334 duration=5.00s sustained_rate=684425072 msg/s allocs=0 workers=2 crc_kernel=reflect
PR1_HYDRA_SUSTAINED_VERDICT rate=684425072 (duration=5.00s, total_msgs=3422574334, workers=2)
PR1_GIGAHFT_VERDICT rate=684425072 target=1000000000 -> FAIL (Project 1.0B: bit-exact, zero-alloc, every byte verified in-window, cross-pass double-buffered fabric)
PR1_R8_FULL_VERIFY_VERDICT rate=684425072 target=1000000000 -> FAIL (R8: 1B msg/s sustained full verification — bit-exact, zero-alloc, every byte CRC32C-verified in-window)
PR1_R16_FULL_VERIFY_VERDICT rate=684425072 target=2000000000 -> FAIL (R16: 2B msg/s sustained full verification — the Double Helix program, docs/29)
R16B_RXDESC_VERDICT rx_fixes=0 assist_chunks=1167135 (array-driven submission telemetry; fixes=0 means every RX prefill entry was already exact)
R23B_AFFINE_VERDICT arm=sustained armed=false tag_hits=0 payload_fallbacks=0 ledger_rows=0 (R23c: zero-re-read affine verification on the worker fabric)
PR1_R23_AFFINE_SUSTAINED_VERDICT rate=684425072 target=2500000000 -> FAIL (R23: 2.5B+ sustained full verification from register tags — the affine-span algebra program, docs/36)
=== 11w. R16b/R17: Array-Driven Submission (rxdesc) ARMED (attribution) ===
[1m[92m    Finished[0m `release` profile [optimized] target(s) in 0.01s
[1m[92m     Running[0m `target/release/bench --hydra-only`
BENCH_CALIBRATION invariant_tsc=true freq_mhz=2596.12 mark_overhead_cycles=52
=== R6. PR-1 HYDRA BIT-EXACT MULTI-CORE SPAN CONFORMANCE ===
BLOB_BACKING mode=mmap anon_huge_kb=16384 map_mb=16.5 verdict=thp-granted
HYDRA_BITPARITY sequential=(count=505849 hash=0x881639cead506f25 msg_hash=0xcbf29ce484222325) hydra=(count=505849 hash=0x881639cead506f25 msg_hash=0xcbf29ce484222325) -> BIT-EXACT
BENCH mode=replay-hydra-burst msgs=505849 rate=1094629305 allocs=0 freq=2596.12MHz workers=2 run=1
BENCH mode=replay-hydra-burst msgs=505849 rate=1175376186 allocs=0 freq=2596.12MHz workers=2 run=2
BENCH mode=replay-hydra-burst msgs=505849 rate=1176362930 allocs=0 freq=2596.12MHz workers=2 run=3
BENCH mode=replay-hydra-burst msgs=505849 rate=1227416439 allocs=0 freq=2596.12MHz workers=2 run=4
BENCH mode=replay-hydra-burst msgs=505849 rate=1196935781 allocs=0 freq=2596.12MHz workers=2 run=5
BENCH_MEDIAN mode=replay-hydra-burst rate=1176362930
R23B_AFFINE_VERDICT arm=burst armed=false tag_hits=0 payload_fallbacks=0 ledger_rows=0 (R23c: workers verify spans from register tags, zero payload reads; the (prefix,cum) triple checked per-span by the scalar affine law)
PR1_HYDRA_VERDICT rate=1176362930 (bit-exact multi-core span conformance: 2 workers, every emitted byte CRC32C-checked in-window, ordered serial fold)
PR1_GIGAHFT_BURST_VERDICT rate=1176362930 target=1000000000 -> PASS (R7 burst reference; the sustained arm below is the gate)
DIAG sustained: passes=12352 reset_ms=341.7 scan_ms=4655.2 end_ms=0.7 pending_max=3136 batches=271744 wait_ms=26.8 work_ms=4368.5 fold_ms=202.6 assist_chunks=401399 bytes_per_msg=27.65 crc_demand_gb_s=34.56
DIAG worker[0] sustained: cpu0(pinned) placement=[0, 2] batches=447379 spans=57254400 eval_ms=4917.5 idle_iters=43753 res_waits=0 fw=15169 fw_ms=40.0
DIAG worker[1] sustained: cpu2(pinned) placement=[0, 2] batches=413281 spans=52891312 eval_ms=3550.1 idle_iters=131099 res_waits=0 fw=340451 fw_ms=1326.6
DIAG rx sustained: publications=271804 polls=1074862 prod_ms=1050.3 bufwait_laps=132780 resets=12354 eos_parks=0 nbuf=16 rx_actual_cpu=3
ADVANCE_DIAGNOSTIC sustained: advances=12354 advance_ms=58.8 us_per_advance=4.8 (F-5 reset/auto-advance hygiene — the synchronous bake tail the per-publication prepatch budget drains; HFT_PREPATCH_BUDGET prices it)
RXWARM_DIAGNOSTIC sustained: enabled=false fixes=0 uncovered=0 last_pass_fixes=0 (F-1 frame-entry warm start; the steady-state law is fixes==0 on pass>=2 — the kill rule reads persistent fixes)
RXBUILD_DIAGNOSTIC sustained: enabled=true patches=271717612 last_pass_patches=21932 frames=21996 (F-2 publish-by-reference master; the steady-state law is every patchable entry patched exactly once per pass boundary)
DIAG cons sustained: parks=15 park_ms=3.0 slow_waits=15 slow_ms=3.2
BENCH mode=replay-hydra-sustained-5s total_msgs=6248246848 duration=5.00s sustained_rate=1249648877 msg/s allocs=0 workers=2 crc_kernel=reflect
PR1_HYDRA_SUSTAINED_VERDICT rate=1249648877 (duration=5.00s, total_msgs=6248246848, workers=2)
PR1_GIGAHFT_VERDICT rate=1249648877 target=1000000000 -> PASS (Project 1.0B: bit-exact, zero-alloc, every byte verified in-window, cross-pass double-buffered fabric)
PR1_R8_FULL_VERIFY_VERDICT rate=1249648877 target=1000000000 -> PASS (R8: 1B msg/s sustained full verification — bit-exact, zero-alloc, every byte CRC32C-verified in-window)
PR1_R16_FULL_VERIFY_VERDICT rate=1249648877 target=2000000000 -> FAIL (R16: 2B msg/s sustained full verification — the Double Helix program, docs/29)
R16B_RXDESC_VERDICT rx_fixes=1920 assist_chunks=401399 (array-driven submission telemetry; fixes=0 means every RX prefill entry was already exact)
R23B_AFFINE_VERDICT arm=sustained armed=false tag_hits=0 payload_fallbacks=0 ledger_rows=0 (R23c: zero-re-read affine verification on the worker fabric)
PR1_R23_AFFINE_SUSTAINED_VERDICT rate=1249648877 target=2500000000 -> FAIL (R23: 2.5B+ sustained full verification from register tags — the affine-span algebra program, docs/36)
=== 11ab. R23c: Affine-Tag Zero-Re-Read Verification ARMED (the affine ship) ===
[1m[92m    Finished[0m `release` profile [optimized] target(s) in 0.01s
[1m[92m     Running[0m `target/release/bench --hydra-only`
BENCH_CALIBRATION invariant_tsc=true freq_mhz=2596.12 mark_overhead_cycles=52
=== R6. PR-1 HYDRA BIT-EXACT MULTI-CORE SPAN CONFORMANCE ===
BLOB_BACKING mode=mmap anon_huge_kb=14336 map_mb=16.5 verdict=thp-granted
HYDRA_BITPARITY sequential=(count=505849 hash=0x881639cead506f25 msg_hash=0xcbf29ce484222325) hydra=(count=505849 hash=0x881639cead506f25 msg_hash=0xcbf29ce484222325) -> BIT-EXACT
BENCH mode=replay-hydra-burst msgs=505849 rate=1172241108 allocs=0 freq=2596.12MHz workers=2 run=1
BENCH mode=replay-hydra-burst msgs=505849 rate=1196624322 allocs=0 freq=2596.12MHz workers=2 run=2
BENCH mode=replay-hydra-burst msgs=505849 rate=1220121614 allocs=0 freq=2596.12MHz workers=2 run=3
BENCH mode=replay-hydra-burst msgs=505849 rate=1140964741 allocs=0 freq=2596.12MHz workers=2 run=4
BENCH mode=replay-hydra-burst msgs=505849 rate=1096696354 allocs=0 freq=2596.12MHz workers=2 run=5
BENCH_MEDIAN mode=replay-hydra-burst rate=1172241108
R23B_AFFINE_VERDICT arm=burst armed=true tag_hits=65952 payload_fallbacks=0 ledger_rows=21984 (R23c: workers verify spans from register tags, zero payload reads; the (prefix,cum) triple checked per-span by the scalar affine law)
PR1_HYDRA_VERDICT rate=1172241108 (bit-exact multi-core span conformance: 2 workers, every emitted byte CRC32C-checked in-window, ordered serial fold)
PR1_GIGAHFT_BURST_VERDICT rate=1172241108 target=1000000000 -> PASS (R7 burst reference; the sustained arm below is the gate)
DIAG sustained: passes=18498 reset_ms=644.5 scan_ms=4351.3 end_ms=0.9 pending_max=1088 batches=406956 wait_ms=36.2 work_ms=3937.3 fold_ms=294.8 assist_chunks=78 bytes_per_msg=27.65 crc_demand_gb_s=51.75
DIAG worker[0] sustained: cpu0(pinned) placement=[0, 2] batches=795140 spans=101668032 eval_ms=1640.4 idle_iters=3929194 res_waits=0 fw=2229605 fw_ms=2121.2
DIAG worker[1] sustained: cpu2(pinned) placement=[0, 2] batches=795100 spans=101667984 eval_ms=1411.9 idle_iters=4137354 res_waits=0 fw=2287351 fw_ms=2259.3
DIAG rx sustained: publications=407016 polls=1609564 prod_ms=1439.8 bufwait_laps=135485 resets=18500 eos_parks=0 nbuf=16 rx_actual_cpu=3
ADVANCE_DIAGNOSTIC sustained: advances=18500 advance_ms=73.1 us_per_advance=3.9 (F-5 reset/auto-advance hygiene — the synchronous bake tail the per-publication prepatch budget drains; HFT_PREPATCH_BUDGET prices it)
RXWARM_DIAGNOSTIC sustained: enabled=false fixes=0 uncovered=0 last_pass_fixes=0 (F-1 frame-entry warm start; the steady-state law is fixes==0 on pass>=2 — the kill rule reads persistent fixes)
RXBUILD_DIAGNOSTIC sustained: enabled=true patches=406904900 last_pass_patches=21932 frames=21996 (F-2 publish-by-reference master; the steady-state law is every patchable entry patched exactly once per pass boundary)
DIAG cons sustained: parks=33 park_ms=1.3 slow_waits=33 slow_ms=1.7
BENCH mode=replay-hydra-sustained-5s total_msgs=9357194802 duration=5.00s sustained_rate=1871461955 msg/s allocs=0 workers=2 crc_kernel=reflect
PR1_HYDRA_SUSTAINED_VERDICT rate=1871461955 (duration=5.00s, total_msgs=9357194802, workers=2)
PR1_GIGAHFT_VERDICT rate=1871461955 target=1000000000 -> PASS (Project 1.0B: bit-exact, zero-alloc, every byte verified in-window, cross-pass double-buffered fabric)
PR1_R8_FULL_VERIFY_VERDICT rate=1871461955 target=1000000000 -> PASS (R8: 1B msg/s sustained full verification — bit-exact, zero-alloc, every byte CRC32C-verified in-window)
PR1_R16_FULL_VERIFY_VERDICT rate=1871461955 target=2000000000 -> FAIL (R16: 2B msg/s sustained full verification — the Double Helix program, docs/29)
R16B_RXDESC_VERDICT rx_fixes=0 assist_chunks=78 (array-driven submission telemetry; fixes=0 means every RX prefill entry was already exact)
R23B_AFFINE_VERDICT arm=sustained armed=true tag_hits=203336016 payload_fallbacks=0 ledger_rows=21984 (R23c: zero-re-read affine verification on the worker fabric)
PR1_R23_AFFINE_SUSTAINED_VERDICT rate=1871461955 target=2500000000 -> FAIL (R23: 2.5B+ sustained full verification from register tags — the affine-span algebra program, docs/36)
R23B_AFFINE_VERDICT arm=sustained armed=true tag_hits=203336016 payload_fallbacks=0 ledger_rows=21984 (R23c: zero-re-read affine verification on the worker fabric)
PR1_R23_AFFINE_SUSTAINED_VERDICT rate=1871461955 target=2500000000 -> FAIL (R23: 2.5B+ sustained full verification from register tags — the affine-span algebra program, docs/36)
=== 11z. R17: Null-Mode Instrument (the non-CRC fabric ceiling) ===
[1m[92m    Finished[0m `release` profile [optimized] target(s) in 0.01s
[1m[92m     Running[0m `target/release/bench --hydra-only`
BENCH_CALIBRATION invariant_tsc=true freq_mhz=2596.12 mark_overhead_cycles=52
=== R6. PR-1 HYDRA BIT-EXACT MULTI-CORE SPAN CONFORMANCE ===
BLOB_BACKING mode=mmap anon_huge_kb=14336 map_mb=16.5 verdict=thp-granted
HYDRA_NULL_MODE_DIAGNOSTIC workers skip the CRC kernel — parity asserts DISABLED, rate is the pipeline-overhead ceiling only
BENCH mode=replay-hydra-burst msgs=505849 rate=3428787365 allocs=0 freq=2596.12MHz workers=2 run=1
BENCH mode=replay-hydra-burst msgs=505849 rate=3457189135 allocs=0 freq=2596.12MHz workers=2 run=2
BENCH mode=replay-hydra-burst msgs=505849 rate=3809448142 allocs=0 freq=2596.12MHz workers=2 run=3
BENCH mode=replay-hydra-burst msgs=505849 rate=3881174520 allocs=0 freq=2596.12MHz workers=2 run=4
BENCH mode=replay-hydra-burst msgs=505849 rate=1637157744 allocs=0 freq=2596.12MHz workers=2 run=5
BENCH_MEDIAN mode=replay-hydra-burst rate=3457189135
R23B_AFFINE_VERDICT arm=burst armed=false tag_hits=0 payload_fallbacks=0 ledger_rows=0 (R23c: workers verify spans from register tags, zero payload reads; the (prefix,cum) triple checked per-span by the scalar affine law)
PR1_HYDRA_VERDICT rate=3457189135 (bit-exact multi-core span conformance: 2 workers, every emitted byte CRC32C-checked in-window, ordered serial fold)
PR1_GIGAHFT_BURST_VERDICT rate=3457189135 target=1000000000 -> PASS (R7 burst reference; the sustained arm below is the gate)
DIAG sustained: passes=29226 reset_ms=833.1 scan_ms=4161.8 end_ms=1.5 pending_max=5280 batches=642972 wait_ms=58.0 work_ms=3524.7 fold_ms=449.2 assist_chunks=91 bytes_per_msg=27.65 crc_demand_gb_s=81.76
DIAG worker[0] sustained: cpu0(pinned) placement=[0, 2] batches=2520451 spans=163149827 eval_ms=538.2 idle_iters=15661094 res_waits=124 fw=0 fw_ms=0.0
DIAG worker[1] sustained: cpu2(pinned) placement=[0, 2] batches=2520354 spans=163149147 eval_ms=616.9 idle_iters=15426518 res_waits=0 fw=0 fw_ms=0.0
DIAG rx sustained: publications=643032 polls=2542900 prod_ms=2093.8 bufwait_laps=204435 resets=29228 eos_parks=0 nbuf=16 rx_actual_cpu=3
ADVANCE_DIAGNOSTIC sustained: advances=29228 advance_ms=277.8 us_per_advance=9.5 (F-5 reset/auto-advance hygiene — the synchronous bake tail the per-publication prepatch budget drains; HFT_PREPATCH_BUDGET prices it)
RXWARM_DIAGNOSTIC sustained: enabled=false fixes=0 uncovered=0 last_pass_fixes=0 (F-1 frame-entry warm start; the steady-state law is fixes==0 on pass>=2 — the kill rule reads persistent fixes)
RXBUILD_DIAGNOSTIC sustained: enabled=true patches=642878244 last_pass_patches=21996 frames=21996 (F-2 publish-by-reference master; the steady-state law is every patchable entry patched exactly once per pass boundary)
DIAG cons sustained: parks=35 park_ms=3.5 slow_waits=35 slow_ms=4.0
BENCH mode=replay-hydra-sustained-5s total_msgs=14783942874 duration=5.00s sustained_rate=2956746249 msg/s allocs=0 workers=2 crc_kernel=reflect
PR1_HYDRA_SUSTAINED_VERDICT rate=2956746249 (duration=5.00s, total_msgs=14783942874, workers=2)
PR1_GIGAHFT_VERDICT rate=2956746249 target=1000000000 -> PASS (Project 1.0B: bit-exact, zero-alloc, every byte verified in-window, cross-pass double-buffered fabric)
PR1_R8_FULL_VERIFY_VERDICT rate=2956746249 target=1000000000 -> PASS (R8: 1B msg/s sustained full verification — bit-exact, zero-alloc, every byte CRC32C-verified in-window)
PR1_R16_FULL_VERIFY_VERDICT rate=2956746249 target=2000000000 -> PASS (R16: 2B msg/s sustained full verification — the Double Helix program, docs/29)
R16B_RXDESC_VERDICT rx_fixes=0 assist_chunks=91 (array-driven submission telemetry; fixes=0 means every RX prefill entry was already exact)
R23B_AFFINE_VERDICT arm=sustained armed=false tag_hits=0 payload_fallbacks=0 ledger_rows=0 (R23c: zero-re-read affine verification on the worker fabric)
PR1_R23_AFFINE_SUSTAINED_VERDICT rate=2956746249 target=2500000000 -> PASS (R23: 2.5B+ sustained full verification from register tags — the affine-span algebra program, docs/36)
=== 11wn. R17/F-1: RX Frame-Entry Warm Start ARMED (the refuted lever's pricing instrument) ===
[1m[92m    Finished[0m `release` profile [optimized] target(s) in 0.00s
[1m[92m     Running[0m `target/release/bench --hydra-only`
BENCH_CALIBRATION invariant_tsc=true freq_mhz=2596.12 mark_overhead_cycles=52
=== R6. PR-1 HYDRA BIT-EXACT MULTI-CORE SPAN CONFORMANCE ===
BLOB_BACKING mode=mmap anon_huge_kb=16384 map_mb=16.5 verdict=thp-granted
HYDRA_BITPARITY sequential=(count=505849 hash=0x881639cead506f25 msg_hash=0xcbf29ce484222325) hydra=(count=505849 hash=0x881639cead506f25 msg_hash=0xcbf29ce484222325) -> BIT-EXACT
BENCH mode=replay-hydra-burst msgs=505849 rate=841390471 allocs=0 freq=2596.12MHz workers=2 run=1
BENCH mode=replay-hydra-burst msgs=505849 rate=1329932142 allocs=0 freq=2596.12MHz workers=2 run=2
BENCH mode=replay-hydra-burst msgs=505849 rate=1491185817 allocs=0 freq=2596.12MHz workers=2 run=3
BENCH mode=replay-hydra-burst msgs=505849 rate=1516347569 allocs=0 freq=2596.12MHz workers=2 run=4
BENCH mode=replay-hydra-burst msgs=505849 rate=1491053953 allocs=0 freq=2596.12MHz workers=2 run=5
BENCH_MEDIAN mode=replay-hydra-burst rate=1491053953
R23B_AFFINE_VERDICT arm=burst armed=false tag_hits=0 payload_fallbacks=0 ledger_rows=0 (R23c: workers verify spans from register tags, zero payload reads; the (prefix,cum) triple checked per-span by the scalar affine law)
PR1_HYDRA_VERDICT rate=1491053953 (bit-exact multi-core span conformance: 2 workers, every emitted byte CRC32C-checked in-window, ordered serial fold)
PR1_GIGAHFT_BURST_VERDICT rate=1491053953 target=1000000000 -> PASS (R7 burst reference; the sustained arm below is the gate)
DIAG sustained: passes=15736 reset_ms=656.8 scan_ms=4340.1 end_ms=0.8 pending_max=10928 batches=346192 wait_ms=407.2 work_ms=3596.8 fold_ms=262.6 assist_chunks=307804 bytes_per_msg=27.65 crc_demand_gb_s=44.02
DIAG worker[0] sustained: cpu0(pinned) placement=[0, 2] batches=611474 spans=78241804 eval_ms=4939.9 idle_iters=68582 res_waits=0 fw=0 fw_ms=0.0
DIAG worker[1] sustained: cpu2(pinned) placement=[0, 2] batches=605659 spans=77500274 eval_ms=4934.4 idle_iters=68556 res_waits=906 fw=0 fw_ms=0.0
DIAG rx sustained: publications=346252 polls=1369270 prod_ms=3426.3 bufwait_laps=110178 resets=15738 eos_parks=0 nbuf=16 rx_actual_cpu=3
ADVANCE_DIAGNOSTIC sustained: advances=15738 advance_ms=311.9 us_per_advance=19.8 (F-5 reset/auto-advance hygiene — the synchronous bake tail the per-publication prepatch budget drains; HFT_PREPATCH_BUDGET prices it)
RXWARM_DIAGNOSTIC sustained: enabled=true fixes=21996 uncovered=0 last_pass_fixes=0 (F-1 frame-entry warm start; the steady-state law is fixes==0 on pass>=2 — the kill rule reads persistent fixes)
RXBUILD_DIAGNOSTIC sustained: enabled=false patches=0 last_pass_patches=0 frames=0 (F-2 publish-by-reference master; the steady-state law is every patchable entry patched exactly once per pass boundary)
DIAG cons sustained: parks=104 park_ms=4.8 slow_waits=104 slow_ms=6.6
BENCH mode=replay-hydra-sustained-5s total_msgs=7960039864 duration=5.00s sustained_rate=1591906181 msg/s allocs=0 workers=2 crc_kernel=reflect
PR1_HYDRA_SUSTAINED_VERDICT rate=1591906181 (duration=5.00s, total_msgs=7960039864, workers=2)
PR1_GIGAHFT_VERDICT rate=1591906181 target=1000000000 -> PASS (Project 1.0B: bit-exact, zero-alloc, every byte verified in-window, cross-pass double-buffered fabric)
PR1_R8_FULL_VERIFY_VERDICT rate=1591906181 target=1000000000 -> PASS (R8: 1B msg/s sustained full verification — bit-exact, zero-alloc, every byte CRC32C-verified in-window)
PR1_R16_FULL_VERIFY_VERDICT rate=1591906181 target=2000000000 -> FAIL (R16: 2B msg/s sustained full verification — the Double Helix program, docs/29)
R16B_RXDESC_VERDICT rx_fixes=0 assist_chunks=307804 (array-driven submission telemetry; fixes=0 means every RX prefill entry was already exact)
R23B_AFFINE_VERDICT arm=sustained armed=false tag_hits=0 payload_fallbacks=0 ledger_rows=0 (R23c: zero-re-read affine verification on the worker fabric)
PR1_R23_AFFINE_SUSTAINED_VERDICT rate=1591906181 target=2500000000 -> FAIL (R23: 2.5B+ sustained full verification from register tags — the affine-span algebra program, docs/36)
[1m[92m    Finished[0m `release` profile [optimized] target(s) in 0.01s
[1m[92m     Running[0m `target/release/hft_bench --sample data/tests/sample-mini.itch --runs 5 --warmup 2 --output-format json`
HFT_BENCH_CALIBRATION invariant_tsc=true freq_mhz=2596.12 mark_overhead_cycles=52 target_env=gnu
TOPOLOGY_VERIFICATION main=Some(0) rx=Some(2) -> VERIFIED (distinct physical cores, same L3 domain — the deterministic 0.21 cyc/msg mode)
BLOB_BACKING mode=mmap anon_huge_kb=14336 map_mb=16.5 verdict=thp-granted
HFT_BENCH_WARMUP 1/2 arm=classic rate=937340641
HFT_BENCH_WARMUP 2/2 arm=classic rate=1051075492
HFT_BENCH_RUN 1/5 arm=classic rate=1167660012 cyc=2.22
HFT_BENCH_RUN 2/5 arm=classic rate=1167525261 cyc=2.22
HFT_BENCH_RUN 3/5 arm=classic rate=1150611302 cyc=2.26
HFT_BENCH_RUN 4/5 arm=classic rate=1232809842 cyc=2.11
HFT_BENCH_RUN 5/5 arm=classic rate=1187341415 cyc=2.19
HFT_BENCH_WARMUP 1/2 arm=span rate=1721054852
HFT_BENCH_WARMUP 2/2 arm=span rate=2542120842
HFT_BENCH_RUN 1/5 arm=span rate=2435010108 cyc=1.07
HFT_BENCH_RUN 2/5 arm=span rate=2577929192 cyc=1.01
HFT_BENCH_RUN 3/5 arm=span rate=2593020335 cyc=1.00
HFT_BENCH_RUN 4/5 arm=span rate=2612465074 cyc=0.99
HFT_BENCH_RUN 5/5 arm=span rate=2376808393 cyc=1.09
DIAG rx span: publications=170 polls=673 prod_ms=1.5 bufwait_laps=38 resets=7 eos_parks=7 nbuf=16 rx_actual_cpu=2
ADVANCE_DIAGNOSTIC span: advances=0 advance_ms=0.0 us_per_advance=0.0 (F-5 reset/auto-advance hygiene — the synchronous bake tail the per-publication prepatch budget drains; HFT_PREPATCH_BUDGET prices it)
RXWARM_DIAGNOSTIC span: enabled=true fixes=21996 uncovered=0 last_pass_fixes=0 (F-1 frame-entry warm start; the steady-state law is fixes==0 on pass>=2 — the kill rule reads persistent fixes)
RXBUILD_DIAGNOSTIC span: enabled=false patches=0 last_pass_patches=0 frames=0 (F-2 publish-by-reference master; the steady-state law is every patchable entry patched exactly once per pass boundary)
DIAG cons span: parks=1 park_ms=0.1 slow_waits=1 slow_ms=0.1
LADDER_DIAGNOSTIC span: vectorized=false (F-3 entry walk; HFT_VEC_LADDER=1 arms the 8-entry group path — the Front A consumer IS the post-F-2 wall)
HFT_BENCH_WARMUP 1/2 arm=spec rate=489651333
HFT_BENCH_WARMUP 2/2 arm=spec rate=493617648
HFT_BENCH_RUN 1/5 arm=spec rate=496568628
HFT_BENCH_RUN 2/5 arm=spec rate=496978920
HFT_BENCH_RUN 3/5 arm=spec rate=495589310
HFT_BENCH_RUN 4/5 arm=spec rate=497067311
HFT_BENCH_RUN 5/5 arm=spec rate=499920443
PR1_R23_PURE_INGEST_VERDICT rate=496978920 target=15000000000 -> FAIL (R23: 15B msg/s pure ingest with the speculative 512-bit slicer — the 20B mode's pricing row; the R8/R16 span-arm gates above stay the asserting floor)
DIAG rx spec: publications=91 polls=609 prod_ms=0.8 bufwait_laps=0 resets=7 eos_parks=7 nbuf=16 rx_actual_cpu=2
ADVANCE_DIAGNOSTIC spec: advances=0 advance_ms=0.0 us_per_advance=0.0 (F-5 reset/auto-advance hygiene — the synchronous bake tail the per-publication prepatch budget drains; HFT_PREPATCH_BUDGET prices it)
RXWARM_DIAGNOSTIC spec: enabled=true fixes=10998 uncovered=0 last_pass_fixes=0 (F-1 frame-entry warm start; the steady-state law is fixes==0 on pass>=2 — the kill rule reads persistent fixes)
RXBUILD_DIAGNOSTIC spec: enabled=false patches=0 last_pass_patches=0 frames=0 (F-2 publish-by-reference master; the steady-state law is every patchable entry patched exactly once per pass boundary)
DIAG cons spec: parks=0 park_ms=0.0 slow_waits=0 slow_ms=0.0
PR1_R8_PURE_INGEST_VERDICT rate=2577929192 target=2000000000 -> PASS (R8: 2B msg/s pure ingest — full pipeline live, span emission, zero verification skipped)
PR1_R16_PURE_INGEST_VERDICT rate=2577929192 target=5000000000 -> FAIL (R16: 5B msg/s pure ingest — the Double Helix program, docs/29)
{
  "median_cycles": 2.2234,
  "p95_cycles": 2.2563,
  "p99_cycles": 2.2563,
  "stddev": 0.0516,
  "cv_percent": 2.3209,
  "runs": 5,
  "warmup": 2,
  "cpu_model": "AMD EPYC 9V45 96-Core Processor",
  "freq_mhz": 2596.12,
  "target": "x86_64-unknown-linux-gnu",
  "sink": "count+span",
  "sample": "data/tests/sample-mini.itch",
  "span_median_cycles": 1.0071,
  "span_p95_cycles": 1.0923,
  "span_p99_cycles": 1.0923,
  "span_stddev": 0.0396,
  "span_cv_percent": 3.9307,
  "span_rate_msg_per_sec": 2577929192,
  "r8_pure_ingest_target": 2000000000,
  "r8_pure_ingest_verdict": "PASS",
  "r16_pure_ingest_target": 5000000000,
  "r16_pure_ingest_verdict": "FAIL",
  "spec_rate_msg_per_sec": 496978920,
  "r23_pure_ingest_target": 15000000000,
  "r23_pure_ingest_verdict": "FAIL"
}
=== 11rb. R17/F-2: Publish-by-Reference ROLLBACK (the classic-path pricing arm — the default IS rxbuild since the F-2 verdict) ===
[1m[92m    Finished[0m `release` profile [optimized] target(s) in 0.00s
[1m[92m     Running[0m `target/release/bench --hydra-only`
BENCH_CALIBRATION invariant_tsc=true freq_mhz=2596.12 mark_overhead_cycles=52
=== R6. PR-1 HYDRA BIT-EXACT MULTI-CORE SPAN CONFORMANCE ===
BLOB_BACKING mode=mmap anon_huge_kb=16384 map_mb=16.5 verdict=thp-granted
HYDRA_BITPARITY sequential=(count=505849 hash=0x881639cead506f25 msg_hash=0xcbf29ce484222325) hydra=(count=505849 hash=0x881639cead506f25 msg_hash=0xcbf29ce484222325) -> BIT-EXACT
BENCH mode=replay-hydra-burst msgs=505849 rate=1182863008 allocs=0 freq=2596.12MHz workers=2 run=1
BENCH mode=replay-hydra-burst msgs=505849 rate=1216951468 allocs=0 freq=2596.12MHz workers=2 run=2
BENCH mode=replay-hydra-burst msgs=505849 rate=1279791225 allocs=0 freq=2596.12MHz workers=2 run=3
BENCH mode=replay-hydra-burst msgs=505849 rate=1319404160 allocs=0 freq=2596.12MHz workers=2 run=4
BENCH mode=replay-hydra-burst msgs=505849 rate=1346990999 allocs=0 freq=2596.12MHz workers=2 run=5
BENCH_MEDIAN mode=replay-hydra-burst rate=1279791225
R23B_AFFINE_VERDICT arm=burst armed=false tag_hits=0 payload_fallbacks=0 ledger_rows=0 (R23c: workers verify spans from register tags, zero payload reads; the (prefix,cum) triple checked per-span by the scalar affine law)
PR1_HYDRA_VERDICT rate=1279791225 (bit-exact multi-core span conformance: 2 workers, every emitted byte CRC32C-checked in-window, ordered serial fold)
PR1_GIGAHFT_BURST_VERDICT rate=1279791225 target=1000000000 -> PASS (R7 burst reference; the sustained arm below is the gate)
DIAG sustained: passes=16549 reset_ms=389.6 scan_ms=4607.1 end_ms=0.8 pending_max=7123 batches=364078 wait_ms=122.0 work_ms=4132.0 fold_ms=277.4 assist_chunks=400625 bytes_per_msg=27.65 crc_demand_gb_s=46.30
DIAG worker[0] sustained: cpu0(pinned) placement=[0, 2] batches=582494 spans=74549925 eval_ms=4963.5 idle_iters=34958 res_waits=0 fw=0 fw_ms=0.0
DIAG worker[1] sustained: cpu2(pinned) placement=[0, 2] batches=658121 spans=84232117 eval_ms=4953.0 idle_iters=33313 res_waits=0 fw=0 fw_ms=0.0
DIAG rx sustained: publications=364138 polls=1440001 prod_ms=3093.1 bufwait_laps=115822 resets=16551 eos_parks=0 nbuf=16 rx_actual_cpu=3
ADVANCE_DIAGNOSTIC sustained: advances=16551 advance_ms=51.7 us_per_advance=3.1 (F-5 reset/auto-advance hygiene — the synchronous bake tail the per-publication prepatch budget drains; HFT_PREPATCH_BUDGET prices it)
RXWARM_DIAGNOSTIC sustained: enabled=false fixes=0 uncovered=0 last_pass_fixes=0 (F-1 frame-entry warm start; the steady-state law is fixes==0 on pass>=2 — the kill rule reads persistent fixes)
RXBUILD_DIAGNOSTIC sustained: enabled=false patches=0 last_pass_patches=0 frames=0 (F-2 publish-by-reference master; the steady-state law is every patchable entry patched exactly once per pass boundary)
DIAG cons sustained: parks=75 park_ms=8.0 slow_waits=75 slow_ms=9.4
BENCH mode=replay-hydra-sustained-5s total_msgs=8371295101 duration=5.00s sustained_rate=1674176502 msg/s allocs=0 workers=2 crc_kernel=reflect
PR1_HYDRA_SUSTAINED_VERDICT rate=1674176502 (duration=5.00s, total_msgs=8371295101, workers=2)
PR1_GIGAHFT_VERDICT rate=1674176502 target=1000000000 -> PASS (Project 1.0B: bit-exact, zero-alloc, every byte verified in-window, cross-pass double-buffered fabric)
PR1_R8_FULL_VERIFY_VERDICT rate=1674176502 target=1000000000 -> PASS (R8: 1B msg/s sustained full verification — bit-exact, zero-alloc, every byte CRC32C-verified in-window)
PR1_R16_FULL_VERIFY_VERDICT rate=1674176502 target=2000000000 -> FAIL (R16: 2B msg/s sustained full verification — the Double Helix program, docs/29)
R16B_RXDESC_VERDICT rx_fixes=0 assist_chunks=400625 (array-driven submission telemetry; fixes=0 means every RX prefill entry was already exact)
R23B_AFFINE_VERDICT arm=sustained armed=false tag_hits=0 payload_fallbacks=0 ledger_rows=0 (R23c: zero-re-read affine verification on the worker fabric)
PR1_R23_AFFINE_SUSTAINED_VERDICT rate=1674176502 target=2500000000 -> FAIL (R23: 2.5B+ sustained full verification from register tags — the affine-span algebra program, docs/36)
[1m[92m    Finished[0m `release` profile [optimized] target(s) in 0.01s
[1m[92m     Running[0m `target/release/hft_bench --sample data/tests/sample-mini.itch --runs 5 --warmup 2 --output-format json`
HFT_BENCH_CALIBRATION invariant_tsc=true freq_mhz=2596.12 mark_overhead_cycles=52 target_env=gnu
TOPOLOGY_VERIFICATION main=Some(0) rx=Some(2) -> VERIFIED (distinct physical cores, same L3 domain — the deterministic 0.21 cyc/msg mode)
BLOB_BACKING mode=mmap anon_huge_kb=14336 map_mb=16.5 verdict=thp-granted
HFT_BENCH_WARMUP 1/2 arm=classic rate=962121788
HFT_BENCH_WARMUP 2/2 arm=classic rate=979873663
HFT_BENCH_RUN 1/5 arm=classic rate=1001100351 cyc=2.59
HFT_BENCH_RUN 2/5 arm=classic rate=1020434964 cyc=2.54
HFT_BENCH_RUN 3/5 arm=classic rate=1114482238 cyc=2.33
HFT_BENCH_RUN 4/5 arm=classic rate=1100375022 cyc=2.36
HFT_BENCH_RUN 5/5 arm=classic rate=1116553543 cyc=2.33
HFT_BENCH_WARMUP 1/2 arm=span rate=2131919215
HFT_BENCH_WARMUP 2/2 arm=span rate=3385802159
HFT_BENCH_RUN 1/5 arm=span rate=3468330042 cyc=0.75
HFT_BENCH_RUN 2/5 arm=span rate=3962781041 cyc=0.66
HFT_BENCH_RUN 3/5 arm=span rate=4107484186 cyc=0.63
HFT_BENCH_RUN 4/5 arm=span rate=4081566950 cyc=0.64
HFT_BENCH_RUN 5/5 arm=span rate=4358400179 cyc=0.60
DIAG rx span: publications=170 polls=673 prod_ms=1.0 bufwait_laps=45 resets=7 eos_parks=7 nbuf=16 rx_actual_cpu=2
ADVANCE_DIAGNOSTIC span: advances=0 advance_ms=0.0 us_per_advance=0.0 (F-5 reset/auto-advance hygiene — the synchronous bake tail the per-publication prepatch budget drains; HFT_PREPATCH_BUDGET prices it)
RXWARM_DIAGNOSTIC span: enabled=false fixes=0 uncovered=0 last_pass_fixes=0 (F-1 frame-entry warm start; the steady-state law is fixes==0 on pass>=2 — the kill rule reads persistent fixes)
RXBUILD_DIAGNOSTIC span: enabled=false patches=0 last_pass_patches=0 frames=0 (F-2 publish-by-reference master; the steady-state law is every patchable entry patched exactly once per pass boundary)
DIAG cons span: parks=1 park_ms=0.1 slow_waits=1 slow_ms=0.1
LADDER_DIAGNOSTIC span: vectorized=false (F-3 entry walk; HFT_VEC_LADDER=1 arms the 8-entry group path — the Front A consumer IS the post-F-2 wall)
HFT_BENCH_WARMUP 1/2 arm=spec rate=486974360
HFT_BENCH_WARMUP 2/2 arm=spec rate=485523528
HFT_BENCH_RUN 1/5 arm=spec rate=488306585
HFT_BENCH_RUN 2/5 arm=spec rate=487298519
HFT_BENCH_RUN 3/5 arm=spec rate=489447136
HFT_BENCH_RUN 4/5 arm=spec rate=489408780
HFT_BENCH_RUN 5/5 arm=spec rate=487176499
PR1_R23_PURE_INGEST_VERDICT rate=488306585 target=15000000000 -> FAIL (R23: 15B msg/s pure ingest with the speculative 512-bit slicer — the 20B mode's pricing row; the R8/R16 span-arm gates above stay the asserting floor)
DIAG rx spec: publications=91 polls=609 prod_ms=0.6 bufwait_laps=0 resets=7 eos_parks=7 nbuf=16 rx_actual_cpu=2
ADVANCE_DIAGNOSTIC spec: advances=0 advance_ms=0.0 us_per_advance=0.0 (F-5 reset/auto-advance hygiene — the synchronous bake tail the per-publication prepatch budget drains; HFT_PREPATCH_BUDGET prices it)
RXWARM_DIAGNOSTIC spec: enabled=false fixes=0 uncovered=0 last_pass_fixes=0 (F-1 frame-entry warm start; the steady-state law is fixes==0 on pass>=2 — the kill rule reads persistent fixes)
RXBUILD_DIAGNOSTIC spec: enabled=false patches=0 last_pass_patches=0 frames=0 (F-2 publish-by-reference master; the steady-state law is every patchable entry patched exactly once per pass boundary)
DIAG cons spec: parks=0 park_ms=0.0 slow_waits=0 slow_ms=0.0
PR1_R8_PURE_INGEST_VERDICT rate=4081566950 target=2000000000 -> PASS (R8: 2B msg/s pure ingest — full pipeline live, span emission, zero verification skipped)
PR1_R16_PURE_INGEST_VERDICT rate=4081566950 target=5000000000 -> FAIL (R16: 5B msg/s pure ingest — the Double Helix program, docs/29)
{
  "median_cycles": 2.3593,
  "p95_cycles": 2.5933,
  "p99_cycles": 2.5933,
  "stddev": 0.1147,
  "cv_percent": 4.8620,
  "runs": 5,
  "warmup": 2,
  "cpu_model": "AMD EPYC 9V45 96-Core Processor",
  "freq_mhz": 2596.12,
  "target": "x86_64-unknown-linux-gnu",
  "sink": "count+span",
  "sample": "data/tests/sample-mini.itch",
  "span_median_cycles": 0.6361,
  "span_p95_cycles": 0.7485,
  "span_p99_cycles": 0.7485,
  "span_stddev": 0.0513,
  "span_cv_percent": 8.0602,
  "span_rate_msg_per_sec": 4081566950,
  "r8_pure_ingest_target": 2000000000,
  "r8_pure_ingest_verdict": "PASS",
  "r16_pure_ingest_target": 5000000000,
  "r16_pure_ingest_verdict": "FAIL",
  "spec_rate_msg_per_sec": 488306585,
  "r23_pure_ingest_target": 15000000000,
  "r23_pure_ingest_verdict": "FAIL"
}
=== 11sl. R17/F-3: Front A Vectorized Entry-Walk Ladder ARMED (the residual 7.7% lever, round 1) ===
[1m[92m    Finished[0m `release` profile [optimized] target(s) in 0.01s
[1m[92m     Running[0m `target/release/hft_bench --sample data/tests/sample-mini.itch --runs 5 --warmup 2 --output-format json`
HFT_BENCH_CALIBRATION invariant_tsc=true freq_mhz=2596.12 mark_overhead_cycles=52 target_env=gnu
TOPOLOGY_VERIFICATION main=Some(0) rx=Some(2) -> VERIFIED (distinct physical cores, same L3 domain — the deterministic 0.21 cyc/msg mode)
BLOB_BACKING mode=mmap anon_huge_kb=14336 map_mb=16.5 verdict=thp-granted
HFT_BENCH_WARMUP 1/2 arm=classic rate=1039224991
HFT_BENCH_WARMUP 2/2 arm=classic rate=1035985647
HFT_BENCH_RUN 1/5 arm=classic rate=1069617804 cyc=2.43
HFT_BENCH_RUN 2/5 arm=classic rate=1166499479 cyc=2.23
HFT_BENCH_RUN 3/5 arm=classic rate=1192947247 cyc=2.18
HFT_BENCH_RUN 4/5 arm=classic rate=1142361283 cyc=2.27
HFT_BENCH_RUN 5/5 arm=classic rate=1187731717 cyc=2.19
HFT_BENCH_WARMUP 1/2 arm=span rate=3189323295
HFT_BENCH_WARMUP 2/2 arm=span rate=9099149173
HFT_BENCH_RUN 1/5 arm=span rate=8311545981 cyc=0.31
HFT_BENCH_RUN 2/5 arm=span rate=8576910034 cyc=0.30
HFT_BENCH_RUN 3/5 arm=span rate=8463400759 cyc=0.31
HFT_BENCH_RUN 4/5 arm=span rate=8374983443 cyc=0.31
HFT_BENCH_RUN 5/5 arm=span rate=8363905423 cyc=0.31
DIAG rx span: publications=170 polls=673 prod_ms=0.4 bufwait_laps=43 resets=7 eos_parks=7 nbuf=16 rx_actual_cpu=2
ADVANCE_DIAGNOSTIC span: advances=0 advance_ms=0.0 us_per_advance=0.0 (F-5 reset/auto-advance hygiene — the synchronous bake tail the per-publication prepatch budget drains; HFT_PREPATCH_BUDGET prices it)
RXWARM_DIAGNOSTIC span: enabled=false fixes=0 uncovered=0 last_pass_fixes=0 (F-1 frame-entry warm start; the steady-state law is fixes==0 on pass>=2 — the kill rule reads persistent fixes)
RXBUILD_DIAGNOSTIC span: enabled=true patches=153972 last_pass_patches=21996 frames=21996 (F-2 publish-by-reference master; the steady-state law is every patchable entry patched exactly once per pass boundary)
DIAG cons span: parks=1 park_ms=0.1 slow_waits=1 slow_ms=0.1
LADDER_DIAGNOSTIC span: vectorized=false (F-3 entry walk; HFT_VEC_LADDER=1 arms the 8-entry group path — the Front A consumer IS the post-F-2 wall)
HFT_BENCH_WARMUP 1/2 arm=spec rate=507092898
HFT_BENCH_WARMUP 2/2 arm=spec rate=506594200
HFT_BENCH_RUN 1/5 arm=spec rate=505028833
HFT_BENCH_RUN 2/5 arm=spec rate=508194827
HFT_BENCH_RUN 3/5 arm=spec rate=508845079
HFT_BENCH_RUN 4/5 arm=spec rate=508701288
HFT_BENCH_RUN 5/5 arm=spec rate=512750103
PR1_R23_PURE_INGEST_VERDICT rate=508701288 target=15000000000 -> FAIL (R23: 15B msg/s pure ingest with the speculative 512-bit slicer — the 20B mode's pricing row; the R8/R16 span-arm gates above stay the asserting floor)
DIAG rx spec: publications=91 polls=609 prod_ms=0.3 bufwait_laps=7 resets=7 eos_parks=7 nbuf=16 rx_actual_cpu=2
ADVANCE_DIAGNOSTIC spec: advances=0 advance_ms=0.0 us_per_advance=0.0 (F-5 reset/auto-advance hygiene — the synchronous bake tail the per-publication prepatch budget drains; HFT_PREPATCH_BUDGET prices it)
RXWARM_DIAGNOSTIC spec: enabled=false fixes=0 uncovered=0 last_pass_fixes=0 (F-1 frame-entry warm start; the steady-state law is fixes==0 on pass>=2 — the kill rule reads persistent fixes)
RXBUILD_DIAGNOSTIC spec: enabled=true patches=76986 last_pass_patches=10998 frames=10998 (F-2 publish-by-reference master; the steady-state law is every patchable entry patched exactly once per pass boundary)
DIAG cons spec: parks=0 park_ms=0.0 slow_waits=0 slow_ms=0.0
PR1_R8_PURE_INGEST_VERDICT rate=8374983442 target=2000000000 -> PASS (R8: 2B msg/s pure ingest — full pipeline live, span emission, zero verification skipped)
PR1_R16_PURE_INGEST_VERDICT rate=8374983442 target=5000000000 -> PASS (R16: 5B msg/s pure ingest — the Double Helix program, docs/29)
{
  "median_cycles": 2.2256,
  "p95_cycles": 2.4272,
  "p99_cycles": 2.4272,
  "stddev": 0.0914,
  "cv_percent": 4.1072,
  "runs": 5,
  "warmup": 2,
  "cpu_model": "AMD EPYC 9V45 96-Core Processor",
  "freq_mhz": 2596.12,
  "target": "x86_64-unknown-linux-gnu",
  "sink": "count+span",
  "sample": "data/tests/sample-mini.itch",
  "span_median_cycles": 0.3100,
  "span_p95_cycles": 0.3124,
  "span_p99_cycles": 0.3124,
  "span_stddev": 0.0034,
  "span_cv_percent": 1.0937,
  "span_rate_msg_per_sec": 8374983442,
  "r8_pure_ingest_target": 2000000000,
  "r8_pure_ingest_verdict": "PASS",
  "r16_pure_ingest_target": 5000000000,
  "r16_pure_ingest_verdict": "PASS",
  "spec_rate_msg_per_sec": 508701288,
  "r23_pure_ingest_target": 15000000000,
  "r23_pure_ingest_verdict": "FAIL"
}
[1m[92m    Finished[0m `release` profile [optimized] target(s) in 0.00s
[1m[92m     Running[0m `target/release/hft_bench --sample data/tests/sample-mini.itch --runs 5 --warmup 2 --output-format json`
HFT_BENCH_CALIBRATION invariant_tsc=true freq_mhz=2596.12 mark_overhead_cycles=52 target_env=gnu
TOPOLOGY_VERIFICATION main=Some(0) rx=Some(2) -> VERIFIED (distinct physical cores, same L3 domain — the deterministic 0.21 cyc/msg mode)
BLOB_BACKING mode=mmap anon_huge_kb=14336 map_mb=16.5 verdict=thp-granted
HFT_BENCH_WARMUP 1/2 arm=classic rate=1051031814
HFT_BENCH_WARMUP 2/2 arm=classic rate=1035709898
HFT_BENCH_RUN 1/5 arm=classic rate=1061927154 cyc=2.44
HFT_BENCH_RUN 2/5 arm=classic rate=1126562291 cyc=2.30
HFT_BENCH_RUN 3/5 arm=classic rate=1150977826 cyc=2.26
HFT_BENCH_RUN 4/5 arm=classic rate=1161536165 cyc=2.24
HFT_BENCH_RUN 5/5 arm=classic rate=1126110863 cyc=2.31
HFT_BENCH_WARMUP 1/2 arm=span rate=2908197701
HFT_BENCH_WARMUP 2/2 arm=span rate=7044563900
HFT_BENCH_RUN 1/5 arm=span rate=6826480074 cyc=0.38
HFT_BENCH_RUN 2/5 arm=span rate=6960043478 cyc=0.37
HFT_BENCH_RUN 3/5 arm=span rate=6626784918 cyc=0.39
HFT_BENCH_RUN 4/5 arm=span rate=6463945717 cyc=0.40
HFT_BENCH_RUN 5/5 arm=span rate=6478847804 cyc=0.40
DIAG rx span: publications=170 polls=673 prod_ms=0.4 bufwait_laps=43 resets=7 eos_parks=7 nbuf=16 rx_actual_cpu=2
ADVANCE_DIAGNOSTIC span: advances=0 advance_ms=0.0 us_per_advance=0.0 (F-5 reset/auto-advance hygiene — the synchronous bake tail the per-publication prepatch budget drains; HFT_PREPATCH_BUDGET prices it)
RXWARM_DIAGNOSTIC span: enabled=false fixes=0 uncovered=0 last_pass_fixes=0 (F-1 frame-entry warm start; the steady-state law is fixes==0 on pass>=2 — the kill rule reads persistent fixes)
RXBUILD_DIAGNOSTIC span: enabled=true patches=153972 last_pass_patches=21996 frames=21996 (F-2 publish-by-reference master; the steady-state law is every patchable entry patched exactly once per pass boundary)
DIAG cons span: parks=1 park_ms=0.1 slow_waits=1 slow_ms=0.1
LADDER_DIAGNOSTIC span: vectorized=true (F-3 entry walk; HFT_VEC_LADDER=1 arms the 8-entry group path — the Front A consumer IS the post-F-2 wall)
HFT_BENCH_WARMUP 1/2 arm=spec rate=504534687
HFT_BENCH_WARMUP 2/2 arm=spec rate=499856223
HFT_BENCH_RUN 1/5 arm=spec rate=506929774
HFT_BENCH_RUN 2/5 arm=spec rate=508834842
HFT_BENCH_RUN 3/5 arm=spec rate=510563028
HFT_BENCH_RUN 4/5 arm=spec rate=509070397
HFT_BENCH_RUN 5/5 arm=spec rate=509172880
PR1_R23_PURE_INGEST_VERDICT rate=509070397 target=15000000000 -> FAIL (R23: 15B msg/s pure ingest with the speculative 512-bit slicer — the 20B mode's pricing row; the R8/R16 span-arm gates above stay the asserting floor)
DIAG rx spec: publications=91 polls=609 prod_ms=0.3 bufwait_laps=14 resets=7 eos_parks=7 nbuf=16 rx_actual_cpu=2
ADVANCE_DIAGNOSTIC spec: advances=0 advance_ms=0.0 us_per_advance=0.0 (F-5 reset/auto-advance hygiene — the synchronous bake tail the per-publication prepatch budget drains; HFT_PREPATCH_BUDGET prices it)
RXWARM_DIAGNOSTIC spec: enabled=false fixes=0 uncovered=0 last_pass_fixes=0 (F-1 frame-entry warm start; the steady-state law is fixes==0 on pass>=2 — the kill rule reads persistent fixes)
RXBUILD_DIAGNOSTIC spec: enabled=true patches=76986 last_pass_patches=10998 frames=10998 (F-2 publish-by-reference master; the steady-state law is every patchable entry patched exactly once per pass boundary)
DIAG cons spec: parks=0 park_ms=0.0 slow_waits=0 slow_ms=0.0
PR1_R8_PURE_INGEST_VERDICT rate=6626784918 target=2000000000 -> PASS (R8: 2B msg/s pure ingest — full pipeline live, span emission, zero verification skipped)
PR1_R16_PURE_INGEST_VERDICT rate=6626784918 target=5000000000 -> PASS (R16: 5B msg/s pure ingest — the Double Helix program, docs/29)
{
  "median_cycles": 2.3045,
  "p95_cycles": 2.4447,
  "p99_cycles": 2.4447,
  "stddev": 0.0732,
  "cv_percent": 3.1754,
  "runs": 5,
  "warmup": 2,
  "cpu_model": "AMD EPYC 9V45 96-Core Processor",
  "freq_mhz": 2596.12,
  "target": "x86_64-unknown-linux-gnu",
  "sink": "count+span",
  "sample": "data/tests/sample-mini.itch",
  "span_median_cycles": 0.3918,
  "span_p95_cycles": 0.4016,
  "span_p99_cycles": 0.4016,
  "span_stddev": 0.0113,
  "span_cv_percent": 2.8757,
  "span_rate_msg_per_sec": 6626784918,
  "r8_pure_ingest_target": 2000000000,
  "r8_pure_ingest_verdict": "PASS",
  "r16_pure_ingest_target": 5000000000,
  "r16_pure_ingest_verdict": "PASS",
  "spec_rate_msg_per_sec": 509070397,
  "r23_pure_ingest_target": 15000000000,
  "r23_pure_ingest_verdict": "FAIL"
}
=== 11nb. R17/F-4: Mailbox Depth NBUF=32 ARMED (the buffer-reuse-stall pricing) ===
[1m[92m    Finished[0m `release` profile [optimized] target(s) in 0.00s
[1m[92m     Running[0m `target/release/hft_bench --sample data/tests/sample-mini.itch --runs 5 --warmup 2 --output-format json`
HFT_BENCH_CALIBRATION invariant_tsc=true freq_mhz=2596.12 mark_overhead_cycles=52 target_env=gnu
TOPOLOGY_VERIFICATION main=Some(0) rx=Some(2) -> VERIFIED (distinct physical cores, same L3 domain — the deterministic 0.21 cyc/msg mode)
BLOB_BACKING mode=mmap anon_huge_kb=16384 map_mb=16.5 verdict=thp-granted
HFT_BENCH_WARMUP 1/2 arm=classic rate=998111703
HFT_BENCH_WARMUP 2/2 arm=classic rate=1018952944
HFT_BENCH_RUN 1/5 arm=classic rate=1067942246 cyc=2.43
HFT_BENCH_RUN 2/5 arm=classic rate=1084591205 cyc=2.39
HFT_BENCH_RUN 3/5 arm=classic rate=1204528569 cyc=2.16
HFT_BENCH_RUN 4/5 arm=classic rate=977954652 cyc=2.65
HFT_BENCH_RUN 5/5 arm=classic rate=1207492988 cyc=2.15
HFT_BENCH_WARMUP 1/2 arm=span rate=6110542019
HFT_BENCH_WARMUP 2/2 arm=span rate=7533007699
HFT_BENCH_RUN 1/5 arm=span rate=8234425615 cyc=0.32
HFT_BENCH_RUN 2/5 arm=span rate=8698139486 cyc=0.30
HFT_BENCH_RUN 3/5 arm=span rate=8469068626 cyc=0.31
HFT_BENCH_RUN 4/5 arm=span rate=8486117868 cyc=0.31
HFT_BENCH_RUN 5/5 arm=span rate=8196930904 cyc=0.32
DIAG rx span: publications=176 polls=696 prod_ms=0.5 bufwait_laps=0 resets=7 eos_parks=8 nbuf=32 rx_actual_cpu=2
ADVANCE_DIAGNOSTIC span: advances=0 advance_ms=0.0 us_per_advance=0.0 (F-5 reset/auto-advance hygiene — the synchronous bake tail the per-publication prepatch budget drains; HFT_PREPATCH_BUDGET prices it)
RXWARM_DIAGNOSTIC span: enabled=false fixes=0 uncovered=0 last_pass_fixes=0 (F-1 frame-entry warm start; the steady-state law is fixes==0 on pass>=2 — the kill rule reads persistent fixes)
RXBUILD_DIAGNOSTIC span: enabled=true patches=153972 last_pass_patches=21996 frames=21996 (F-2 publish-by-reference master; the steady-state law is every patchable entry patched exactly once per pass boundary)
DIAG cons span: parks=0 park_ms=0.0 slow_waits=0 slow_ms=0.0
LADDER_DIAGNOSTIC span: vectorized=false (F-3 entry walk; HFT_VEC_LADDER=1 arms the 8-entry group path — the Front A consumer IS the post-F-2 wall)
HFT_BENCH_WARMUP 1/2 arm=spec rate=509841569
HFT_BENCH_WARMUP 2/2 arm=spec rate=510821334
HFT_BENCH_RUN 1/5 arm=spec rate=508087634
HFT_BENCH_RUN 2/5 arm=spec rate=509794811
HFT_BENCH_RUN 3/5 arm=spec rate=510423414
HFT_BENCH_RUN 4/5 arm=spec rate=510165510
HFT_BENCH_RUN 5/5 arm=spec rate=508737100
PR1_R23_PURE_INGEST_VERDICT rate=509794811 target=15000000000 -> FAIL (R23: 15B msg/s pure ingest with the speculative 512-bit slicer — the 20B mode's pricing row; the R8/R16 span-arm gates above stay the asserting floor)
DIAG rx spec: publications=91 polls=609 prod_ms=0.3 bufwait_laps=0 resets=7 eos_parks=7 nbuf=32 rx_actual_cpu=2
ADVANCE_DIAGNOSTIC spec: advances=0 advance_ms=0.0 us_per_advance=0.0 (F-5 reset/auto-advance hygiene — the synchronous bake tail the per-publication prepatch budget drains; HFT_PREPATCH_BUDGET prices it)
RXWARM_DIAGNOSTIC spec: enabled=false fixes=0 uncovered=0 last_pass_fixes=0 (F-1 frame-entry warm start; the steady-state law is fixes==0 on pass>=2 — the kill rule reads persistent fixes)
RXBUILD_DIAGNOSTIC spec: enabled=true patches=76986 last_pass_patches=10998 frames=10998 (F-2 publish-by-reference master; the steady-state law is every patchable entry patched exactly once per pass boundary)
DIAG cons spec: parks=0 park_ms=0.0 slow_waits=0 slow_ms=0.0
PR1_R8_PURE_INGEST_VERDICT rate=8469068625 target=2000000000 -> PASS (R8: 2B msg/s pure ingest — full pipeline live, span emission, zero verification skipped)
PR1_R16_PURE_INGEST_VERDICT rate=8469068625 target=5000000000 -> PASS (R16: 5B msg/s pure ingest — the Double Helix program, docs/29)
{
  "median_cycles": 2.3936,
  "p95_cycles": 2.6546,
  "p99_cycles": 2.6546,
  "stddev": 0.1892,
  "cv_percent": 7.9031,
  "runs": 5,
  "warmup": 2,
  "cpu_model": "AMD EPYC 9V45 96-Core Processor",
  "freq_mhz": 2596.12,
  "target": "x86_64-unknown-linux-gnu",
  "sink": "count+span",
  "sample": "data/tests/sample-mini.itch",
  "span_median_cycles": 0.3065,
  "span_p95_cycles": 0.3167,
  "span_p99_cycles": 0.3167,
  "span_stddev": 0.0067,
  "span_cv_percent": 2.1860,
  "span_rate_msg_per_sec": 8469068625,
  "r8_pure_ingest_target": 2000000000,
  "r8_pure_ingest_verdict": "PASS",
  "r16_pure_ingest_target": 5000000000,
  "r16_pure_ingest_verdict": "PASS",
  "spec_rate_msg_per_sec": 509794811,
  "r23_pure_ingest_target": 15000000000,
  "r23_pure_ingest_verdict": "FAIL"
}
=== 11pb. R17/F-5: Prepatch Budget 1024 ARMED (the advance-tail drain pricing) ===
[1m[92m    Finished[0m `release` profile [optimized] target(s) in 0.00s
[1m[92m     Running[0m `target/release/bench --hydra-only`
BENCH_CALIBRATION invariant_tsc=true freq_mhz=2596.12 mark_overhead_cycles=52
=== R6. PR-1 HYDRA BIT-EXACT MULTI-CORE SPAN CONFORMANCE ===
BLOB_BACKING mode=mmap anon_huge_kb=16384 map_mb=16.5 verdict=thp-granted
HYDRA_BITPARITY sequential=(count=505849 hash=0x881639cead506f25 msg_hash=0xcbf29ce484222325) hydra=(count=505849 hash=0x881639cead506f25 msg_hash=0xcbf29ce484222325) -> BIT-EXACT
BENCH mode=replay-hydra-burst msgs=505849 rate=1379474061 allocs=0 freq=2596.12MHz workers=2 run=1
BENCH mode=replay-hydra-burst msgs=505849 rate=1258615756 allocs=0 freq=2596.12MHz workers=2 run=2
BENCH mode=replay-hydra-burst msgs=505849 rate=1356069013 allocs=0 freq=2596.12MHz workers=2 run=3
BENCH mode=replay-hydra-burst msgs=505849 rate=1511761488 allocs=0 freq=2596.12MHz workers=2 run=4
BENCH mode=replay-hydra-burst msgs=505849 rate=1520865528 allocs=0 freq=2596.12MHz workers=2 run=5
BENCH_MEDIAN mode=replay-hydra-burst rate=1379474061
R23B_AFFINE_VERDICT arm=burst armed=false tag_hits=0 payload_fallbacks=0 ledger_rows=0 (R23c: workers verify spans from register tags, zero payload reads; the (prefix,cum) triple checked per-span by the scalar affine law)
PR1_HYDRA_VERDICT rate=1379474061 (bit-exact multi-core span conformance: 2 workers, every emitted byte CRC32C-checked in-window, ordered serial fold)
PR1_GIGAHFT_BURST_VERDICT rate=1379474061 target=1000000000 -> PASS (R7 burst reference; the sustained arm below is the gate)
DIAG sustained: passes=16894 reset_ms=451.1 scan_ms=4545.1 end_ms=1.0 pending_max=9324 batches=371668 wait_ms=40.2 work_ms=4132.4 fold_ms=286.3 assist_chunks=374119 bytes_per_msg=27.65 crc_demand_gb_s=47.26
DIAG worker[0] sustained: cpu0(pinned) placement=[0, 2] batches=566984 spans=72560955 eval_ms=4963.3 idle_iters=33515 res_waits=0 fw=0 fw_ms=0.0
DIAG worker[1] sustained: cpu2(pinned) placement=[0, 2] batches=717279 spans=91800178 eval_ms=4949.9 idle_iters=35482 res_waits=150 fw=0 fw_ms=0.0
DIAG rx sustained: publications=371728 polls=1470016 prod_ms=1487.9 bufwait_laps=135001 resets=16896 eos_parks=0 nbuf=16 rx_actual_cpu=3
ADVANCE_DIAGNOSTIC sustained: advances=16896 advance_ms=107.0 us_per_advance=6.3 (F-5 reset/auto-advance hygiene — the synchronous bake tail the per-publication prepatch budget drains; HFT_PREPATCH_BUDGET prices it)
RXWARM_DIAGNOSTIC sustained: enabled=false fixes=0 uncovered=0 last_pass_fixes=0 (F-1 frame-entry warm start; the steady-state law is fixes==0 on pass>=2 — the kill rule reads persistent fixes)
RXBUILD_DIAGNOSTIC sustained: enabled=true patches=371632660 last_pass_patches=23020 frames=21996 (F-2 publish-by-reference master; the steady-state law is every patchable entry patched exactly once per pass boundary)
DIAG cons sustained: parks=19 park_ms=4.1 slow_waits=19 slow_ms=4.5
BENCH mode=replay-hydra-sustained-5s total_msgs=8545813006 duration=5.00s sustained_rate=1709153639 msg/s allocs=0 workers=2 crc_kernel=reflect
PR1_HYDRA_SUSTAINED_VERDICT rate=1709153639 (duration=5.00s, total_msgs=8545813006, workers=2)
PR1_GIGAHFT_VERDICT rate=1709153639 target=1000000000 -> PASS (Project 1.0B: bit-exact, zero-alloc, every byte verified in-window, cross-pass double-buffered fabric)
PR1_R8_FULL_VERIFY_VERDICT rate=1709153639 target=1000000000 -> PASS (R8: 1B msg/s sustained full verification — bit-exact, zero-alloc, every byte CRC32C-verified in-window)
PR1_R16_FULL_VERIFY_VERDICT rate=1709153639 target=2000000000 -> FAIL (R16: 2B msg/s sustained full verification — the Double Helix program, docs/29)
R16B_RXDESC_VERDICT rx_fixes=0 assist_chunks=374119 (array-driven submission telemetry; fixes=0 means every RX prefill entry was already exact)
R23B_AFFINE_VERDICT arm=sustained armed=false tag_hits=0 payload_fallbacks=0 ledger_rows=0 (R23c: zero-re-read affine verification on the worker fabric)
PR1_R23_AFFINE_SUSTAINED_VERDICT rate=1709153639 target=2500000000 -> FAIL (R23: 2.5B+ sustained full verification from register tags — the affine-span algebra program, docs/36)
=== 12. Reference Arbitrator & Differential Oracle (G12-T3 / D1..D12) ===
[1m[92m    Finished[0m `release` profile [optimized] target(s) in 0.01s
[1m[92m     Running[0m `target/release/diff_oracle`
=== RUNNING G12-T3 REFERENCE ARBITRATOR & DIFFERENTIAL SUITE (D1..D11) ===
=== D3-REDO: Oracle Validation by Sequencer-Logic Bug Injections ===
D3_DIVERGENCE_DUMP mutation="DisableClearOnAdvance" detected=true seq_wm=1231 ref_wm=1224 seq_hash=0x473C5B1BF49F1C91 ref_hash=0xCFE76D07416B4CA5
D3_DIVERGENCE_DUMP mutation="OffByOneClamp" detected=true seq_wm=600 ref_wm=601 seq_hash=0xB1C1F8344636F511 ref_hash=0x972FEC36E88A4C25
D3_DIVERGENCE_DUMP mutation="DropStagedAtEos" detected=true seq_wm=10 ref_wm=13 seq_hash=0xF0B1A3FF15503051 ref_hash=0x9D6D68BF10C6C3A5
D3 ALL_SEQUENCER_LOGIC_MUTATIONS_DETECTED: Oracle caught all 3 sequencer mutations with divergence dumps.
=== D1: Full 17-Cell Matrix Differential Verification ===
BLOB_BACKING mode=mmap anon_huge_kb=14336 map_mb=16.5 verdict=thp-granted
D1 cell="M1 (Baseline MTU contiguous)" seq_wm=505850 ref_wm=505850 count=505849 hash=0xF6EF154EFDE905D8 VERDICT=PASS
D1 cell="M2 (Fixed 1 msg)" seq_wm=505850 ref_wm=505850 count=505849 hash=0xF6EF154EFDE905D8 VERDICT=PASS
D1 cell="M3 (Fixed 16 msgs)" seq_wm=505850 ref_wm=505850 count=505849 hash=0xF6EF154EFDE905D8 VERDICT=PASS
D1 cell="M4 (Gaussian delay jitter)" seq_wm=505850 ref_wm=505850 count=505849 hash=0xF6EF154EFDE905D8 VERDICT=PASS
D1 cell="M5 (Bernoulli loss with dual feed)" seq_wm=505850 ref_wm=505850 count=505849 hash=0xF6EF154EFDE905D8 VERDICT=PASS
D1 cell="M6 (Gilbert-Elliott burst loss)" seq_wm=505850 ref_wm=505850 count=505849 hash=0xF6EF154EFDE905D8 VERDICT=PASS
D1 cell="M7 (Pathological split: 1B to MTU)" seq_wm=505850 ref_wm=505850 count=505849 hash=0xF6EF154EFDE905D8 VERDICT=PASS
D1 cell="M8 (Feed A only lossless)" seq_wm=505850 ref_wm=505850 count=505849 hash=0xF6EF154EFDE905D8 VERDICT=PASS
D1 cell="M9 (Feed B only lossless)" seq_wm=505850 ref_wm=505850 count=505849 hash=0xF6EF154EFDE905D8 VERDICT=PASS
D1 cell="M10 (Heavy reorder jitter)" seq_wm=505850 ref_wm=505850 count=505849 hash=0xF6EF154EFDE905D8 VERDICT=PASS
D1 cell="M11 (Deep out-of-order window)" seq_wm=505850 ref_wm=505850 count=505849 hash=0xF6EF154EFDE905D8 VERDICT=PASS
D1 cell="M12 (Max-rate unconstrained)" seq_wm=505850 ref_wm=505850 count=505849 hash=0xF6EF154EFDE905D8 VERDICT=PASS
D1 cell="M13 (M-LATE: Staged arrival edge)" seq_wm=505850 ref_wm=505850 count=505849 hash=0xF6EF154EFDE905D8 VERDICT=PASS
D1 cell="M14 (M-BURST: Burst packet arrival)" seq_wm=505850 ref_wm=505850 count=505849 hash=0xF6EF154EFDE905D8 VERDICT=PASS
D1 cell="M15 (M-STARVE: Feed A silent for 2s)" seq_wm=505850 ref_wm=505850 count=505849 hash=0xF6EF154EFDE905D8 VERDICT=PASS
D1 cell="M16 (M-DUP2: Overlapping dual feed)" seq_wm=505850 ref_wm=505850 count=505849 hash=0xF6EF154EFDE905D8 VERDICT=PASS
D1 cell="M17 (M-DROPRESP / Session Boundary)" seq_wm=255850 ref_wm=255850 count=505849 hash=0xF6EF154EFDE905D8 VERDICT=PASS
D1 ALL_17_CELLS_PASSED: Triple equality verified across all 17 matrix cells.
=== D2: 100 Seeded Random Configs Differential Test ===
D2 100_RANDOM_CONFIGS_PASSED: Triple equality verified across 100 random configs.
=== D4: Duplicate Ordering (First-Received Wins) ===
D4 DUPLICATE_ORDERING_PASSED: seq_wm=505850 ref_wm=505850 count=505849 hash=0xF6EF154EFDE905D8
=== D5: Session Splits Verification ===
D5 SESSION_SPLITS_PASSED: Watermarks and hashes match across session boundaries.
=== D6: Unclean Death (Scripted Drops) Verification ===
D6 UNCLEAN_DEATH_PASSED: State matches reference final state.
=== D7/D8: Watchdog & Double-Run Determinism ===
D7/D8 WATCHDOG_AND_DETERMINISM_PASSED: elapsed=0.35s run1=(505850, 505850, 505849, 17793464081775658456) run2=(505850, 505850, 505849, 17793464081775658456)
=== D9: Indexed-Ingest Equivalence (classic == indexed) ===
D9 INDEXED_EQUIVALENCE_PASSED: 12 cells (3 configs x 4 mutations) classic==indexed
D11 CRC_KERNEL_DIFFERENTIAL_PASSED: scalar==reference, fold512==scalar on 2109 bodies (exhaustive lengths + patterns + random + eval2 + eval_pair)
D11 REFLECT_KERNEL_DIFFERENTIAL_PASSED: reflect==scalar on 2101 bodies (exhaustive lengths + patterns + random + eval_pair)
D12 BATCH_AND_PIPELINE_EQUIVALENCE_PASSED: classic == ingest_batch == RX-pipelined (counters/watermark/count/hash) incl. multi-pass resets
=== ALL D1..D12 DIFFERENTIAL ORACLE CHECKS PASSED SUCCESSFULLY ===
=== 13. T2 Window Sweep & Full 17-Cell Matrix Confluence Campaign ===
[1m[92m    Finished[0m `release` profile [optimized] target(s) in 0.00s
[1m[92m     Running[0m `target/release/window_sweep`
=== RUNNING T2 WINDOW SIZE SWEEP (256..4096 x M1, M11) ===
BLOB_BACKING mode=mmap anon_huge_kb=14336 map_mb=16.5 verdict=thp-granted
WINDOW_SWEEP slots=256  arena= 16640 B l1_fit=Fits 32K L1D                   M1_rate=36.42M golden_M1=true M11_rate=21.92M golden_M11=true max_staged=0 beyond_drops=0
WINDOW_SWEEP slots=512  arena= 33280 B l1_fit=Fits 64K L1D                   M1_rate=36.08M golden_M1=true M11_rate=22.00M golden_M11=true max_staged=0 beyond_drops=0
WINDOW_SWEEP slots=1024 arena= 66560 B l1_fit=Exceeds L1D (L2 Cache resident) M1_rate=35.52M golden_M1=true M11_rate=22.01M golden_M11=true max_staged=0 beyond_drops=0
WINDOW_SWEEP slots=2048 arena=133120 B l1_fit=Exceeds L1D (L2 Cache resident) M1_rate=35.75M golden_M1=true M11_rate=18.73M golden_M11=true max_staged=0 beyond_drops=0
WINDOW_SWEEP slots=4096 arena=266240 B l1_fit=Exceeds L1D (L2 Cache resident) M1_rate=23.33M golden_M1=true M11_rate=21.85M golden_M11=true max_staged=0 beyond_drops=0

=== T2 WINDOW SWEEP KNEE TABLE ===
| Window Slots | Arena Footprint | Cache Residency | M1 Rate | M11 Rate | Max Staged | Beyond Drops | Confluence Verdict |
|---|---|---|---|---|---|---|---|
| 256  |  16640 B ( 16.2 KiB) | Fits 32K L1D                 | 36.42M msg/s | 21.92M msg/s | 0          | 0            | **PASS** |
| 512  |  33280 B ( 32.5 KiB) | Fits 64K L1D                 | 36.08M msg/s | 22.00M msg/s | 0          | 0            | **PASS** |
| 1024 |  66560 B ( 65.0 KiB) | Exceeds L1D (L2 Cache resident) | 35.52M msg/s | 22.01M msg/s | 0          | 0            | **PASS** |
| 2048 | 133120 B (130.0 KiB) | Exceeds L1D (L2 Cache resident) | 35.75M msg/s | 18.73M msg/s | 0          | 0            | **PASS** |
| 4096 | 266240 B (260.0 KiB) | Exceeds L1D (L2 Cache resident) | 23.33M msg/s | 21.85M msg/s | 0          | 0            | **PASS** |
=== T2 WINDOW SWEEP COMPLETED SUCCESSFULLY ===
[1m[92m    Finished[0m `release` profile [optimized] target(s) in 0.01s
[1m[92m     Running[0m `target/release/matrix_sweep`
=== EXECUTING COMPLETE 17-CELL MATRIX CONFLUENCE CAMPAIGN (M1..M17) ===
BLOB_BACKING mode=mmap anon_huge_kb=14336 map_mb=16.5 verdict=thp-granted
MATRIX_CELL name="M1 (Baseline MTU contiguous)       " rate= 5.27M msg/s count=505849 wm=505850 hash=0xF6EF154EFDE905D8 verdict="PASS (Golden Bit-Identical)"
MATRIX_CELL name="M2 (Fixed 1 msg)                   " rate= 4.99M msg/s count=505849 wm=505850 hash=0xF6EF154EFDE905D8 verdict="PASS (Golden Bit-Identical)"
MATRIX_CELL name="M3 (Fixed 16 msgs)                 " rate= 6.19M msg/s count=505849 wm=505850 hash=0xF6EF154EFDE905D8 verdict="PASS (Golden Bit-Identical)"
MATRIX_CELL name="M4 (Gaussian delay jitter)         " rate= 5.98M msg/s count=505849 wm=505850 hash=0xF6EF154EFDE905D8 verdict="PASS (Golden Bit-Identical)"
MATRIX_CELL name="M5 (Bernoulli loss with dual feed) " rate= 6.05M msg/s count=505849 wm=505850 hash=0xF6EF154EFDE905D8 verdict="PASS (Golden Bit-Identical)"
MATRIX_CELL name="M6 (Gilbert-Elliott burst loss)    " rate= 6.52M msg/s count=505849 wm=505850 hash=0xF6EF154EFDE905D8 verdict="PASS (Golden Bit-Identical)"
MATRIX_CELL name="M7 (Pathological split: 1B to MTU) " rate= 6.13M msg/s count=505849 wm=505850 hash=0xF6EF154EFDE905D8 verdict="PASS (Golden Bit-Identical)"
MATRIX_CELL name="M8 (Feed A only lossless)          " rate= 7.78M msg/s count=505849 wm=505850 hash=0xF6EF154EFDE905D8 verdict="PASS (Golden Bit-Identical)"
MATRIX_CELL name="M9 (Feed B only lossless)          " rate= 7.92M msg/s count=505849 wm=505850 hash=0xF6EF154EFDE905D8 verdict="PASS (Golden Bit-Identical)"
MATRIX_CELL name="M10 (Heavy reorder jitter)         " rate= 6.16M msg/s count=505849 wm=505850 hash=0xF6EF154EFDE905D8 verdict="PASS (Golden Bit-Identical)"
MATRIX_CELL name="M11 (Deep out-of-order window)     " rate= 5.40M msg/s count=505849 wm=505850 hash=0xF6EF154EFDE905D8 verdict="PASS (Golden Bit-Identical)"
MATRIX_CELL name="M12 (Max-rate unconstrained)       " rate= 6.16M msg/s count=505849 wm=505850 hash=0xF6EF154EFDE905D8 verdict="PASS (Golden Bit-Identical)"
MATRIX_CELL name="M13 (M-LATE: Staged arrival edge)  " rate= 5.97M msg/s count=505849 wm=505850 hash=0xF6EF154EFDE905D8 verdict="PASS (Golden Bit-Identical)"
MATRIX_CELL name="M14 (M-BURST: Burst packet arrival)" rate= 4.78M msg/s count=505849 wm=505850 hash=0xF6EF154EFDE905D8 verdict="PASS (Golden Bit-Identical)"
MATRIX_CELL name="M15 (M-STARVE: Feed A silent for 2s)" rate= 6.01M msg/s count=505849 wm=505850 hash=0xF6EF154EFDE905D8 verdict="PASS (Golden Bit-Identical)"
MATRIX_CELL name="M16 (M-DUP2: Overlapping dual feed)" rate= 6.19M msg/s count=505849 wm=505850 hash=0xF6EF154EFDE905D8 verdict="PASS (Golden Bit-Identical)"
MATRIX_CELL name="M17 (M-DROPRESP / Session Boundary)" rate= 6.40M msg/s count=505849 wm=255850 hash=0xF6EF154EFDE905D8 verdict="PASS (Golden Bit-Identical)"

=== COMPLETE 17-CELL MATRIX SUMMARY TABLE ===
| Cell ID | Matrix Scenario | Throughput | Emitted Messages | Final Watermark | Canonical FNV Hash | Oracle Confluence Verdict |
|---|---|---|---|---|---|---|
| M1  | M1 (Baseline MTU contiguous)        |  5.27M msg/s | 505849 | 505850 | 0xF6EF154EFDE905D8 | **PASS** |
| M2  | M2 (Fixed 1 msg)                    |  4.99M msg/s | 505849 | 505850 | 0xF6EF154EFDE905D8 | **PASS** |
| M3  | M3 (Fixed 16 msgs)                  |  6.19M msg/s | 505849 | 505850 | 0xF6EF154EFDE905D8 | **PASS** |
| M4  | M4 (Gaussian delay jitter)          |  5.98M msg/s | 505849 | 505850 | 0xF6EF154EFDE905D8 | **PASS** |
| M5  | M5 (Bernoulli loss with dual feed)  |  6.05M msg/s | 505849 | 505850 | 0xF6EF154EFDE905D8 | **PASS** |
| M6  | M6 (Gilbert-Elliott burst loss)     |  6.52M msg/s | 505849 | 505850 | 0xF6EF154EFDE905D8 | **PASS** |
| M7  | M7 (Pathological split: 1B to MTU)  |  6.13M msg/s | 505849 | 505850 | 0xF6EF154EFDE905D8 | **PASS** |
| M8  | M8 (Feed A only lossless)           |  7.78M msg/s | 505849 | 505850 | 0xF6EF154EFDE905D8 | **PASS** |
| M9  | M9 (Feed B only lossless)           |  7.92M msg/s | 505849 | 505850 | 0xF6EF154EFDE905D8 | **PASS** |
| M10 | M10 (Heavy reorder jitter)          |  6.16M msg/s | 505849 | 505850 | 0xF6EF154EFDE905D8 | **PASS** |
| M11 | M11 (Deep out-of-order window)      |  5.40M msg/s | 505849 | 505850 | 0xF6EF154EFDE905D8 | **PASS** |
| M12 | M12 (Max-rate unconstrained)        |  6.16M msg/s | 505849 | 505850 | 0xF6EF154EFDE905D8 | **PASS** |
| M13 | M13 (M-LATE: Staged arrival edge)   |  5.97M msg/s | 505849 | 505850 | 0xF6EF154EFDE905D8 | **PASS** |
| M14 | M14 (M-BURST: Burst packet arrival) |  4.78M msg/s | 505849 | 505850 | 0xF6EF154EFDE905D8 | **PASS** |
| M15 | M15 (M-STARVE: Feed A silent for 2s) |  6.01M msg/s | 505849 | 505850 | 0xF6EF154EFDE905D8 | **PASS** |
| M16 | M16 (M-DUP2: Overlapping dual feed) |  6.19M msg/s | 505849 | 505850 | 0xF6EF154EFDE905D8 | **PASS** |
| M17 | M17 (M-DROPRESP / Session Boundary) |  6.40M msg/s | 505849 | 255850 | 0xF6EF154EFDE905D8 | **PASS** |
=== ALL 17 MATRIX CELLS VERIFIED 100% GREEN ===
=== 14. VR-4 Hostile Frame & Fuzz Campaign (3 Harnesses) ===
[1m[92m    Finished[0m `release` profile [optimized] target(s) in 0.01s
[1m[92m     Running[0m `target/release/fuzz_campaign`
=== VR-4 EXTENDED FUZZ CAMPAIGN (3 HARNESSES x 1,000,000 ITERATIONS) ===
FUZZ_CAMPAIGN_REPORT total_execs=1000000 elapsed=0.106s data_frames=0 heartbeats=114 eos_frames=85 distinct_itch_types_validated=22/23 lsan_status=CLEAN panics=0
VR-4 FUZZ CAMPAIGN 100% COMPLETE AND VERIFIED (1,000,000 EXECS).
=== 15. Spec-Only Retransmission Server Clean-Room Validation (doc 14 §3.2 / F-31) ===
[1m[92m    Finished[0m `release` profile [optimized] target(s) in 0.01s
[1m[92m     Running[0m `target/release/spec_server`
=== SPEC-ONLY SERVER CLEAN-ROOM VALIDATION (doc 14 §3.2 / F-31) ===
Spec server spawned on UDP port 53226
SPEC_SERVER_RESPONSE: session="SPECSESS01" start_seq=10 count=25 bytes_received=645
=== SPEC-ONLY SERVER CLEAN-ROOM VALIDATION PASSED (F-31 CLOSED) ===
=== 16. HFT-Verify Statistical Gate (nano/constr1.1.md §1: 30 runs + warmup 5 + JSON) ===
info: downloading component rust-std
Selecting previously unselected package musl:amd64.
(Reading database ... (Reading database ... 5%(Reading database ... 10%(Reading database ... 15%(Reading database ... 20%(Reading database ... 25%(Reading database ... 30%(Reading database ... 35%(Reading database ... 40%(Reading database ... 45%(Reading database ... 50%(Reading database ... 55%(Reading database ... 60%(Reading database ... 65%(Reading database ... 70%(Reading database ... 75%(Reading database ... 80%(Reading database ... 85%(Reading database ... 90%(Reading database ... 95%(Reading database ... 100%(Reading database ... 203191 files and directories currently installed.)
Preparing to unpack .../musl_1.2.4-2_amd64.deb ...
Unpacking musl:amd64 (1.2.4-2) ...
Selecting previously unselected package musl-dev:amd64.
Preparing to unpack .../musl-dev_1.2.4-2_amd64.deb ...
Unpacking musl-dev:amd64 (1.2.4-2) ...
Selecting previously unselected package musl-tools.
Preparing to unpack .../musl-tools_1.2.4-2_amd64.deb ...
Unpacking musl-tools (1.2.4-2) ...
Setting up musl:amd64 (1.2.4-2) ...
Setting up musl-dev:amd64 (1.2.4-2) ...
Setting up musl-tools (1.2.4-2) ...
Processing triggers for man-db (2.12.0-4build2) ...
Not building database; man-db/auto-update is not 'true'.

Running kernel seems to be up-to-date.

No services need to be restarted.

No containers need to be restarted.

No user sessions are running outdated binaries.

No VM guests are running outdated hypervisor (qemu) binaries on this host.
MUSL_BUILD_OK static target
HFT_BENCH_CALIBRATION invariant_tsc=true freq_mhz=2596.12 mark_overhead_cycles=52 target_env=musl
TOPOLOGY_VERIFICATION main=Some(0) rx=Some(2) -> VERIFIED (distinct physical cores, same L3 domain — the deterministic 0.21 cyc/msg mode)
BLOB_BACKING mode=mmap anon_huge_kb=14336 map_mb=16.5 verdict=thp-granted
HFT_BENCH_WARMUP 1/5 arm=classic rate=833048980
HFT_BENCH_WARMUP 2/5 arm=classic rate=1227446222
HFT_BENCH_WARMUP 3/5 arm=classic rate=1254520473
HFT_BENCH_WARMUP 4/5 arm=classic rate=1314699400
HFT_BENCH_WARMUP 5/5 arm=classic rate=1225361904
HFT_BENCH_RUN 1/30 arm=classic rate=1299113976 cyc=2.00
HFT_BENCH_RUN 2/30 arm=classic rate=1286276972 cyc=2.02
HFT_BENCH_RUN 3/30 arm=classic rate=1301487122 cyc=1.99
HFT_BENCH_RUN 4/30 arm=classic rate=1288836516 cyc=2.01
HFT_BENCH_RUN 5/30 arm=classic rate=1312206383 cyc=1.98
HFT_BENCH_RUN 6/30 arm=classic rate=1258049192 cyc=2.06
HFT_BENCH_RUN 7/30 arm=classic rate=1189913764 cyc=2.18
HFT_BENCH_RUN 8/30 arm=classic rate=1312550273 cyc=1.98
HFT_BENCH_RUN 9/30 arm=classic rate=1282812785 cyc=2.02
HFT_BENCH_RUN 10/30 arm=classic rate=1317651379 cyc=1.97
HFT_BENCH_RUN 11/30 arm=classic rate=1278364922 cyc=2.03
HFT_BENCH_RUN 12/30 arm=classic rate=1312614985 cyc=1.98
HFT_BENCH_RUN 13/30 arm=classic rate=1291604109 cyc=2.01
HFT_BENCH_RUN 14/30 arm=classic rate=1315865595 cyc=1.97
HFT_BENCH_RUN 15/30 arm=classic rate=1291769026 cyc=2.01
HFT_BENCH_RUN 16/30 arm=classic rate=1318200770 cyc=1.97
HFT_BENCH_RUN 17/30 arm=classic rate=1316619078 cyc=1.97
HFT_BENCH_RUN 18/30 arm=classic rate=1274011968 cyc=2.04
HFT_BENCH_RUN 19/30 arm=classic rate=1317716595 cyc=1.97
HFT_BENCH_RUN 20/30 arm=classic rate=1277945077 cyc=2.03
HFT_BENCH_RUN 21/30 arm=classic rate=1313982242 cyc=1.98
HFT_BENCH_RUN 22/30 arm=classic rate=1292032979 cyc=2.01
HFT_BENCH_RUN 23/30 arm=classic rate=1314562738 cyc=1.97
HFT_BENCH_RUN 24/30 arm=classic rate=1288902195 cyc=2.01
HFT_BENCH_RUN 25/30 arm=classic rate=1306134726 cyc=1.99
HFT_BENCH_RUN 26/30 arm=classic rate=1309109307 cyc=1.98
HFT_BENCH_RUN 27/30 arm=classic rate=1256546050 cyc=2.07
HFT_BENCH_RUN 28/30 arm=classic rate=1315934058 cyc=1.97
HFT_BENCH_RUN 29/30 arm=classic rate=1275975491 cyc=2.03
HFT_BENCH_RUN 30/30 arm=classic rate=1318029036 cyc=1.97
HFT_BENCH_WARMUP 1/5 arm=span rate=3404304432
HFT_BENCH_WARMUP 2/5 arm=span rate=11052460234
HFT_BENCH_WARMUP 3/5 arm=span rate=11388891390
HFT_BENCH_WARMUP 4/5 arm=span rate=10027733174
HFT_BENCH_WARMUP 5/5 arm=span rate=9915497098
HFT_BENCH_RUN 1/30 arm=span rate=10755650528 cyc=0.24
HFT_BENCH_RUN 2/30 arm=span rate=9674284730 cyc=0.27
HFT_BENCH_RUN 3/30 arm=span rate=11025960155 cyc=0.24
HFT_BENCH_RUN 4/30 arm=span rate=9805935718 cyc=0.26
HFT_BENCH_RUN 5/30 arm=span rate=11069390345 cyc=0.23
HFT_BENCH_RUN 6/30 arm=span rate=9679838493 cyc=0.27
HFT_BENCH_RUN 7/30 arm=span rate=10992177144 cyc=0.24
HFT_BENCH_RUN 8/30 arm=span rate=9762032498 cyc=0.27
HFT_BENCH_RUN 9/30 arm=span rate=10916033664 cyc=0.24
HFT_BENCH_RUN 10/30 arm=span rate=10696743497 cyc=0.24
HFT_BENCH_RUN 11/30 arm=span rate=10481310347 cyc=0.25
HFT_BENCH_RUN 12/30 arm=span rate=10970721551 cyc=0.24
HFT_BENCH_RUN 13/30 arm=span rate=9880442213 cyc=0.26
HFT_BENCH_RUN 14/30 arm=span rate=10911559783 cyc=0.24
HFT_BENCH_RUN 15/30 arm=span rate=9779206217 cyc=0.27
HFT_BENCH_RUN 16/30 arm=span rate=10951720106 cyc=0.24
HFT_BENCH_RUN 17/30 arm=span rate=9735916238 cyc=0.27
HFT_BENCH_RUN 18/30 arm=span rate=9298523924 cyc=0.28
HFT_BENCH_RUN 19/30 arm=span rate=10783393732 cyc=0.24
HFT_BENCH_RUN 20/30 arm=span rate=9777316040 cyc=0.27
HFT_BENCH_RUN 21/30 arm=span rate=12428416992 cyc=0.21
HFT_BENCH_RUN 22/30 arm=span rate=9432202125 cyc=0.28
HFT_BENCH_RUN 23/30 arm=span rate=10448619172 cyc=0.25
HFT_BENCH_RUN 24/30 arm=span rate=9456889138 cyc=0.27
HFT_BENCH_RUN 25/30 arm=span rate=10540277546 cyc=0.25
HFT_BENCH_RUN 26/30 arm=span rate=10224542183 cyc=0.25
HFT_BENCH_RUN 27/30 arm=span rate=10631323427 cyc=0.24
HFT_BENCH_RUN 28/30 arm=span rate=10208035678 cyc=0.25
HFT_BENCH_RUN 29/30 arm=span rate=9515773434 cyc=0.27
HFT_BENCH_RUN 30/30 arm=span rate=10425147355 cyc=0.25
DIAG rx span: publications=786 polls=3109 prod_ms=2.2 bufwait_laps=154 resets=35 eos_parks=35 nbuf=16 rx_actual_cpu=2
ADVANCE_DIAGNOSTIC span: advances=0 advance_ms=0.0 us_per_advance=0.0 (F-5 reset/auto-advance hygiene — the synchronous bake tail the per-publication prepatch budget drains; HFT_PREPATCH_BUDGET prices it)
RXWARM_DIAGNOSTIC span: enabled=false fixes=0 uncovered=0 last_pass_fixes=0 (F-1 frame-entry warm start; the steady-state law is fixes==0 on pass>=2 — the kill rule reads persistent fixes)
RXBUILD_DIAGNOSTIC span: enabled=true patches=769860 last_pass_patches=21996 frames=21996 (F-2 publish-by-reference master; the steady-state law is every patchable entry patched exactly once per pass boundary)
DIAG cons span: parks=1 park_ms=0.1 slow_waits=1 slow_ms=0.1
LADDER_DIAGNOSTIC span: vectorized=false (F-3 entry walk; HFT_VEC_LADDER=1 arms the 8-entry group path — the Front A consumer IS the post-F-2 wall)
HFT_BENCH_WARMUP 1/5 arm=spec rate=518860463
HFT_BENCH_WARMUP 2/5 arm=spec rate=517806710
HFT_BENCH_RUN 1/30 arm=spec rate=519382551
HFT_BENCH_RUN 2/30 arm=spec rate=521554572
HFT_BENCH_RUN 3/30 arm=spec rate=523506345
HFT_BENCH_RUN 4/30 arm=spec rate=514159357
HFT_BENCH_RUN 5/30 arm=spec rate=521027575
HFT_BENCH_RUN 6/30 arm=spec rate=521614269
HFT_BENCH_RUN 7/30 arm=spec rate=523566490
HFT_BENCH_RUN 8/30 arm=spec rate=521301953
HFT_BENCH_RUN 9/30 arm=spec rate=522061623
HFT_BENCH_RUN 10/30 arm=spec rate=521592755
HFT_BENCH_RUN 11/30 arm=spec rate=523272942
HFT_BENCH_RUN 12/30 arm=spec rate=523202583
HFT_BENCH_RUN 13/30 arm=spec rate=520480219
HFT_BENCH_RUN 14/30 arm=spec rate=520576633
HFT_BENCH_RUN 15/30 arm=spec rate=521522847
HFT_BENCH_RUN 16/30 arm=spec rate=521269722
HFT_BENCH_RUN 17/30 arm=spec rate=517961000
HFT_BENCH_RUN 18/30 arm=spec rate=517955166
HFT_BENCH_RUN 19/30 arm=spec rate=517753711
HFT_BENCH_RUN 20/30 arm=spec rate=518210390
HFT_BENCH_RUN 21/30 arm=spec rate=518183848
HFT_BENCH_RUN 22/30 arm=spec rate=519783886
HFT_BENCH_RUN 23/30 arm=spec rate=517069934
HFT_BENCH_RUN 24/30 arm=spec rate=517976911
HFT_BENCH_RUN 25/30 arm=spec rate=518636501
HFT_BENCH_RUN 26/30 arm=spec rate=516795239
HFT_BENCH_RUN 27/30 arm=spec rate=521318071
HFT_BENCH_RUN 28/30 arm=spec rate=521533063
HFT_BENCH_RUN 29/30 arm=spec rate=515834524
HFT_BENCH_RUN 30/30 arm=spec rate=517408950
PR1_R23_PURE_INGEST_VERDICT rate=520576633 target=15000000000 -> FAIL (R23: 15B msg/s pure ingest with the speculative 512-bit slicer — the 20B mode's pricing row; the R8/R16 span-arm gates above stay the asserting floor)
DIAG rx spec: publications=416 polls=2784 prod_ms=1.3 bufwait_laps=28 resets=32 eos_parks=32 nbuf=16 rx_actual_cpu=2
ADVANCE_DIAGNOSTIC spec: advances=0 advance_ms=0.0 us_per_advance=0.0 (F-5 reset/auto-advance hygiene — the synchronous bake tail the per-publication prepatch budget drains; HFT_PREPATCH_BUDGET prices it)
RXWARM_DIAGNOSTIC spec: enabled=false fixes=0 uncovered=0 last_pass_fixes=0 (F-1 frame-entry warm start; the steady-state law is fixes==0 on pass>=2 — the kill rule reads persistent fixes)
RXBUILD_DIAGNOSTIC spec: enabled=true patches=351936 last_pass_patches=10998 frames=10998 (F-2 publish-by-reference master; the steady-state law is every patchable entry patched exactly once per pass boundary)
DIAG cons spec: parks=0 park_ms=0.0 slow_waits=0 slow_ms=0.0
PR1_R8_PURE_INGEST_VERDICT rate=10436870066 target=2000000000 -> PASS (R8: 2B msg/s pure ingest — full pipeline live, span emission, zero verification skipped)
PR1_R16_PURE_INGEST_VERDICT rate=10436870066 target=5000000000 -> PASS (R16: 5B msg/s pure ingest — the Double Helix program, docs/29)
{
  "median_cycles": 1.9966,
  "p95_cycles": 2.0661,
  "p99_cycles": 2.1818,
  "stddev": 0.0430,
  "cv_percent": 2.1524,
  "runs": 30,
  "warmup": 5,
  "cpu_model": "AMD EPYC 9V45 96-Core Processor",
  "freq_mhz": 2596.12,
  "target": "x86_64-unknown-linux-musl",
  "sink": "count+span",
  "sample": "data/tests/sample-mini.itch",
  "span_median_cycles": 0.2487,
  "span_p95_cycles": 0.2752,
  "span_p99_cycles": 0.2792,
  "span_stddev": 0.0161,
  "span_cv_percent": 6.4892,
  "span_rate_msg_per_sec": 10436870066,
  "r8_pure_ingest_target": 2000000000,
  "r8_pure_ingest_verdict": "PASS",
  "r16_pure_ingest_target": 5000000000,
  "r16_pure_ingest_verdict": "PASS",
  "spec_rate_msg_per_sec": 520576633,
  "r23_pure_ingest_target": 15000000000,
  "r23_pure_ingest_verdict": "FAIL"
}
R23_SPEC_INGEST_ROW spec_rate=520576633 verdict=FAIL (REPORTED)
ALL CONSTRAINTS PASSED
=== ALL CHECKS PASSED SUCCESSFULLY ===
