RUSTFLAGS (env): -C target-cpu=x86-64-v3
rustc: rustc 1.99.0 (b940084d7 2026-09-28)
target_arch="x86_64"
target_feature="fxsr"
target_feature="sse"
target_feature="sse2"
CPUS: 4
model name	: AMD EPYC 9V45 96-Core Processor
cpu0 siblings: 0-1 L3: 0-3
cpu1 siblings: 0-1 L3: 0-3
cpu2 siblings: 2-3 L3: 0-3
cpu3 siblings: 2-3 L3: 0-3
taskset: pid 2133's current affinity list: 0-3
=== 1. Mini Sample SHA256 Check ===
data/tests/sample-mini.itch: OK
=== 2. Build Workspace Release ===
[1m[92m    Updating[0m crates.io index
[1m[92m   Compiling[0m nf-protocol v0.1.0 (/home/runner/work/HFT-Proj/HFT-Proj/crates/nf-protocol)
[1m[92m   Compiling[0m nf-arbitrator v0.1.0 (/home/runner/work/HFT-Proj/HFT-Proj/crates/nf-arbitrator)
[1m[92m   Compiling[0m nf-transport v0.1.0 (/home/runner/work/HFT-Proj/HFT-Proj/crates/nf-transport)
[1m[92m   Compiling[0m nf-recovery v0.1.0 (/home/runner/work/HFT-Proj/HFT-Proj/crates/nf-recovery)
[1m[92m   Compiling[0m nf-testkit v0.1.0 (/home/runner/work/HFT-Proj/HFT-Proj/crates/nf-testkit)
[1m[92m   Compiling[0m nf-engine v0.1.0 (/home/runner/work/HFT-Proj/HFT-Proj/crates/nf-engine)
[1m[92m    Finished[0m `release` profile [optimized] target(s) in 21.78s
=== 3. Clippy Workspace ===
[1m[92m    Checking[0m nf-protocol v0.1.0 (/home/runner/work/HFT-Proj/HFT-Proj/crates/nf-protocol)
[1m[92m    Checking[0m nf-arbitrator v0.1.0 (/home/runner/work/HFT-Proj/HFT-Proj/crates/nf-arbitrator)
[1m[92m    Checking[0m nf-transport v0.1.0 (/home/runner/work/HFT-Proj/HFT-Proj/crates/nf-transport)
[1m[92m    Checking[0m nf-recovery v0.1.0 (/home/runner/work/HFT-Proj/HFT-Proj/crates/nf-recovery)
[1m[92m    Checking[0m nf-testkit v0.1.0 (/home/runner/work/HFT-Proj/HFT-Proj/crates/nf-testkit)
[1m[92m    Checking[0m nf-engine v0.1.0 (/home/runner/work/HFT-Proj/HFT-Proj/crates/nf-engine)
[1m[92m    Finished[0m `dev` profile [unoptimized + debuginfo] target(s) in 2.12s
=== 4. Negative Lint Tripwire Test ===
[1m[92m    Checking[0m lint-fixture v0.1.0 (/home/runner/work/HFT-Proj/HFT-Proj/tests/lint_fixture)
[1m[91merror[0m[1m: use of a disallowed type `alloc::vec::Vec`[0m
 [1m[94m--> [0msrc/lib.rs:7:23
  [1m[94m|[0m
[1m[94m7[0m [1m[94m|[0m     let _v: Vec<u8> = Vec::new();
  [1m[94m|[0m                       [1m[91m^^^[0m
  [1m[94m|[0m
  [1m[94m= [0m[1mnote[0m: Tier-F zero-allocation ban
  [1m[94m= [0m[1mhelp[0m: for further information visit https://rust-lang.github.io/rust-clippy/rust-1.99.0/index.html#disallowed_types
[1m[92mnote[0m: the lint level is defined here
 [1m[94m--> [0msrc/lib.rs:3:9
  [1m[94m|[0m
[1m[94m3[0m [1m[94m|[0m #![deny(clippy::disallowed_types)]
  [1m[94m|[0m         [1m[92m^^^^^^^^^^^^^^^^^^^^^^^^[0m

[1m[91merror[0m[1m: use of a disallowed type `alloc::vec::Vec`[0m
 [1m[94m--> [0msrc/lib.rs:7:13
  [1m[94m|[0m
[1m[94m7[0m [1m[94m|[0m     let _v: Vec<u8> = Vec::new();
  [1m[94m|[0m             [1m[91m^^^^^^^[0m
  [1m[94m|[0m
  [1m[94m= [0m[1mnote[0m: Tier-F zero-allocation ban
  [1m[94m= [0m[1mhelp[0m: for further information visit https://rust-lang.github.io/rust-clippy/rust-1.99.0/index.html#disallowed_types

[1m[91merror[0m[1m: use of a disallowed type `alloc::string::String`[0m
 [1m[94m--> [0msrc/lib.rs:8:22
  [1m[94m|[0m
[1m[94m8[0m [1m[94m|[0m     let _s: String = String::new();
  [1m[94m|[0m                      [1m[91m^^^^^^[0m
  [1m[94m|[0m
  [1m[94m= [0m[1mnote[0m: Tier-F zero-allocation ban
  [1m[94m= [0m[1mhelp[0m: for further information visit https://rust-lang.github.io/rust-clippy/rust-1.99.0/index.html#disallowed_types

[1m[91merror[0m[1m: use of a disallowed type `alloc::string::String`[0m
 [1m[94m--> [0msrc/lib.rs:8:13
  [1m[94m|[0m
[1m[94m8[0m [1m[94m|[0m     let _s: String = String::new();
  [1m[94m|[0m             [1m[91m^^^^^^[0m
  [1m[94m|[0m
  [1m[94m= [0m[1mnote[0m: Tier-F zero-allocation ban
  [1m[94m= [0m[1mhelp[0m: for further information visit https://rust-lang.github.io/rust-clippy/rust-1.99.0/index.html#disallowed_types

[1m[91merror[0m[1m: use of a disallowed type `std::collections::HashMap`[0m
 [1m[94m--> [0msrc/lib.rs:9:53
  [1m[94m|[0m
[1m[94m9[0m [1m[94m|[0m     let _map: std::collections::HashMap<u32, u32> = std::collections::HashMap::new();
  [1m[94m|[0m                                                     [1m[91m^^^^^^^^^^^^^^^^^^^^^^^^^[0m
  [1m[94m|[0m
  [1m[94m= [0m[1mnote[0m: Tier-F zero-allocation ban
  [1m[94m= [0m[1mhelp[0m: for further information visit https://rust-lang.github.io/rust-clippy/rust-1.99.0/index.html#disallowed_types

[1m[91merror[0m[1m: use of a disallowed type `std::collections::HashMap`[0m
 [1m[94m--> [0msrc/lib.rs:9:15
  [1m[94m|[0m
[1m[94m9[0m [1m[94m|[0m     let _map: std::collections::HashMap<u32, u32> = std::collections::HashMap::new();
  [1m[94m|[0m               [1m[91m^^^^^^^^^^^^^^^^^^^^^^^^^^^^^^^^^^^[0m
  [1m[94m|[0m
  [1m[94m= [0m[1mnote[0m: Tier-F zero-allocation ban
  [1m[94m= [0m[1mhelp[0m: for further information visit https://rust-lang.github.io/rust-clippy/rust-1.99.0/index.html#disallowed_types

[1m[91merror[0m[1m: use of a disallowed type `alloc::rc::Rc`[0m
  [1m[94m--> [0msrc/lib.rs:10:15
   [1m[94m|[0m
[1m[94m10[0m [1m[94m|[0m     let _rc = std::rc::Rc::new(42);
   [1m[94m|[0m               [1m[91m^^^^^^^^^^^[0m
   [1m[94m|[0m
   [1m[94m= [0m[1mnote[0m: Tier-F zero-allocation ban
   [1m[94m= [0m[1mhelp[0m: for further information visit https://rust-lang.github.io/rust-clippy/rust-1.99.0/index.html#disallowed_types

[1m[91merror[0m[1m: use of a disallowed type `alloc::sync::Arc`[0m
  [1m[94m--> [0msrc/lib.rs:11:16
   [1m[94m|[0m
[1m[94m11[0m [1m[94m|[0m     let _arc = std::sync::Arc::new(42);
   [1m[94m|[0m                [1m[91m^^^^^^^^^^^^^^[0m
   [1m[94m|[0m
   [1m[94m= [0m[1mnote[0m: Tier-F zero-allocation ban
   [1m[94m= [0m[1mhelp[0m: for further information visit https://rust-lang.github.io/rust-clippy/rust-1.99.0/index.html#disallowed_types

[1m[91merror[0m[1m: use of a disallowed method `alloc::string::ToString::to_string`[0m
  [1m[94m--> [0msrc/lib.rs:15:17
   [1m[94m|[0m
[1m[94m15[0m [1m[94m|[0m     let _s = 42.to_string();
   [1m[94m|[0m                 [1m[91m^^^^^^^^^[0m
   [1m[94m|[0m
   [1m[94m= [0m[1mnote[0m: Tier-M zero-allocation hot-loop ban
   [1m[94m= [0m[1mhelp[0m: for further information visit https://rust-lang.github.io/rust-clippy/rust-1.99.0/index.html#disallowed_methods
[1m[92mnote[0m: the lint level is defined here
  [1m[94m--> [0msrc/lib.rs:4:9
   [1m[94m|[0m
[1m[94m 4[0m [1m[94m|[0m #![deny(clippy::disallowed_methods)]
   [1m[94m|[0m         [1m[92m^^^^^^^^^^^^^^^^^^^^^^^^^^[0m

[1m[91merror[0m[1m: use of a disallowed method `alloc::borrow::ToOwned::to_owned`[0m
  [1m[94m--> [0msrc/lib.rs:17:24
   [1m[94m|[0m
[1m[94m17[0m [1m[94m|[0m     let _owned = slice.to_owned();
   [1m[94m|[0m                        [1m[91m^^^^^^^^[0m
   [1m[94m|[0m
   [1m[94m= [0m[1mnote[0m: Tier-M zero-allocation hot-loop ban
   [1m[94m= [0m[1mhelp[0m: for further information visit https://rust-lang.github.io/rust-clippy/rust-1.99.0/index.html#disallowed_methods

[1m[91merror[0m: could not compile `lint-fixture` (lib) due to 10 previous errors
=== 5. Unit & Conformance Tests ===
[1m[92m   Compiling[0m nf-protocol v0.1.0 (/home/runner/work/HFT-Proj/HFT-Proj/crates/nf-protocol)
[1m[92m   Compiling[0m nf-transport v0.1.0 (/home/runner/work/HFT-Proj/HFT-Proj/crates/nf-transport)
[1m[92m   Compiling[0m nf-arbitrator v0.1.0 (/home/runner/work/HFT-Proj/HFT-Proj/crates/nf-arbitrator)
[1m[92m   Compiling[0m nf-recovery v0.1.0 (/home/runner/work/HFT-Proj/HFT-Proj/crates/nf-recovery)
[1m[92m   Compiling[0m nf-testkit v0.1.0 (/home/runner/work/HFT-Proj/HFT-Proj/crates/nf-testkit)
[1m[92m   Compiling[0m nf-engine v0.1.0 (/home/runner/work/HFT-Proj/HFT-Proj/crates/nf-engine)
[1m[92m    Finished[0m `test` profile [optimized + debuginfo] target(s) in 12.33s
[1m[92m     Running[0m unittests src/lib.rs (target/debug/deps/nf_arbitrator-6363e96099bf9242)

running 0 tests

test result: ok. 0 passed; 0 failed; 0 ignored; 0 measured; 0 filtered out; finished in 0.00s

[1m[92m     Running[0m tests/compilefail.rs (target/debug/deps/compilefail-478af2cb6c91a996)

running 1 test
[1m[92m    Checking[0m nf-protocol v0.1.0 (/home/runner/work/HFT-Proj/HFT-Proj/crates/nf-protocol)
[1m[92m    Checking[0m nf-arbitrator v0.1.0 (/home/runner/work/HFT-Proj/HFT-Proj/crates/nf-arbitrator)
[1m[92m    Checking[0m nf-transport v0.1.0 (/home/runner/work/HFT-Proj/HFT-Proj/crates/nf-transport)
[1m[92m    Checking[0m nf-recovery v0.1.0 (/home/runner/work/HFT-Proj/HFT-Proj/crates/nf-recovery)
[1m[92m    Checking[0m nf-testkit v0.1.0 (/home/runner/work/HFT-Proj/HFT-Proj/crates/nf-testkit)
[1m[92m    Checking[0m nf-arbitrator-tests v0.0.0 (/home/runner/work/HFT-Proj/HFT-Proj/target/tests/trybuild/nf-arbitrator)
[1m[92m    Finished[0m `dev` profile [unoptimized + debuginfo] target(s) in 0.44s


test tests/ui/cf1_private_field_construction.rs ... ok
test tests/ui/cf2_private_field_read.rs ... ok
test tests/ui/cf3_destructure.rs ... ok
test tests/ui/cf4_lookalike_type.rs ... ok
test tests/ui/cf5_hold_across_calls.rs ... ok
test tests/ui/cf6_orphan_clone.rs ... ok


test test_compile_fail_suite ... ok

test result: ok. 1 passed; 0 failed; 0 ignored; 0 measured; 0 filtered out; finished in 1.39s

[1m[92m     Running[0m tests/sequencer_tests.rs (target/debug/deps/sequencer_tests-c037a0fdfcc57b5c)

running 19 tests
test test_r3_no_optin_unchanged ... ok
test test_r3_span_fallback_on_invalid ... ok
test test_r3_span_equivalence_contiguous_flow ... ok
test test_r3_span_gap_staging_drain ... ok
test test_r3_span_hb_eos ... ok
test test_u10_gen_law ... ok
test test_u11_seal ... ok
test test_u13_totality ... ok
test test_u1_dup_fast_path ... ok
test test_u14_byte_identity ... ok
test test_u2_partial_overlap ... ok
test test_u12_recovery_intent ... ok
test test_u3_reorder_disorder ... ok
test test_u4_window_clamp ... ok
test test_u6_session_change ... ok
test test_u8_eos_handling ... ok
test test_u7_heartbeat_gap ... ok
test test_u9_eos_then_data ... ok
test test_u_zombie_hazard ... ok

test result: ok. 19 passed; 0 failed; 0 ignored; 0 measured; 0 filtered out; finished in 0.00s

[1m[92m     Running[0m tests/split_watermark.rs (target/debug/deps/split_watermark-6b556bc238fd948b)

running 1 test
test test_a1_split_watermark_discriminator ... ok

test result: ok. 1 passed; 0 failed; 0 ignored; 0 measured; 0 filtered out; finished in 0.05s

[1m[92m     Running[0m unittests src/lib.rs (target/debug/deps/nf_engine-2835e0eb584a1f80)

running 4 tests
test histogram::tests::test_static_histogram_percentiles ... ok
test tail_study::tests::test_p2_l1_unit_law_per_message_stamps ... ok
test tests::test_audit_in_memory_stream ... ok
test tests::test_audit_truncated_tail ... ok

test result: ok. 4 passed; 0 failed; 0 ignored; 0 measured; 0 filtered out; finished in 0.00s

[1m[92m     Running[0m unittests src/bin/audit.rs (target/debug/deps/audit-0ffa5e810830aa34)

running 0 tests

test result: ok. 0 passed; 0 failed; 0 ignored; 0 measured; 0 filtered out; finished in 0.00s

[1m[92m     Running[0m unittests src/bin/bench.rs (target/debug/deps/bench-8d7d78bca1894c8b)

running 0 tests

test result: ok. 0 passed; 0 failed; 0 ignored; 0 measured; 0 filtered out; finished in 0.00s

[1m[92m     Running[0m unittests src/bin/hft_bench.rs (target/debug/deps/hft_bench-77e0d5531fa87c9d)

running 0 tests

test result: ok. 0 passed; 0 failed; 0 ignored; 0 measured; 0 filtered out; finished in 0.00s

[1m[92m     Running[0m unittests src/bin/kbench.rs (target/debug/deps/kbench-4bb94fa949f08972)

running 0 tests

test result: ok. 0 passed; 0 failed; 0 ignored; 0 measured; 0 filtered out; finished in 0.00s

[1m[92m     Running[0m unittests src/bin/replay.rs (target/debug/deps/replay-0ff2083d86b40b63)

running 0 tests

test result: ok. 0 passed; 0 failed; 0 ignored; 0 measured; 0 filtered out; finished in 0.00s

[1m[92m     Running[0m tests/xdp_tests.rs (target/debug/deps/xdp_tests-51cc3573b9588ba6)

running 6 tests
test test_x1_xdp_smoke ... ok
test test_x4_fill_ring_discipline ... ok
test test_x6_malicious_frames ... ok
test test_x5_alloc_window_xdp ... ok
test test_x3_scripted_dual_drop ... ok
test test_x2_conformance_mini ... ok

test result: ok. 6 passed; 0 failed; 0 ignored; 0 measured; 0 filtered out; finished in 0.03s

[1m[92m     Running[0m unittests src/lib.rs (target/debug/deps/nf_protocol-885ff5d190450fa5)

running 21 tests
test gates::tests::test_gates_tripwires_fail_on_bad_inputs ... ok
test itch5::tests::t2_tv_it2_stock_directory ... ok
test itch5::tests::t3_case_trap ... ok
test itch5::tests::t1_tv_it1_system_event ... ok
test itch5::tests::t4_synthetic_add_order ... ok
test itch5::tests::t5_table_totality ... ok
test itch5::tests::t6_error_paths ... ok
test itch5::tests::t7_extended_overlays ... ok
test moldudp64::tests::t11_span_calculation ... ok
test moldudp64::tests::t13_spec_slice_edges ... ok
test moldudp64::tests::t1_tv1_golden ... ok
test moldudp64::tests::t2_t3_heartbeat_and_eos ... ok
test moldudp64::tests::t4_encode_request ... ok
test moldudp64::tests::t5_truncated_frame ... ok
test moldudp64::tests::t6_block_overrun ... ok
test moldudp64::tests::t7_trailing_bytes ... ok
test moldudp64::tests::t8_zero_length_message ... ok
test moldudp64::tests::t9_seq_overflow ... ok
test packet::tests::test_validate_frame_synthetic ... ok
test moldudp64::tests::t10_round_trip_property ... ok
test moldudp64::tests::t12_spec_slice_matches_blocks ... ok

test result: ok. 21 passed; 0 failed; 0 ignored; 0 measured; 0 filtered out; finished in 0.04s

[1m[92m     Running[0m unittests src/lib.rs (target/debug/deps/nf_recovery-a4273f375a48027e)

running 0 tests

test result: ok. 0 passed; 0 failed; 0 ignored; 0 measured; 0 filtered out; finished in 0.00s

[1m[92m     Running[0m tests/recovery_tests.rs (target/debug/deps/recovery_tests-6c123f8406540150)

running 17 tests
test test_r10_session_boundary_during_recovery ... ok
test test_r11_socket_disconnect ... ok
test test_r12_vt_grace_stepping ... ok
test test_r13_retry_counting_determinism ... ok
test test_r14_state_transition_matrix ... ok
test test_e2e_2b_split_dual_drop ... ok
test test_e2e_2a_canonical_dual_drop ... ok
test test_e2e_2c_double_run_confluence ... ok
test test_r4_request_encode_from_intent ... ok
test test_r1_fakeserver_drop_request_fault ... ok
test test_r6_drop_request_dead ... ok
test test_r7_silence_dead ... ok
test test_r5_partial_fill_truncate_after ... ok
test test_r2_fakeserver_drop_response_fault ... ok
test test_r3_inv_r5_wrong_session ... ok
test test_r9_dual_drop_repair ... ok
test test_r8_duplicate_first ... ok

test result: ok. 17 passed; 0 failed; 0 ignored; 0 measured; 0 filtered out; finished in 0.14s

[1m[92m     Running[0m unittests src/lib.rs (target/debug/deps/nf_testkit-c60ad869f026b239)

running 76 tests
test affinity::fabric_placement_tests::t_fabric_placement_distinct_workers_on_distinct_cores ... ok
test affinity::l3_tests::t_l3_groups_partition ... ok
test affinity::l3_tests::t_pipeline_placement_distinct ... ok
test affinity::fabric_placement_tests::t_fabric_placement_no_worker_on_main_sibling_when_possible ... ok
test affinity::l3_tests::t_topology_verification_same_cpu_violates ... ok
test affinity::tests::t_affinity_order_nonempty_and_bounded ... ok
test affinity::l3_tests::t_topology_verification_placement_consistent ... ok
test affinity::tests::t_affinity_pin_roundtrip ... ok
test batch_parity::t_r12_soa_parity_default_schedule ... ok
test batch_parity::t_r12_soa_parity_lossy_schedule ... ok
test batch_parity::t_r12_soa_parity_multi_pass_resets ... ok
test batch_parity::t_r12_soa_parity_reorder_schedule ... ok
test batch_parity::t_r12_soa_parity_session_split ... ok
test batch_parity::t_r12_soa_parity_single_feed_seeded ... ok
test batch_parity::t_r8_batch_parity_default_schedule ... ok
test batch_parity::t_r8_batch_parity_fast_sink ... ok
test batch_parity::t_r8_batch_parity_lossy_schedule ... ok
test batch_parity::t_r8_batch_parity_multi_pass_reset ... ok
test batch_parity::t_r8_batch_parity_per_message_sink ... ok
test batch_parity::t_r8_batch_parity_reorder_schedule ... ok
test batch_parity::t_r8_batch_parity_session_split ... ok
test batch_parity::t_r8_batch_parity_single_feed_seeded ... ok
test batch_parity::t_r8_coalesced_pacing_parity ... ok
test batch_parity::t_r8_pipeline_parity_canonical ... ok
test crcfold::tests::t_affine_kernel_8lane_differential ... ok
test crcfold::tests::t_affine_kernel_models ... ok
test crcfold::tests::t_affine_kernel_scalar_differential ... ok
test crcfold::tests::t_affine_span_derivation_oracle ... ok
test crcfold::tests::t_dfold_constants_derivation ... ok
test crcfold::tests::t_fold_differential_exhaustive ... ok
test crcfold::tests::t_gfni_bitrev_matrix ... ok
test crcfold::tests::t_golden_vectors ... ok
test crcfold::tests::t_ofold_constants_derivation ... ok
test crcfold::tests::t_r23c_tag_core ... ok
test crcfold::tests::t_reference_matches_standard_vector ... ok
test crcfold::tests::t_reflect_constants_derivation ... ok
test crcfold::tests::t_spec_slice_vec_differential ... ok
test crcfold::tests::t_transpose_arena_public_api ... ok
test crcfold::tests::t_tri_constants_derivation ... ok
test crcfold::tests::t_vend_constants_derivation ... ok
test crcfold::tests::t_vtail_constants_derivation ... ok
test hydra::tests::t_hydra_bitparity_chaos_schedule ... ok
test hydra::tests::t_hydra_bitparity_default_schedule ... ok
test batch_parity::t_f2_rxbuild_chaos_sustained_soak ... ok
test batch_parity::t_f1_rxwarm_chaos_sustained_soak ... ok
test hydra::tests::t_hydra_bitparity_ring_wraparound ... ok
test hydra::tests::t_hydra_bitparity_seeded_range ... ok
test hydra::tests::t_hydra_bitparity_worker_counts ... ok
test hydra::tests::t_hydra_crosspass_overlap_bitparity ... ok
test hydra::tests::t_r23c_affine_ledger_pipeline_parity ... ok
test hydra::tests::t_r23c_affine_tag_parity ... ok
test hydra::tests::t_hydra_bitparity_fixed1 ... ok
test batch_parity::t_i7_prepatch_chaos_sustained_soak ... ok
test soa::tests::t_ladder_alternating_group_passes ... ok
test soa::tests::t_ladder_avx512_matches_scalar_when_present ... ok
test soa::tests::t_ladder_gap_fails ... ok
test soa::tests::t_ladder_pair_mismatch_fails ... ok
test soa::tests::t_ladder_partial_dup_fails_or_passes_correctly ... ok
test soa::tests::t_ladder_two_emits_fails ... ok
test soa::tests::t_ladder_wrapping_group_rejected ... ok
test tests::t10_max_rate_mode ... ok
test tests::t1_golden_walker_mini ... ok
test tests::t2_schedule_determinism ... ok
test tests::t3_packetization_modes ... ok
test tests::t4_render_round_trip ... ok
test tests::t5_accounting_identity_guarantee_coverage ... ok
test tests::t6_th1_structure ... ok
test tests::t7_session_split_invariance ... ok
test tests::t8_delay_distribution_sanity ... ok
test tests::t9_full_mini_chaos_run ... ok
test tests::test_e2e_1_mini_chaos_conformance ... ok
test tests::test_e2e_1b_mini_chaos_determinism_double_run ... ok
test tests::test_u5_w1_property_1m_ops ... ok
test hydra::tests::t_hydra_pipeline_soa_chaos_bitparity ... ok
test hydra::tests::t_rxdesc_sustained_multipass_parity ... ok
test hydra::tests::t_rxdesc_parity_matrix ... ok

test result: ok. 76 passed; 0 failed; 0 ignored; 0 measured; 0 filtered out; finished in 4.72s

[1m[92m     Running[0m unittests src/bin/diff_oracle.rs (target/debug/deps/diff_oracle-fa81e8970129c313)

running 0 tests

test result: ok. 0 passed; 0 failed; 0 ignored; 0 measured; 0 filtered out; finished in 0.00s

[1m[92m     Running[0m unittests src/bin/fakeserver.rs (target/debug/deps/fakeserver-cafe9c737f62a6cf)

running 0 tests

test result: ok. 0 passed; 0 failed; 0 ignored; 0 measured; 0 filtered out; finished in 0.00s

[1m[92m     Running[0m unittests src/bin/fbench.rs (target/debug/deps/fbench-125af8e1b5e4ff98)

running 0 tests

test result: ok. 0 passed; 0 failed; 0 ignored; 0 measured; 0 filtered out; finished in 0.00s

[1m[92m     Running[0m unittests src/bin/fuzz_campaign.rs (target/debug/deps/fuzz_campaign-5df8befc36b68eb5)

running 0 tests

test result: ok. 0 passed; 0 failed; 0 ignored; 0 measured; 0 filtered out; finished in 0.00s

[1m[92m     Running[0m unittests src/bin/matrix_sweep.rs (target/debug/deps/matrix_sweep-7c6987c33b3656ab)

running 0 tests

test result: ok. 0 passed; 0 failed; 0 ignored; 0 measured; 0 filtered out; finished in 0.00s

[1m[92m     Running[0m unittests src/bin/spec_server.rs (target/debug/deps/spec_server-cb8f9ed5a20ba269)

running 0 tests

test result: ok. 0 passed; 0 failed; 0 ignored; 0 measured; 0 filtered out; finished in 0.00s

[1m[92m     Running[0m unittests src/bin/venue.rs (target/debug/deps/venue-785153f8a034a3bf)

running 0 tests

test result: ok. 0 passed; 0 failed; 0 ignored; 0 measured; 0 filtered out; finished in 0.00s

[1m[92m     Running[0m unittests src/bin/window_sweep.rs (target/debug/deps/window_sweep-6d125350cd8689be)

running 0 tests

test result: ok. 0 passed; 0 failed; 0 ignored; 0 measured; 0 filtered out; finished in 0.00s

[1m[92m     Running[0m unittests src/lib.rs (target/debug/deps/nf_transport-1bacef6ed3ea05d1)

running 24 tests
test pipeline::tests::t_pipeline_armed_rejects_plain_reset ... ok
test pipeline::tests::t_pipeline_auto_advance_session_divergence_failstops ... ok
test pipeline::tests::t_pipeline_auto_advance_multi_pass ... ok
test pipeline::tests::t_pipeline_multi_reset ... ok
test pipeline::tests::t_pipeline_coalesce128 ... ok
test pipeline::tests::t_pipeline_single_pass_coalesce1 ... ok
test pipeline::tests::t_pipeline_single_pass_coalesce8 ... ok
test pipeline::tests::t_rxbuild_constant_session ... ok
test pipeline::tests::t_nbuf32_parity_vs_depth16 ... ok
test pipeline::tests::t_rxbuild_mid_pass_abandon ... ok
test pipeline::tests::t_rxbuild_parity_vs_classic ... ok
test pipeline::tests::t_rxwarm_parity_vs_classic ... ok
test pipeline::tests::t_rxwarm_mid_pass_abandon ... ok
test render::tests::t_r2_memo_all_valid ... ok
test render::tests::t_r2_memo_default_trait_none ... ok
test render::tests::t_r2_memo_none_for_hb ... ok
test render::tests::t_r2_memo_exact_prefix ... ok
test pipeline::tests::t_rxwarm_unarmed_constant_session ... ok
test render::tests::t_r2_memo_none_oob ... ok
test render::tests::t_r2_memo_stable_across_reset ... ok
test render::tests::t_r8_batch_entries_match_side_tables ... ok
test render::tests::t_r9_aliasing_not_for_distinct_ranges ... ok
test render::tests::t_r9_aliasing_dual_feed_identical_bytes_and_smaller_blob ... ok
test pipeline::tests::t_prepatch_marker_sentinel_head_invariant ... ok

test result: ok. 24 passed; 0 failed; 0 ignored; 0 measured; 0 filtered out; finished in 0.11s

[1m[92m   Doc-tests[0m nf_arbitrator

running 0 tests

test result: ok. 0 passed; 0 failed; 0 ignored; 0 measured; 0 filtered out; finished in 0.00s

[1m[92m   Doc-tests[0m nf_engine

running 0 tests

test result: ok. 0 passed; 0 failed; 0 ignored; 0 measured; 0 filtered out; finished in 0.00s

[1m[92m   Doc-tests[0m nf_protocol

running 0 tests

test result: ok. 0 passed; 0 failed; 0 ignored; 0 measured; 0 filtered out; finished in 0.00s

[1m[92m   Doc-tests[0m nf_recovery

running 0 tests

test result: ok. 0 passed; 0 failed; 0 ignored; 0 measured; 0 filtered out; finished in 0.00s

[1m[92m   Doc-tests[0m nf_testkit

running 0 tests

test result: ok. 0 passed; 0 failed; 0 ignored; 0 measured; 0 filtered out; finished in 0.00s

[1m[92m   Doc-tests[0m nf_transport

running 0 tests

test result: ok. 0 passed; 0 failed; 0 ignored; 0 measured; 0 filtered out; finished in 0.00s

=== 6. Full Day Audit & Histogram Diff ===
[1m[92m    Finished[0m `release` profile [optimized] target(s) in 0.01s
[1m[92m     Running[0m `target/release/audit data/tests/sample-mini.itch`
AUDIT file=data/tests/sample-mini.itch bytes=14999991 blocks=505849 violations=0 truncated_tail=true
HIST 0x41 A len=36 count=180684 pct=35.72
HIST 0x43 C len=36 count=20 pct=0.00
HIST 0x44 D len=19 count=164385 pct=32.50
HIST 0x45 E len=31 count=1507 pct=0.30
HIST 0x46 F len=40 count=27934 pct=5.52
HIST 0x48 H len=25 count=8900 pct=1.76
HIST 0x4C L len=26 count=6171 pct=1.22
HIST 0x4E N len=20 count=76670 pct=15.16
HIST 0x50 P len=44 count=1544 pct=0.31
HIST 0x52 R len=39 count=8906 pct=1.76
HIST 0x53 S len=12 count=3 pct=0.00
HIST 0x55 U len=35 count=18395 pct=3.64
HIST 0x56 V len=35 count=1 pct=0.00
HIST 0x58 X len=23 count=1821 pct=0.36
HIST 0x59 Y len=20 count=8908 pct=1.76
=== 7. Replay Conformance & Golden Hash Check ===
[1m[92m    Finished[0m `release` profile [optimized] target(s) in 0.00s
[1m[92m     Running[0m `target/release/replay --config ci-mode1.toml`
BLOB_BACKING mode=mmap anon_huge_kb=16384 map_mb=16.5 verdict=thp-granted
VERDICT hash=0xF6EF154EFDE905D8 count=505849 watermark=255850 violations=0
=== 8. Zero-Allocation Window (ALLOC_DELTA=0) ===
BLOB_BACKING mode=mmap anon_huge_kb=16384 map_mb=16.5 verdict=thp-granted
WINDOW_BEGIN
WINDOW_END
ALLOC_DELTA=0
VERDICT hash=0xF6EF154EFDE905D8 count=505849 watermark=255850 violations=0
=== 9. Kernel Syscall Strace Diff Probe ===
BLOB_BACKING mode=mmap anon_huge_kb=16384 map_mb=16.5 verdict=thp-granted
BLOB_BACKING mode=mmap anon_huge_kb=16384 map_mb=16.5 verdict=thp-granted
VERDICT hash=0xF6EF154EFDE905D8 count=505849 watermark=255850 violations=0
=== 10. Venue Sender & XDP Transport Smoke Check ===
[1m[92m    Finished[0m `release` profile [optimized] target(s) in 0.00s
[1m[92m     Running[0m `target/release/venue --sample data/tests/sample-mini.itch`
VENUE_SENDER starting: sending 101202 events
VENUE_SENDER finished: 101202 packets transmitted
=== 11. Benchmark & G12-T1 Tail Attribution Study ===
[1m[92m    Finished[0m `release` profile [optimized] target(s) in 0.00s
[1m[92m     Running[0m `target/release/bench --sample data/tests/sample-mini.itch --runs 5 --study`
BENCH_CALIBRATION invariant_tsc=true freq_mhz=2596.12 mark_overhead_cycles=52
=== 1. PR-1 UN-INSTRUMENTED BURST THROUGHPUT EVALUATION ===
BLOB_BACKING mode=mmap anon_huge_kb=14336 map_mb=16.5 verdict=thp-granted
BENCH mode=replay-burst-uninstrumented msgs=505849 rate=900120823 allocs=0 freq=2596.12MHz run=1
BENCH mode=replay-burst-uninstrumented msgs=505849 rate=833378364 allocs=0 freq=2596.12MHz run=2
BENCH mode=replay-burst-uninstrumented msgs=505849 rate=863674546 allocs=0 freq=2596.12MHz run=3
BENCH mode=replay-burst-uninstrumented msgs=505849 rate=885431873 allocs=0 freq=2596.12MHz run=4
BENCH mode=replay-burst-uninstrumented msgs=505849 rate=882261426 allocs=0 freq=2596.12MHz run=5
BENCH_MEDIAN mode=replay-burst-uninstrumented rate=882261426
PR1_TITAN_VERDICT rate=882261426 target=100000000 -> PASS (span conformance: every emitted byte CRC32C-checked in-window, 8 lanes)
=== 2. PR-1 SUSTAINED LOOP MODE (>= 5 SECONDS) ===
BENCH mode=replay-sustained-5s total_msgs=4789378332 duration=5.00s sustained_rate=957841160 msg/s allocs=0
PR1_TITAN_SUSTAINED_VERDICT rate=957841160 target=100000000 -> PASS
=== 3. SAMPLED MARKS EVALUATION (1-in-256) & PR-2 VERDICT ===
BENCH mode=replay-core-sampled-256-fast msgs=505849 rate=67211642 p50=52 p99=78 mean=59.70 allocs=0 freq=2596.12MHz run=1
BENCH mode=replay-core-sampled-256-fast msgs=505849 rate=67465792 p50=52 p99=78 mean=59.66 allocs=0 freq=2596.12MHz run=2
BENCH mode=replay-core-sampled-256-fast msgs=505849 rate=67247436 p50=52 p99=78 mean=59.85 allocs=0 freq=2596.12MHz run=3
BENCH mode=replay-core-sampled-256-fast msgs=505849 rate=67514398 p50=52 p99=78 mean=59.85 allocs=0 freq=2596.12MHz run=4
BENCH mode=replay-core-sampled-256-fast msgs=505849 rate=67339687 p50=52 p99=78 mean=59.64 allocs=0 freq=2596.12MHz run=5
PR2_SAMPLED_VERDICT rate=67339687 p50=52 p99=78 (tax=92.37%) -> p50 < 60: PASS, p99 < 150: PASS
=== 4. H5 PACKET-SIZE SWEEP ===
H5_SWEEP packetize=Fixed(1) packets=1011710 rep=1 p50=104 p99=156 p99.9=182
H5_SWEEP packetize=Fixed(1) packets=1011710 rep=2 p50=104 p99=156 p99.9=156
H5_SWEEP packetize=Fixed(16) packets=63258 rep=1 p50=104 p99=130 p99.9=416
H5_SWEEP packetize=Fixed(16) packets=63258 rep=2 p50=104 p99=130 p99.9=156
H5_SWEEP packetize=MtuBound(1400) packets=21996 rep=1 p50=104 p99=130 p99.9=156
H5_SWEEP packetize=MtuBound(1400) packets=21996 rep=2 p50=104 p99=130 p99.9=156
=== 5. G12-T1 TAIL ATTRIBUTION STUDY PHASE 2 (PER-MESSAGE MEASUREMENT) ===
BENCH mode=replay-core-msg arm=cold msgs=505849 rate=14899408 raw[p50=78 p90=130 p99=130 p99.99=416 max=33150] adj[p50=26 p90=78 p99=78 p99.99=364 max=33098] allocs=0 freq=2596.12MHz run=1
BENCH mode=replay-core-msg arm=cold msgs=505849 rate=14855238 raw[p50=78 p90=130 p99=130 p99.99=390 max=39520] adj[p50=26 p90=78 p99=78 p99.99=338 max=39468] allocs=0 freq=2596.12MHz run=2
BENCH mode=replay-core-msg arm=cold msgs=505849 rate=14882353 raw[p50=78 p90=130 p99=130 p99.99=390 max=34008] adj[p50=26 p90=78 p99=78 p99.99=338 max=33956] allocs=0 freq=2596.12MHz run=3
BENCH mode=replay-core-msg arm=cold msgs=505849 rate=14796363 raw[p50=78 p90=130 p99=130 p99.99=390 max=45110] adj[p50=26 p90=78 p99=78 p99.99=338 max=45058] allocs=0 freq=2596.12MHz run=4
BENCH mode=replay-core-msg arm=cold msgs=505849 rate=14800443 raw[p50=78 p90=130 p99=130 p99.99=390 max=47060] adj[p50=26 p90=78 p99=78 p99.99=338 max=47008] allocs=0 freq=2596.12MHz run=5
T1_PHASE2 arm=cold rate=14855238 raw[p50=78 p90=130 p99=130 p99.9=156 p99.99=390 max=39520] adj[p50=26 p90=78 p99=78 p99.9=104 p99.99=338 max=39468] unknown_pct=0.00% (samples_above_p99=113723)
BENCH mode=replay-core-msg arm=prefault msgs=505849 rate=14997083 raw[p50=78 p90=130 p99=130 p99.99=364 max=39884] adj[p50=26 p90=78 p99=78 p99.99=312 max=39832] allocs=0 freq=2596.12MHz run=1
BENCH mode=replay-core-msg arm=prefault msgs=505849 rate=14978320 raw[p50=78 p90=130 p99=130 p99.99=364 max=37076] adj[p50=26 p90=78 p99=78 p99.99=312 max=37024] allocs=0 freq=2596.12MHz run=2
BENCH mode=replay-core-msg arm=prefault msgs=505849 rate=14953404 raw[p50=78 p90=130 p99=130 p99.99=416 max=60736] adj[p50=26 p90=78 p99=78 p99.99=364 max=60684] allocs=0 freq=2596.12MHz run=3
BENCH mode=replay-core-msg arm=prefault msgs=505849 rate=14970698 raw[p50=78 p90=130 p99=130 p99.99=390 max=113854] adj[p50=26 p90=78 p99=78 p99.99=338 max=113802] allocs=0 freq=2596.12MHz run=4
BENCH mode=replay-core-msg arm=prefault msgs=505849 rate=14981062 raw[p50=78 p90=130 p99=130 p99.99=364 max=33800] adj[p50=26 p90=78 p99=78 p99.99=312 max=33748] allocs=0 freq=2596.12MHz run=5
T1_PHASE2 arm=prefault rate=14978320 raw[p50=78 p90=130 p99=130 p99.9=156 p99.99=364 max=39884] adj[p50=26 p90=78 p99=78 p99.9=104 p99.99=312 max=39832] unknown_pct=0.00% (samples_above_p99=112968)
BENCH mode=replay-core-msg arm=empty msgs=1011698 rate=22881615 raw[p50=52 p90=52 p99=52 p99.99=78 max=18434] adj[p50=0 p90=0 p99=0 p99.99=26 max=18382] allocs=0 freq=2596.12MHz run=1
BENCH mode=replay-core-msg arm=empty msgs=1011698 rate=22886638 raw[p50=52 p90=52 p99=52 p99.99=78 max=24726] adj[p50=0 p90=0 p99=0 p99.99=26 max=24674] allocs=0 freq=2596.12MHz run=2
BENCH mode=replay-core-msg arm=empty msgs=1011698 rate=22825750 raw[p50=52 p90=52 p99=52 p99.99=78 max=29120] adj[p50=0 p90=0 p99=0 p99.99=26 max=29068] allocs=0 freq=2596.12MHz run=3
BENCH mode=replay-core-msg arm=empty msgs=1011698 rate=22849329 raw[p50=52 p90=52 p99=52 p99.99=78 max=34424] adj[p50=0 p90=0 p99=0 p99.99=26 max=34372] allocs=0 freq=2596.12MHz run=4
BENCH mode=replay-core-msg arm=empty msgs=1011698 rate=22902811 raw[p50=52 p90=52 p99=52 p99.99=78 max=45500] adj[p50=0 p90=0 p99=0 p99.99=26 max=45448] allocs=0 freq=2596.12MHz run=5
T1_PHASE2 arm=empty rate=22881615 raw[p50=52 p90=52 p99=52 p99.9=52 p99.99=78 max=29120] adj[p50=0 p90=0 p99=0 p99.9=0 p99.99=26 max=29068] unknown_pct=0.00% (samples_above_p99=375408)
STUDY_REPORT written to docs/artifacts/tail-study/study-report.md
=== 6. TARGET-1 PHASE A: 3-ARM SKELETON BASELINE SWEEP (20 RUNS) ===
BENCH mode=replay-core-msg arm=empty msgs=1011698 rate=23494635 raw[p50=52 p90=52 p99=52 p99.99=78 max=37466] adj[p50=0 p90=0 p99=0 p99.99=26 max=37414] allocs=0 freq=2596.12MHz run=1
T1_PHASE2 arm=empty rate=23494635 raw[p50=52 p90=52 p99=52 p99.9=52 p99.99=78 max=37466] adj[p50=0 p90=0 p99=0 p99.9=0 p99.99=26 max=37414] unknown_pct=0.00% (samples_above_p99=343097)
BENCH mode=replay-core-msg arm=loop msgs=1011698 rate=24034019 raw[p50=52 p90=52 p99=52 p99.99=78 max=35698] adj[p50=0 p90=0 p99=0 p99.99=26 max=35646] allocs=0 freq=2596.12MHz run=1
T1_PHASE2 arm=loop rate=24034019 raw[p50=52 p90=52 p99=52 p99.9=52 p99.99=78 max=35698] adj[p50=0 p90=0 p99=0 p99.9=0 p99.99=26 max=35646] unknown_pct=0.00% (samples_above_p99=327083)
BENCH mode=replay-core-msg arm=cold msgs=505849 rate=15631975 raw[p50=78 p90=130 p99=130 p99.99=390 max=39806] adj[p50=26 p90=78 p99=78 p99.99=338 max=39754] allocs=0 freq=2596.12MHz run=1
T1_PHASE2 arm=cold rate=15631975 raw[p50=78 p90=130 p99=130 p99.9=130 p99.99=390 max=39806] adj[p50=26 p90=78 p99=78 p99.9=78 p99.99=338 max=39754] unknown_pct=0.00% (samples_above_p99=63103)
BENCH mode=replay-core-msg arm=empty msgs=1011698 rate=23929701 raw[p50=52 p90=52 p99=52 p99.99=78 max=44044] adj[p50=0 p90=0 p99=0 p99.99=26 max=43992] allocs=0 freq=2596.12MHz run=1
T1_PHASE2 arm=empty rate=23929701 raw[p50=52 p90=52 p99=52 p99.9=52 p99.99=78 max=44044] adj[p50=0 p90=0 p99=0 p99.9=0 p99.99=26 max=43992] unknown_pct=0.00% (samples_above_p99=327433)
BENCH mode=replay-core-msg arm=loop msgs=1011698 rate=24005622 raw[p50=52 p90=52 p99=52 p99.99=78 max=27794] adj[p50=0 p90=0 p99=0 p99.99=26 max=27742] allocs=0 freq=2596.12MHz run=1
T1_PHASE2 arm=loop rate=24005622 raw[p50=52 p90=52 p99=52 p99.9=52 p99.99=78 max=27794] adj[p50=0 p90=0 p99=0 p99.9=0 p99.99=26 max=27742] unknown_pct=0.00% (samples_above_p99=326923)
BENCH mode=replay-core-msg arm=cold msgs=505849 rate=15561199 raw[p50=78 p90=130 p99=130 p99.99=390 max=65234] adj[p50=26 p90=78 p99=78 p99.99=338 max=65182] allocs=0 freq=2596.12MHz run=1
T1_PHASE2 arm=cold rate=15561199 raw[p50=78 p90=130 p99=130 p99.9=130 p99.99=390 max=65234] adj[p50=26 p90=78 p99=78 p99.9=78 p99.99=338 max=65182] unknown_pct=0.00% (samples_above_p99=63438)
BENCH mode=replay-core-msg arm=empty msgs=1011698 rate=23963159 raw[p50=52 p90=52 p99=52 p99.99=78 max=64090] adj[p50=0 p90=0 p99=0 p99.99=26 max=64038] allocs=0 freq=2596.12MHz run=1
T1_PHASE2 arm=empty rate=23963159 raw[p50=52 p90=52 p99=52 p99.9=52 p99.99=78 max=64090] adj[p50=0 p90=0 p99=0 p99.9=0 p99.99=26 max=64038] unknown_pct=0.00% (samples_above_p99=326694)
BENCH mode=replay-core-msg arm=loop msgs=1011698 rate=24174465 raw[p50=52 p90=52 p99=52 p99.99=78 max=60008] adj[p50=0 p90=0 p99=0 p99.99=26 max=59956] allocs=0 freq=2596.12MHz run=1
T1_PHASE2 arm=loop rate=24174465 raw[p50=52 p90=52 p99=52 p99.9=52 p99.99=78 max=60008] adj[p50=0 p90=0 p99=0 p99.9=0 p99.99=26 max=59956] unknown_pct=0.00% (samples_above_p99=326827)
BENCH mode=replay-core-msg arm=cold msgs=505849 rate=15562130 raw[p50=78 p90=130 p99=130 p99.99=390 max=128622] adj[p50=26 p90=78 p99=78 p99.99=338 max=128570] allocs=0 freq=2596.12MHz run=1
T1_PHASE2 arm=cold rate=15562130 raw[p50=78 p90=130 p99=130 p99.9=130 p99.99=390 max=128622] adj[p50=26 p90=78 p99=78 p99.9=78 p99.99=338 max=128570] unknown_pct=0.00% (samples_above_p99=62764)
BENCH mode=replay-core-msg arm=empty msgs=1011698 rate=23431561 raw[p50=52 p90=52 p99=52 p99.99=78 max=30368] adj[p50=0 p90=0 p99=0 p99.99=26 max=30316] allocs=0 freq=2596.12MHz run=1
T1_PHASE2 arm=empty rate=23431561 raw[p50=52 p90=52 p99=52 p99.9=52 p99.99=78 max=30368] adj[p50=0 p90=0 p99=0 p99.9=0 p99.99=26 max=30316] unknown_pct=0.00% (samples_above_p99=332409)
BENCH mode=replay-core-msg arm=loop msgs=1011698 rate=23049729 raw[p50=52 p90=52 p99=52 p99.99=78 max=77610] adj[p50=0 p90=0 p99=0 p99.99=26 max=77558] allocs=0 freq=2596.12MHz run=1
T1_PHASE2 arm=loop rate=23049729 raw[p50=52 p90=52 p99=52 p99.9=52 p99.99=78 max=77610] adj[p50=0 p90=0 p99=0 p99.9=0 p99.99=26 max=77558] unknown_pct=0.00% (samples_above_p99=374638)
BENCH mode=replay-core-msg arm=cold msgs=505849 rate=14919750 raw[p50=78 p90=130 p99=130 p99.99=390 max=50102] adj[p50=26 p90=78 p99=78 p99.99=338 max=50050] allocs=0 freq=2596.12MHz run=1
T1_PHASE2 arm=cold rate=14919750 raw[p50=78 p90=130 p99=130 p99.9=156 p99.99=390 max=50102] adj[p50=26 p90=78 p99=78 p99.9=104 p99.99=338 max=50050] unknown_pct=0.00% (samples_above_p99=113589)
BENCH mode=replay-core-msg arm=empty msgs=1011698 rate=22888655 raw[p50=52 p90=52 p99=52 p99.99=78 max=43524] adj[p50=0 p90=0 p99=0 p99.99=26 max=43472] allocs=0 freq=2596.12MHz run=1
T1_PHASE2 arm=empty rate=22888655 raw[p50=52 p90=52 p99=52 p99.9=52 p99.99=78 max=43524] adj[p50=0 p90=0 p99=0 p99.9=0 p99.99=26 max=43472] unknown_pct=0.00% (samples_above_p99=374948)
BENCH mode=replay-core-msg arm=loop msgs=1011698 rate=23054269 raw[p50=52 p90=52 p99=52 p99.99=78 max=101296] adj[p50=0 p90=0 p99=0 p99.99=26 max=101244] allocs=0 freq=2596.12MHz run=1
T1_PHASE2 arm=loop rate=23054269 raw[p50=52 p90=52 p99=52 p99.9=52 p99.99=78 max=101296] adj[p50=0 p90=0 p99=0 p99.9=0 p99.99=26 max=101244] unknown_pct=0.00% (samples_above_p99=372268)
BENCH mode=replay-core-msg arm=cold msgs=505849 rate=14999261 raw[p50=78 p90=130 p99=130 p99.99=390 max=33176] adj[p50=26 p90=78 p99=78 p99.99=338 max=33124] allocs=0 freq=2596.12MHz run=1
T1_PHASE2 arm=cold rate=14999261 raw[p50=78 p90=130 p99=130 p99.9=156 p99.99=390 max=33176] adj[p50=26 p90=78 p99=78 p99.9=104 p99.99=338 max=33124] unknown_pct=0.00% (samples_above_p99=109132)
BENCH mode=replay-core-msg arm=empty msgs=1011698 rate=22948425 raw[p50=52 p90=52 p99=52 p99.99=78 max=52364] adj[p50=0 p90=0 p99=0 p99.99=26 max=52312] allocs=0 freq=2596.12MHz run=1
T1_PHASE2 arm=empty rate=22948425 raw[p50=52 p90=52 p99=52 p99.9=52 p99.99=78 max=52364] adj[p50=0 p90=0 p99=0 p99.9=0 p99.99=26 max=52312] unknown_pct=0.00% (samples_above_p99=370687)
BENCH mode=replay-core-msg arm=loop msgs=1011698 rate=23182801 raw[p50=52 p90=52 p99=52 p99.99=78 max=22178] adj[p50=0 p90=0 p99=0 p99.99=26 max=22126] allocs=0 freq=2596.12MHz run=1
T1_PHASE2 arm=loop rate=23182801 raw[p50=52 p90=52 p99=52 p99.9=52 p99.99=78 max=22178] adj[p50=0 p90=0 p99=0 p99.9=0 p99.99=26 max=22126] unknown_pct=0.00% (samples_above_p99=368610)
BENCH mode=replay-core-msg arm=cold msgs=505849 rate=14984875 raw[p50=78 p90=130 p99=130 p99.99=364 max=43758] adj[p50=26 p90=78 p99=78 p99.99=312 max=43706] allocs=0 freq=2596.12MHz run=1
T1_PHASE2 arm=cold rate=14984875 raw[p50=78 p90=130 p99=130 p99.9=156 p99.99=364 max=43758] adj[p50=26 p90=78 p99=78 p99.9=104 p99.99=312 max=43706] unknown_pct=0.00% (samples_above_p99=109158)
BENCH mode=replay-core-msg arm=empty msgs=1011698 rate=22891746 raw[p50=52 p90=52 p99=52 p99.99=78 max=43498] adj[p50=0 p90=0 p99=0 p99.99=26 max=43446] allocs=0 freq=2596.12MHz run=1
T1_PHASE2 arm=empty rate=22891746 raw[p50=52 p90=52 p99=52 p99.9=52 p99.99=78 max=43498] adj[p50=0 p90=0 p99=0 p99.9=0 p99.99=26 max=43446] unknown_pct=0.00% (samples_above_p99=371635)
BENCH mode=replay-core-msg arm=loop msgs=1011698 rate=23180078 raw[p50=52 p90=52 p99=52 p99.99=78 max=29354] adj[p50=0 p90=0 p99=0 p99.99=26 max=29302] allocs=0 freq=2596.12MHz run=1
T1_PHASE2 arm=loop rate=23180078 raw[p50=52 p90=52 p99=52 p99.9=52 p99.99=78 max=29354] adj[p50=0 p90=0 p99=0 p99.9=0 p99.99=26 max=29302] unknown_pct=0.00% (samples_above_p99=368945)
BENCH mode=replay-core-msg arm=cold msgs=505849 rate=14969278 raw[p50=78 p90=130 p99=130 p99.99=390 max=38090] adj[p50=26 p90=78 p99=78 p99.99=338 max=38038] allocs=0 freq=2596.12MHz run=1
T1_PHASE2 arm=cold rate=14969278 raw[p50=78 p90=130 p99=130 p99.9=156 p99.99=390 max=38090] adj[p50=26 p90=78 p99=78 p99.9=104 p99.99=338 max=38038] unknown_pct=0.00% (samples_above_p99=110903)
BENCH mode=replay-core-msg arm=empty msgs=1011698 rate=22993319 raw[p50=52 p90=52 p99=52 p99.99=78 max=33748] adj[p50=0 p90=0 p99=0 p99.99=26 max=33696] allocs=0 freq=2596.12MHz run=1
T1_PHASE2 arm=empty rate=22993319 raw[p50=52 p90=52 p99=52 p99.9=52 p99.99=78 max=33748] adj[p50=0 p90=0 p99=0 p99.9=0 p99.99=26 max=33696] unknown_pct=0.00% (samples_above_p99=369916)
BENCH mode=replay-core-msg arm=loop msgs=1011698 rate=23131353 raw[p50=52 p90=52 p99=52 p99.99=78 max=43472] adj[p50=0 p90=0 p99=0 p99.99=26 max=43420] allocs=0 freq=2596.12MHz run=1
T1_PHASE2 arm=loop rate=23131353 raw[p50=52 p90=52 p99=52 p99.9=52 p99.99=78 max=43472] adj[p50=0 p90=0 p99=0 p99.9=0 p99.99=26 max=43420] unknown_pct=0.00% (samples_above_p99=370713)
BENCH mode=replay-core-msg arm=cold msgs=505849 rate=14995236 raw[p50=78 p90=130 p99=130 p99.99=416 max=35204] adj[p50=26 p90=78 p99=78 p99.99=364 max=35152] allocs=0 freq=2596.12MHz run=1
T1_PHASE2 arm=cold rate=14995236 raw[p50=78 p90=130 p99=130 p99.9=156 p99.99=416 max=35204] adj[p50=26 p90=78 p99=78 p99.9=104 p99.99=364 max=35152] unknown_pct=0.00% (samples_above_p99=108381)
BENCH mode=replay-core-msg arm=empty msgs=1011698 rate=23004095 raw[p50=52 p90=52 p99=52 p99.99=78 max=36426] adj[p50=0 p90=0 p99=0 p99.99=26 max=36374] allocs=0 freq=2596.12MHz run=1
T1_PHASE2 arm=empty rate=23004095 raw[p50=52 p90=52 p99=52 p99.9=52 p99.99=78 max=36426] adj[p50=0 p90=0 p99=0 p99.9=0 p99.99=26 max=36374] unknown_pct=0.00% (samples_above_p99=370695)
BENCH mode=replay-core-msg arm=loop msgs=1011698 rate=23157017 raw[p50=52 p90=52 p99=52 p99.99=78 max=24752] adj[p50=0 p90=0 p99=0 p99.99=26 max=24700] allocs=0 freq=2596.12MHz run=1
T1_PHASE2 arm=loop rate=23157017 raw[p50=52 p90=52 p99=52 p99.9=52 p99.99=78 max=24752] adj[p50=0 p90=0 p99=0 p99.9=0 p99.99=26 max=24700] unknown_pct=0.00% (samples_above_p99=369982)
BENCH mode=replay-core-msg arm=cold msgs=505849 rate=14931284 raw[p50=78 p90=130 p99=130 p99.99=364 max=39546] adj[p50=26 p90=78 p99=78 p99.99=312 max=39494] allocs=0 freq=2596.12MHz run=1
T1_PHASE2 arm=cold rate=14931284 raw[p50=78 p90=130 p99=130 p99.9=156 p99.99=364 max=39546] adj[p50=26 p90=78 p99=78 p99.9=104 p99.99=312 max=39494] unknown_pct=0.00% (samples_above_p99=112044)
BENCH mode=replay-core-msg arm=empty msgs=1011698 rate=22931358 raw[p50=52 p90=52 p99=52 p99.99=78 max=20280] adj[p50=0 p90=0 p99=0 p99.99=26 max=20228] allocs=0 freq=2596.12MHz run=1
T1_PHASE2 arm=empty rate=22931358 raw[p50=52 p90=52 p99=52 p99.9=52 p99.99=78 max=20280] adj[p50=0 p90=0 p99=0 p99.9=0 p99.99=26 max=20228] unknown_pct=0.00% (samples_above_p99=369741)
BENCH mode=replay-core-msg arm=loop msgs=1011698 rate=23086846 raw[p50=52 p90=52 p99=52 p99.99=78 max=97110] adj[p50=0 p90=0 p99=0 p99.99=26 max=97058] allocs=0 freq=2596.12MHz run=1
T1_PHASE2 arm=loop rate=23086846 raw[p50=52 p90=52 p99=52 p99.9=52 p99.99=78 max=97110] adj[p50=0 p90=0 p99=0 p99.9=0 p99.99=26 max=97058] unknown_pct=0.00% (samples_above_p99=370194)
BENCH mode=replay-core-msg arm=cold msgs=505849 rate=14965579 raw[p50=78 p90=130 p99=130 p99.99=390 max=25506] adj[p50=26 p90=78 p99=78 p99.99=338 max=25454] allocs=0 freq=2596.12MHz run=1
T1_PHASE2 arm=cold rate=14965579 raw[p50=78 p90=130 p99=130 p99.9=156 p99.99=390 max=25506] adj[p50=26 p90=78 p99=78 p99.9=104 p99.99=338 max=25454] unknown_pct=0.00% (samples_above_p99=110855)
BENCH mode=replay-core-msg arm=empty msgs=1011698 rate=22895814 raw[p50=52 p90=52 p99=52 p99.99=78 max=31694] adj[p50=0 p90=0 p99=0 p99.99=26 max=31642] allocs=0 freq=2596.12MHz run=1
T1_PHASE2 arm=empty rate=22895814 raw[p50=52 p90=52 p99=52 p99.9=52 p99.99=78 max=31694] adj[p50=0 p90=0 p99=0 p99.9=0 p99.99=26 max=31642] unknown_pct=0.00% (samples_above_p99=371587)
BENCH mode=replay-core-msg arm=loop msgs=1011698 rate=23057326 raw[p50=52 p90=52 p99=52 p99.99=78 max=27612] adj[p50=0 p90=0 p99=0 p99.99=26 max=27560] allocs=0 freq=2596.12MHz run=1
T1_PHASE2 arm=loop rate=23057326 raw[p50=52 p90=52 p99=52 p99.9=52 p99.99=78 max=27612] adj[p50=0 p90=0 p99=0 p99.9=0 p99.99=26 max=27560] unknown_pct=0.00% (samples_above_p99=373978)
BENCH mode=replay-core-msg arm=cold msgs=505849 rate=14914570 raw[p50=78 p90=130 p99=130 p99.99=390 max=56810] adj[p50=26 p90=78 p99=78 p99.99=338 max=56758] allocs=0 freq=2596.12MHz run=1
T1_PHASE2 arm=cold rate=14914570 raw[p50=78 p90=130 p99=130 p99.9=156 p99.99=390 max=56810] adj[p50=26 p90=78 p99=78 p99.9=104 p99.99=338 max=56758] unknown_pct=0.00% (samples_above_p99=113426)
BENCH mode=replay-core-msg arm=empty msgs=1011698 rate=22817573 raw[p50=52 p90=52 p99=52 p99.99=78 max=33020] adj[p50=0 p90=0 p99=0 p99.99=26 max=32968] allocs=0 freq=2596.12MHz run=1
T1_PHASE2 arm=empty rate=22817573 raw[p50=52 p90=52 p99=52 p99.9=52 p99.99=78 max=33020] adj[p50=0 p90=0 p99=0 p99.9=0 p99.99=26 max=32968] unknown_pct=0.00% (samples_above_p99=374531)
BENCH mode=replay-core-msg arm=loop msgs=1011698 rate=23077606 raw[p50=52 p90=52 p99=52 p99.99=78 max=52702] adj[p50=0 p90=0 p99=0 p99.99=26 max=52650] allocs=0 freq=2596.12MHz run=1
T1_PHASE2 arm=loop rate=23077606 raw[p50=52 p90=52 p99=52 p99.9=52 p99.99=78 max=52702] adj[p50=0 p90=0 p99=0 p99.9=0 p99.99=26 max=52650] unknown_pct=0.00% (samples_above_p99=372524)
BENCH mode=replay-core-msg arm=cold msgs=505849 rate=14920685 raw[p50=78 p90=130 p99=130 p99.99=416 max=40196] adj[p50=26 p90=78 p99=78 p99.99=364 max=40144] allocs=0 freq=2596.12MHz run=1
T1_PHASE2 arm=cold rate=14920685 raw[p50=78 p90=130 p99=130 p99.9=156 p99.99=416 max=40196] adj[p50=26 p90=78 p99=78 p99.9=104 p99.99=364 max=40144] unknown_pct=0.00% (samples_above_p99=112429)
BENCH mode=replay-core-msg arm=empty msgs=1011698 rate=22920287 raw[p50=52 p90=52 p99=52 p99.99=78 max=32864] adj[p50=0 p90=0 p99=0 p99.99=26 max=32812] allocs=0 freq=2596.12MHz run=1
T1_PHASE2 arm=empty rate=22920287 raw[p50=52 p90=52 p99=52 p99.9=52 p99.99=78 max=32864] adj[p50=0 p90=0 p99=0 p99.9=0 p99.99=26 max=32812] unknown_pct=0.00% (samples_above_p99=372477)
BENCH mode=replay-core-msg arm=loop msgs=1011698 rate=23109160 raw[p50=52 p90=52 p99=52 p99.99=78 max=25480] adj[p50=0 p90=0 p99=0 p99.99=26 max=25428] allocs=0 freq=2596.12MHz run=1
T1_PHASE2 arm=loop rate=23109160 raw[p50=52 p90=52 p99=52 p99.9=52 p99.99=78 max=25480] adj[p50=0 p90=0 p99=0 p99.9=0 p99.99=26 max=25428] unknown_pct=0.00% (samples_above_p99=372259)
BENCH mode=replay-core-msg arm=cold msgs=505849 rate=14924732 raw[p50=78 p90=130 p99=130 p99.99=416 max=52624] adj[p50=26 p90=78 p99=78 p99.99=364 max=52572] allocs=0 freq=2596.12MHz run=1
T1_PHASE2 arm=cold rate=14924732 raw[p50=78 p90=130 p99=130 p99.9=156 p99.99=416 max=52624] adj[p50=26 p90=78 p99=78 p99.9=104 p99.99=364 max=52572] unknown_pct=0.00% (samples_above_p99=111924)
BENCH mode=replay-core-msg arm=empty msgs=1011698 rate=22908529 raw[p50=52 p90=52 p99=52 p99.99=78 max=36634] adj[p50=0 p90=0 p99=0 p99.99=26 max=36582] allocs=0 freq=2596.12MHz run=1
T1_PHASE2 arm=empty rate=22908529 raw[p50=52 p90=52 p99=52 p99.9=52 p99.99=78 max=36634] adj[p50=0 p90=0 p99=0 p99.9=0 p99.99=26 max=36582] unknown_pct=0.00% (samples_above_p99=372522)
BENCH mode=replay-core-msg arm=loop msgs=1011698 rate=23095613 raw[p50=52 p90=52 p99=52 p99.99=78 max=38610] adj[p50=0 p90=0 p99=0 p99.99=26 max=38558] allocs=0 freq=2596.12MHz run=1
T1_PHASE2 arm=loop rate=23095613 raw[p50=52 p90=52 p99=52 p99.9=52 p99.99=78 max=38610] adj[p50=0 p90=0 p99=0 p99.9=0 p99.99=26 max=38558] unknown_pct=0.00% (samples_above_p99=372151)
BENCH mode=replay-core-msg arm=cold msgs=505849 rate=14900134 raw[p50=78 p90=130 p99=130 p99.99=390 max=32604] adj[p50=26 p90=78 p99=78 p99.99=338 max=32552] allocs=0 freq=2596.12MHz run=1
T1_PHASE2 arm=cold rate=14900134 raw[p50=78 p90=130 p99=130 p99.9=156 p99.99=390 max=32604] adj[p50=26 p90=78 p99=78 p99.9=104 p99.99=338 max=32552] unknown_pct=0.00% (samples_above_p99=112481)
BENCH mode=replay-core-msg arm=empty msgs=1011698 rate=22880215 raw[p50=52 p90=52 p99=52 p99.99=78 max=48100] adj[p50=0 p90=0 p99=0 p99.99=26 max=48048] allocs=0 freq=2596.12MHz run=1
T1_PHASE2 arm=empty rate=22880215 raw[p50=52 p90=52 p99=52 p99.9=52 p99.99=78 max=48100] adj[p50=0 p90=0 p99=0 p99.9=0 p99.99=26 max=48048] unknown_pct=0.00% (samples_above_p99=372960)
BENCH mode=replay-core-msg arm=loop msgs=1011698 rate=23079119 raw[p50=52 p90=52 p99=52 p99.99=78 max=20774] adj[p50=0 p90=0 p99=0 p99.99=26 max=20722] allocs=0 freq=2596.12MHz run=1
T1_PHASE2 arm=loop rate=23079119 raw[p50=52 p90=52 p99=52 p99.9=52 p99.99=78 max=20774] adj[p50=0 p90=0 p99=0 p99.9=0 p99.99=26 max=20722] unknown_pct=0.00% (samples_above_p99=372791)
BENCH mode=replay-core-msg arm=cold msgs=505849 rate=14948169 raw[p50=78 p90=130 p99=130 p99.99=390 max=51922] adj[p50=26 p90=78 p99=78 p99.99=338 max=51870] allocs=0 freq=2596.12MHz run=1
T1_PHASE2 arm=cold rate=14948169 raw[p50=78 p90=130 p99=130 p99.9=156 p99.99=390 max=51922] adj[p50=26 p90=78 p99=78 p99.9=104 p99.99=338 max=51870] unknown_pct=0.00% (samples_above_p99=111459)
BENCH mode=replay-core-msg arm=empty msgs=1011698 rate=22948138 raw[p50=52 p90=52 p99=52 p99.99=78 max=67626] adj[p50=0 p90=0 p99=0 p99.99=26 max=67574] allocs=0 freq=2596.12MHz run=1
T1_PHASE2 arm=empty rate=22948138 raw[p50=52 p90=52 p99=52 p99.9=52 p99.99=78 max=67626] adj[p50=0 p90=0 p99=0 p99.9=0 p99.99=26 max=67574] unknown_pct=0.00% (samples_above_p99=370163)
BENCH mode=replay-core-msg arm=loop msgs=1011698 rate=23148203 raw[p50=52 p90=52 p99=52 p99.99=78 max=33696] adj[p50=0 p90=0 p99=0 p99.99=26 max=33644] allocs=0 freq=2596.12MHz run=1
T1_PHASE2 arm=loop rate=23148203 raw[p50=52 p90=52 p99=52 p99.9=52 p99.99=78 max=33696] adj[p50=0 p90=0 p99=0 p99.9=0 p99.99=26 max=33644] unknown_pct=0.00% (samples_above_p99=369201)
BENCH mode=replay-core-msg arm=cold msgs=505849 rate=14970737 raw[p50=78 p90=130 p99=130 p99.99=390 max=27586] adj[p50=26 p90=78 p99=78 p99.99=338 max=27534] allocs=0 freq=2596.12MHz run=1
T1_PHASE2 arm=cold rate=14970737 raw[p50=78 p90=130 p99=130 p99.9=156 p99.99=390 max=27586] adj[p50=26 p90=78 p99=78 p99.9=104 p99.99=338 max=27534] unknown_pct=0.00% (samples_above_p99=110026)
BENCH mode=replay-core-msg arm=empty msgs=1011698 rate=22958198 raw[p50=52 p90=52 p99=52 p99.99=78 max=31408] adj[p50=0 p90=0 p99=0 p99.99=26 max=31356] allocs=0 freq=2596.12MHz run=1
T1_PHASE2 arm=empty rate=22958198 raw[p50=52 p90=52 p99=52 p99.9=52 p99.99=78 max=31408] adj[p50=0 p90=0 p99=0 p99.9=0 p99.99=26 max=31356] unknown_pct=0.00% (samples_above_p99=370247)
BENCH mode=replay-core-msg arm=loop msgs=1011698 rate=23150287 raw[p50=52 p90=52 p99=52 p99.99=78 max=42848] adj[p50=0 p90=0 p99=0 p99.99=26 max=42796] allocs=0 freq=2596.12MHz run=1
T1_PHASE2 arm=loop rate=23150287 raw[p50=52 p90=52 p99=52 p99.9=52 p99.99=78 max=42848] adj[p50=0 p90=0 p99=0 p99.9=0 p99.99=26 max=42796] unknown_pct=0.00% (samples_above_p99=370797)
BENCH mode=replay-core-msg arm=cold msgs=505849 rate=14922854 raw[p50=78 p90=130 p99=130 p99.99=390 max=41340] adj[p50=26 p90=78 p99=78 p99.99=338 max=41288] allocs=0 freq=2596.12MHz run=1
T1_PHASE2 arm=cold rate=14922854 raw[p50=78 p90=130 p99=130 p99.9=156 p99.99=390 max=41340] adj[p50=26 p90=78 p99=78 p99.9=104 p99.99=338 max=41288] unknown_pct=0.00% (samples_above_p99=111934)
BENCH mode=replay-core-msg arm=empty msgs=1011698 rate=22930999 raw[p50=52 p90=52 p99=52 p99.99=78 max=34398] adj[p50=0 p90=0 p99=0 p99.99=26 max=34346] allocs=0 freq=2596.12MHz run=1
T1_PHASE2 arm=empty rate=22930999 raw[p50=52 p90=52 p99=52 p99.9=52 p99.99=78 max=34398] adj[p50=0 p90=0 p99=0 p99.9=0 p99.99=26 max=34346] unknown_pct=0.00% (samples_above_p99=371318)
BENCH mode=replay-core-msg arm=loop msgs=1011698 rate=23139777 raw[p50=52 p90=52 p99=52 p99.99=78 max=19318] adj[p50=0 p90=0 p99=0 p99.99=26 max=19266] allocs=0 freq=2596.12MHz run=1
T1_PHASE2 arm=loop rate=23139777 raw[p50=52 p90=52 p99=52 p99.9=52 p99.99=78 max=19318] adj[p50=0 p90=0 p99=0 p99.9=0 p99.99=26 max=19266] unknown_pct=0.00% (samples_above_p99=371903)
BENCH mode=replay-core-msg arm=cold msgs=505849 rate=14898301 raw[p50=78 p90=130 p99=130 p99.99=416 max=56082] adj[p50=26 p90=78 p99=78 p99.99=364 max=56030] allocs=0 freq=2596.12MHz run=1
T1_PHASE2 arm=cold rate=14898301 raw[p50=78 p90=130 p99=130 p99.9=156 p99.99=416 max=56082] adj[p50=26 p90=78 p99=78 p99.9=104 p99.99=364 max=56030] unknown_pct=0.00% (samples_above_p99=112549)
BENCH mode=replay-core-msg arm=empty msgs=1011698 rate=22900740 raw[p50=52 p90=52 p99=52 p99.99=78 max=46332] adj[p50=0 p90=0 p99=0 p99.99=26 max=46280] allocs=0 freq=2596.12MHz run=1
T1_PHASE2 arm=empty rate=22900740 raw[p50=52 p90=52 p99=52 p99.9=52 p99.99=78 max=46332] adj[p50=0 p90=0 p99=0 p99.9=0 p99.99=26 max=46280] unknown_pct=0.00% (samples_above_p99=372578)
BENCH mode=replay-core-msg arm=loop msgs=1011698 rate=23263384 raw[p50=52 p90=52 p99=52 p99.99=78 max=45786] adj[p50=0 p90=0 p99=0 p99.99=26 max=45734] allocs=0 freq=2596.12MHz run=1
T1_PHASE2 arm=loop rate=23263384 raw[p50=52 p90=52 p99=52 p99.9=52 p99.99=78 max=45786] adj[p50=0 p90=0 p99=0 p99.9=0 p99.99=26 max=45734] unknown_pct=0.00% (samples_above_p99=364479)
BENCH mode=replay-core-msg arm=cold msgs=505849 rate=15583606 raw[p50=78 p90=130 p99=130 p99.99=390 max=37544] adj[p50=26 p90=78 p99=78 p99.99=338 max=37492] allocs=0 freq=2596.12MHz run=1
T1_PHASE2 arm=cold rate=15583606 raw[p50=78 p90=130 p99=130 p99.9=130 p99.99=390 max=37544] adj[p50=26 p90=78 p99=78 p99.9=78 p99.99=338 max=37492] unknown_pct=0.00% (samples_above_p99=62789)
BENCH mode=replay-core-msg arm=empty msgs=1011698 rate=23896846 raw[p50=52 p90=52 p99=52 p99.99=78 max=27898] adj[p50=0 p90=0 p99=0 p99.99=26 max=27846] allocs=0 freq=2596.12MHz run=1
T1_PHASE2 arm=empty rate=23896846 raw[p50=52 p90=52 p99=52 p99.9=52 p99.99=78 max=27898] adj[p50=0 p90=0 p99=0 p99.9=0 p99.99=26 max=27846] unknown_pct=0.00% (samples_above_p99=326944)
BENCH mode=replay-core-msg arm=loop msgs=1011698 rate=24178174 raw[p50=52 p90=52 p99=52 p99.99=78 max=69238] adj[p50=0 p90=0 p99=0 p99.99=26 max=69186] allocs=0 freq=2596.12MHz run=1
T1_PHASE2 arm=loop rate=24178174 raw[p50=52 p90=52 p99=52 p99.9=52 p99.99=78 max=69238] adj[p50=0 p90=0 p99=0 p99.9=0 p99.99=26 max=69186] unknown_pct=0.00% (samples_above_p99=327067)
BENCH mode=replay-core-msg arm=cold msgs=505849 rate=15600443 raw[p50=78 p90=130 p99=130 p99.99=442 max=37700] adj[p50=26 p90=78 p99=78 p99.99=390 max=37648] allocs=0 freq=2596.12MHz run=1
T1_PHASE2 arm=cold rate=15600443 raw[p50=78 p90=130 p99=130 p99.9=130 p99.99=442 max=37700] adj[p50=26 p90=78 p99=78 p99.9=78 p99.99=390 max=37648] unknown_pct=0.00% (samples_above_p99=62353)
TARGET1_PHASE_A empty_p50=52 cyc (spread=0 cyc) loop_p50=52 cyc (spread=0 cyc) full_p50=78 cyc (spread=0 cyc) loop_cost=0 cyc work_residual=26 cyc VERDICT=PASS
=== 7. DOSE-RESPONSE VALIDATION SWEEP (Law A-1d) ===
DOSE_RESPONSE_POINT K=0 p50=52 cyc
DOSE_RESPONSE_POINT K=10 p50=52 cyc
DOSE_RESPONSE_POINT K=20 p50=52 cyc
DOSE_RESPONSE_POINT K=50 p50=52 cyc
DOSE_RESPONSE_POINT K=100 p50=52 cyc
DOSE_RESPONSE_VERDICT K0=52 K10=52 K20=52 K50=52 K100=52 slope=0.000 cyc/unit VERDICT=PASS
=== 7b. LAW B-3b (i) SAMPLING BIAS PROBE (1-IN-4 DENSE vs 1-IN-256 SPARSE) ===
BIAS_PROBE dense_mean=57.77 cyc sparse_mean=59.39 cyc bias=2.79% VERDICT=FAIL
=== 7c. LAW B-3b (ii) INTER-BRACKET GAP PROBE ===
GAP_PROBE sampled_intervals=1974 total_period_cyc=16223740 sparse_period_est=32.10 cyc
=== 8. PHASE B-REDO: STRICT 8-ARM STAGE-ECTOMY DECOMPOSITION (20 RUNS EACH) ===
RUNNER_IDENTITY cpu="AMD EPYC 9V45 96-Core Processor" freq_mhz=2596.12
STAGE_ECTOMY_RATES CONFIG_TAG="clean_replay" sampling="none" r0_hash=35.61M r0_fast=82.78M r0_disp=821.50M r1_count=815.42M r2_noproof=951.07M r3_noseq=1510.18M r4_noitch=1016.37M r5_noblock=6045.40M r6_poll=6393.60M
STAGE_ECTOMY_CYCLES CONFIG_TAG="clean_replay" c0=72.91 c0_fast=31.36 c0_disp=3.16 c1=3.18 c2=2.73 c3=1.72 c4=2.55 c5=0.43 c6=0.41
PR2_PROD_VERDICT rate=82777337 c0_fast=31.36 cyc fast_hash=28.20 cyc -> p50 < 60: PASS
H10_SINK_SPLIT total_sink=69.73 cyc fnv_math=69.75 cyc (100.0%) sink_dispatch=0.00 cyc (0.0%) H10_VERDICT=REFUTED
STAGE_ECTOMY_DECOMPOSITION delta_hash_total=69.73 (fnv=69.75, disp=0.00) delta_proof=0.45 (< 1.00 cyc bounded) delta_seq=1.01 delta_itch=0.00 (< 1.00 cyc bounded) delta_block=2.12 delta_header=0.02 poll_base=0.41
RECONCILIATION_COMPOSITE rate_total_c0=72.91 cyc bracket_mean=59.70 cyc sparse_period_est=32.10 cyc diff_rate_bracket=18.12% diff_bracket_gap=46.23% composite_residual=46.23% VERDICT=FAIL
=== 9. H9 REPETITION OVERHEAD SWEEP ===
H9_POINT limit=10000 msgs rate=28.45M msg/s cyc_msg=91.26
H9_POINT limit=50000 msgs rate=35.73M msg/s cyc_msg=72.66
H9_POINT limit=250000 msgs rate=36.12M msg/s cyc_msg=71.87
H9_POINT limit=505849 msgs rate=35.66M msg/s cyc_msg=72.80
=== 11b. R6: PR-1 HYDRA Bit-Exact Multi-Core Span Conformance (UNPINNED) ===
[1m[92m    Finished[0m `release` profile [optimized] target(s) in 0.00s
[1m[92m     Running[0m `target/release/bench --sample data/tests/sample-mini.itch --hydra-only --runs 7`
BENCH_CALIBRATION invariant_tsc=true freq_mhz=2596.12 mark_overhead_cycles=52
=== R6. PR-1 HYDRA BIT-EXACT MULTI-CORE SPAN CONFORMANCE ===
BLOB_BACKING mode=mmap anon_huge_kb=16384 map_mb=16.5 verdict=thp-granted
HYDRA_BITPARITY sequential=(count=505849 hash=0x881639cead506f25 msg_hash=0xcbf29ce484222325) hydra=(count=505849 hash=0x881639cead506f25 msg_hash=0xcbf29ce484222325) -> BIT-EXACT
BENCH mode=replay-hydra-burst msgs=505849 rate=1502315027 allocs=0 freq=2596.12MHz workers=2 run=1
BENCH mode=replay-hydra-burst msgs=505849 rate=1558352459 allocs=0 freq=2596.12MHz workers=2 run=2
BENCH mode=replay-hydra-burst msgs=505849 rate=1660399468 allocs=0 freq=2596.12MHz workers=2 run=3
BENCH mode=replay-hydra-burst msgs=505849 rate=1731671664 allocs=0 freq=2596.12MHz workers=2 run=4
BENCH mode=replay-hydra-burst msgs=505849 rate=1738109636 allocs=0 freq=2596.12MHz workers=2 run=5
BENCH mode=replay-hydra-burst msgs=505849 rate=1739723624 allocs=0 freq=2596.12MHz workers=2 run=6
BENCH mode=replay-hydra-burst msgs=505849 rate=1710099019 allocs=0 freq=2596.12MHz workers=2 run=7
BENCH_MEDIAN mode=replay-hydra-burst rate=1710099019
R23B_AFFINE_VERDICT arm=burst armed=false tag_hits=0 payload_fallbacks=0 ledger_rows=0 (R23c: workers verify spans from register tags, zero payload reads; the (prefix,cum) triple checked per-span by the scalar affine law)
PR1_HYDRA_VERDICT rate=1710099019 (bit-exact multi-core span conformance: 2 workers, every emitted byte CRC32C-checked in-window, ordered serial fold)
PR1_GIGAHFT_BURST_VERDICT rate=1710099019 target=1000000000 -> PASS (R7 burst reference; the sustained arm below is the gate)
DIAG sustained: passes=17752 reset_ms=436.9 scan_ms=4559.7 end_ms=0.9 pending_max=7070 batches=390544 wait_ms=35.5 work_ms=4158.3 fold_ms=290.6 assist_chunks=397821 bytes_per_msg=27.65 crc_demand_gb_s=49.66
DIAG worker[0] sustained: cpu0(pinned) placement=[0, 2] batches=601883 spans=77034831 eval_ms=4968.9 idle_iters=21982 res_waits=0 fw=0 fw_ms=0.0
DIAG worker[1] sustained: cpu2(pinned) placement=[0, 2] batches=745032 spans=95358876 eval_ms=4955.7 idle_iters=25137 res_waits=0 fw=0 fw_ms=0.0
DIAG rx sustained: publications=390604 polls=1544662 prod_ms=1518.2 bufwait_laps=141955 resets=17754 eos_parks=0 nbuf=16 rx_actual_cpu=3
ADVANCE_DIAGNOSTIC sustained: advances=17754 advance_ms=113.8 us_per_advance=6.4 (F-5 reset/auto-advance hygiene — the synchronous bake tail the per-publication prepatch budget drains; HFT_PREPATCH_BUDGET prices it)
RXWARM_DIAGNOSTIC sustained: enabled=false fixes=0 uncovered=0 last_pass_fixes=0 (F-1 frame-entry warm start; the steady-state law is fixes==0 on pass>=2 — the kill rule reads persistent fixes)
RXBUILD_DIAGNOSTIC sustained: enabled=true patches=390496204 last_pass_patches=22060 frames=21996 (F-2 publish-by-reference master; the steady-state law is every patchable entry patched exactly once per pass boundary)
DIAG cons sustained: parks=15 park_ms=1.5 slow_waits=15 slow_ms=1.8
BENCH mode=replay-hydra-sustained-5s total_msgs=8979831448 duration=5.00s sustained_rate=1795876352 msg/s allocs=0 workers=2 crc_kernel=reflect
PR1_HYDRA_SUSTAINED_VERDICT rate=1795876352 (duration=5.00s, total_msgs=8979831448, workers=2)
PR1_GIGAHFT_VERDICT rate=1795876352 target=1000000000 -> PASS (Project 1.0B: bit-exact, zero-alloc, every byte verified in-window, cross-pass double-buffered fabric)
PR1_R8_FULL_VERIFY_VERDICT rate=1795876352 target=1000000000 -> PASS (R8: 1B msg/s sustained full verification — bit-exact, zero-alloc, every byte CRC32C-verified in-window)
PR1_R16_FULL_VERIFY_VERDICT rate=1795876352 target=2000000000 -> FAIL (R16: 2B msg/s sustained full verification — the Double Helix program, docs/29)
R16B_RXDESC_VERDICT rx_fixes=0 assist_chunks=397821 (array-driven submission telemetry; fixes=0 means every RX prefill entry was already exact)
R23B_AFFINE_VERDICT arm=sustained armed=false tag_hits=0 payload_fallbacks=0 ledger_rows=0 (R23c: zero-re-read affine verification on the worker fabric)
PR1_R23_AFFINE_SUSTAINED_VERDICT rate=1795876352 target=2500000000 -> FAIL (R23: 2.5B+ sustained full verification from register tags — the affine-span algebra program, docs/36)
BLOB_BACKING mode=mmap anon_huge_kb=16384 map_mb=16.5 verdict=thp-granted
=== 11c. R8: Kernel-Ceiling Microbenchmark (fabric physics telemetry) ===
[1m[92m    Finished[0m `release` profile [optimized] target(s) in 0.00s
[1m[92m     Running[0m `target/release/kbench`
KBENCH topo cpus=[0, 2, 1, 3] phys=2 smt=true fold512=true
KBENCH spec_slice_vec=true
KBENCH mode=scalar8lane threads=1 cpu=0 pinned=true gb_s=74.75 bytes=22429255296 iters=2674 sink=0xbedb8ba779de450f
KBENCH mode=pclmul128_raw threads=1 cpu=0 pinned=true gb_s=16.23 bytes=4873781248 iters=581 sink=0x942dad7c7a327323
KBENCH mode=crc32_pclmul_mix threads=1 cpu=0 pinned=true gb_s=33.84 bytes=10158604288 iters=1211 sink=0x5c504f01bdfb43ce
KBENCH mode=fold512 threads=1 cpu=0 pinned=true gb_s=61.58 bytes=18478552512 iters=2203 sink=0xbedb8ba779de450f
KBENCH mode=fold512_r threads=1 cpu=0 pinned=true gb_s=58.40 bytes=17522331456 iters=2089 sink=0xbedb8ba779de450f
KBENCH mode=fold512_rv threads=1 cpu=0 pinned=true gb_s=58.70 bytes=17614598400 iters=2100 sink=0xbedb8ba779de450f
KBENCH mode=fold512_rc threads=1 cpu=0 pinned=true gb_s=62.92 bytes=18881171904 iters=2251 sink=0xbedb8ba779de450f
KBENCH mode=fold512_rd threads=1 cpu=0 pinned=true gb_s=49.90 bytes=14972408640 iters=1785 sink=0xbedb8ba779de450f
KBENCH mode=fold512_ro threads=1 cpu=0 pinned=true gb_s=38.69 bytes=11608859136 iters=1384 sink=0xbedb8ba779de450f
KBENCH mode=fold512_r_pair threads=1 cpu=0 pinned=true gb_s=58.76 bytes=17628549120 iters=2102 sink=0x719eebd64a14675a
KBENCH mode=fold512_eval2 threads=1 cpu=0 pinned=true gb_s=58.10 bytes=17435658240 iters=2079 sink=0x719eebd64a14675a
KBENCH mode=fold512_pair threads=1 cpu=0 pinned=true gb_s=53.12 bytes=15942850560 iters=1901 sink=0x719eebd64a14675a
KBENCH mode=fold512_tri threads=1 cpu=0 pinned=true gb_s=58.63 bytes=17597822592 iters=2098 sink=0xbedb8ba779de450f
KBENCH mode=fold512_tri_r threads=1 cpu=0 pinned=true gb_s=42.90 bytes=12875432640 iters=1535 sink=0xbedb8ba779de450f
KBENCH mode=fold512_pclmul_mix threads=1 cpu=0 pinned=true gb_s=35.05 bytes=10518431616 iters=1254 sink=0x3e36c56e483ee8a7
KBENCH mode=fold512_noend threads=1 cpu=0 pinned=true gb_s=58.08 bytes=17430064512 iters=2078 sink=0x4bb11da019b76839
KBENCH mode=fold512_pre threads=1 cpu=0 pinned=true gb_s=52.46 bytes=15744095808 iters=1877 sink=0xbedb8ba779de450f
KBENCH mode=fold512_t threads=1 cpu=0 pinned=true gb_s=56.53 bytes=16960341888 iters=2022 sink=0xbedb8ba779de450f
KBENCH mode=fold512_supply threads=1 cpu=0 pinned=true gb_s=58.12 bytes=17439194304 iters=1163 sink=0x633508877c074750
KBENCH mode=affine_sub_1t threads=1 cpu=0 pinned=true gb_s=146.83 ns_per_span=9.15 msgs_s=4588484995 bytes=44053271808 iters=5252 sink=0xb6d735b8
KBENCH mode=affine_sub_8lane threads=1 cpu=0 pinned=true gb_s=112.39 ns_per_span=11.96 msgs_s=3512069709 bytes=33719374080 iters=4020 sink=0xbedb8ba779de450f
KBENCH mode=spec_slice_512 threads=1 cpu=0 pinned=true gb_s=3.51 msgs_s=161503320 ns_per_msg=6.192 msgs=48569472 iters=126 sink=0x95e9af94a6268d11
KBENCH mode=spec_slice_512_vec threads=1 cpu=0 pinned=true gb_s=3.75 msgs_s=172314134 ns_per_msg=5.803 msgs=52038720 iters=135 sink=0x0
KBENCH mode=scalar8lane threads=2 placement=2cpu_distinct cpus=0,2 pinned=true gb_s=147.60 bytes=73218014016 sink=0xd48a9dbb3705b94e
KBENCH mode=fold512 threads=2 placement=2cpu_distinct cpus=0,2 pinned=true gb_s=124.92 bytes=62129204928 sink=0xd48a9dbb3705b94e
KBENCH mode=fold512_r threads=2 placement=2cpu_distinct cpus=0,2 pinned=true gb_s=115.39 bytes=57406814976 sink=0xd48a9dbb3705b94e
KBENCH mode=fold512_rv threads=2 placement=2cpu_distinct cpus=0,2 pinned=true gb_s=115.30 bytes=57280996416 sink=0xd48a9dbb3705b94e
KBENCH mode=fold512_rc threads=2 placement=2cpu_distinct cpus=0,2 pinned=true gb_s=124.75 bytes=62028550080 sink=0xd48a9dbb3705b94e
KBENCH mode=fold512_rd threads=2 placement=2cpu_distinct cpus=0,2 pinned=true gb_s=99.45 bytes=49471857792 sink=0xd48a9dbb3705b94e
KBENCH mode=fold512_ro threads=2 placement=2cpu_distinct cpus=0,2 pinned=true gb_s=77.04 bytes=38248842240 sink=0xd48a9dbb3705b94e
KBENCH mode=fold512_tri threads=2 placement=2cpu_distinct cpus=0,2 pinned=true gb_s=124.38 bytes=61835628288 sink=0xd48a9dbb3705b94e
KBENCH mode=fold512_tri_r threads=2 placement=2cpu_distinct cpus=0,2 pinned=true gb_s=85.80 bytes=42744758784 sink=0xd48a9dbb3705b94e
KBENCH mode=scalar8lane threads=2 placement=2cpu_smt cpus=0,1 pinned=true gb_s=74.73 bytes=37175190528 sink=0xf0ad3334c151ef0a
KBENCH mode=fold512 threads=2 placement=2cpu_smt cpus=0,1 pinned=true gb_s=64.14 bytes=31865647296 sink=0xf0ad3334c151ef0a
KBENCH mode=fold512_r threads=2 placement=2cpu_smt cpus=0,1 pinned=true gb_s=56.52 bytes=28082702592 sink=0xf0ad3334c151ef0a
KBENCH mode=fold512_rv threads=2 placement=2cpu_smt cpus=0,1 pinned=true gb_s=55.99 bytes=27856229184 sink=0xf0ad3334c151ef0a
KBENCH mode=fold512_rc threads=2 placement=2cpu_smt cpus=0,1 pinned=true gb_s=63.98 bytes=31798544064 sink=0xf0ad3334c151ef0a
KBENCH mode=fold512_rd threads=2 placement=2cpu_smt cpus=0,1 pinned=true gb_s=48.72 bytes=24241042560 sink=0xf0ad3334c151ef0a
KBENCH mode=fold512_ro threads=2 placement=2cpu_smt cpus=0,1 pinned=true gb_s=35.41 bytes=17589434688 sink=0xf0ad3334c151ef0a
KBENCH mode=fold512_tri threads=2 placement=2cpu_smt cpus=0,1 pinned=true gb_s=61.62 bytes=30657789120 sink=0xf0ad3334c151ef0a
KBENCH mode=fold512_tri_r threads=2 placement=2cpu_smt cpus=0,1 pinned=true gb_s=42.98 bytes=21355603584 sink=0xf0ad3334c151ef0a
KBENCH done
=== 11d. R9: Fabric-Shape Kernel Ablation (layout attribution telemetry) ===
[1m[92m    Finished[0m `release` profile [optimized] target(s) in 0.00s
[1m[92m     Running[0m `target/release/fbench --stage all --workers 2 --ms 1000`
BLOB_BACKING mode=mmap anon_huge_kb=16384 map_mb=16.5 verdict=thp-granted
FBENCH lens total=10992 lt64=0 lt192=0 lt512=0 ge512=10992 bytes_lt192=0 pct_bytes_lt192=0.00
FBENCH topo cpus=[0, 2, 1, 3] kernel=reflect workers=2 place=smt bodies=10992 msgs=505849 avg_bytes=1362.6 total_mb=15.0 freq_mhz=4250
FBENCH stage=P spans=35735888 gb_s=48.71 cyc_span=237.8 sink=0x7ec50194d71ad55d
FBENCH stage=K spans=36126624 gb_s=49.24 cyc_span=235.2 sink=0xfcecba2cd1fa29cc
FBENCH stage=D spans=34677569 gb_s=47.71 cyc_span=242.7 sink=0x2112341
FBENCH stage=R spans=33854250 gb_s=46.56 cyc_span=248.7 sink=0x204932a
FBENCH stage=F spans=33947943 gb_s=46.75 cyc_span=247.7 sink=0x2060127
FBENCH done
=== 11e. R11: Unarmed Prepatch Soak (rollback evidence) ===
[1m[92m    Finished[0m `release` profile [optimized] target(s) in 0.00s
[1m[92m     Running[0m `target/release/bench --hydra-only`
BENCH_CALIBRATION invariant_tsc=true freq_mhz=2596.12 mark_overhead_cycles=52
=== R6. PR-1 HYDRA BIT-EXACT MULTI-CORE SPAN CONFORMANCE ===
BLOB_BACKING mode=mmap anon_huge_kb=16384 map_mb=16.5 verdict=thp-granted
HYDRA_BITPARITY sequential=(count=505849 hash=0x881639cead506f25 msg_hash=0xcbf29ce484222325) hydra=(count=505849 hash=0x881639cead506f25 msg_hash=0xcbf29ce484222325) -> BIT-EXACT
BENCH mode=replay-hydra-burst msgs=505849 rate=1515752349 allocs=0 freq=2596.12MHz workers=2 run=1
BENCH mode=replay-hydra-burst msgs=505849 rate=1663353216 allocs=0 freq=2596.12MHz workers=2 run=2
BENCH mode=replay-hydra-burst msgs=505849 rate=1651498382 allocs=0 freq=2596.12MHz workers=2 run=3
BENCH mode=replay-hydra-burst msgs=505849 rate=1719352569 allocs=0 freq=2596.12MHz workers=2 run=4
BENCH mode=replay-hydra-burst msgs=505849 rate=1737088992 allocs=0 freq=2596.12MHz workers=2 run=5
BENCH_MEDIAN mode=replay-hydra-burst rate=1663353216
R23B_AFFINE_VERDICT arm=burst armed=false tag_hits=0 payload_fallbacks=0 ledger_rows=0 (R23c: workers verify spans from register tags, zero payload reads; the (prefix,cum) triple checked per-span by the scalar affine law)
PR1_HYDRA_VERDICT rate=1663353216 (bit-exact multi-core span conformance: 2 workers, every emitted byte CRC32C-checked in-window, ordered serial fold)
PR1_GIGAHFT_BURST_VERDICT rate=1663353216 target=1000000000 -> PASS (R7 burst reference; the sustained arm below is the gate)
DIAG sustained: passes=17443 reset_ms=936.6 scan_ms=4059.9 end_ms=0.9 pending_max=8212 batches=383746 wait_ms=36.0 work_ms=3662.1 fold_ms=285.2 assist_chunks=294784 bytes_per_msg=27.65 crc_demand_gb_s=48.80
DIAG worker[0] sustained: cpu0(pinned) placement=[0, 2] batches=635225 spans=81288885 eval_ms=4950.1 idle_iters=54257 res_waits=0 fw=0 fw_ms=0.0
DIAG worker[1] sustained: cpu2(pinned) placement=[0, 2] batches=737351 spans=94360623 eval_ms=4940.6 idle_iters=53391 res_waits=26 fw=0 fw_ms=0.0
DIAG rx sustained: publications=383806 polls=1517779 prod_ms=1452.9 bufwait_laps=139645 resets=17445 eos_parks=0 nbuf=16 rx_actual_cpu=3
ADVANCE_DIAGNOSTIC sustained: advances=17445 advance_ms=567.0 us_per_advance=32.5 (F-5 reset/auto-advance hygiene — the synchronous bake tail the per-publication prepatch budget drains; HFT_PREPATCH_BUDGET prices it)
RXWARM_DIAGNOSTIC sustained: enabled=false fixes=0 uncovered=0 last_pass_fixes=0 (F-1 frame-entry warm start; the steady-state law is fixes==0 on pass>=2 — the kill rule reads persistent fixes)
RXBUILD_DIAGNOSTIC sustained: enabled=true patches=383698224 last_pass_patches=21996 frames=21996 (F-2 publish-by-reference master; the steady-state law is every patchable entry patched exactly once per pass boundary)
DIAG cons sustained: parks=19 park_ms=5.5 slow_waits=19 slow_ms=5.7
BENCH mode=replay-hydra-sustained-5s total_msgs=8823524107 duration=5.00s sustained_rate=1764593102 msg/s allocs=0 workers=2 crc_kernel=reflect
PR1_HYDRA_SUSTAINED_VERDICT rate=1764593102 (duration=5.00s, total_msgs=8823524107, workers=2)
PR1_GIGAHFT_VERDICT rate=1764593102 target=1000000000 -> PASS (Project 1.0B: bit-exact, zero-alloc, every byte verified in-window, cross-pass double-buffered fabric)
PR1_R8_FULL_VERIFY_VERDICT rate=1764593102 target=1000000000 -> PASS (R8: 1B msg/s sustained full verification — bit-exact, zero-alloc, every byte CRC32C-verified in-window)
PR1_R16_FULL_VERIFY_VERDICT rate=1764593102 target=2000000000 -> FAIL (R16: 2B msg/s sustained full verification — the Double Helix program, docs/29)
R16B_RXDESC_VERDICT rx_fixes=0 assist_chunks=294784 (array-driven submission telemetry; fixes=0 means every RX prefill entry was already exact)
R23B_AFFINE_VERDICT arm=sustained armed=false tag_hits=0 payload_fallbacks=0 ledger_rows=0 (R23c: zero-re-read affine verification on the worker fabric)
PR1_R23_AFFINE_SUSTAINED_VERDICT rate=1764593102 target=2500000000 -> FAIL (R23: 2.5B+ sustained full verification from register tags — the affine-span algebra program, docs/36)
=== 11k. R16d/R17: Siblings Placement Soak (ring+siblings — the A1 anomaly pricing) ===
[1m[92m    Finished[0m `release` profile [optimized] target(s) in 0.00s
[1m[92m     Running[0m `target/release/bench --hydra-only`
BENCH_CALIBRATION invariant_tsc=true freq_mhz=2596.12 mark_overhead_cycles=52
=== R6. PR-1 HYDRA BIT-EXACT MULTI-CORE SPAN CONFORMANCE ===
BLOB_BACKING mode=mmap anon_huge_kb=16384 map_mb=16.5 verdict=thp-granted
HYDRA_BITPARITY sequential=(count=505849 hash=0x881639cead506f25 msg_hash=0xcbf29ce484222325) hydra=(count=505849 hash=0x881639cead506f25 msg_hash=0xcbf29ce484222325) -> BIT-EXACT
BENCH mode=replay-hydra-burst msgs=505849 rate=1297910663 allocs=0 freq=2596.12MHz workers=2 run=1
BENCH mode=replay-hydra-burst msgs=505849 rate=1464293571 allocs=0 freq=2596.12MHz workers=2 run=2
BENCH mode=replay-hydra-burst msgs=505849 rate=1441723858 allocs=0 freq=2596.12MHz workers=2 run=3
BENCH mode=replay-hydra-burst msgs=505849 rate=1532355685 allocs=0 freq=2596.12MHz workers=2 run=4
BENCH mode=replay-hydra-burst msgs=505849 rate=1502497980 allocs=0 freq=2596.12MHz workers=2 run=5
BENCH_MEDIAN mode=replay-hydra-burst rate=1464293571
R23B_AFFINE_VERDICT arm=burst armed=false tag_hits=0 payload_fallbacks=0 ledger_rows=0 (R23c: workers verify spans from register tags, zero payload reads; the (prefix,cum) triple checked per-span by the scalar affine law)
PR1_HYDRA_VERDICT rate=1464293571 (bit-exact multi-core span conformance: 2 workers, every emitted byte CRC32C-checked in-window, ordered serial fold)
PR1_GIGAHFT_BURST_VERDICT rate=1464293571 target=1000000000 -> PASS (R7 burst reference; the sustained arm below is the gate)
DIAG sustained: passes=17435 reset_ms=393.6 scan_ms=4585.7 end_ms=9.8 pending_max=11369 batches=383570 wait_ms=27.8 work_ms=4193.7 fold_ms=287.1 assist_chunks=648461 bytes_per_msg=27.65 crc_demand_gb_s=48.77
DIAG worker[0] sustained: cpu2(pinned) placement=[2, 3] batches=597389 spans=76460973 eval_ms=4954.0 idle_iters=33181 res_waits=158 fw=0 fw_ms=0.0
DIAG worker[1] sustained: cpu3(pinned) placement=[2, 3] batches=595239 spans=76185312 eval_ms=4955.0 idle_iters=28909 res_waits=0 fw=0 fw_ms=0.0
DIAG rx sustained: publications=383630 polls=1517083 prod_ms=1486.7 bufwait_laps=139560 resets=17437 eos_parks=0 nbuf=16 rx_actual_cpu=1
ADVANCE_DIAGNOSTIC sustained: advances=17437 advance_ms=81.6 us_per_advance=4.7 (F-5 reset/auto-advance hygiene — the synchronous bake tail the per-publication prepatch budget drains; HFT_PREPATCH_BUDGET prices it)
RXWARM_DIAGNOSTIC sustained: enabled=false fixes=0 uncovered=0 last_pass_fixes=0 (F-1 frame-entry warm start; the steady-state law is fixes==0 on pass>=2 — the kill rule reads persistent fixes)
RXBUILD_DIAGNOSTIC sustained: enabled=true patches=383523472 last_pass_patches=21996 frames=21996 (F-2 publish-by-reference master; the steady-state law is every patchable entry patched exactly once per pass boundary)
DIAG cons sustained: parks=15 park_ms=3.1 slow_waits=15 slow_ms=3.3
BENCH mode=replay-hydra-sustained-5s total_msgs=8819477315 duration=5.00s sustained_rate=1763801733 msg/s allocs=0 workers=2 crc_kernel=reflect
PR1_HYDRA_SUSTAINED_VERDICT rate=1763801733 (duration=5.00s, total_msgs=8819477315, workers=2)
PR1_GIGAHFT_VERDICT rate=1763801733 target=1000000000 -> PASS (Project 1.0B: bit-exact, zero-alloc, every byte verified in-window, cross-pass double-buffered fabric)
PR1_R8_FULL_VERIFY_VERDICT rate=1763801733 target=1000000000 -> PASS (R8: 1B msg/s sustained full verification — bit-exact, zero-alloc, every byte CRC32C-verified in-window)
PR1_R16_FULL_VERIFY_VERDICT rate=1763801733 target=2000000000 -> FAIL (R16: 2B msg/s sustained full verification — the Double Helix program, docs/29)
R16B_RXDESC_VERDICT rx_fixes=0 assist_chunks=648461 (array-driven submission telemetry; fixes=0 means every RX prefill entry was already exact)
R23B_AFFINE_VERDICT arm=sustained armed=false tag_hits=0 payload_fallbacks=0 ledger_rows=0 (R23c: zero-re-read affine verification on the worker fabric)
PR1_R23_AFFINE_SUSTAINED_VERDICT rate=1763801733 target=2500000000 -> FAIL (R23: 2.5B+ sustained full verification from register tags — the affine-span algebra program, docs/36)
=== 11l. R22.1: Tri-Stream Fold ARMED Soak (the value-exact mirror tri) ===
[1m[92m    Finished[0m `release` profile [optimized] target(s) in 0.00s
[1m[92m     Running[0m `target/release/bench --hydra-only`
BENCH_CALIBRATION invariant_tsc=true freq_mhz=2596.12 mark_overhead_cycles=52
=== R6. PR-1 HYDRA BIT-EXACT MULTI-CORE SPAN CONFORMANCE ===
BLOB_BACKING mode=mmap anon_huge_kb=14336 map_mb=16.5 verdict=thp-granted
HYDRA_BITPARITY sequential=(count=505849 hash=0x881639cead506f25 msg_hash=0xcbf29ce484222325) hydra=(count=505849 hash=0x881639cead506f25 msg_hash=0xcbf29ce484222325) -> BIT-EXACT
BENCH mode=replay-hydra-burst msgs=505849 rate=522627971 allocs=0 freq=2596.12MHz workers=2 run=1
BENCH mode=replay-hydra-burst msgs=505849 rate=637954757 allocs=0 freq=2596.12MHz workers=2 run=2
BENCH mode=replay-hydra-burst msgs=505849 rate=1508506520 allocs=0 freq=2596.12MHz workers=2 run=3
BENCH mode=replay-hydra-burst msgs=505849 rate=1225213507 allocs=0 freq=2596.12MHz workers=2 run=4
BENCH mode=replay-hydra-burst msgs=505849 rate=1573995189 allocs=0 freq=2596.12MHz workers=2 run=5
BENCH_MEDIAN mode=replay-hydra-burst rate=1225213507
R23B_AFFINE_VERDICT arm=burst armed=false tag_hits=0 payload_fallbacks=0 ledger_rows=0 (R23c: workers verify spans from register tags, zero payload reads; the (prefix,cum) triple checked per-span by the scalar affine law)
PR1_HYDRA_VERDICT rate=1225213507 (bit-exact multi-core span conformance: 2 workers, every emitted byte CRC32C-checked in-window, ordered serial fold)
PR1_GIGAHFT_BURST_VERDICT rate=1225213507 target=1000000000 -> PASS (R7 burst reference; the sustained arm below is the gate)
DIAG sustained: passes=16514 reset_ms=463.5 scan_ms=4532.9 end_ms=0.9 pending_max=11092 batches=363308 wait_ms=34.3 work_ms=4145.9 fold_ms=279.9 assist_chunks=396802 bytes_per_msg=27.65 crc_demand_gb_s=46.20
DIAG worker[0] sustained: cpu0(pinned) placement=[0, 2] batches=555692 spans=71101598 eval_ms=4965.4 idle_iters=45397 res_waits=471 fw=0 fw_ms=0.0
DIAG worker[1] sustained: cpu2(pinned) placement=[0, 2] batches=684171 spans=87547405 eval_ms=4956.4 idle_iters=40808 res_waits=0 fw=0 fw_ms=0.0
DIAG rx sustained: publications=363368 polls=1436956 prod_ms=1456.1 bufwait_laps=132358 resets=16516 eos_parks=0 nbuf=16 rx_actual_cpu=3
ADVANCE_DIAGNOSTIC sustained: advances=16516 advance_ms=133.3 us_per_advance=8.1 (F-5 reset/auto-advance hygiene — the synchronous bake tail the per-publication prepatch budget drains; HFT_PREPATCH_BUDGET prices it)
RXWARM_DIAGNOSTIC sustained: enabled=false fixes=0 uncovered=0 last_pass_fixes=0 (F-1 frame-entry warm start; the steady-state law is fixes==0 on pass>=2 — the kill rule reads persistent fixes)
RXBUILD_DIAGNOSTIC sustained: enabled=true patches=363265156 last_pass_patches=21996 frames=21996 (F-2 publish-by-reference master; the steady-state law is every patchable entry patched exactly once per pass boundary)
DIAG cons sustained: parks=21 park_ms=0.9 slow_waits=21 slow_ms=1.3
BENCH mode=replay-hydra-sustained-5s total_msgs=8353590386 duration=5.00s sustained_rate=1670629704 msg/s allocs=0 workers=2 crc_kernel=reflect
PR1_HYDRA_SUSTAINED_VERDICT rate=1670629704 (duration=5.00s, total_msgs=8353590386, workers=2)
PR1_GIGAHFT_VERDICT rate=1670629704 target=1000000000 -> PASS (Project 1.0B: bit-exact, zero-alloc, every byte verified in-window, cross-pass double-buffered fabric)
PR1_R8_FULL_VERIFY_VERDICT rate=1670629704 target=1000000000 -> PASS (R8: 1B msg/s sustained full verification — bit-exact, zero-alloc, every byte CRC32C-verified in-window)
PR1_R16_FULL_VERIFY_VERDICT rate=1670629704 target=2000000000 -> FAIL (R16: 2B msg/s sustained full verification — the Double Helix program, docs/29)
R16B_RXDESC_VERDICT rx_fixes=0 assist_chunks=396802 (array-driven submission telemetry; fixes=0 means every RX prefill entry was already exact)
R23B_AFFINE_VERDICT arm=sustained armed=false tag_hits=0 payload_fallbacks=0 ledger_rows=0 (R23c: zero-re-read affine verification on the worker fabric)
PR1_R23_AFFINE_SUSTAINED_VERDICT rate=1670629704 target=2500000000 -> FAIL (R23: 2.5B+ sustained full verification from register tags — the affine-span algebra program, docs/36)
=== 11m. R12: Vectorized Watermark Ladder ARMED Soak (the refuted experiment) ===
[1m[92m    Finished[0m `release` profile [optimized] target(s) in 0.00s
[1m[92m     Running[0m `target/release/bench --hydra-only`
BENCH_CALIBRATION invariant_tsc=true freq_mhz=2596.12 mark_overhead_cycles=52
=== R6. PR-1 HYDRA BIT-EXACT MULTI-CORE SPAN CONFORMANCE ===
BLOB_BACKING mode=mmap anon_huge_kb=16384 map_mb=16.5 verdict=thp-granted
HYDRA_BITPARITY sequential=(count=505849 hash=0x881639cead506f25 msg_hash=0xcbf29ce484222325) hydra=(count=505849 hash=0x881639cead506f25 msg_hash=0xcbf29ce484222325) -> BIT-EXACT
BENCH mode=replay-hydra-burst msgs=505849 rate=1485702453 allocs=0 freq=2596.12MHz workers=2 run=1
BENCH mode=replay-hydra-burst msgs=505849 rate=1435578347 allocs=0 freq=2596.12MHz workers=2 run=2
BENCH mode=replay-hydra-burst msgs=505849 rate=1602050349 allocs=0 freq=2596.12MHz workers=2 run=3
BENCH mode=replay-hydra-burst msgs=505849 rate=1596780863 allocs=0 freq=2596.12MHz workers=2 run=4
BENCH mode=replay-hydra-burst msgs=505849 rate=1638265899 allocs=0 freq=2596.12MHz workers=2 run=5
BENCH_MEDIAN mode=replay-hydra-burst rate=1596780863
R23B_AFFINE_VERDICT arm=burst armed=false tag_hits=0 payload_fallbacks=0 ledger_rows=0 (R23c: workers verify spans from register tags, zero payload reads; the (prefix,cum) triple checked per-span by the scalar affine law)
PR1_HYDRA_VERDICT rate=1596780863 (bit-exact multi-core span conformance: 2 workers, every emitted byte CRC32C-checked in-window, ordered serial fold)
PR1_GIGAHFT_BURST_VERDICT rate=1596780863 target=1000000000 -> PASS (R7 burst reference; the sustained arm below is the gate)
DIAG sustained: passes=17015 reset_ms=473.4 scan_ms=4523.1 end_ms=0.9 pending_max=5987 batches=374330 wait_ms=32.1 work_ms=4139.8 fold_ms=279.2 assist_chunks=333945 bytes_per_msg=27.65 crc_demand_gb_s=47.60
DIAG worker[0] sustained: cpu0(pinned) placement=[0, 2] batches=603355 spans=77219852 eval_ms=4968.5 idle_iters=22201 res_waits=0 fw=0 fw_ms=0.0
DIAG worker[1] sustained: cpu2(pinned) placement=[0, 2] batches=711766 spans=91099051 eval_ms=4958.2 idle_iters=24656 res_waits=122 fw=0 fw_ms=0.0
DIAG rx sustained: publications=374390 polls=1480543 prod_ms=1414.9 bufwait_laps=136123 resets=17017 eos_parks=0 nbuf=16 rx_actual_cpu=3
ADVANCE_DIAGNOSTIC sustained: advances=17017 advance_ms=131.4 us_per_advance=7.7 (F-5 reset/auto-advance hygiene — the synchronous bake tail the per-publication prepatch budget drains; HFT_PREPATCH_BUDGET prices it)
RXWARM_DIAGNOSTIC sustained: enabled=false fixes=0 uncovered=0 last_pass_fixes=0 (F-1 frame-entry warm start; the steady-state law is fixes==0 on pass>=2 — the kill rule reads persistent fixes)
RXBUILD_DIAGNOSTIC sustained: enabled=true patches=374285088 last_pass_patches=22060 frames=21996 (F-2 publish-by-reference master; the steady-state law is every patchable entry patched exactly once per pass boundary)
DIAG cons sustained: parks=16 park_ms=0.7 slow_waits=16 slow_ms=1.0
BENCH mode=replay-hydra-sustained-5s total_msgs=8607020735 duration=5.00s sustained_rate=1721340250 msg/s allocs=0 workers=2 crc_kernel=reflect
PR1_HYDRA_SUSTAINED_VERDICT rate=1721340250 (duration=5.00s, total_msgs=8607020735, workers=2)
PR1_GIGAHFT_VERDICT rate=1721340250 target=1000000000 -> PASS (Project 1.0B: bit-exact, zero-alloc, every byte verified in-window, cross-pass double-buffered fabric)
PR1_R8_FULL_VERIFY_VERDICT rate=1721340250 target=1000000000 -> PASS (R8: 1B msg/s sustained full verification — bit-exact, zero-alloc, every byte CRC32C-verified in-window)
PR1_R16_FULL_VERIFY_VERDICT rate=1721340250 target=2000000000 -> FAIL (R16: 2B msg/s sustained full verification — the Double Helix program, docs/29)
R16B_RXDESC_VERDICT rx_fixes=0 assist_chunks=333945 (array-driven submission telemetry; fixes=0 means every RX prefill entry was already exact)
R23B_AFFINE_VERDICT arm=sustained armed=false tag_hits=0 payload_fallbacks=0 ledger_rows=0 (R23c: zero-re-read affine verification on the worker fabric)
PR1_R23_AFFINE_SUSTAINED_VERDICT rate=1721340250 target=2500000000 -> FAIL (R23: 2.5B+ sustained full verification from register tags — the affine-span algebra program, docs/36)
=== 11n. R12: Compact 8-Byte Span Descriptors OFF (rollback attribution) ===
[1m[92m    Finished[0m `release` profile [optimized] target(s) in 0.00s
[1m[92m     Running[0m `target/release/bench --hydra-only`
BENCH_CALIBRATION invariant_tsc=true freq_mhz=2596.12 mark_overhead_cycles=52
=== R6. PR-1 HYDRA BIT-EXACT MULTI-CORE SPAN CONFORMANCE ===
BLOB_BACKING mode=mmap anon_huge_kb=16384 map_mb=16.5 verdict=thp-granted
HYDRA_BITPARITY sequential=(count=505849 hash=0x881639cead506f25 msg_hash=0xcbf29ce484222325) hydra=(count=505849 hash=0x881639cead506f25 msg_hash=0xcbf29ce484222325) -> BIT-EXACT
BENCH mode=replay-hydra-burst msgs=505849 rate=1615578699 allocs=0 freq=2596.12MHz workers=2 run=1
BENCH mode=replay-hydra-burst msgs=505849 rate=1607150459 allocs=0 freq=2596.12MHz workers=2 run=2
BENCH mode=replay-hydra-burst msgs=505849 rate=1587495214 allocs=0 freq=2596.12MHz workers=2 run=3
BENCH mode=replay-hydra-burst msgs=505849 rate=1652091695 allocs=0 freq=2596.12MHz workers=2 run=4
BENCH mode=replay-hydra-burst msgs=505849 rate=1656859020 allocs=0 freq=2596.12MHz workers=2 run=5
BENCH_MEDIAN mode=replay-hydra-burst rate=1615578699
R23B_AFFINE_VERDICT arm=burst armed=false tag_hits=0 payload_fallbacks=0 ledger_rows=0 (R23c: workers verify spans from register tags, zero payload reads; the (prefix,cum) triple checked per-span by the scalar affine law)
PR1_HYDRA_VERDICT rate=1615578699 (bit-exact multi-core span conformance: 2 workers, every emitted byte CRC32C-checked in-window, ordered serial fold)
PR1_GIGAHFT_BURST_VERDICT rate=1615578699 target=1000000000 -> PASS (R7 burst reference; the sustained arm below is the gate)
DIAG sustained: passes=17559 reset_ms=461.6 scan_ms=4534.9 end_ms=0.9 pending_max=9840 batches=386298 wait_ms=36.9 work_ms=4139.1 fold_ms=281.0 assist_chunks=392908 bytes_per_msg=27.65 crc_demand_gb_s=49.12
DIAG worker[0] sustained: cpu0(pinned) placement=[0, 2] batches=587597 spans=75185920 eval_ms=4964.3 idle_iters=30795 res_waits=67 fw=0 fw_ms=0.0
DIAG worker[1] sustained: cpu2(pinned) placement=[0, 2] batches=724753 spans=92748736 eval_ms=4954.1 idle_iters=26129 res_waits=0 fw=0 fw_ms=0.0
DIAG rx sustained: publications=386358 polls=1527871 prod_ms=1518.0 bufwait_laps=140403 resets=17561 eos_parks=0 nbuf=16 rx_actual_cpu=3
ADVANCE_DIAGNOSTIC sustained: advances=17561 advance_ms=114.0 us_per_advance=6.5 (F-5 reset/auto-advance hygiene — the synchronous bake tail the per-publication prepatch budget drains; HFT_PREPATCH_BUDGET prices it)
RXWARM_DIAGNOSTIC sustained: enabled=false fixes=0 uncovered=0 last_pass_fixes=0 (F-1 frame-entry warm start; the steady-state law is fixes==0 on pass>=2 — the kill rule reads persistent fixes)
RXBUILD_DIAGNOSTIC sustained: enabled=true patches=386250912 last_pass_patches=21932 frames=21996 (F-2 publish-by-reference master; the steady-state law is every patchable entry patched exactly once per pass boundary)
DIAG cons sustained: parks=22 park_ms=1.4 slow_waits=22 slow_ms=1.7
BENCH mode=replay-hydra-sustained-5s total_msgs=8882202591 duration=5.00s sustained_rate=1776385430 msg/s allocs=0 workers=2 crc_kernel=reflect
PR1_HYDRA_SUSTAINED_VERDICT rate=1776385430 (duration=5.00s, total_msgs=8882202591, workers=2)
PR1_GIGAHFT_VERDICT rate=1776385430 target=1000000000 -> PASS (Project 1.0B: bit-exact, zero-alloc, every byte verified in-window, cross-pass double-buffered fabric)
PR1_R8_FULL_VERIFY_VERDICT rate=1776385430 target=1000000000 -> PASS (R8: 1B msg/s sustained full verification — bit-exact, zero-alloc, every byte CRC32C-verified in-window)
PR1_R16_FULL_VERIFY_VERDICT rate=1776385430 target=2000000000 -> FAIL (R16: 2B msg/s sustained full verification — the Double Helix program, docs/29)
R16B_RXDESC_VERDICT rx_fixes=0 assist_chunks=392908 (array-driven submission telemetry; fixes=0 means every RX prefill entry was already exact)
R23B_AFFINE_VERDICT arm=sustained armed=false tag_hits=0 payload_fallbacks=0 ledger_rows=0 (R23c: zero-re-read affine verification on the worker fabric)
PR1_R23_AFFINE_SUSTAINED_VERDICT rate=1776385430 target=2500000000 -> FAIL (R23: 2.5B+ sustained full verification from register tags — the affine-span algebra program, docs/36)
=== 11r. R13: Mirror-Domain Fold Kernel Soak (rollback attribution) ===
[1m[92m    Finished[0m `release` profile [optimized] target(s) in 0.00s
[1m[92m     Running[0m `target/release/bench --hydra-only`
BENCH_CALIBRATION invariant_tsc=true freq_mhz=2596.12 mark_overhead_cycles=52
=== R6. PR-1 HYDRA BIT-EXACT MULTI-CORE SPAN CONFORMANCE ===
BLOB_BACKING mode=mmap anon_huge_kb=16384 map_mb=16.5 verdict=thp-granted
HYDRA_BITPARITY sequential=(count=505849 hash=0x881639cead506f25 msg_hash=0xcbf29ce484222325) hydra=(count=505849 hash=0x881639cead506f25 msg_hash=0xcbf29ce484222325) -> BIT-EXACT
BENCH mode=replay-hydra-burst msgs=505849 rate=1245270988 allocs=0 freq=2596.12MHz workers=2 run=1
BENCH mode=replay-hydra-burst msgs=505849 rate=1520312448 allocs=0 freq=2596.12MHz workers=2 run=2
BENCH mode=replay-hydra-burst msgs=505849 rate=1563419285 allocs=0 freq=2596.12MHz workers=2 run=3
BENCH mode=replay-hydra-burst msgs=505849 rate=1633552066 allocs=0 freq=2596.12MHz workers=2 run=4
BENCH mode=replay-hydra-burst msgs=505849 rate=1606941135 allocs=0 freq=2596.12MHz workers=2 run=5
BENCH_MEDIAN mode=replay-hydra-burst rate=1563419285
R23B_AFFINE_VERDICT arm=burst armed=false tag_hits=0 payload_fallbacks=0 ledger_rows=0 (R23c: workers verify spans from register tags, zero payload reads; the (prefix,cum) triple checked per-span by the scalar affine law)
PR1_HYDRA_VERDICT rate=1563419285 (bit-exact multi-core span conformance: 2 workers, every emitted byte CRC32C-checked in-window, ordered serial fold)
PR1_GIGAHFT_BURST_VERDICT rate=1563419285 target=1000000000 -> PASS (R7 burst reference; the sustained arm below is the gate)
DIAG sustained: passes=17268 reset_ms=471.7 scan_ms=4524.8 end_ms=0.9 pending_max=6810 batches=379896 wait_ms=35.1 work_ms=4131.3 fold_ms=286.2 assist_chunks=389551 bytes_per_msg=27.65 crc_demand_gb_s=48.31
DIAG worker[0] sustained: cpu0(pinned) placement=[0, 2] batches=596223 spans=76301961 eval_ms=4952.2 idle_iters=51818 res_waits=0 fw=0 fw_ms=0.0
DIAG worker[1] sustained: cpu2(pinned) placement=[0, 2] batches=712845 spans=91232719 eval_ms=4942.6 idle_iters=45914 res_waits=0 fw=0 fw_ms=0.0
DIAG rx sustained: publications=379956 polls=1502554 prod_ms=1467.7 bufwait_laps=138080 resets=17270 eos_parks=0 nbuf=16 rx_actual_cpu=3
ADVANCE_DIAGNOSTIC sustained: advances=17270 advance_ms=109.0 us_per_advance=6.3 (F-5 reset/auto-advance hygiene — the synchronous bake tail the per-publication prepatch budget drains; HFT_PREPATCH_BUDGET prices it)
RXWARM_DIAGNOSTIC sustained: enabled=false fixes=0 uncovered=0 last_pass_fixes=0 (F-1 frame-entry warm start; the steady-state law is fixes==0 on pass>=2 — the kill rule reads persistent fixes)
RXBUILD_DIAGNOSTIC sustained: enabled=true patches=379850076 last_pass_patches=21932 frames=21996 (F-2 publish-by-reference master; the steady-state law is every patchable entry patched exactly once per pass boundary)
DIAG cons sustained: parks=16 park_ms=2.6 slow_waits=16 slow_ms=2.8
BENCH mode=replay-hydra-sustained-5s total_msgs=8735000532 duration=5.00s sustained_rate=1746915445 msg/s allocs=0 workers=2 crc_kernel=fold512
PR1_HYDRA_SUSTAINED_VERDICT rate=1746915445 (duration=5.00s, total_msgs=8735000532, workers=2)
PR1_GIGAHFT_VERDICT rate=1746915445 target=1000000000 -> PASS (Project 1.0B: bit-exact, zero-alloc, every byte verified in-window, cross-pass double-buffered fabric)
PR1_R8_FULL_VERIFY_VERDICT rate=1746915445 target=1000000000 -> PASS (R8: 1B msg/s sustained full verification — bit-exact, zero-alloc, every byte CRC32C-verified in-window)
PR1_R16_FULL_VERIFY_VERDICT rate=1746915445 target=2000000000 -> FAIL (R16: 2B msg/s sustained full verification — the Double Helix program, docs/29)
R16B_RXDESC_VERDICT rx_fixes=0 assist_chunks=389551 (array-driven submission telemetry; fixes=0 means every RX prefill entry was already exact)
R23B_AFFINE_VERDICT arm=sustained armed=false tag_hits=0 payload_fallbacks=0 ledger_rows=0 (R23c: zero-re-read affine verification on the worker fabric)
PR1_R23_AFFINE_SUSTAINED_VERDICT rate=1746915445 target=2500000000 -> FAIL (R23: 2.5B+ sustained full verification from register tags — the affine-span algebra program, docs/36)
=== 11s. R14: Vector Barrett Ending OFF (rollback attribution) ===
[1m[92m    Finished[0m `release` profile [optimized] target(s) in 0.00s
[1m[92m     Running[0m `target/release/bench --hydra-only`
BENCH_CALIBRATION invariant_tsc=true freq_mhz=2596.12 mark_overhead_cycles=52
=== R6. PR-1 HYDRA BIT-EXACT MULTI-CORE SPAN CONFORMANCE ===
BLOB_BACKING mode=mmap anon_huge_kb=16384 map_mb=16.5 verdict=thp-granted
HYDRA_BITPARITY sequential=(count=505849 hash=0x881639cead506f25 msg_hash=0xcbf29ce484222325) hydra=(count=505849 hash=0x881639cead506f25 msg_hash=0xcbf29ce484222325) -> BIT-EXACT
BENCH mode=replay-hydra-burst msgs=505849 rate=1517166191 allocs=0 freq=2596.12MHz workers=2 run=1
BENCH mode=replay-hydra-burst msgs=505849 rate=1560905842 allocs=0 freq=2596.12MHz workers=2 run=2
BENCH mode=replay-hydra-burst msgs=505849 rate=1555142571 allocs=0 freq=2596.12MHz workers=2 run=3
BENCH mode=replay-hydra-burst msgs=505849 rate=1669127109 allocs=0 freq=2596.12MHz workers=2 run=4
BENCH mode=replay-hydra-burst msgs=505849 rate=1722402685 allocs=0 freq=2596.12MHz workers=2 run=5
BENCH_MEDIAN mode=replay-hydra-burst rate=1560905842
R23B_AFFINE_VERDICT arm=burst armed=false tag_hits=0 payload_fallbacks=0 ledger_rows=0 (R23c: workers verify spans from register tags, zero payload reads; the (prefix,cum) triple checked per-span by the scalar affine law)
PR1_HYDRA_VERDICT rate=1560905842 (bit-exact multi-core span conformance: 2 workers, every emitted byte CRC32C-checked in-window, ordered serial fold)
PR1_GIGAHFT_BURST_VERDICT rate=1560905842 target=1000000000 -> PASS (R7 burst reference; the sustained arm below is the gate)
DIAG sustained: passes=17648 reset_ms=442.6 scan_ms=4553.8 end_ms=0.9 pending_max=7347 batches=388256 wait_ms=38.9 work_ms=4150.7 fold_ms=288.0 assist_chunks=397019 bytes_per_msg=27.65 crc_demand_gb_s=49.37
DIAG worker[0] sustained: cpu0(pinned) placement=[0, 2] batches=599229 spans=76679741 eval_ms=4964.8 idle_iters=28064 res_waits=0 fw=0 fw_ms=0.0
DIAG worker[1] sustained: cpu2(pinned) placement=[0, 2] batches=739290 spans=94609838 eval_ms=4951.5 idle_iters=29985 res_waits=0 fw=0 fw_ms=0.0
DIAG rx sustained: publications=388316 polls=1535614 prod_ms=1521.5 bufwait_laps=141146 resets=17650 eos_parks=0 nbuf=16 rx_actual_cpu=3
ADVANCE_DIAGNOSTIC sustained: advances=17650 advance_ms=115.5 us_per_advance=6.5 (F-5 reset/auto-advance hygiene — the synchronous bake tail the per-publication prepatch budget drains; HFT_PREPATCH_BUDGET prices it)
RXWARM_DIAGNOSTIC sustained: enabled=false fixes=0 uncovered=0 last_pass_fixes=0 (F-1 frame-entry warm start; the steady-state law is fixes==0 on pass>=2 — the kill rule reads persistent fixes)
RXBUILD_DIAGNOSTIC sustained: enabled=true patches=388208620 last_pass_patches=21996 frames=21996 (F-2 publish-by-reference master; the steady-state law is every patchable entry patched exactly once per pass boundary)
DIAG cons sustained: parks=36 park_ms=2.4 slow_waits=36 slow_ms=2.9
BENCH mode=replay-hydra-sustained-5s total_msgs=8927223152 duration=5.00s sustained_rate=1785399630 msg/s allocs=0 workers=2 crc_kernel=reflect
PR1_HYDRA_SUSTAINED_VERDICT rate=1785399630 (duration=5.00s, total_msgs=8927223152, workers=2)
PR1_GIGAHFT_VERDICT rate=1785399630 target=1000000000 -> PASS (Project 1.0B: bit-exact, zero-alloc, every byte verified in-window, cross-pass double-buffered fabric)
PR1_R8_FULL_VERIFY_VERDICT rate=1785399630 target=1000000000 -> PASS (R8: 1B msg/s sustained full verification — bit-exact, zero-alloc, every byte CRC32C-verified in-window)
PR1_R16_FULL_VERIFY_VERDICT rate=1785399630 target=2000000000 -> FAIL (R16: 2B msg/s sustained full verification — the Double Helix program, docs/29)
R16B_RXDESC_VERDICT rx_fixes=0 assist_chunks=397019 (array-driven submission telemetry; fixes=0 means every RX prefill entry was already exact)
R23B_AFFINE_VERDICT arm=sustained armed=false tag_hits=0 payload_fallbacks=0 ledger_rows=0 (R23c: zero-re-read affine verification on the worker fabric)
PR1_R23_AFFINE_SUSTAINED_VERDICT rate=1785399630 target=2500000000 -> FAIL (R23: 2.5B+ sustained full verification from register tags — the affine-span algebra program, docs/36)
=== 11t. R15: Vectorized Tail (vtail) OFF (rollback attribution) ===
[1m[92m    Finished[0m `release` profile [optimized] target(s) in 0.00s
[1m[92m     Running[0m `target/release/bench --hydra-only`
BENCH_CALIBRATION invariant_tsc=true freq_mhz=2596.12 mark_overhead_cycles=52
=== R6. PR-1 HYDRA BIT-EXACT MULTI-CORE SPAN CONFORMANCE ===
BLOB_BACKING mode=mmap anon_huge_kb=16384 map_mb=16.5 verdict=thp-granted
HYDRA_BITPARITY sequential=(count=505849 hash=0x881639cead506f25 msg_hash=0xcbf29ce484222325) hydra=(count=505849 hash=0x881639cead506f25 msg_hash=0xcbf29ce484222325) -> BIT-EXACT
BENCH mode=replay-hydra-burst msgs=505849 rate=1473433863 allocs=0 freq=2596.12MHz workers=2 run=1
BENCH mode=replay-hydra-burst msgs=505849 rate=1640875178 allocs=0 freq=2596.12MHz workers=2 run=2
BENCH mode=replay-hydra-burst msgs=505849 rate=1670781009 allocs=0 freq=2596.12MHz workers=2 run=3
BENCH mode=replay-hydra-burst msgs=505849 rate=1647298080 allocs=0 freq=2596.12MHz workers=2 run=4
BENCH mode=replay-hydra-burst msgs=505849 rate=1756908168 allocs=0 freq=2596.12MHz workers=2 run=5
BENCH_MEDIAN mode=replay-hydra-burst rate=1647298080
R23B_AFFINE_VERDICT arm=burst armed=false tag_hits=0 payload_fallbacks=0 ledger_rows=0 (R23c: workers verify spans from register tags, zero payload reads; the (prefix,cum) triple checked per-span by the scalar affine law)
PR1_HYDRA_VERDICT rate=1647298080 (bit-exact multi-core span conformance: 2 workers, every emitted byte CRC32C-checked in-window, ordered serial fold)
PR1_GIGAHFT_BURST_VERDICT rate=1647298080 target=1000000000 -> PASS (R7 burst reference; the sustained arm below is the gate)
DIAG sustained: passes=17759 reset_ms=468.2 scan_ms=4528.2 end_ms=0.9 pending_max=8960 batches=390698 wait_ms=37.0 work_ms=4125.1 fold_ms=287.4 assist_chunks=399254 bytes_per_msg=27.65 crc_demand_gb_s=49.68
DIAG worker[0] sustained: cpu0(pinned) placement=[0, 2] batches=609129 spans=77956864 eval_ms=4965.7 idle_iters=26350 res_waits=0 fw=0 fw_ms=0.0
DIAG worker[1] sustained: cpu2(pinned) placement=[0, 2] batches=737811 spans=94430748 eval_ms=4952.3 idle_iters=28413 res_waits=39 fw=0 fw_ms=0.0
DIAG rx sustained: publications=390758 polls=1545271 prod_ms=1455.5 bufwait_laps=142015 resets=17761 eos_parks=0 nbuf=16 rx_actual_cpu=3
ADVANCE_DIAGNOSTIC sustained: advances=17761 advance_ms=105.7 us_per_advance=6.0 (F-5 reset/auto-advance hygiene — the synchronous bake tail the per-publication prepatch budget drains; HFT_PREPATCH_BUDGET prices it)
RXWARM_DIAGNOSTIC sustained: enabled=false fixes=0 uncovered=0 last_pass_fixes=0 (F-1 frame-entry warm start; the steady-state law is fixes==0 on pass>=2 — the kill rule reads persistent fixes)
RXBUILD_DIAGNOSTIC sustained: enabled=true patches=390650112 last_pass_patches=21996 frames=21996 (F-2 publish-by-reference master; the steady-state law is every patchable entry patched exactly once per pass boundary)
DIAG cons sustained: parks=50 park_ms=1.5 slow_waits=50 slow_ms=2.2
BENCH mode=replay-hydra-sustained-5s total_msgs=8983372391 duration=5.00s sustained_rate=1796617269 msg/s allocs=0 workers=2 crc_kernel=reflect
PR1_HYDRA_SUSTAINED_VERDICT rate=1796617269 (duration=5.00s, total_msgs=8983372391, workers=2)
PR1_GIGAHFT_VERDICT rate=1796617269 target=1000000000 -> PASS (Project 1.0B: bit-exact, zero-alloc, every byte verified in-window, cross-pass double-buffered fabric)
PR1_R8_FULL_VERIFY_VERDICT rate=1796617269 target=1000000000 -> PASS (R8: 1B msg/s sustained full verification — bit-exact, zero-alloc, every byte CRC32C-verified in-window)
PR1_R16_FULL_VERIFY_VERDICT rate=1796617269 target=2000000000 -> FAIL (R16: 2B msg/s sustained full verification — the Double Helix program, docs/29)
R16B_RXDESC_VERDICT rx_fixes=0 assist_chunks=399254 (array-driven submission telemetry; fixes=0 means every RX prefill entry was already exact)
R23B_AFFINE_VERDICT arm=sustained armed=false tag_hits=0 payload_fallbacks=0 ledger_rows=0 (R23c: zero-re-read affine verification on the worker fabric)
PR1_R23_AFFINE_SUSTAINED_VERDICT rate=1796617269 target=2500000000 -> FAIL (R23: 2.5B+ sustained full verification from register tags — the affine-span algebra program, docs/36)
=== 11u. R15: Worker Drain Granularity Sweep (the supply-side rebalance) ===
[1m[92m    Finished[0m `release` profile [optimized] target(s) in 0.00s
[1m[92m     Running[0m `target/release/bench --hydra-only`
BENCH_CALIBRATION invariant_tsc=true freq_mhz=2596.12 mark_overhead_cycles=52
=== R6. PR-1 HYDRA BIT-EXACT MULTI-CORE SPAN CONFORMANCE ===
BLOB_BACKING mode=mmap anon_huge_kb=16384 map_mb=16.5 verdict=thp-granted
HYDRA_BITPARITY sequential=(count=505849 hash=0x881639cead506f25 msg_hash=0xcbf29ce484222325) hydra=(count=505849 hash=0x881639cead506f25 msg_hash=0xcbf29ce484222325) -> BIT-EXACT
BENCH mode=replay-hydra-burst msgs=505849 rate=1470521202 allocs=0 freq=2596.12MHz workers=2 run=1
BENCH mode=replay-hydra-burst msgs=505849 rate=1634502168 allocs=0 freq=2596.12MHz workers=2 run=2
BENCH mode=replay-hydra-burst msgs=505849 rate=1720873348 allocs=0 freq=2596.12MHz workers=2 run=3
BENCH mode=replay-hydra-burst msgs=505849 rate=1722220898 allocs=0 freq=2596.12MHz workers=2 run=4
BENCH mode=replay-hydra-burst msgs=505849 rate=1802233156 allocs=0 freq=2596.12MHz workers=2 run=5
BENCH_MEDIAN mode=replay-hydra-burst rate=1720873348
R23B_AFFINE_VERDICT arm=burst armed=false tag_hits=0 payload_fallbacks=0 ledger_rows=0 (R23c: workers verify spans from register tags, zero payload reads; the (prefix,cum) triple checked per-span by the scalar affine law)
PR1_HYDRA_VERDICT rate=1720873348 (bit-exact multi-core span conformance: 2 workers, every emitted byte CRC32C-checked in-window, ordered serial fold)
PR1_GIGAHFT_BURST_VERDICT rate=1720873348 target=1000000000 -> PASS (R7 burst reference; the sustained arm below is the gate)
DIAG sustained: passes=17528 reset_ms=461.9 scan_ms=4534.8 end_ms=0.9 pending_max=6423 batches=385616 wait_ms=32.9 work_ms=4143.2 fold_ms=284.8 assist_chunks=408819 bytes_per_msg=27.65 crc_demand_gb_s=49.03
DIAG worker[0] sustained: cpu0(pinned) placement=[0, 2] batches=1198267 spans=76688322 eval_ms=4941.5 idle_iters=23796 res_waits=0 fw=0 fw_ms=0.0
DIAG worker[1] sustained: cpu2(pinned) placement=[0, 2] batches=1445527 spans=92513124 eval_ms=4919.3 idle_iters=27092 res_waits=0 fw=0 fw_ms=0.0
DIAG rx sustained: publications=385676 polls=1525174 prod_ms=1432.2 bufwait_laps=140242 resets=17530 eos_parks=0 nbuf=16 rx_actual_cpu=3
ADVANCE_DIAGNOSTIC sustained: advances=17530 advance_ms=109.9 us_per_advance=6.3 (F-5 reset/auto-advance hygiene — the synchronous bake tail the per-publication prepatch budget drains; HFT_PREPATCH_BUDGET prices it)
RXWARM_DIAGNOSTIC sustained: enabled=false fixes=0 uncovered=0 last_pass_fixes=0 (F-1 frame-entry warm start; the steady-state law is fixes==0 on pass>=2 — the kill rule reads persistent fixes)
RXBUILD_DIAGNOSTIC sustained: enabled=true patches=385569036 last_pass_patches=21996 frames=21996 (F-2 publish-by-reference master; the steady-state law is every patchable entry patched exactly once per pass boundary)
DIAG cons sustained: parks=5 park_ms=0.3 slow_waits=5 slow_ms=0.4
BENCH mode=replay-hydra-sustained-5s total_msgs=8866521272 duration=5.00s sustained_rate=1773185023 msg/s allocs=0 workers=2 crc_kernel=reflect
PR1_HYDRA_SUSTAINED_VERDICT rate=1773185023 (duration=5.00s, total_msgs=8866521272, workers=2)
PR1_GIGAHFT_VERDICT rate=1773185023 target=1000000000 -> PASS (Project 1.0B: bit-exact, zero-alloc, every byte verified in-window, cross-pass double-buffered fabric)
PR1_R8_FULL_VERIFY_VERDICT rate=1773185023 target=1000000000 -> PASS (R8: 1B msg/s sustained full verification — bit-exact, zero-alloc, every byte CRC32C-verified in-window)
PR1_R16_FULL_VERIFY_VERDICT rate=1773185023 target=2000000000 -> FAIL (R16: 2B msg/s sustained full verification — the Double Helix program, docs/29)
R16B_RXDESC_VERDICT rx_fixes=0 assist_chunks=408819 (array-driven submission telemetry; fixes=0 means every RX prefill entry was already exact)
R23B_AFFINE_VERDICT arm=sustained armed=false tag_hits=0 payload_fallbacks=0 ledger_rows=0 (R23c: zero-re-read affine verification on the worker fabric)
PR1_R23_AFFINE_SUSTAINED_VERDICT rate=1773185023 target=2500000000 -> FAIL (R23: 2.5B+ sustained full verification from register tags — the affine-span algebra program, docs/36)
[1m[92m    Finished[0m `release` profile [optimized] target(s) in 0.00s
[1m[92m     Running[0m `target/release/bench --hydra-only`
BENCH_CALIBRATION invariant_tsc=true freq_mhz=2596.12 mark_overhead_cycles=52
=== R6. PR-1 HYDRA BIT-EXACT MULTI-CORE SPAN CONFORMANCE ===
BLOB_BACKING mode=mmap anon_huge_kb=16384 map_mb=16.5 verdict=thp-granted
HYDRA_BITPARITY sequential=(count=505849 hash=0x881639cead506f25 msg_hash=0xcbf29ce484222325) hydra=(count=505849 hash=0x881639cead506f25 msg_hash=0xcbf29ce484222325) -> BIT-EXACT
BENCH mode=replay-hydra-burst msgs=505849 rate=1170935917 allocs=0 freq=2596.12MHz workers=2 run=1
BENCH mode=replay-hydra-burst msgs=505849 rate=1525364493 allocs=0 freq=2596.12MHz workers=2 run=2
BENCH mode=replay-hydra-burst msgs=505849 rate=1569346417 allocs=0 freq=2596.12MHz workers=2 run=3
BENCH mode=replay-hydra-burst msgs=505849 rate=1580146066 allocs=0 freq=2596.12MHz workers=2 run=4
BENCH mode=replay-hydra-burst msgs=505849 rate=1676662247 allocs=0 freq=2596.12MHz workers=2 run=5
BENCH_MEDIAN mode=replay-hydra-burst rate=1569346417
R23B_AFFINE_VERDICT arm=burst armed=false tag_hits=0 payload_fallbacks=0 ledger_rows=0 (R23c: workers verify spans from register tags, zero payload reads; the (prefix,cum) triple checked per-span by the scalar affine law)
PR1_HYDRA_VERDICT rate=1569346417 (bit-exact multi-core span conformance: 2 workers, every emitted byte CRC32C-checked in-window, ordered serial fold)
PR1_GIGAHFT_BURST_VERDICT rate=1569346417 target=1000000000 -> PASS (R7 burst reference; the sustained arm below is the gate)
DIAG sustained: passes=17891 reset_ms=434.5 scan_ms=4561.9 end_ms=0.9 pending_max=9749 batches=393602 wait_ms=37.4 work_ms=4158.6 fold_ms=289.7 assist_chunks=399684 bytes_per_msg=27.65 crc_demand_gb_s=50.05
DIAG worker[0] sustained: cpu0(pinned) placement=[0, 2] batches=304716 spans=77988556 eval_ms=4979.3 idle_iters=28008 res_waits=0 fw=0 fw_ms=0.0
DIAG worker[1] sustained: cpu2(pinned) placement=[0, 2] batches=374483 spans=95843651 eval_ms=4971.5 idle_iters=31718 res_waits=894 fw=0 fw_ms=0.0
DIAG rx sustained: publications=393662 polls=1556755 prod_ms=1535.0 bufwait_laps=143096 resets=17893 eos_parks=0 nbuf=16 rx_actual_cpu=3
ADVANCE_DIAGNOSTIC sustained: advances=17893 advance_ms=107.0 us_per_advance=6.0 (F-5 reset/auto-advance hygiene — the synchronous bake tail the per-publication prepatch budget drains; HFT_PREPATCH_BUDGET prices it)
RXWARM_DIAGNOSTIC sustained: enabled=false fixes=0 uncovered=0 last_pass_fixes=0 (F-1 frame-entry warm start; the steady-state law is fixes==0 on pass>=2 — the kill rule reads persistent fixes)
RXBUILD_DIAGNOSTIC sustained: enabled=true patches=393553648 last_pass_patches=21996 frames=21996 (F-2 publish-by-reference master; the steady-state law is every patchable entry patched exactly once per pass boundary)
DIAG cons sustained: parks=11 park_ms=0.8 slow_waits=11 slow_ms=1.0
BENCH mode=replay-hydra-sustained-5s total_msgs=9050144459 duration=5.00s sustained_rate=1809969727 msg/s allocs=0 workers=2 crc_kernel=reflect
PR1_HYDRA_SUSTAINED_VERDICT rate=1809969727 (duration=5.00s, total_msgs=9050144459, workers=2)
PR1_GIGAHFT_VERDICT rate=1809969727 target=1000000000 -> PASS (Project 1.0B: bit-exact, zero-alloc, every byte verified in-window, cross-pass double-buffered fabric)
PR1_R8_FULL_VERIFY_VERDICT rate=1809969727 target=1000000000 -> PASS (R8: 1B msg/s sustained full verification — bit-exact, zero-alloc, every byte CRC32C-verified in-window)
PR1_R16_FULL_VERIFY_VERDICT rate=1809969727 target=2000000000 -> FAIL (R16: 2B msg/s sustained full verification — the Double Helix program, docs/29)
R16B_RXDESC_VERDICT rx_fixes=0 assist_chunks=399684 (array-driven submission telemetry; fixes=0 means every RX prefill entry was already exact)
R23B_AFFINE_VERDICT arm=sustained armed=false tag_hits=0 payload_fallbacks=0 ledger_rows=0 (R23c: zero-re-read affine verification on the worker fabric)
PR1_R23_AFFINE_SUSTAINED_VERDICT rate=1809969727 target=2500000000 -> FAIL (R23: 2.5B+ sustained full verification from register tags — the affine-span algebra program, docs/36)
=== 11wm. R17: Assist-Watermark Deep-Soak, SIBLINGS (the A3-b pricing where the assist lives) ===
[1m[92m    Finished[0m `release` profile [optimized] target(s) in 0.00s
[1m[92m     Running[0m `target/release/bench --hydra-only`
BENCH_CALIBRATION invariant_tsc=true freq_mhz=2596.12 mark_overhead_cycles=52
=== R6. PR-1 HYDRA BIT-EXACT MULTI-CORE SPAN CONFORMANCE ===
BLOB_BACKING mode=mmap anon_huge_kb=14336 map_mb=16.5 verdict=thp-granted
HYDRA_BITPARITY sequential=(count=505849 hash=0x881639cead506f25 msg_hash=0xcbf29ce484222325) hydra=(count=505849 hash=0x881639cead506f25 msg_hash=0xcbf29ce484222325) -> BIT-EXACT
BENCH mode=replay-hydra-burst msgs=505849 rate=1395595664 allocs=0 freq=2596.12MHz workers=2 run=1
BENCH mode=replay-hydra-burst msgs=505849 rate=1495289614 allocs=0 freq=2596.12MHz workers=2 run=2
BENCH mode=replay-hydra-burst msgs=505849 rate=1488242026 allocs=0 freq=2596.12MHz workers=2 run=3
BENCH mode=replay-hydra-burst msgs=505849 rate=1533749530 allocs=0 freq=2596.12MHz workers=2 run=4
BENCH mode=replay-hydra-burst msgs=505849 rate=1507921934 allocs=0 freq=2596.12MHz workers=2 run=5
BENCH_MEDIAN mode=replay-hydra-burst rate=1495289614
R23B_AFFINE_VERDICT arm=burst armed=false tag_hits=0 payload_fallbacks=0 ledger_rows=0 (R23c: workers verify spans from register tags, zero payload reads; the (prefix,cum) triple checked per-span by the scalar affine law)
PR1_HYDRA_VERDICT rate=1495289614 (bit-exact multi-core span conformance: 2 workers, every emitted byte CRC32C-checked in-window, ordered serial fold)
PR1_GIGAHFT_BURST_VERDICT rate=1495289614 target=1000000000 -> PASS (R7 burst reference; the sustained arm below is the gate)
DIAG sustained: passes=17378 reset_ms=443.9 scan_ms=4545.6 end_ms=1.9 pending_max=10565 batches=382316 wait_ms=26.7 work_ms=4155.1 fold_ms=292.7 assist_chunks=632955 bytes_per_msg=27.65 crc_demand_gb_s=48.62
DIAG worker[0] sustained: cpu2(pinned) placement=[2, 3] batches=599110 spans=76680570 eval_ms=4944.7 idle_iters=47370 res_waits=962 fw=0 fw_ms=0.0
DIAG worker[1] sustained: cpu3(pinned) placement=[2, 3] batches=596445 spans=76338301 eval_ms=4944.8 idle_iters=40303 res_waits=38 fw=0 fw_ms=0.0
DIAG rx sustained: publications=382376 polls=1512124 prod_ms=1529.1 bufwait_laps=139100 resets=17380 eos_parks=0 nbuf=16 rx_actual_cpu=1
ADVANCE_DIAGNOSTIC sustained: advances=17380 advance_ms=87.1 us_per_advance=5.0 (F-5 reset/auto-advance hygiene — the synchronous bake tail the per-publication prepatch budget drains; HFT_PREPATCH_BUDGET prices it)
RXWARM_DIAGNOSTIC sustained: enabled=false fixes=0 uncovered=0 last_pass_fixes=0 (F-1 frame-entry warm start; the steady-state law is fixes==0 on pass>=2 — the kill rule reads persistent fixes)
RXBUILD_DIAGNOSTIC sustained: enabled=true patches=382269636 last_pass_patches=21996 frames=21996 (F-2 publish-by-reference master; the steady-state law is every patchable entry patched exactly once per pass boundary)
DIAG cons sustained: parks=16 park_ms=5.0 slow_waits=16 slow_ms=5.2
BENCH mode=replay-hydra-sustained-5s total_msgs=8790643922 duration=5.00s sustained_rate=1758107174 msg/s allocs=0 workers=2 crc_kernel=reflect
PR1_HYDRA_SUSTAINED_VERDICT rate=1758107174 (duration=5.00s, total_msgs=8790643922, workers=2)
PR1_GIGAHFT_VERDICT rate=1758107174 target=1000000000 -> PASS (Project 1.0B: bit-exact, zero-alloc, every byte verified in-window, cross-pass double-buffered fabric)
PR1_R8_FULL_VERIFY_VERDICT rate=1758107174 target=1000000000 -> PASS (R8: 1B msg/s sustained full verification — bit-exact, zero-alloc, every byte CRC32C-verified in-window)
PR1_R16_FULL_VERIFY_VERDICT rate=1758107174 target=2000000000 -> FAIL (R16: 2B msg/s sustained full verification — the Double Helix program, docs/29)
R16B_RXDESC_VERDICT rx_fixes=0 assist_chunks=632955 (array-driven submission telemetry; fixes=0 means every RX prefill entry was already exact)
R23B_AFFINE_VERDICT arm=sustained armed=false tag_hits=0 payload_fallbacks=0 ledger_rows=0 (R23c: zero-re-read affine verification on the worker fabric)
PR1_R23_AFFINE_SUSTAINED_VERDICT rate=1758107174 target=2500000000 -> FAIL (R23: 2.5B+ sustained full verification from register tags — the affine-span algebra program, docs/36)
=== 11v. R16: Dual-Stream Fold (dfold) ARMED Soak (attribution) ===
[1m[92m    Finished[0m `release` profile [optimized] target(s) in 0.00s
[1m[92m     Running[0m `target/release/bench --hydra-only`
BENCH_CALIBRATION invariant_tsc=true freq_mhz=2596.12 mark_overhead_cycles=52
=== R6. PR-1 HYDRA BIT-EXACT MULTI-CORE SPAN CONFORMANCE ===
BLOB_BACKING mode=mmap anon_huge_kb=14336 map_mb=16.5 verdict=thp-granted
HYDRA_BITPARITY sequential=(count=505849 hash=0x881639cead506f25 msg_hash=0xcbf29ce484222325) hydra=(count=505849 hash=0x881639cead506f25 msg_hash=0xcbf29ce484222325) -> BIT-EXACT
BENCH mode=replay-hydra-burst msgs=505849 rate=1341763858 allocs=0 freq=2596.12MHz workers=2 run=1
BENCH mode=replay-hydra-burst msgs=505849 rate=1554182182 allocs=0 freq=2596.12MHz workers=2 run=2
BENCH mode=replay-hydra-burst msgs=505849 rate=1602354834 allocs=0 freq=2596.12MHz workers=2 run=3
BENCH mode=replay-hydra-burst msgs=505849 rate=1692617849 allocs=0 freq=2596.12MHz workers=2 run=4
BENCH mode=replay-hydra-burst msgs=505849 rate=1621903516 allocs=0 freq=2596.12MHz workers=2 run=5
BENCH_MEDIAN mode=replay-hydra-burst rate=1602354834
R23B_AFFINE_VERDICT arm=burst armed=false tag_hits=0 payload_fallbacks=0 ledger_rows=0 (R23c: workers verify spans from register tags, zero payload reads; the (prefix,cum) triple checked per-span by the scalar affine law)
PR1_HYDRA_VERDICT rate=1602354834 (bit-exact multi-core span conformance: 2 workers, every emitted byte CRC32C-checked in-window, ordered serial fold)
PR1_GIGAHFT_BURST_VERDICT rate=1602354834 target=1000000000 -> PASS (R7 burst reference; the sustained arm below is the gate)
DIAG sustained: passes=17644 reset_ms=451.3 scan_ms=4545.1 end_ms=0.9 pending_max=8738 batches=388168 wait_ms=36.5 work_ms=4145.1 fold_ms=288.8 assist_chunks=398541 bytes_per_msg=27.65 crc_demand_gb_s=49.36
DIAG worker[0] sustained: cpu0(pinned) placement=[0, 2] batches=601912 spans=77039514 eval_ms=4959.7 idle_iters=38603 res_waits=0 fw=0 fw_ms=0.0
DIAG worker[1] sustained: cpu2(pinned) placement=[0, 2] batches=735264 spans=94108446 eval_ms=4946.5 idle_iters=35730 res_waits=0 fw=0 fw_ms=0.0
DIAG rx sustained: publications=388228 polls=1535266 prod_ms=1521.0 bufwait_laps=141170 resets=17646 eos_parks=0 nbuf=16 rx_actual_cpu=3
ADVANCE_DIAGNOSTIC sustained: advances=17646 advance_ms=108.9 us_per_advance=6.2 (F-5 reset/auto-advance hygiene — the synchronous bake tail the per-publication prepatch budget drains; HFT_PREPATCH_BUDGET prices it)
RXWARM_DIAGNOSTIC sustained: enabled=false fixes=0 uncovered=0 last_pass_fixes=0 (F-1 frame-entry warm start; the steady-state law is fixes==0 on pass>=2 — the kill rule reads persistent fixes)
RXBUILD_DIAGNOSTIC sustained: enabled=true patches=388120636 last_pass_patches=21996 frames=21996 (F-2 publish-by-reference master; the steady-state law is every patchable entry patched exactly once per pass boundary)
DIAG cons sustained: parks=8 park_ms=0.7 slow_waits=8 slow_ms=0.9
BENCH mode=replay-hydra-sustained-5s total_msgs=8925199756 duration=5.00s sustained_rate=1785001164 msg/s allocs=0 workers=2 crc_kernel=reflect
PR1_HYDRA_SUSTAINED_VERDICT rate=1785001164 (duration=5.00s, total_msgs=8925199756, workers=2)
PR1_GIGAHFT_VERDICT rate=1785001164 target=1000000000 -> PASS (Project 1.0B: bit-exact, zero-alloc, every byte verified in-window, cross-pass double-buffered fabric)
PR1_R8_FULL_VERIFY_VERDICT rate=1785001164 target=1000000000 -> PASS (R8: 1B msg/s sustained full verification — bit-exact, zero-alloc, every byte CRC32C-verified in-window)
PR1_R16_FULL_VERIFY_VERDICT rate=1785001164 target=2000000000 -> FAIL (R16: 2B msg/s sustained full verification — the Double Helix program, docs/29)
R16B_RXDESC_VERDICT rx_fixes=0 assist_chunks=398541 (array-driven submission telemetry; fixes=0 means every RX prefill entry was already exact)
R23B_AFFINE_VERDICT arm=sustained armed=false tag_hits=0 payload_fallbacks=0 ledger_rows=0 (R23c: zero-re-read affine verification on the worker fabric)
PR1_R23_AFFINE_SUSTAINED_VERDICT rate=1785001164 target=2500000000 -> FAIL (R23: 2.5B+ sustained full verification from register tags — the affine-span algebra program, docs/36)
=== 11oa. R21: Octo-Stream Fold (ofold) ARMED Soak (attribution) ===
[1m[92m    Finished[0m `release` profile [optimized] target(s) in 0.00s
[1m[92m     Running[0m `target/release/bench --hydra-only`
BENCH_CALIBRATION invariant_tsc=true freq_mhz=2596.12 mark_overhead_cycles=52
=== R6. PR-1 HYDRA BIT-EXACT MULTI-CORE SPAN CONFORMANCE ===
BLOB_BACKING mode=mmap anon_huge_kb=14336 map_mb=16.5 verdict=thp-granted
HYDRA_BITPARITY sequential=(count=505849 hash=0x881639cead506f25 msg_hash=0xcbf29ce484222325) hydra=(count=505849 hash=0x881639cead506f25 msg_hash=0xcbf29ce484222325) -> BIT-EXACT
BENCH mode=replay-hydra-burst msgs=505849 rate=1273976673 allocs=0 freq=2596.12MHz workers=2 run=1
BENCH mode=replay-hydra-burst msgs=505849 rate=1563714094 allocs=0 freq=2596.12MHz workers=2 run=2
BENCH mode=replay-hydra-burst msgs=505849 rate=1512349056 allocs=0 freq=2596.12MHz workers=2 run=3
BENCH mode=replay-hydra-burst msgs=505849 rate=1651444465 allocs=0 freq=2596.12MHz workers=2 run=4
BENCH mode=replay-hydra-burst msgs=505849 rate=1689170056 allocs=0 freq=2596.12MHz workers=2 run=5
BENCH_MEDIAN mode=replay-hydra-burst rate=1563714094
R23B_AFFINE_VERDICT arm=burst armed=false tag_hits=0 payload_fallbacks=0 ledger_rows=0 (R23c: workers verify spans from register tags, zero payload reads; the (prefix,cum) triple checked per-span by the scalar affine law)
PR1_HYDRA_VERDICT rate=1563714094 (bit-exact multi-core span conformance: 2 workers, every emitted byte CRC32C-checked in-window, ordered serial fold)
PR1_GIGAHFT_BURST_VERDICT rate=1563714094 target=1000000000 -> PASS (R7 burst reference; the sustained arm below is the gate)
DIAG sustained: passes=17686 reset_ms=459.5 scan_ms=4536.9 end_ms=0.9 pending_max=7558 batches=389092 wait_ms=36.4 work_ms=4135.7 fold_ms=289.4 assist_chunks=396555 bytes_per_msg=27.65 crc_demand_gb_s=49.48
DIAG worker[0] sustained: cpu0(pinned) placement=[0, 2] batches=604542 spans=77369011 eval_ms=4959.5 idle_iters=29332 res_waits=0 fw=0 fw_ms=0.0
DIAG worker[1] sustained: cpu2(pinned) placement=[0, 2] batches=737411 spans=94376179 eval_ms=4950.2 idle_iters=31695 res_waits=0 fw=0 fw_ms=0.0
DIAG rx sustained: publications=389152 polls=1538920 prod_ms=1466.1 bufwait_laps=141520 resets=17688 eos_parks=0 nbuf=16 rx_actual_cpu=3
ADVANCE_DIAGNOSTIC sustained: advances=17688 advance_ms=103.4 us_per_advance=5.8 (F-5 reset/auto-advance hygiene — the synchronous bake tail the per-publication prepatch budget drains; HFT_PREPATCH_BUDGET prices it)
RXWARM_DIAGNOSTIC sustained: enabled=false fixes=0 uncovered=0 last_pass_fixes=0 (F-1 frame-entry warm start; the steady-state law is fixes==0 on pass>=2 — the kill rule reads persistent fixes)
RXBUILD_DIAGNOSTIC sustained: enabled=true patches=389044404 last_pass_patches=21996 frames=21996 (F-2 publish-by-reference master; the steady-state law is every patchable entry patched exactly once per pass boundary)
DIAG cons sustained: parks=17 park_ms=2.6 slow_waits=17 slow_ms=2.9
BENCH mode=replay-hydra-sustained-5s total_msgs=8946445414 duration=5.00s sustained_rate=1789239925 msg/s allocs=0 workers=2 crc_kernel=reflect
PR1_HYDRA_SUSTAINED_VERDICT rate=1789239925 (duration=5.00s, total_msgs=8946445414, workers=2)
PR1_GIGAHFT_VERDICT rate=1789239925 target=1000000000 -> PASS (Project 1.0B: bit-exact, zero-alloc, every byte verified in-window, cross-pass double-buffered fabric)
PR1_R8_FULL_VERIFY_VERDICT rate=1789239925 target=1000000000 -> PASS (R8: 1B msg/s sustained full verification — bit-exact, zero-alloc, every byte CRC32C-verified in-window)
PR1_R16_FULL_VERIFY_VERDICT rate=1789239925 target=2000000000 -> FAIL (R16: 2B msg/s sustained full verification — the Double Helix program, docs/29)
R16B_RXDESC_VERDICT rx_fixes=0 assist_chunks=396555 (array-driven submission telemetry; fixes=0 means every RX prefill entry was already exact)
R23B_AFFINE_VERDICT arm=sustained armed=false tag_hits=0 payload_fallbacks=0 ledger_rows=0 (R23c: zero-re-read affine verification on the worker fabric)
PR1_R23_AFFINE_SUSTAINED_VERDICT rate=1789239925 target=2500000000 -> FAIL (R23: 2.5B+ sustained full verification from register tags — the affine-span algebra program, docs/36)
=== 11fb. R21: Fused In-Register Verification ARMED (the Task 2 shape) ===
[1m[92m    Finished[0m `release` profile [optimized] target(s) in 0.00s
[1m[92m     Running[0m `target/release/bench --hydra-only`
BENCH_CALIBRATION invariant_tsc=true freq_mhz=2596.12 mark_overhead_cycles=52
=== R6. PR-1 HYDRA BIT-EXACT MULTI-CORE SPAN CONFORMANCE ===
BLOB_BACKING mode=mmap anon_huge_kb=14336 map_mb=16.5 verdict=thp-granted
HYDRA_FUSED_DIAGNOSTIC force_inline=true kernel=reflect assist_slots=64 (R21 Task 2: submit-side fused verification — every span CRC evaluates on the submitting core at the framing point; the workers never re-read the payload, the 2nd memory pass is eliminated)
HYDRA_BITPARITY sequential=(count=505849 hash=0x881639cead506f25 msg_hash=0xcbf29ce484222325) hydra=(count=505849 hash=0x881639cead506f25 msg_hash=0xcbf29ce484222325) -> BIT-EXACT
BENCH mode=replay-hydra-burst msgs=505849 rate=654487749 allocs=0 freq=2596.12MHz workers=2 run=1
BENCH mode=replay-hydra-burst msgs=505849 rate=676073486 allocs=0 freq=2596.12MHz workers=2 run=2
BENCH mode=replay-hydra-burst msgs=505849 rate=689830150 allocs=0 freq=2596.12MHz workers=2 run=3
BENCH mode=replay-hydra-burst msgs=505849 rate=688824101 allocs=0 freq=2596.12MHz workers=2 run=4
BENCH mode=replay-hydra-burst msgs=505849 rate=692687636 allocs=0 freq=2596.12MHz workers=2 run=5
BENCH_MEDIAN mode=replay-hydra-burst rate=688824101
R23B_AFFINE_VERDICT arm=burst armed=false tag_hits=0 payload_fallbacks=0 ledger_rows=0 (R23c: workers verify spans from register tags, zero payload reads; the (prefix,cum) triple checked per-span by the scalar affine law)
PR1_HYDRA_VERDICT rate=688824101 (bit-exact multi-core span conformance: 2 workers, every emitted byte CRC32C-checked in-window, ordered serial fold)
PR1_GIGAHFT_BURST_VERDICT rate=688824101 target=1000000000 -> FAIL (R7 burst reference; the sustained arm below is the gate)
DIAG sustained: passes=6914 reset_ms=139.5 scan_ms=4858.5 end_ms=0.3 pending_max=48 batches=152108 wait_ms=17.1 work_ms=4717.1 fold_ms=97.9 assist_chunks=1192665 bytes_per_msg=27.65 crc_demand_gb_s=19.34
DIAG worker[0] sustained: cpu0(pinned) placement=[0, 2] batches=0 spans=0 eval_ms=0.0 idle_iters=7938292 res_waits=0 fw=0 fw_ms=0.0
DIAG worker[1] sustained: cpu2(pinned) placement=[0, 2] batches=0 spans=0 eval_ms=0.0 idle_iters=8916401 res_waits=0 fw=0 fw_ms=0.0
DIAG rx sustained: publications=152168 polls=601756 prod_ms=517.4 bufwait_laps=166447 resets=6916 eos_parks=0 nbuf=16 rx_actual_cpu=3
ADVANCE_DIAGNOSTIC sustained: advances=6916 advance_ms=20.6 us_per_advance=3.0 (F-5 reset/auto-advance hygiene — the synchronous bake tail the per-publication prepatch budget drains; HFT_PREPATCH_BUDGET prices it)
RXWARM_DIAGNOSTIC sustained: enabled=false fixes=0 uncovered=0 last_pass_fixes=0 (F-1 frame-entry warm start; the steady-state law is fixes==0 on pass>=2 — the kill rule reads persistent fixes)
RXBUILD_DIAGNOSTIC sustained: enabled=true patches=152103172 last_pass_patches=21996 frames=21996 (F-2 publish-by-reference master; the steady-state law is every patchable entry patched exactly once per pass boundary)
DIAG cons sustained: parks=4 park_ms=4.4 slow_waits=4 slow_ms=4.4
BENCH mode=replay-hydra-sustained-5s total_msgs=3497439986 duration=5.00s sustained_rate=699496348 msg/s allocs=0 workers=2 crc_kernel=reflect
PR1_HYDRA_SUSTAINED_VERDICT rate=699496348 (duration=5.00s, total_msgs=3497439986, workers=2)
PR1_GIGAHFT_VERDICT rate=699496348 target=1000000000 -> FAIL (Project 1.0B: bit-exact, zero-alloc, every byte verified in-window, cross-pass double-buffered fabric)
PR1_R8_FULL_VERIFY_VERDICT rate=699496348 target=1000000000 -> FAIL (R8: 1B msg/s sustained full verification — bit-exact, zero-alloc, every byte CRC32C-verified in-window)
PR1_R16_FULL_VERIFY_VERDICT rate=699496348 target=2000000000 -> FAIL (R16: 2B msg/s sustained full verification — the Double Helix program, docs/29)
R16B_RXDESC_VERDICT rx_fixes=0 assist_chunks=1192665 (array-driven submission telemetry; fixes=0 means every RX prefill entry was already exact)
R23B_AFFINE_VERDICT arm=sustained armed=false tag_hits=0 payload_fallbacks=0 ledger_rows=0 (R23c: zero-re-read affine verification on the worker fabric)
PR1_R23_AFFINE_SUSTAINED_VERDICT rate=699496348 target=2500000000 -> FAIL (R23: 2.5B+ sustained full verification from register tags — the affine-span algebra program, docs/36)
=== 11w. R16b/R17: Array-Driven Submission (rxdesc) ARMED (attribution) ===
[1m[92m    Finished[0m `release` profile [optimized] target(s) in 0.00s
[1m[92m     Running[0m `target/release/bench --hydra-only`
BENCH_CALIBRATION invariant_tsc=true freq_mhz=2596.12 mark_overhead_cycles=52
=== R6. PR-1 HYDRA BIT-EXACT MULTI-CORE SPAN CONFORMANCE ===
BLOB_BACKING mode=mmap anon_huge_kb=14336 map_mb=16.5 verdict=thp-granted
HYDRA_BITPARITY sequential=(count=505849 hash=0x881639cead506f25 msg_hash=0xcbf29ce484222325) hydra=(count=505849 hash=0x881639cead506f25 msg_hash=0xcbf29ce484222325) -> BIT-EXACT
BENCH mode=replay-hydra-burst msgs=505849 rate=1001455117 allocs=0 freq=2596.12MHz workers=2 run=1
BENCH mode=replay-hydra-burst msgs=505849 rate=1203376645 allocs=0 freq=2596.12MHz workers=2 run=2
BENCH mode=replay-hydra-burst msgs=505849 rate=1222217658 allocs=0 freq=2596.12MHz workers=2 run=3
BENCH mode=replay-hydra-burst msgs=505849 rate=1188624801 allocs=0 freq=2596.12MHz workers=2 run=4
BENCH mode=replay-hydra-burst msgs=505849 rate=1228582045 allocs=0 freq=2596.12MHz workers=2 run=5
BENCH_MEDIAN mode=replay-hydra-burst rate=1203376645
R23B_AFFINE_VERDICT arm=burst armed=false tag_hits=0 payload_fallbacks=0 ledger_rows=0 (R23c: workers verify spans from register tags, zero payload reads; the (prefix,cum) triple checked per-span by the scalar affine law)
PR1_HYDRA_VERDICT rate=1203376645 (bit-exact multi-core span conformance: 2 workers, every emitted byte CRC32C-checked in-window, ordered serial fold)
PR1_GIGAHFT_BURST_VERDICT rate=1203376645 target=1000000000 -> PASS (R7 burst reference; the sustained arm below is the gate)
DIAG sustained: passes=12362 reset_ms=422.4 scan_ms=4574.9 end_ms=0.6 pending_max=5104 batches=271964 wait_ms=51.6 work_ms=4250.1 fold_ms=201.2 assist_chunks=398776 bytes_per_msg=27.65 crc_demand_gb_s=34.58
DIAG worker[0] sustained: cpu0(pinned) placement=[0, 2] batches=448033 spans=57337472 eval_ms=4777.4 idle_iters=287340 res_waits=0 fw=13400 fw_ms=28.5
DIAG worker[1] sustained: cpu2(pinned) placement=[0, 2] batches=414820 spans=53085136 eval_ms=3502.2 idle_iters=356142 res_waits=0 fw=293372 fw_ms=1253.5
DIAG rx sustained: publications=272024 polls=1075732 prod_ms=981.9 bufwait_laps=133392 resets=12364 eos_parks=0 nbuf=16 rx_actual_cpu=3
ADVANCE_DIAGNOSTIC sustained: advances=12364 advance_ms=51.2 us_per_advance=4.1 (F-5 reset/auto-advance hygiene — the synchronous bake tail the per-publication prepatch budget drains; HFT_PREPATCH_BUDGET prices it)
RXWARM_DIAGNOSTIC sustained: enabled=false fixes=0 uncovered=0 last_pass_fixes=0 (F-1 frame-entry warm start; the steady-state law is fixes==0 on pass>=2 — the kill rule reads persistent fixes)
RXBUILD_DIAGNOSTIC sustained: enabled=true patches=271937572 last_pass_patches=21996 frames=21996 (F-2 publish-by-reference master; the steady-state law is every patchable entry patched exactly once per pass boundary)
DIAG cons sustained: parks=47 park_ms=49.8 slow_waits=47 slow_ms=50.4
BENCH mode=replay-hydra-sustained-5s total_msgs=6253305338 duration=5.00s sustained_rate=1250611315 msg/s allocs=0 workers=2 crc_kernel=reflect
PR1_HYDRA_SUSTAINED_VERDICT rate=1250611315 (duration=5.00s, total_msgs=6253305338, workers=2)
PR1_GIGAHFT_VERDICT rate=1250611315 target=1000000000 -> PASS (Project 1.0B: bit-exact, zero-alloc, every byte verified in-window, cross-pass double-buffered fabric)
PR1_R8_FULL_VERIFY_VERDICT rate=1250611315 target=1000000000 -> PASS (R8: 1B msg/s sustained full verification — bit-exact, zero-alloc, every byte CRC32C-verified in-window)
PR1_R16_FULL_VERIFY_VERDICT rate=1250611315 target=2000000000 -> FAIL (R16: 2B msg/s sustained full verification — the Double Helix program, docs/29)
R16B_RXDESC_VERDICT rx_fixes=1856 assist_chunks=398776 (array-driven submission telemetry; fixes=0 means every RX prefill entry was already exact)
R23B_AFFINE_VERDICT arm=sustained armed=false tag_hits=0 payload_fallbacks=0 ledger_rows=0 (R23c: zero-re-read affine verification on the worker fabric)
PR1_R23_AFFINE_SUSTAINED_VERDICT rate=1250611315 target=2500000000 -> FAIL (R23: 2.5B+ sustained full verification from register tags — the affine-span algebra program, docs/36)
=== 11ab. R23c: Affine-Tag Zero-Re-Read Verification ARMED (the affine ship) ===
[1m[92m    Finished[0m `release` profile [optimized] target(s) in 0.00s
[1m[92m     Running[0m `target/release/bench --hydra-only`
BENCH_CALIBRATION invariant_tsc=true freq_mhz=2596.12 mark_overhead_cycles=52
=== R6. PR-1 HYDRA BIT-EXACT MULTI-CORE SPAN CONFORMANCE ===
BLOB_BACKING mode=mmap anon_huge_kb=14336 map_mb=16.5 verdict=thp-granted
HYDRA_BITPARITY sequential=(count=505849 hash=0x881639cead506f25 msg_hash=0xcbf29ce484222325) hydra=(count=505849 hash=0x881639cead506f25 msg_hash=0xcbf29ce484222325) -> BIT-EXACT
BENCH mode=replay-hydra-burst msgs=505849 rate=1155238721 allocs=0 freq=2596.12MHz workers=2 run=1
BENCH mode=replay-hydra-burst msgs=505849 rate=1270549613 allocs=0 freq=2596.12MHz workers=2 run=2
BENCH mode=replay-hydra-burst msgs=505849 rate=1160600755 allocs=0 freq=2596.12MHz workers=2 run=3
BENCH mode=replay-hydra-burst msgs=505849 rate=1229059658 allocs=0 freq=2596.12MHz workers=2 run=4
BENCH mode=replay-hydra-burst msgs=505849 rate=1125456936 allocs=0 freq=2596.12MHz workers=2 run=5
BENCH_MEDIAN mode=replay-hydra-burst rate=1160600755
R23B_AFFINE_VERDICT arm=burst armed=true tag_hits=65952 payload_fallbacks=0 ledger_rows=21984 (R23c: workers verify spans from register tags, zero payload reads; the (prefix,cum) triple checked per-span by the scalar affine law)
PR1_HYDRA_VERDICT rate=1160600755 (bit-exact multi-core span conformance: 2 workers, every emitted byte CRC32C-checked in-window, ordered serial fold)
PR1_GIGAHFT_BURST_VERDICT rate=1160600755 target=1000000000 -> PASS (R7 burst reference; the sustained arm below is the gate)
DIAG sustained: passes=18843 reset_ms=640.1 scan_ms=4356.5 end_ms=0.8 pending_max=1520 batches=414546 wait_ms=34.3 work_ms=3941.9 fold_ms=296.7 assist_chunks=48 bytes_per_msg=27.65 crc_demand_gb_s=52.72
DIAG worker[0] sustained: cpu0(pinned) placement=[0, 2] batches=809983 spans=103565056 eval_ms=1636.2 idle_iters=4086720 res_waits=0 fw=2267352 fw_ms=2155.2
DIAG worker[1] sustained: cpu2(pinned) placement=[0, 2] batches=810021 spans=103565120 eval_ms=1393.5 idle_iters=4236946 res_waits=0 fw=2313493 fw_ms=2266.9
DIAG rx sustained: publications=414606 polls=1639579 prod_ms=1368.6 bufwait_laps=157981 resets=18845 eos_parks=0 nbuf=16 rx_actual_cpu=3
ADVANCE_DIAGNOSTIC sustained: advances=18845 advance_ms=84.5 us_per_advance=4.5 (F-5 reset/auto-advance hygiene — the synchronous bake tail the per-publication prepatch budget drains; HFT_PREPATCH_BUDGET prices it)
RXWARM_DIAGNOSTIC sustained: enabled=false fixes=0 uncovered=0 last_pass_fixes=0 (F-1 frame-entry warm start; the steady-state law is fixes==0 on pass>=2 — the kill rule reads persistent fixes)
RXBUILD_DIAGNOSTIC sustained: enabled=true patches=414493520 last_pass_patches=21996 frames=21996 (F-2 publish-by-reference master; the steady-state law is every patchable entry patched exactly once per pass boundary)
DIAG cons sustained: parks=16 park_ms=1.9 slow_waits=16 slow_ms=2.1
BENCH mode=replay-hydra-sustained-5s total_msgs=9531712707 duration=5.00s sustained_rate=1906312161 msg/s allocs=0 workers=2 crc_kernel=reflect
PR1_HYDRA_SUSTAINED_VERDICT rate=1906312161 (duration=5.00s, total_msgs=9531712707, workers=2)
PR1_GIGAHFT_VERDICT rate=1906312161 target=1000000000 -> PASS (Project 1.0B: bit-exact, zero-alloc, every byte verified in-window, cross-pass double-buffered fabric)
PR1_R8_FULL_VERIFY_VERDICT rate=1906312161 target=1000000000 -> PASS (R8: 1B msg/s sustained full verification — bit-exact, zero-alloc, every byte CRC32C-verified in-window)
PR1_R16_FULL_VERIFY_VERDICT rate=1906312161 target=2000000000 -> FAIL (R16: 2B msg/s sustained full verification — the Double Helix program, docs/29)
R16B_RXDESC_VERDICT rx_fixes=0 assist_chunks=48 (array-driven submission telemetry; fixes=0 means every RX prefill entry was already exact)
R23B_AFFINE_VERDICT arm=sustained armed=true tag_hits=207130176 payload_fallbacks=0 ledger_rows=21984 (R23c: zero-re-read affine verification on the worker fabric)
PR1_R23_AFFINE_SUSTAINED_VERDICT rate=1906312161 target=2500000000 -> FAIL (R23: 2.5B+ sustained full verification from register tags — the affine-span algebra program, docs/36)
R23B_AFFINE_VERDICT arm=sustained armed=true tag_hits=207130176 payload_fallbacks=0 ledger_rows=21984 (R23c: zero-re-read affine verification on the worker fabric)
PR1_R23_AFFINE_SUSTAINED_VERDICT rate=1906312161 target=2500000000 -> FAIL (R23: 2.5B+ sustained full verification from register tags — the affine-span algebra program, docs/36)
=== 11z. R17: Null-Mode Instrument (the non-CRC fabric ceiling) ===
[1m[92m    Finished[0m `release` profile [optimized] target(s) in 0.00s
[1m[92m     Running[0m `target/release/bench --hydra-only`
BENCH_CALIBRATION invariant_tsc=true freq_mhz=2596.12 mark_overhead_cycles=52
=== R6. PR-1 HYDRA BIT-EXACT MULTI-CORE SPAN CONFORMANCE ===
BLOB_BACKING mode=mmap anon_huge_kb=16384 map_mb=16.5 verdict=thp-granted
HYDRA_NULL_MODE_DIAGNOSTIC workers skip the CRC kernel — parity asserts DISABLED, rate is the pipeline-overhead ceiling only
BENCH mode=replay-hydra-burst msgs=505849 rate=1682523474 allocs=0 freq=2596.12MHz workers=2 run=1
BENCH mode=replay-hydra-burst msgs=505849 rate=3609365746 allocs=0 freq=2596.12MHz workers=2 run=2
BENCH mode=replay-hydra-burst msgs=505849 rate=3646888765 allocs=0 freq=2596.12MHz workers=2 run=3
BENCH mode=replay-hydra-burst msgs=505849 rate=3448680451 allocs=0 freq=2596.12MHz workers=2 run=4
BENCH mode=replay-hydra-burst msgs=505849 rate=3631937563 allocs=0 freq=2596.12MHz workers=2 run=5
BENCH_MEDIAN mode=replay-hydra-burst rate=3609365746
R23B_AFFINE_VERDICT arm=burst armed=false tag_hits=0 payload_fallbacks=0 ledger_rows=0 (R23c: workers verify spans from register tags, zero payload reads; the (prefix,cum) triple checked per-span by the scalar affine law)
PR1_HYDRA_VERDICT rate=3609365746 (bit-exact multi-core span conformance: 2 workers, every emitted byte CRC32C-checked in-window, ordered serial fold)
PR1_GIGAHFT_BURST_VERDICT rate=3609365746 target=1000000000 -> PASS (R7 burst reference; the sustained arm below is the gate)
DIAG sustained: passes=29779 reset_ms=829.8 scan_ms=4165.1 end_ms=1.7 pending_max=3840 batches=655138 wait_ms=63.0 work_ms=3538.2 fold_ms=454.2 assist_chunks=47 bytes_per_msg=27.65 crc_demand_gb_s=83.31
DIAG worker[0] sustained: cpu0(pinned) placement=[0, 2] batches=2568407 spans=166239436 eval_ms=533.4 idle_iters=15992377 res_waits=51 fw=0 fw_ms=0.0
DIAG worker[1] sustained: cpu2(pinned) placement=[0, 2] batches=2568034 spans=166236319 eval_ms=608.6 idle_iters=15765560 res_waits=0 fw=0 fw_ms=0.0
DIAG rx sustained: publications=655194 polls=2590996 prod_ms=2158.8 bufwait_laps=208511 resets=29781 eos_parks=0 nbuf=16 rx_actual_cpu=3
ADVANCE_DIAGNOSTIC sustained: advances=29781 advance_ms=293.1 us_per_advance=9.8 (F-5 reset/auto-advance hygiene — the synchronous bake tail the per-publication prepatch budget drains; HFT_PREPATCH_BUDGET prices it)
RXWARM_DIAGNOSTIC sustained: enabled=false fixes=0 uncovered=0 last_pass_fixes=0 (F-1 frame-entry warm start; the steady-state law is fixes==0 on pass>=2 — the kill rule reads persistent fixes)
RXBUILD_DIAGNOSTIC sustained: enabled=true patches=655042096 last_pass_patches=21996 frames=21996 (F-2 publish-by-reference master; the steady-state law is every patchable entry patched exactly once per pass boundary)
DIAG cons sustained: parks=24 park_ms=3.5 slow_waits=24 slow_ms=3.8
BENCH mode=replay-hydra-sustained-5s total_msgs=15063677371 duration=5.00s sustained_rate=3012758414 msg/s allocs=0 workers=2 crc_kernel=reflect
PR1_HYDRA_SUSTAINED_VERDICT rate=3012758414 (duration=5.00s, total_msgs=15063677371, workers=2)
PR1_GIGAHFT_VERDICT rate=3012758414 target=1000000000 -> PASS (Project 1.0B: bit-exact, zero-alloc, every byte verified in-window, cross-pass double-buffered fabric)
PR1_R8_FULL_VERIFY_VERDICT rate=3012758414 target=1000000000 -> PASS (R8: 1B msg/s sustained full verification — bit-exact, zero-alloc, every byte CRC32C-verified in-window)
PR1_R16_FULL_VERIFY_VERDICT rate=3012758414 target=2000000000 -> PASS (R16: 2B msg/s sustained full verification — the Double Helix program, docs/29)
R16B_RXDESC_VERDICT rx_fixes=0 assist_chunks=47 (array-driven submission telemetry; fixes=0 means every RX prefill entry was already exact)
R23B_AFFINE_VERDICT arm=sustained armed=false tag_hits=0 payload_fallbacks=0 ledger_rows=0 (R23c: zero-re-read affine verification on the worker fabric)
PR1_R23_AFFINE_SUSTAINED_VERDICT rate=3012758414 target=2500000000 -> PASS (R23: 2.5B+ sustained full verification from register tags — the affine-span algebra program, docs/36)
=== 11wn. R17/F-1: RX Frame-Entry Warm Start ARMED (the refuted lever's pricing instrument) ===
[1m[92m    Finished[0m `release` profile [optimized] target(s) in 0.00s
[1m[92m     Running[0m `target/release/bench --hydra-only`
BENCH_CALIBRATION invariant_tsc=true freq_mhz=2596.12 mark_overhead_cycles=52
=== R6. PR-1 HYDRA BIT-EXACT MULTI-CORE SPAN CONFORMANCE ===
BLOB_BACKING mode=mmap anon_huge_kb=14336 map_mb=16.5 verdict=thp-granted
HYDRA_BITPARITY sequential=(count=505849 hash=0x881639cead506f25 msg_hash=0xcbf29ce484222325) hydra=(count=505849 hash=0x881639cead506f25 msg_hash=0xcbf29ce484222325) -> BIT-EXACT
BENCH mode=replay-hydra-burst msgs=505849 rate=1407106059 allocs=0 freq=2596.12MHz workers=2 run=1
BENCH mode=replay-hydra-burst msgs=505849 rate=1513253898 allocs=0 freq=2596.12MHz workers=2 run=2
BENCH mode=replay-hydra-burst msgs=505849 rate=1520682647 allocs=0 freq=2596.12MHz workers=2 run=3
BENCH mode=replay-hydra-burst msgs=505849 rate=1543309464 allocs=0 freq=2596.12MHz workers=2 run=4
BENCH mode=replay-hydra-burst msgs=505849 rate=1608376866 allocs=0 freq=2596.12MHz workers=2 run=5
BENCH_MEDIAN mode=replay-hydra-burst rate=1520682647
R23B_AFFINE_VERDICT arm=burst armed=false tag_hits=0 payload_fallbacks=0 ledger_rows=0 (R23c: workers verify spans from register tags, zero payload reads; the (prefix,cum) triple checked per-span by the scalar affine law)
PR1_HYDRA_VERDICT rate=1520682647 (bit-exact multi-core span conformance: 2 workers, every emitted byte CRC32C-checked in-window, ordered serial fold)
PR1_GIGAHFT_BURST_VERDICT rate=1520682647 target=1000000000 -> PASS (R7 burst reference; the sustained arm below is the gate)
DIAG sustained: passes=16350 reset_ms=642.7 scan_ms=4354.0 end_ms=0.8 pending_max=6702 batches=359700 wait_ms=440.9 work_ms=3578.6 fold_ms=264.4 assist_chunks=320613 bytes_per_msg=27.65 crc_demand_gb_s=45.74
DIAG worker[0] sustained: cpu0(pinned) placement=[0, 2] batches=637734 spans=81621974 eval_ms=4963.6 idle_iters=31596 res_waits=0 fw=0 fw_ms=0.0
DIAG worker[1] sustained: cpu2(pinned) placement=[0, 2] batches=626094 spans=80134156 eval_ms=4956.1 idle_iters=28254 res_waits=342 fw=0 fw_ms=0.0
DIAG rx sustained: publications=359760 polls=1422688 prod_ms=3436.7 bufwait_laps=114379 resets=16352 eos_parks=0 nbuf=16 rx_actual_cpu=3
ADVANCE_DIAGNOSTIC sustained: advances=16352 advance_ms=324.0 us_per_advance=19.8 (F-5 reset/auto-advance hygiene — the synchronous bake tail the per-publication prepatch budget drains; HFT_PREPATCH_BUDGET prices it)
RXWARM_DIAGNOSTIC sustained: enabled=true fixes=21996 uncovered=0 last_pass_fixes=0 (F-1 frame-entry warm start; the steady-state law is fixes==0 on pass>=2 — the kill rule reads persistent fixes)
RXBUILD_DIAGNOSTIC sustained: enabled=false patches=0 last_pass_patches=0 frames=0 (F-2 publish-by-reference master; the steady-state law is every patchable entry patched exactly once per pass boundary)
DIAG cons sustained: parks=78 park_ms=4.9 slow_waits=78 slow_ms=6.4
BENCH mode=replay-hydra-sustained-5s total_msgs=8270631150 duration=5.00s sustained_rate=1654045652 msg/s allocs=0 workers=2 crc_kernel=reflect
PR1_HYDRA_SUSTAINED_VERDICT rate=1654045652 (duration=5.00s, total_msgs=8270631150, workers=2)
PR1_GIGAHFT_VERDICT rate=1654045652 target=1000000000 -> PASS (Project 1.0B: bit-exact, zero-alloc, every byte verified in-window, cross-pass double-buffered fabric)
PR1_R8_FULL_VERIFY_VERDICT rate=1654045652 target=1000000000 -> PASS (R8: 1B msg/s sustained full verification — bit-exact, zero-alloc, every byte CRC32C-verified in-window)
PR1_R16_FULL_VERIFY_VERDICT rate=1654045652 target=2000000000 -> FAIL (R16: 2B msg/s sustained full verification — the Double Helix program, docs/29)
R16B_RXDESC_VERDICT rx_fixes=0 assist_chunks=320613 (array-driven submission telemetry; fixes=0 means every RX prefill entry was already exact)
R23B_AFFINE_VERDICT arm=sustained armed=false tag_hits=0 payload_fallbacks=0 ledger_rows=0 (R23c: zero-re-read affine verification on the worker fabric)
PR1_R23_AFFINE_SUSTAINED_VERDICT rate=1654045652 target=2500000000 -> FAIL (R23: 2.5B+ sustained full verification from register tags — the affine-span algebra program, docs/36)
[1m[92m    Finished[0m `release` profile [optimized] target(s) in 0.00s
[1m[92m     Running[0m `target/release/hft_bench --sample data/tests/sample-mini.itch --runs 5 --warmup 2 --output-format json`
HFT_BENCH_CALIBRATION invariant_tsc=true freq_mhz=2596.12 mark_overhead_cycles=52 target_env=gnu
TOPOLOGY_VERIFICATION main=Some(0) rx=Some(2) -> VERIFIED (distinct physical cores, same L3 domain — the deterministic 0.21 cyc/msg mode)
BLOB_BACKING mode=mmap anon_huge_kb=16384 map_mb=16.5 verdict=thp-granted
HFT_BENCH_WARMUP 1/2 arm=classic rate=1018189979
HFT_BENCH_WARMUP 2/2 arm=classic rate=1056992231
HFT_BENCH_RUN 1/5 arm=classic rate=1091104199 cyc=2.38
HFT_BENCH_RUN 2/5 arm=classic rate=1138033359 cyc=2.28
HFT_BENCH_RUN 3/5 arm=classic rate=1165797818 cyc=2.23
HFT_BENCH_RUN 4/5 arm=classic rate=1173543768 cyc=2.21
HFT_BENCH_RUN 5/5 arm=classic rate=1156379588 cyc=2.25
HFT_BENCH_WARMUP 1/2 arm=span rate=1915847958
HFT_BENCH_WARMUP 2/2 arm=span rate=3850098183
HFT_BENCH_RUN 1/5 arm=span rate=3581713646 cyc=0.72
HFT_BENCH_RUN 2/5 arm=span rate=3386708890 cyc=0.77
HFT_BENCH_RUN 3/5 arm=span rate=3551761666 cyc=0.73
HFT_BENCH_RUN 4/5 arm=span rate=3384895913 cyc=0.77
HFT_BENCH_RUN 5/5 arm=span rate=3396737889 cyc=0.76
DIAG rx span: publications=170 polls=673 prod_ms=1.3 bufwait_laps=38 resets=7 eos_parks=7 nbuf=16 rx_actual_cpu=2
ADVANCE_DIAGNOSTIC span: advances=0 advance_ms=0.0 us_per_advance=0.0 (F-5 reset/auto-advance hygiene — the synchronous bake tail the per-publication prepatch budget drains; HFT_PREPATCH_BUDGET prices it)
RXWARM_DIAGNOSTIC span: enabled=true fixes=21996 uncovered=0 last_pass_fixes=0 (F-1 frame-entry warm start; the steady-state law is fixes==0 on pass>=2 — the kill rule reads persistent fixes)
RXBUILD_DIAGNOSTIC span: enabled=false patches=0 last_pass_patches=0 frames=0 (F-2 publish-by-reference master; the steady-state law is every patchable entry patched exactly once per pass boundary)
DIAG cons span: parks=1 park_ms=0.1 slow_waits=1 slow_ms=0.1
LADDER_DIAGNOSTIC span: vectorized=false (F-3 entry walk; HFT_VEC_LADDER=1 arms the 8-entry group path — the Front A consumer IS the post-F-2 wall)
HFT_BENCH_WARMUP 1/2 arm=spec rate=484609997
HFT_BENCH_WARMUP 2/2 arm=spec rate=489821549
HFT_BENCH_RUN 1/5 arm=spec rate=490892487
HFT_BENCH_RUN 2/5 arm=spec rate=495015583
HFT_BENCH_RUN 3/5 arm=spec rate=493366819
HFT_BENCH_RUN 4/5 arm=spec rate=491260527
HFT_BENCH_RUN 5/5 arm=spec rate=485443387
PR1_R23_PURE_INGEST_VERDICT rate=491260527 target=15000000000 -> FAIL (R23: 15B msg/s pure ingest with the speculative 512-bit slicer — the 20B mode's pricing row; the R8/R16 span-arm gates above stay the asserting floor)
DIAG rx spec: publications=91 polls=609 prod_ms=0.7 bufwait_laps=0 resets=7 eos_parks=7 nbuf=16 rx_actual_cpu=2
ADVANCE_DIAGNOSTIC spec: advances=0 advance_ms=0.0 us_per_advance=0.0 (F-5 reset/auto-advance hygiene — the synchronous bake tail the per-publication prepatch budget drains; HFT_PREPATCH_BUDGET prices it)
RXWARM_DIAGNOSTIC spec: enabled=true fixes=10998 uncovered=0 last_pass_fixes=0 (F-1 frame-entry warm start; the steady-state law is fixes==0 on pass>=2 — the kill rule reads persistent fixes)
RXBUILD_DIAGNOSTIC spec: enabled=false patches=0 last_pass_patches=0 frames=0 (F-2 publish-by-reference master; the steady-state law is every patchable entry patched exactly once per pass boundary)
DIAG cons spec: parks=0 park_ms=0.0 slow_waits=0 slow_ms=0.0
PR1_R8_PURE_INGEST_VERDICT rate=3396737889 target=2000000000 -> PASS (R8: 2B msg/s pure ingest — full pipeline live, span emission, zero verification skipped)
PR1_R16_PURE_INGEST_VERDICT rate=3396737889 target=5000000000 -> FAIL (R16: 5B msg/s pure ingest — the Double Helix program, docs/29)
{
  "median_cycles": 2.2450,
  "p95_cycles": 2.3794,
  "p99_cycles": 2.3794,
  "stddev": 0.0598,
  "cv_percent": 2.6650,
  "runs": 5,
  "warmup": 2,
  "cpu_model": "AMD EPYC 9V45 96-Core Processor",
  "freq_mhz": 2596.12,
  "target": "x86_64-unknown-linux-gnu",
  "sink": "count+span",
  "sample": "data/tests/sample-mini.itch",
  "span_median_cycles": 0.7643,
  "span_p95_cycles": 0.7670,
  "span_p99_cycles": 0.7670,
  "span_stddev": 0.0188,
  "span_cv_percent": 2.4556,
  "span_rate_msg_per_sec": 3396737889,
  "r8_pure_ingest_target": 2000000000,
  "r8_pure_ingest_verdict": "PASS",
  "r16_pure_ingest_target": 5000000000,
  "r16_pure_ingest_verdict": "FAIL",
  "spec_rate_msg_per_sec": 491260527,
  "r23_pure_ingest_target": 15000000000,
  "r23_pure_ingest_verdict": "FAIL"
}
=== 11rb. R17/F-2: Publish-by-Reference ROLLBACK (the classic-path pricing arm — the default IS rxbuild since the F-2 verdict) ===
[1m[92m    Finished[0m `release` profile [optimized] target(s) in 0.00s
[1m[92m     Running[0m `target/release/bench --hydra-only`
BENCH_CALIBRATION invariant_tsc=true freq_mhz=2596.12 mark_overhead_cycles=52
=== R6. PR-1 HYDRA BIT-EXACT MULTI-CORE SPAN CONFORMANCE ===
BLOB_BACKING mode=mmap anon_huge_kb=16384 map_mb=16.5 verdict=thp-granted
HYDRA_BITPARITY sequential=(count=505849 hash=0x881639cead506f25 msg_hash=0xcbf29ce484222325) hydra=(count=505849 hash=0x881639cead506f25 msg_hash=0xcbf29ce484222325) -> BIT-EXACT
BENCH mode=replay-hydra-burst msgs=505849 rate=1468681044 allocs=0 freq=2596.12MHz workers=2 run=1
BENCH mode=replay-hydra-burst msgs=505849 rate=1526612022 allocs=0 freq=2596.12MHz workers=2 run=2
BENCH mode=replay-hydra-burst msgs=505849 rate=1609451509 allocs=0 freq=2596.12MHz workers=2 run=3
BENCH mode=replay-hydra-burst msgs=505849 rate=1629542174 allocs=0 freq=2596.12MHz workers=2 run=4
BENCH mode=replay-hydra-burst msgs=505849 rate=1628126066 allocs=0 freq=2596.12MHz workers=2 run=5
BENCH_MEDIAN mode=replay-hydra-burst rate=1609451509
R23B_AFFINE_VERDICT arm=burst armed=false tag_hits=0 payload_fallbacks=0 ledger_rows=0 (R23c: workers verify spans from register tags, zero payload reads; the (prefix,cum) triple checked per-span by the scalar affine law)
PR1_HYDRA_VERDICT rate=1609451509 (bit-exact multi-core span conformance: 2 workers, every emitted byte CRC32C-checked in-window, ordered serial fold)
PR1_GIGAHFT_BURST_VERDICT rate=1609451509 target=1000000000 -> PASS (R7 burst reference; the sustained arm below is the gate)
DIAG sustained: passes=17020 reset_ms=391.5 scan_ms=4605.0 end_ms=0.9 pending_max=6253 batches=374440 wait_ms=133.9 work_ms=4116.5 fold_ms=278.3 assist_chunks=411006 bytes_per_msg=27.65 crc_demand_gb_s=47.61
DIAG worker[0] sustained: cpu0(pinned) placement=[0, 2] batches=601913 spans=77024755 eval_ms=4965.1 idle_iters=29155 res_waits=0 fw=0 fw_ms=0.0
DIAG worker[1] sustained: cpu2(pinned) placement=[0, 2] batches=674691 spans=86343882 eval_ms=4954.0 idle_iters=27218 res_waits=0 fw=0 fw_ms=0.0
DIAG rx sustained: publications=374500 polls=1480978 prod_ms=3102.4 bufwait_laps=119205 resets=17022 eos_parks=0 nbuf=16 rx_actual_cpu=3
ADVANCE_DIAGNOSTIC sustained: advances=17022 advance_ms=51.0 us_per_advance=3.0 (F-5 reset/auto-advance hygiene — the synchronous bake tail the per-publication prepatch budget drains; HFT_PREPATCH_BUDGET prices it)
RXWARM_DIAGNOSTIC sustained: enabled=false fixes=0 uncovered=0 last_pass_fixes=0 (F-1 frame-entry warm start; the steady-state law is fixes==0 on pass>=2 — the kill rule reads persistent fixes)
RXBUILD_DIAGNOSTIC sustained: enabled=false patches=0 last_pass_patches=0 frames=0 (F-2 publish-by-reference master; the steady-state law is every patchable entry patched exactly once per pass boundary)
DIAG cons sustained: parks=34 park_ms=1.6 slow_waits=34 slow_ms=2.1
BENCH mode=replay-hydra-sustained-5s total_msgs=8609549980 duration=5.00s sustained_rate=1721858064 msg/s allocs=0 workers=2 crc_kernel=reflect
PR1_HYDRA_SUSTAINED_VERDICT rate=1721858064 (duration=5.00s, total_msgs=8609549980, workers=2)
PR1_GIGAHFT_VERDICT rate=1721858064 target=1000000000 -> PASS (Project 1.0B: bit-exact, zero-alloc, every byte verified in-window, cross-pass double-buffered fabric)
PR1_R8_FULL_VERIFY_VERDICT rate=1721858064 target=1000000000 -> PASS (R8: 1B msg/s sustained full verification — bit-exact, zero-alloc, every byte CRC32C-verified in-window)
PR1_R16_FULL_VERIFY_VERDICT rate=1721858064 target=2000000000 -> FAIL (R16: 2B msg/s sustained full verification — the Double Helix program, docs/29)
R16B_RXDESC_VERDICT rx_fixes=0 assist_chunks=411006 (array-driven submission telemetry; fixes=0 means every RX prefill entry was already exact)
R23B_AFFINE_VERDICT arm=sustained armed=false tag_hits=0 payload_fallbacks=0 ledger_rows=0 (R23c: zero-re-read affine verification on the worker fabric)
PR1_R23_AFFINE_SUSTAINED_VERDICT rate=1721858064 target=2500000000 -> FAIL (R23: 2.5B+ sustained full verification from register tags — the affine-span algebra program, docs/36)
[1m[92m    Finished[0m `release` profile [optimized] target(s) in 0.00s
[1m[92m     Running[0m `target/release/hft_bench --sample data/tests/sample-mini.itch --runs 5 --warmup 2 --output-format json`
HFT_BENCH_CALIBRATION invariant_tsc=true freq_mhz=2596.12 mark_overhead_cycles=52 target_env=gnu
TOPOLOGY_VERIFICATION main=Some(0) rx=Some(2) -> VERIFIED (distinct physical cores, same L3 domain — the deterministic 0.21 cyc/msg mode)
BLOB_BACKING mode=mmap anon_huge_kb=16384 map_mb=16.5 verdict=thp-granted
HFT_BENCH_WARMUP 1/2 arm=classic rate=942199481
HFT_BENCH_WARMUP 2/2 arm=classic rate=1027010729
HFT_BENCH_RUN 1/5 arm=classic rate=994415066 cyc=2.61
HFT_BENCH_RUN 2/5 arm=classic rate=1107591014 cyc=2.34
HFT_BENCH_RUN 3/5 arm=classic rate=1122330618 cyc=2.31
HFT_BENCH_RUN 4/5 arm=classic rate=1146769045 cyc=2.26
HFT_BENCH_RUN 5/5 arm=classic rate=1118553406 cyc=2.32
HFT_BENCH_WARMUP 1/2 arm=span rate=2137874926
HFT_BENCH_WARMUP 2/2 arm=span rate=3841035414
HFT_BENCH_RUN 1/5 arm=span rate=3809735046 cyc=0.68
HFT_BENCH_RUN 2/5 arm=span rate=3594209180 cyc=0.72
HFT_BENCH_RUN 3/5 arm=span rate=3676602270 cyc=0.71
HFT_BENCH_RUN 4/5 arm=span rate=3814619027 cyc=0.68
HFT_BENCH_RUN 5/5 arm=span rate=3832857240 cyc=0.68
DIAG rx span: publications=170 polls=673 prod_ms=1.0 bufwait_laps=46 resets=7 eos_parks=7 nbuf=16 rx_actual_cpu=2
ADVANCE_DIAGNOSTIC span: advances=0 advance_ms=0.0 us_per_advance=0.0 (F-5 reset/auto-advance hygiene — the synchronous bake tail the per-publication prepatch budget drains; HFT_PREPATCH_BUDGET prices it)
RXWARM_DIAGNOSTIC span: enabled=false fixes=0 uncovered=0 last_pass_fixes=0 (F-1 frame-entry warm start; the steady-state law is fixes==0 on pass>=2 — the kill rule reads persistent fixes)
RXBUILD_DIAGNOSTIC span: enabled=false patches=0 last_pass_patches=0 frames=0 (F-2 publish-by-reference master; the steady-state law is every patchable entry patched exactly once per pass boundary)
DIAG cons span: parks=1 park_ms=0.1 slow_waits=1 slow_ms=0.1
LADDER_DIAGNOSTIC span: vectorized=false (F-3 entry walk; HFT_VEC_LADDER=1 arms the 8-entry group path — the Front A consumer IS the post-F-2 wall)
HFT_BENCH_WARMUP 1/2 arm=spec rate=493598381
HFT_BENCH_WARMUP 2/2 arm=spec rate=486832823
HFT_BENCH_RUN 1/5 arm=spec rate=496105001
HFT_BENCH_RUN 2/5 arm=spec rate=498101038
HFT_BENCH_RUN 3/5 arm=spec rate=505736726
HFT_BENCH_RUN 4/5 arm=spec rate=502356117
HFT_BENCH_RUN 5/5 arm=spec rate=504428529
PR1_R23_PURE_INGEST_VERDICT rate=502356117 target=15000000000 -> FAIL (R23: 15B msg/s pure ingest with the speculative 512-bit slicer — the 20B mode's pricing row; the R8/R16 span-arm gates above stay the asserting floor)
DIAG rx spec: publications=91 polls=609 prod_ms=0.6 bufwait_laps=0 resets=7 eos_parks=7 nbuf=16 rx_actual_cpu=2
ADVANCE_DIAGNOSTIC spec: advances=0 advance_ms=0.0 us_per_advance=0.0 (F-5 reset/auto-advance hygiene — the synchronous bake tail the per-publication prepatch budget drains; HFT_PREPATCH_BUDGET prices it)
RXWARM_DIAGNOSTIC spec: enabled=false fixes=0 uncovered=0 last_pass_fixes=0 (F-1 frame-entry warm start; the steady-state law is fixes==0 on pass>=2 — the kill rule reads persistent fixes)
RXBUILD_DIAGNOSTIC spec: enabled=false patches=0 last_pass_patches=0 frames=0 (F-2 publish-by-reference master; the steady-state law is every patchable entry patched exactly once per pass boundary)
DIAG cons spec: parks=0 park_ms=0.0 slow_waits=0 slow_ms=0.0
PR1_R8_PURE_INGEST_VERDICT rate=3809735046 target=2000000000 -> PASS (R8: 2B msg/s pure ingest — full pipeline live, span emission, zero verification skipped)
PR1_R16_PURE_INGEST_VERDICT rate=3809735046 target=5000000000 -> FAIL (R16: 5B msg/s pure ingest — the Double Helix program, docs/29)
{
  "median_cycles": 2.3210,
  "p95_cycles": 2.6107,
  "p99_cycles": 2.6107,
  "stddev": 0.1229,
  "cv_percent": 5.2951,
  "runs": 5,
  "warmup": 2,
  "cpu_model": "AMD EPYC 9V45 96-Core Processor",
  "freq_mhz": 2596.12,
  "target": "x86_64-unknown-linux-gnu",
  "sink": "count+span",
  "sample": "data/tests/sample-mini.itch",
  "span_median_cycles": 0.6814,
  "span_p95_cycles": 0.7223,
  "span_p99_cycles": 0.7223,
  "span_stddev": 0.0177,
  "span_cv_percent": 2.5945,
  "span_rate_msg_per_sec": 3809735046,
  "r8_pure_ingest_target": 2000000000,
  "r8_pure_ingest_verdict": "PASS",
  "r16_pure_ingest_target": 5000000000,
  "r16_pure_ingest_verdict": "FAIL",
  "spec_rate_msg_per_sec": 502356117,
  "r23_pure_ingest_target": 15000000000,
  "r23_pure_ingest_verdict": "FAIL"
}
=== 11sl. R17/F-3: Front A Vectorized Entry-Walk Ladder ARMED (the residual 7.7% lever, round 1) ===
[1m[92m    Finished[0m `release` profile [optimized] target(s) in 0.00s
[1m[92m     Running[0m `target/release/hft_bench --sample data/tests/sample-mini.itch --runs 5 --warmup 2 --output-format json`
HFT_BENCH_CALIBRATION invariant_tsc=true freq_mhz=2596.12 mark_overhead_cycles=52 target_env=gnu
TOPOLOGY_VERIFICATION main=Some(0) rx=Some(2) -> VERIFIED (distinct physical cores, same L3 domain — the deterministic 0.21 cyc/msg mode)
BLOB_BACKING mode=mmap anon_huge_kb=16384 map_mb=16.5 verdict=thp-granted
HFT_BENCH_WARMUP 1/2 arm=classic rate=997875429
HFT_BENCH_WARMUP 2/2 arm=classic rate=992249901
HFT_BENCH_RUN 1/5 arm=classic rate=1062014104 cyc=2.44
HFT_BENCH_RUN 2/5 arm=classic rate=1115861433 cyc=2.33
HFT_BENCH_RUN 3/5 arm=classic rate=1155874899 cyc=2.25
HFT_BENCH_RUN 4/5 arm=classic rate=1196081074 cyc=2.17
HFT_BENCH_RUN 5/5 arm=classic rate=1184860643 cyc=2.19
HFT_BENCH_WARMUP 1/2 arm=span rate=2830304488
HFT_BENCH_WARMUP 2/2 arm=span rate=7795845084
HFT_BENCH_RUN 1/5 arm=span rate=7207468938 cyc=0.36
HFT_BENCH_RUN 2/5 arm=span rate=8432362599 cyc=0.31
HFT_BENCH_RUN 3/5 arm=span rate=8178377417 cyc=0.32
HFT_BENCH_RUN 4/5 arm=span rate=8251888223 cyc=0.31
HFT_BENCH_RUN 5/5 arm=span rate=8225053251 cyc=0.32
DIAG rx span: publications=170 polls=673 prod_ms=0.4 bufwait_laps=44 resets=7 eos_parks=7 nbuf=16 rx_actual_cpu=2
ADVANCE_DIAGNOSTIC span: advances=0 advance_ms=0.0 us_per_advance=0.0 (F-5 reset/auto-advance hygiene — the synchronous bake tail the per-publication prepatch budget drains; HFT_PREPATCH_BUDGET prices it)
RXWARM_DIAGNOSTIC span: enabled=false fixes=0 uncovered=0 last_pass_fixes=0 (F-1 frame-entry warm start; the steady-state law is fixes==0 on pass>=2 — the kill rule reads persistent fixes)
RXBUILD_DIAGNOSTIC span: enabled=true patches=153972 last_pass_patches=21996 frames=21996 (F-2 publish-by-reference master; the steady-state law is every patchable entry patched exactly once per pass boundary)
DIAG cons span: parks=1 park_ms=0.1 slow_waits=1 slow_ms=0.1
LADDER_DIAGNOSTIC span: vectorized=false (F-3 entry walk; HFT_VEC_LADDER=1 arms the 8-entry group path — the Front A consumer IS the post-F-2 wall)
HFT_BENCH_WARMUP 1/2 arm=spec rate=489143289
HFT_BENCH_WARMUP 2/2 arm=spec rate=483176890
HFT_BENCH_RUN 1/5 arm=spec rate=487698331
HFT_BENCH_RUN 2/5 arm=spec rate=490749139
HFT_BENCH_RUN 3/5 arm=spec rate=490354294
HFT_BENCH_RUN 4/5 arm=spec rate=488901711
HFT_BENCH_RUN 5/5 arm=spec rate=489166939
PR1_R23_PURE_INGEST_VERDICT rate=489166939 target=15000000000 -> FAIL (R23: 15B msg/s pure ingest with the speculative 512-bit slicer — the 20B mode's pricing row; the R8/R16 span-arm gates above stay the asserting floor)
DIAG rx spec: publications=91 polls=609 prod_ms=0.3 bufwait_laps=28 resets=7 eos_parks=7 nbuf=16 rx_actual_cpu=2
ADVANCE_DIAGNOSTIC spec: advances=0 advance_ms=0.0 us_per_advance=0.0 (F-5 reset/auto-advance hygiene — the synchronous bake tail the per-publication prepatch budget drains; HFT_PREPATCH_BUDGET prices it)
RXWARM_DIAGNOSTIC spec: enabled=false fixes=0 uncovered=0 last_pass_fixes=0 (F-1 frame-entry warm start; the steady-state law is fixes==0 on pass>=2 — the kill rule reads persistent fixes)
RXBUILD_DIAGNOSTIC spec: enabled=true patches=76986 last_pass_patches=10998 frames=10998 (F-2 publish-by-reference master; the steady-state law is every patchable entry patched exactly once per pass boundary)
DIAG cons spec: parks=0 park_ms=0.0 slow_waits=0 slow_ms=0.0
PR1_R8_PURE_INGEST_VERDICT rate=8225053250 target=2000000000 -> PASS (R8: 2B msg/s pure ingest — full pipeline live, span emission, zero verification skipped)
PR1_R16_PURE_INGEST_VERDICT rate=8225053250 target=5000000000 -> PASS (R16: 5B msg/s pure ingest — the Double Helix program, docs/29)
{
  "median_cycles": 2.2460,
  "p95_cycles": 2.4445,
  "p99_cycles": 2.4445,
  "stddev": 0.1002,
  "cv_percent": 4.4609,
  "runs": 5,
  "warmup": 2,
  "cpu_model": "AMD EPYC 9V45 96-Core Processor",
  "freq_mhz": 2596.12,
  "target": "x86_64-unknown-linux-gnu",
  "sink": "count+span",
  "sample": "data/tests/sample-mini.itch",
  "span_median_cycles": 0.3156,
  "span_p95_cycles": 0.3602,
  "span_p99_cycles": 0.3602,
  "span_stddev": 0.0188,
  "span_cv_percent": 5.9575,
  "span_rate_msg_per_sec": 8225053250,
  "r8_pure_ingest_target": 2000000000,
  "r8_pure_ingest_verdict": "PASS",
  "r16_pure_ingest_target": 5000000000,
  "r16_pure_ingest_verdict": "PASS",
  "spec_rate_msg_per_sec": 489166939,
  "r23_pure_ingest_target": 15000000000,
  "r23_pure_ingest_verdict": "FAIL"
}
[1m[92m    Finished[0m `release` profile [optimized] target(s) in 0.01s
[1m[92m     Running[0m `target/release/hft_bench --sample data/tests/sample-mini.itch --runs 5 --warmup 2 --output-format json`
HFT_BENCH_CALIBRATION invariant_tsc=true freq_mhz=2596.12 mark_overhead_cycles=52 target_env=gnu
TOPOLOGY_VERIFICATION main=Some(0) rx=Some(2) -> VERIFIED (distinct physical cores, same L3 domain — the deterministic 0.21 cyc/msg mode)
BLOB_BACKING mode=mmap anon_huge_kb=16384 map_mb=16.5 verdict=thp-granted
HFT_BENCH_WARMUP 1/2 arm=classic rate=1019258862
HFT_BENCH_WARMUP 2/2 arm=classic rate=1024116435
HFT_BENCH_RUN 1/5 arm=classic rate=1103885702 cyc=2.35
HFT_BENCH_RUN 2/5 arm=classic rate=1091316054 cyc=2.38
HFT_BENCH_RUN 3/5 arm=classic rate=1137598276 cyc=2.28
HFT_BENCH_RUN 4/5 arm=classic rate=1113326936 cyc=2.33
HFT_BENCH_RUN 5/5 arm=classic rate=1142152358 cyc=2.27
HFT_BENCH_WARMUP 1/2 arm=span rate=2847367087
HFT_BENCH_WARMUP 2/2 arm=span rate=5405582449
HFT_BENCH_RUN 1/5 arm=span rate=6065044841 cyc=0.43
HFT_BENCH_RUN 2/5 arm=span rate=6660903572 cyc=0.39
HFT_BENCH_RUN 3/5 arm=span rate=6652931583 cyc=0.39
HFT_BENCH_RUN 4/5 arm=span rate=6683786319 cyc=0.39
HFT_BENCH_RUN 5/5 arm=span rate=6653806692 cyc=0.39
DIAG rx span: publications=170 polls=673 prod_ms=0.4 bufwait_laps=45 resets=7 eos_parks=7 nbuf=16 rx_actual_cpu=2
ADVANCE_DIAGNOSTIC span: advances=0 advance_ms=0.0 us_per_advance=0.0 (F-5 reset/auto-advance hygiene — the synchronous bake tail the per-publication prepatch budget drains; HFT_PREPATCH_BUDGET prices it)
RXWARM_DIAGNOSTIC span: enabled=false fixes=0 uncovered=0 last_pass_fixes=0 (F-1 frame-entry warm start; the steady-state law is fixes==0 on pass>=2 — the kill rule reads persistent fixes)
RXBUILD_DIAGNOSTIC span: enabled=true patches=153972 last_pass_patches=21996 frames=21996 (F-2 publish-by-reference master; the steady-state law is every patchable entry patched exactly once per pass boundary)
DIAG cons span: parks=1 park_ms=0.1 slow_waits=1 slow_ms=0.1
LADDER_DIAGNOSTIC span: vectorized=true (F-3 entry walk; HFT_VEC_LADDER=1 arms the 8-entry group path — the Front A consumer IS the post-F-2 wall)
HFT_BENCH_WARMUP 1/2 arm=spec rate=493854267
HFT_BENCH_WARMUP 2/2 arm=spec rate=491422792
HFT_BENCH_RUN 1/5 arm=spec rate=495083411
HFT_BENCH_RUN 2/5 arm=spec rate=493883197
HFT_BENCH_RUN 3/5 arm=spec rate=498174619
HFT_BENCH_RUN 4/5 arm=spec rate=498066217
HFT_BENCH_RUN 5/5 arm=spec rate=500439746
PR1_R23_PURE_INGEST_VERDICT rate=498066217 target=15000000000 -> FAIL (R23: 15B msg/s pure ingest with the speculative 512-bit slicer — the 20B mode's pricing row; the R8/R16 span-arm gates above stay the asserting floor)
DIAG rx spec: publications=91 polls=609 prod_ms=0.2 bufwait_laps=35 resets=7 eos_parks=7 nbuf=16 rx_actual_cpu=2
ADVANCE_DIAGNOSTIC spec: advances=0 advance_ms=0.0 us_per_advance=0.0 (F-5 reset/auto-advance hygiene — the synchronous bake tail the per-publication prepatch budget drains; HFT_PREPATCH_BUDGET prices it)
RXWARM_DIAGNOSTIC spec: enabled=false fixes=0 uncovered=0 last_pass_fixes=0 (F-1 frame-entry warm start; the steady-state law is fixes==0 on pass>=2 — the kill rule reads persistent fixes)
RXBUILD_DIAGNOSTIC spec: enabled=true patches=76986 last_pass_patches=10998 frames=10998 (F-2 publish-by-reference master; the steady-state law is every patchable entry patched exactly once per pass boundary)
DIAG cons spec: parks=0 park_ms=0.0 slow_waits=0 slow_ms=0.0
PR1_R8_PURE_INGEST_VERDICT rate=6653806692 target=2000000000 -> PASS (R8: 2B msg/s pure ingest — full pipeline live, span emission, zero verification skipped)
PR1_R16_PURE_INGEST_VERDICT rate=6653806692 target=5000000000 -> PASS (R16: 5B msg/s pure ingest — the Double Helix program, docs/29)
{
  "median_cycles": 2.3319,
  "p95_cycles": 2.3789,
  "p99_cycles": 2.3789,
  "stddev": 0.0405,
  "cv_percent": 1.7369,
  "runs": 5,
  "warmup": 2,
  "cpu_model": "AMD EPYC 9V45 96-Core Processor",
  "freq_mhz": 2596.12,
  "target": "x86_64-unknown-linux-gnu",
  "sink": "count+span",
  "sample": "data/tests/sample-mini.itch",
  "span_median_cycles": 0.3902,
  "span_p95_cycles": 0.4280,
  "span_p99_cycles": 0.4280,
  "span_stddev": 0.0154,
  "span_cv_percent": 3.9407,
  "span_rate_msg_per_sec": 6653806692,
  "r8_pure_ingest_target": 2000000000,
  "r8_pure_ingest_verdict": "PASS",
  "r16_pure_ingest_target": 5000000000,
  "r16_pure_ingest_verdict": "PASS",
  "spec_rate_msg_per_sec": 498066217,
  "r23_pure_ingest_target": 15000000000,
  "r23_pure_ingest_verdict": "FAIL"
}
=== 11nb. R17/F-4: Mailbox Depth NBUF=32 ARMED (the buffer-reuse-stall pricing) ===
[1m[92m    Finished[0m `release` profile [optimized] target(s) in 0.00s
[1m[92m     Running[0m `target/release/hft_bench --sample data/tests/sample-mini.itch --runs 5 --warmup 2 --output-format json`
HFT_BENCH_CALIBRATION invariant_tsc=true freq_mhz=2596.12 mark_overhead_cycles=52 target_env=gnu
TOPOLOGY_VERIFICATION main=Some(0) rx=Some(2) -> VERIFIED (distinct physical cores, same L3 domain — the deterministic 0.21 cyc/msg mode)
BLOB_BACKING mode=mmap anon_huge_kb=14336 map_mb=16.5 verdict=thp-granted
HFT_BENCH_WARMUP 1/2 arm=classic rate=1083638599
HFT_BENCH_WARMUP 2/2 arm=classic rate=925537832
HFT_BENCH_RUN 1/5 arm=classic rate=1219445107 cyc=2.13
HFT_BENCH_RUN 2/5 arm=classic rate=1192722222 cyc=2.18
HFT_BENCH_RUN 3/5 arm=classic rate=1222900202 cyc=2.12
HFT_BENCH_RUN 4/5 arm=classic rate=1172319893 cyc=2.21
HFT_BENCH_RUN 5/5 arm=classic rate=1211518610 cyc=2.14
HFT_BENCH_WARMUP 1/2 arm=span rate=7054387995
HFT_BENCH_WARMUP 2/2 arm=span rate=5805014918
HFT_BENCH_RUN 1/5 arm=span rate=6561372332 cyc=0.40
HFT_BENCH_RUN 2/5 arm=span rate=6498073118 cyc=0.40
HFT_BENCH_RUN 3/5 arm=span rate=6709584571 cyc=0.39
HFT_BENCH_RUN 4/5 arm=span rate=6404935551 cyc=0.41
HFT_BENCH_RUN 5/5 arm=span rate=6480590857 cyc=0.40
DIAG rx span: publications=176 polls=696 prod_ms=0.6 bufwait_laps=0 resets=7 eos_parks=8 nbuf=32 rx_actual_cpu=2
ADVANCE_DIAGNOSTIC span: advances=0 advance_ms=0.0 us_per_advance=0.0 (F-5 reset/auto-advance hygiene — the synchronous bake tail the per-publication prepatch budget drains; HFT_PREPATCH_BUDGET prices it)
RXWARM_DIAGNOSTIC span: enabled=false fixes=0 uncovered=0 last_pass_fixes=0 (F-1 frame-entry warm start; the steady-state law is fixes==0 on pass>=2 — the kill rule reads persistent fixes)
RXBUILD_DIAGNOSTIC span: enabled=true patches=153972 last_pass_patches=21996 frames=21996 (F-2 publish-by-reference master; the steady-state law is every patchable entry patched exactly once per pass boundary)
DIAG cons span: parks=0 park_ms=0.0 slow_waits=0 slow_ms=0.0
LADDER_DIAGNOSTIC span: vectorized=false (F-3 entry walk; HFT_VEC_LADDER=1 arms the 8-entry group path — the Front A consumer IS the post-F-2 wall)
HFT_BENCH_WARMUP 1/2 arm=spec rate=493217694
HFT_BENCH_WARMUP 2/2 arm=spec rate=491398923
HFT_BENCH_RUN 1/5 arm=spec rate=487048911
HFT_BENCH_RUN 2/5 arm=spec rate=494080979
HFT_BENCH_RUN 3/5 arm=spec rate=490539745
HFT_BENCH_RUN 4/5 arm=spec rate=485121690
HFT_BENCH_RUN 5/5 arm=spec rate=489546134
PR1_R23_PURE_INGEST_VERDICT rate=489546134 target=15000000000 -> FAIL (R23: 15B msg/s pure ingest with the speculative 512-bit slicer — the 20B mode's pricing row; the R8/R16 span-arm gates above stay the asserting floor)
DIAG rx spec: publications=91 polls=609 prod_ms=0.3 bufwait_laps=0 resets=7 eos_parks=7 nbuf=32 rx_actual_cpu=2
ADVANCE_DIAGNOSTIC spec: advances=0 advance_ms=0.0 us_per_advance=0.0 (F-5 reset/auto-advance hygiene — the synchronous bake tail the per-publication prepatch budget drains; HFT_PREPATCH_BUDGET prices it)
RXWARM_DIAGNOSTIC spec: enabled=false fixes=0 uncovered=0 last_pass_fixes=0 (F-1 frame-entry warm start; the steady-state law is fixes==0 on pass>=2 — the kill rule reads persistent fixes)
RXBUILD_DIAGNOSTIC spec: enabled=true patches=76986 last_pass_patches=10998 frames=10998 (F-2 publish-by-reference master; the steady-state law is every patchable entry patched exactly once per pass boundary)
DIAG cons spec: parks=0 park_ms=0.0 slow_waits=0 slow_ms=0.0
PR1_R8_PURE_INGEST_VERDICT rate=6498073118 target=2000000000 -> PASS (R8: 2B msg/s pure ingest — full pipeline live, span emission, zero verification skipped)
PR1_R16_PURE_INGEST_VERDICT rate=6498073118 target=5000000000 -> PASS (R16: 5B msg/s pure ingest — the Double Helix program, docs/29)
{
  "median_cycles": 2.1429,
  "p95_cycles": 2.2145,
  "p99_cycles": 2.2145,
  "stddev": 0.0342,
  "cv_percent": 1.5952,
  "runs": 5,
  "warmup": 2,
  "cpu_model": "AMD EPYC 9V45 96-Core Processor",
  "freq_mhz": 2596.12,
  "target": "x86_64-unknown-linux-gnu",
  "sink": "count+span",
  "sample": "data/tests/sample-mini.itch",
  "span_median_cycles": 0.3995,
  "span_p95_cycles": 0.4053,
  "span_p99_cycles": 0.4053,
  "span_stddev": 0.0062,
  "span_cv_percent": 1.5434,
  "span_rate_msg_per_sec": 6498073118,
  "r8_pure_ingest_target": 2000000000,
  "r8_pure_ingest_verdict": "PASS",
  "r16_pure_ingest_target": 5000000000,
  "r16_pure_ingest_verdict": "PASS",
  "spec_rate_msg_per_sec": 489546134,
  "r23_pure_ingest_target": 15000000000,
  "r23_pure_ingest_verdict": "FAIL"
}
=== 11pb. R17/F-5: Prepatch Budget 1024 ARMED (the advance-tail drain pricing) ===
[1m[92m    Finished[0m `release` profile [optimized] target(s) in 0.01s
[1m[92m     Running[0m `target/release/bench --hydra-only`
BENCH_CALIBRATION invariant_tsc=true freq_mhz=2596.12 mark_overhead_cycles=52
=== R6. PR-1 HYDRA BIT-EXACT MULTI-CORE SPAN CONFORMANCE ===
BLOB_BACKING mode=mmap anon_huge_kb=14336 map_mb=16.5 verdict=thp-granted
HYDRA_BITPARITY sequential=(count=505849 hash=0x881639cead506f25 msg_hash=0xcbf29ce484222325) hydra=(count=505849 hash=0x881639cead506f25 msg_hash=0xcbf29ce484222325) -> BIT-EXACT
BENCH mode=replay-hydra-burst msgs=505849 rate=1505498495 allocs=0 freq=2596.12MHz workers=2 run=1
BENCH mode=replay-hydra-burst msgs=505849 rate=1617231534 allocs=0 freq=2596.12MHz workers=2 run=2
BENCH mode=replay-hydra-burst msgs=505849 rate=1660944656 allocs=0 freq=2596.12MHz workers=2 run=3
BENCH mode=replay-hydra-burst msgs=505849 rate=1689277234 allocs=0 freq=2596.12MHz workers=2 run=4
BENCH mode=replay-hydra-burst msgs=505849 rate=1636829298 allocs=0 freq=2596.12MHz workers=2 run=5
BENCH_MEDIAN mode=replay-hydra-burst rate=1636829298
R23B_AFFINE_VERDICT arm=burst armed=false tag_hits=0 payload_fallbacks=0 ledger_rows=0 (R23c: workers verify spans from register tags, zero payload reads; the (prefix,cum) triple checked per-span by the scalar affine law)
PR1_HYDRA_VERDICT rate=1636829298 (bit-exact multi-core span conformance: 2 workers, every emitted byte CRC32C-checked in-window, ordered serial fold)
PR1_GIGAHFT_BURST_VERDICT rate=1636829298 target=1000000000 -> PASS (R7 burst reference; the sustained arm below is the gate)
DIAG sustained: passes=17681 reset_ms=460.8 scan_ms=4535.8 end_ms=0.9 pending_max=8738 batches=388982 wait_ms=38.4 work_ms=4135.7 fold_ms=286.7 assist_chunks=393868 bytes_per_msg=27.65 crc_demand_gb_s=49.46
DIAG worker[0] sustained: cpu0(pinned) placement=[0, 2] batches=600804 spans=76876883 eval_ms=4955.7 idle_iters=46669 res_waits=0 fw=0 fw_ms=0.0
DIAG worker[1] sustained: cpu2(pinned) placement=[0, 2] batches=742282 spans=94987076 eval_ms=4944.9 idle_iters=47579 res_waits=235 fw=0 fw_ms=0.0
DIAG rx sustained: publications=389042 polls=1538485 prod_ms=1519.2 bufwait_laps=141376 resets=17683 eos_parks=0 nbuf=16 rx_actual_cpu=3
ADVANCE_DIAGNOSTIC sustained: advances=17683 advance_ms=109.0 us_per_advance=6.2 (F-5 reset/auto-advance hygiene — the synchronous bake tail the per-publication prepatch budget drains; HFT_PREPATCH_BUDGET prices it)
RXWARM_DIAGNOSTIC sustained: enabled=false fixes=0 uncovered=0 last_pass_fixes=0 (F-1 frame-entry warm start; the steady-state law is fixes==0 on pass>=2 — the kill rule reads persistent fixes)
RXBUILD_DIAGNOSTIC sustained: enabled=true patches=388942488 last_pass_patches=23020 frames=21996 (F-2 publish-by-reference master; the steady-state law is every patchable entry patched exactly once per pass boundary)
DIAG cons sustained: parks=77 park_ms=2.2 slow_waits=77 slow_ms=3.5
BENCH mode=replay-hydra-sustained-5s total_msgs=8943916169 duration=5.00s sustained_rate=1788682450 msg/s allocs=0 workers=2 crc_kernel=reflect
PR1_HYDRA_SUSTAINED_VERDICT rate=1788682450 (duration=5.00s, total_msgs=8943916169, workers=2)
PR1_GIGAHFT_VERDICT rate=1788682450 target=1000000000 -> PASS (Project 1.0B: bit-exact, zero-alloc, every byte verified in-window, cross-pass double-buffered fabric)
PR1_R8_FULL_VERIFY_VERDICT rate=1788682450 target=1000000000 -> PASS (R8: 1B msg/s sustained full verification — bit-exact, zero-alloc, every byte CRC32C-verified in-window)
PR1_R16_FULL_VERIFY_VERDICT rate=1788682450 target=2000000000 -> FAIL (R16: 2B msg/s sustained full verification — the Double Helix program, docs/29)
R16B_RXDESC_VERDICT rx_fixes=0 assist_chunks=393868 (array-driven submission telemetry; fixes=0 means every RX prefill entry was already exact)
R23B_AFFINE_VERDICT arm=sustained armed=false tag_hits=0 payload_fallbacks=0 ledger_rows=0 (R23c: zero-re-read affine verification on the worker fabric)
PR1_R23_AFFINE_SUSTAINED_VERDICT rate=1788682450 target=2500000000 -> FAIL (R23: 2.5B+ sustained full verification from register tags — the affine-span algebra program, docs/36)
=== 12. Reference Arbitrator & Differential Oracle (G12-T3 / D1..D12) ===
[1m[92m    Finished[0m `release` profile [optimized] target(s) in 0.00s
[1m[92m     Running[0m `target/release/diff_oracle`
=== RUNNING G12-T3 REFERENCE ARBITRATOR & DIFFERENTIAL SUITE (D1..D11) ===
=== D3-REDO: Oracle Validation by Sequencer-Logic Bug Injections ===
D3_DIVERGENCE_DUMP mutation="DisableClearOnAdvance" detected=true seq_wm=1231 ref_wm=1224 seq_hash=0x473C5B1BF49F1C91 ref_hash=0xCFE76D07416B4CA5
D3_DIVERGENCE_DUMP mutation="OffByOneClamp" detected=true seq_wm=600 ref_wm=601 seq_hash=0xB1C1F8344636F511 ref_hash=0x972FEC36E88A4C25
D3_DIVERGENCE_DUMP mutation="DropStagedAtEos" detected=true seq_wm=10 ref_wm=13 seq_hash=0xF0B1A3FF15503051 ref_hash=0x9D6D68BF10C6C3A5
D3 ALL_SEQUENCER_LOGIC_MUTATIONS_DETECTED: Oracle caught all 3 sequencer mutations with divergence dumps.
=== D1: Full 17-Cell Matrix Differential Verification ===
BLOB_BACKING mode=mmap anon_huge_kb=14336 map_mb=16.5 verdict=thp-granted
D1 cell="M1 (Baseline MTU contiguous)" seq_wm=505850 ref_wm=505850 count=505849 hash=0xF6EF154EFDE905D8 VERDICT=PASS
D1 cell="M2 (Fixed 1 msg)" seq_wm=505850 ref_wm=505850 count=505849 hash=0xF6EF154EFDE905D8 VERDICT=PASS
D1 cell="M3 (Fixed 16 msgs)" seq_wm=505850 ref_wm=505850 count=505849 hash=0xF6EF154EFDE905D8 VERDICT=PASS
D1 cell="M4 (Gaussian delay jitter)" seq_wm=505850 ref_wm=505850 count=505849 hash=0xF6EF154EFDE905D8 VERDICT=PASS
D1 cell="M5 (Bernoulli loss with dual feed)" seq_wm=505850 ref_wm=505850 count=505849 hash=0xF6EF154EFDE905D8 VERDICT=PASS
D1 cell="M6 (Gilbert-Elliott burst loss)" seq_wm=505850 ref_wm=505850 count=505849 hash=0xF6EF154EFDE905D8 VERDICT=PASS
D1 cell="M7 (Pathological split: 1B to MTU)" seq_wm=505850 ref_wm=505850 count=505849 hash=0xF6EF154EFDE905D8 VERDICT=PASS
D1 cell="M8 (Feed A only lossless)" seq_wm=505850 ref_wm=505850 count=505849 hash=0xF6EF154EFDE905D8 VERDICT=PASS
D1 cell="M9 (Feed B only lossless)" seq_wm=505850 ref_wm=505850 count=505849 hash=0xF6EF154EFDE905D8 VERDICT=PASS
D1 cell="M10 (Heavy reorder jitter)" seq_wm=505850 ref_wm=505850 count=505849 hash=0xF6EF154EFDE905D8 VERDICT=PASS
D1 cell="M11 (Deep out-of-order window)" seq_wm=505850 ref_wm=505850 count=505849 hash=0xF6EF154EFDE905D8 VERDICT=PASS
D1 cell="M12 (Max-rate unconstrained)" seq_wm=505850 ref_wm=505850 count=505849 hash=0xF6EF154EFDE905D8 VERDICT=PASS
D1 cell="M13 (M-LATE: Staged arrival edge)" seq_wm=505850 ref_wm=505850 count=505849 hash=0xF6EF154EFDE905D8 VERDICT=PASS
D1 cell="M14 (M-BURST: Burst packet arrival)" seq_wm=505850 ref_wm=505850 count=505849 hash=0xF6EF154EFDE905D8 VERDICT=PASS
D1 cell="M15 (M-STARVE: Feed A silent for 2s)" seq_wm=505850 ref_wm=505850 count=505849 hash=0xF6EF154EFDE905D8 VERDICT=PASS
D1 cell="M16 (M-DUP2: Overlapping dual feed)" seq_wm=505850 ref_wm=505850 count=505849 hash=0xF6EF154EFDE905D8 VERDICT=PASS
D1 cell="M17 (M-DROPRESP / Session Boundary)" seq_wm=255850 ref_wm=255850 count=505849 hash=0xF6EF154EFDE905D8 VERDICT=PASS
D1 ALL_17_CELLS_PASSED: Triple equality verified across all 17 matrix cells.
=== D2: 100 Seeded Random Configs Differential Test ===
D2 100_RANDOM_CONFIGS_PASSED: Triple equality verified across 100 random configs.
=== D4: Duplicate Ordering (First-Received Wins) ===
D4 DUPLICATE_ORDERING_PASSED: seq_wm=505850 ref_wm=505850 count=505849 hash=0xF6EF154EFDE905D8
=== D5: Session Splits Verification ===
D5 SESSION_SPLITS_PASSED: Watermarks and hashes match across session boundaries.
=== D6: Unclean Death (Scripted Drops) Verification ===
D6 UNCLEAN_DEATH_PASSED: State matches reference final state.
=== D7/D8: Watchdog & Double-Run Determinism ===
D7/D8 WATCHDOG_AND_DETERMINISM_PASSED: elapsed=0.34s run1=(505850, 505850, 505849, 17793464081775658456) run2=(505850, 505850, 505849, 17793464081775658456)
=== D9: Indexed-Ingest Equivalence (classic == indexed) ===
D9 INDEXED_EQUIVALENCE_PASSED: 12 cells (3 configs x 4 mutations) classic==indexed
D11 CRC_KERNEL_DIFFERENTIAL_PASSED: scalar==reference, fold512==scalar on 2109 bodies (exhaustive lengths + patterns + random + eval2 + eval_pair)
D11 REFLECT_KERNEL_DIFFERENTIAL_PASSED: reflect==scalar on 2101 bodies (exhaustive lengths + patterns + random + eval_pair)
D12 BATCH_AND_PIPELINE_EQUIVALENCE_PASSED: classic == ingest_batch == RX-pipelined (counters/watermark/count/hash) incl. multi-pass resets
=== ALL D1..D12 DIFFERENTIAL ORACLE CHECKS PASSED SUCCESSFULLY ===
=== 13. T2 Window Sweep & Full 17-Cell Matrix Confluence Campaign ===
[1m[92m    Finished[0m `release` profile [optimized] target(s) in 0.01s
[1m[92m     Running[0m `target/release/window_sweep`
=== RUNNING T2 WINDOW SIZE SWEEP (256..4096 x M1, M11) ===
BLOB_BACKING mode=mmap anon_huge_kb=14336 map_mb=16.5 verdict=thp-granted
WINDOW_SWEEP slots=256  arena= 16640 B l1_fit=Fits 32K L1D                   M1_rate=35.51M golden_M1=true M11_rate=21.83M golden_M11=true max_staged=0 beyond_drops=0
WINDOW_SWEEP slots=512  arena= 33280 B l1_fit=Fits 64K L1D                   M1_rate=35.57M golden_M1=true M11_rate=21.34M golden_M11=true max_staged=0 beyond_drops=0
WINDOW_SWEEP slots=1024 arena= 66560 B l1_fit=Exceeds L1D (L2 Cache resident) M1_rate=34.93M golden_M1=true M11_rate=21.50M golden_M11=true max_staged=0 beyond_drops=0
WINDOW_SWEEP slots=2048 arena=133120 B l1_fit=Exceeds L1D (L2 Cache resident) M1_rate=35.27M golden_M1=true M11_rate=22.86M golden_M11=true max_staged=0 beyond_drops=0
WINDOW_SWEEP slots=4096 arena=266240 B l1_fit=Exceeds L1D (L2 Cache resident) M1_rate=36.55M golden_M1=true M11_rate=21.91M golden_M11=true max_staged=0 beyond_drops=0

=== T2 WINDOW SWEEP KNEE TABLE ===
| Window Slots | Arena Footprint | Cache Residency | M1 Rate | M11 Rate | Max Staged | Beyond Drops | Confluence Verdict |
|---|---|---|---|---|---|---|---|
| 256  |  16640 B ( 16.2 KiB) | Fits 32K L1D                 | 35.51M msg/s | 21.83M msg/s | 0          | 0            | **PASS** |
| 512  |  33280 B ( 32.5 KiB) | Fits 64K L1D                 | 35.57M msg/s | 21.34M msg/s | 0          | 0            | **PASS** |
| 1024 |  66560 B ( 65.0 KiB) | Exceeds L1D (L2 Cache resident) | 34.93M msg/s | 21.50M msg/s | 0          | 0            | **PASS** |
| 2048 | 133120 B (130.0 KiB) | Exceeds L1D (L2 Cache resident) | 35.27M msg/s | 22.86M msg/s | 0          | 0            | **PASS** |
| 4096 | 266240 B (260.0 KiB) | Exceeds L1D (L2 Cache resident) | 36.55M msg/s | 21.91M msg/s | 0          | 0            | **PASS** |
=== T2 WINDOW SWEEP COMPLETED SUCCESSFULLY ===
[1m[92m    Finished[0m `release` profile [optimized] target(s) in 0.01s
[1m[92m     Running[0m `target/release/matrix_sweep`
=== EXECUTING COMPLETE 17-CELL MATRIX CONFLUENCE CAMPAIGN (M1..M17) ===
BLOB_BACKING mode=mmap anon_huge_kb=16384 map_mb=16.5 verdict=thp-granted
MATRIX_CELL name="M1 (Baseline MTU contiguous)       " rate= 5.32M msg/s count=505849 wm=505850 hash=0xF6EF154EFDE905D8 verdict="PASS (Golden Bit-Identical)"
MATRIX_CELL name="M2 (Fixed 1 msg)                   " rate= 5.06M msg/s count=505849 wm=505850 hash=0xF6EF154EFDE905D8 verdict="PASS (Golden Bit-Identical)"
MATRIX_CELL name="M3 (Fixed 16 msgs)                 " rate= 6.07M msg/s count=505849 wm=505850 hash=0xF6EF154EFDE905D8 verdict="PASS (Golden Bit-Identical)"
MATRIX_CELL name="M4 (Gaussian delay jitter)         " rate= 6.00M msg/s count=505849 wm=505850 hash=0xF6EF154EFDE905D8 verdict="PASS (Golden Bit-Identical)"
MATRIX_CELL name="M5 (Bernoulli loss with dual feed) " rate= 6.31M msg/s count=505849 wm=505850 hash=0xF6EF154EFDE905D8 verdict="PASS (Golden Bit-Identical)"
MATRIX_CELL name="M6 (Gilbert-Elliott burst loss)    " rate= 6.50M msg/s count=505849 wm=505850 hash=0xF6EF154EFDE905D8 verdict="PASS (Golden Bit-Identical)"
MATRIX_CELL name="M7 (Pathological split: 1B to MTU) " rate= 6.19M msg/s count=505849 wm=505850 hash=0xF6EF154EFDE905D8 verdict="PASS (Golden Bit-Identical)"
MATRIX_CELL name="M8 (Feed A only lossless)          " rate= 8.17M msg/s count=505849 wm=505850 hash=0xF6EF154EFDE905D8 verdict="PASS (Golden Bit-Identical)"
MATRIX_CELL name="M9 (Feed B only lossless)          " rate= 8.11M msg/s count=505849 wm=505850 hash=0xF6EF154EFDE905D8 verdict="PASS (Golden Bit-Identical)"
MATRIX_CELL name="M10 (Heavy reorder jitter)         " rate= 6.18M msg/s count=505849 wm=505850 hash=0xF6EF154EFDE905D8 verdict="PASS (Golden Bit-Identical)"
MATRIX_CELL name="M11 (Deep out-of-order window)     " rate= 5.37M msg/s count=505849 wm=505850 hash=0xF6EF154EFDE905D8 verdict="PASS (Golden Bit-Identical)"
MATRIX_CELL name="M12 (Max-rate unconstrained)       " rate= 6.05M msg/s count=505849 wm=505850 hash=0xF6EF154EFDE905D8 verdict="PASS (Golden Bit-Identical)"
MATRIX_CELL name="M13 (M-LATE: Staged arrival edge)  " rate= 6.05M msg/s count=505849 wm=505850 hash=0xF6EF154EFDE905D8 verdict="PASS (Golden Bit-Identical)"
MATRIX_CELL name="M14 (M-BURST: Burst packet arrival)" rate= 6.08M msg/s count=505849 wm=505850 hash=0xF6EF154EFDE905D8 verdict="PASS (Golden Bit-Identical)"
MATRIX_CELL name="M15 (M-STARVE: Feed A silent for 2s)" rate= 5.99M msg/s count=505849 wm=505850 hash=0xF6EF154EFDE905D8 verdict="PASS (Golden Bit-Identical)"
MATRIX_CELL name="M16 (M-DUP2: Overlapping dual feed)" rate= 6.09M msg/s count=505849 wm=505850 hash=0xF6EF154EFDE905D8 verdict="PASS (Golden Bit-Identical)"
MATRIX_CELL name="M17 (M-DROPRESP / Session Boundary)" rate= 6.20M msg/s count=505849 wm=255850 hash=0xF6EF154EFDE905D8 verdict="PASS (Golden Bit-Identical)"

=== COMPLETE 17-CELL MATRIX SUMMARY TABLE ===
| Cell ID | Matrix Scenario | Throughput | Emitted Messages | Final Watermark | Canonical FNV Hash | Oracle Confluence Verdict |
|---|---|---|---|---|---|---|
| M1  | M1 (Baseline MTU contiguous)        |  5.32M msg/s | 505849 | 505850 | 0xF6EF154EFDE905D8 | **PASS** |
| M2  | M2 (Fixed 1 msg)                    |  5.06M msg/s | 505849 | 505850 | 0xF6EF154EFDE905D8 | **PASS** |
| M3  | M3 (Fixed 16 msgs)                  |  6.07M msg/s | 505849 | 505850 | 0xF6EF154EFDE905D8 | **PASS** |
| M4  | M4 (Gaussian delay jitter)          |  6.00M msg/s | 505849 | 505850 | 0xF6EF154EFDE905D8 | **PASS** |
| M5  | M5 (Bernoulli loss with dual feed)  |  6.31M msg/s | 505849 | 505850 | 0xF6EF154EFDE905D8 | **PASS** |
| M6  | M6 (Gilbert-Elliott burst loss)     |  6.50M msg/s | 505849 | 505850 | 0xF6EF154EFDE905D8 | **PASS** |
| M7  | M7 (Pathological split: 1B to MTU)  |  6.19M msg/s | 505849 | 505850 | 0xF6EF154EFDE905D8 | **PASS** |
| M8  | M8 (Feed A only lossless)           |  8.17M msg/s | 505849 | 505850 | 0xF6EF154EFDE905D8 | **PASS** |
| M9  | M9 (Feed B only lossless)           |  8.11M msg/s | 505849 | 505850 | 0xF6EF154EFDE905D8 | **PASS** |
| M10 | M10 (Heavy reorder jitter)          |  6.18M msg/s | 505849 | 505850 | 0xF6EF154EFDE905D8 | **PASS** |
| M11 | M11 (Deep out-of-order window)      |  5.37M msg/s | 505849 | 505850 | 0xF6EF154EFDE905D8 | **PASS** |
| M12 | M12 (Max-rate unconstrained)        |  6.05M msg/s | 505849 | 505850 | 0xF6EF154EFDE905D8 | **PASS** |
| M13 | M13 (M-LATE: Staged arrival edge)   |  6.05M msg/s | 505849 | 505850 | 0xF6EF154EFDE905D8 | **PASS** |
| M14 | M14 (M-BURST: Burst packet arrival) |  6.08M msg/s | 505849 | 505850 | 0xF6EF154EFDE905D8 | **PASS** |
| M15 | M15 (M-STARVE: Feed A silent for 2s) |  5.99M msg/s | 505849 | 505850 | 0xF6EF154EFDE905D8 | **PASS** |
| M16 | M16 (M-DUP2: Overlapping dual feed) |  6.09M msg/s | 505849 | 505850 | 0xF6EF154EFDE905D8 | **PASS** |
| M17 | M17 (M-DROPRESP / Session Boundary) |  6.20M msg/s | 505849 | 255850 | 0xF6EF154EFDE905D8 | **PASS** |
=== ALL 17 MATRIX CELLS VERIFIED 100% GREEN ===
=== 14. VR-4 Hostile Frame & Fuzz Campaign (3 Harnesses) ===
[1m[92m    Finished[0m `release` profile [optimized] target(s) in 0.00s
[1m[92m     Running[0m `target/release/fuzz_campaign`
=== VR-4 EXTENDED FUZZ CAMPAIGN (3 HARNESSES x 1,000,000 ITERATIONS) ===
FUZZ_CAMPAIGN_REPORT total_execs=1000000 elapsed=0.107s data_frames=0 heartbeats=114 eos_frames=85 distinct_itch_types_validated=22/23 lsan_status=CLEAN panics=0
VR-4 FUZZ CAMPAIGN 100% COMPLETE AND VERIFIED (1,000,000 EXECS).
=== 15. Spec-Only Retransmission Server Clean-Room Validation (doc 14 §3.2 / F-31) ===
[1m[92m    Finished[0m `release` profile [optimized] target(s) in 0.00s
[1m[92m     Running[0m `target/release/spec_server`
=== SPEC-ONLY SERVER CLEAN-ROOM VALIDATION (doc 14 §3.2 / F-31) ===
Spec server spawned on UDP port 59607
SPEC_SERVER_RESPONSE: session="SPECSESS01" start_seq=10 count=25 bytes_received=645
=== SPEC-ONLY SERVER CLEAN-ROOM VALIDATION PASSED (F-31 CLOSED) ===
=== 16. HFT-Verify Statistical Gate (nano/constr1.1.md §1: 30 runs + warmup 5 + JSON) ===
info: downloading component rust-std
Selecting previously unselected package musl:amd64.
(Reading database ... (Reading database ... 5%(Reading database ... 10%(Reading database ... 15%(Reading database ... 20%(Reading database ... 25%(Reading database ... 30%(Reading database ... 35%(Reading database ... 40%(Reading database ... 45%(Reading database ... 50%(Reading database ... 55%(Reading database ... 60%(Reading database ... 65%(Reading database ... 70%(Reading database ... 75%(Reading database ... 80%(Reading database ... 85%(Reading database ... 90%(Reading database ... 95%(Reading database ... 100%(Reading database ... 203191 files and directories currently installed.)
Preparing to unpack .../musl_1.2.4-2_amd64.deb ...
Unpacking musl:amd64 (1.2.4-2) ...
Selecting previously unselected package musl-dev:amd64.
Preparing to unpack .../musl-dev_1.2.4-2_amd64.deb ...
Unpacking musl-dev:amd64 (1.2.4-2) ...
Selecting previously unselected package musl-tools.
Preparing to unpack .../musl-tools_1.2.4-2_amd64.deb ...
Unpacking musl-tools (1.2.4-2) ...
Setting up musl:amd64 (1.2.4-2) ...
Setting up musl-dev:amd64 (1.2.4-2) ...
Setting up musl-tools (1.2.4-2) ...
Processing triggers for man-db (2.12.0-4build2) ...
Not building database; man-db/auto-update is not 'true'.

Running kernel seems to be up-to-date.

No services need to be restarted.

No containers need to be restarted.

No user sessions are running outdated binaries.

No VM guests are running outdated hypervisor (qemu) binaries on this host.
MUSL_BUILD_OK static target
HFT_BENCH_CALIBRATION invariant_tsc=true freq_mhz=2596.12 mark_overhead_cycles=52 target_env=musl
TOPOLOGY_VERIFICATION main=Some(0) rx=Some(2) -> VERIFIED (distinct physical cores, same L3 domain — the deterministic 0.21 cyc/msg mode)
BLOB_BACKING mode=mmap anon_huge_kb=14336 map_mb=16.5 verdict=thp-granted
HFT_BENCH_WARMUP 1/5 arm=classic rate=907595034
HFT_BENCH_WARMUP 2/5 arm=classic rate=924742603
HFT_BENCH_WARMUP 3/5 arm=classic rate=1134277052
HFT_BENCH_WARMUP 4/5 arm=classic rate=1123305101
HFT_BENCH_WARMUP 5/5 arm=classic rate=1143239089
HFT_BENCH_RUN 1/30 arm=classic rate=1060097826 cyc=2.45
HFT_BENCH_RUN 2/30 arm=classic rate=1125709898 cyc=2.31
HFT_BENCH_RUN 3/30 arm=classic rate=1077188932 cyc=2.41
HFT_BENCH_RUN 4/30 arm=classic rate=1128930677 cyc=2.30
HFT_BENCH_RUN 5/30 arm=classic rate=1117587147 cyc=2.32
HFT_BENCH_RUN 6/30 arm=classic rate=1129132272 cyc=2.30
HFT_BENCH_RUN 7/30 arm=classic rate=1152236256 cyc=2.25
HFT_BENCH_RUN 8/30 arm=classic rate=1121683559 cyc=2.31
HFT_BENCH_RUN 9/30 arm=classic rate=1109975204 cyc=2.34
HFT_BENCH_RUN 10/30 arm=classic rate=1081618121 cyc=2.40
HFT_BENCH_RUN 11/30 arm=classic rate=1123255214 cyc=2.31
HFT_BENCH_RUN 12/30 arm=classic rate=1104852536 cyc=2.35
HFT_BENCH_RUN 13/30 arm=classic rate=1153392236 cyc=2.25
HFT_BENCH_RUN 14/30 arm=classic rate=1112739167 cyc=2.33
HFT_BENCH_RUN 15/30 arm=classic rate=1193344059 cyc=2.18
HFT_BENCH_RUN 16/30 arm=classic rate=1112051776 cyc=2.33
HFT_BENCH_RUN 17/30 arm=classic rate=1150556344 cyc=2.26
HFT_BENCH_RUN 18/30 arm=classic rate=1089808967 cyc=2.38
HFT_BENCH_RUN 19/30 arm=classic rate=1129079347 cyc=2.30
HFT_BENCH_RUN 20/30 arm=classic rate=1115489870 cyc=2.33
HFT_BENCH_RUN 21/30 arm=classic rate=1122532354 cyc=2.31
HFT_BENCH_RUN 22/30 arm=classic rate=1110486916 cyc=2.34
HFT_BENCH_RUN 23/30 arm=classic rate=1125006393 cyc=2.31
HFT_BENCH_RUN 24/30 arm=classic rate=1118207239 cyc=2.32
HFT_BENCH_RUN 25/30 arm=classic rate=1128729153 cyc=2.30
HFT_BENCH_RUN 26/30 arm=classic rate=1118850292 cyc=2.32
HFT_BENCH_RUN 27/30 arm=classic rate=1135246922 cyc=2.29
HFT_BENCH_RUN 28/30 arm=classic rate=1112222933 cyc=2.33
HFT_BENCH_RUN 29/30 arm=classic rate=1142900716 cyc=2.27
HFT_BENCH_RUN 30/30 arm=classic rate=997067038 cyc=2.60
HFT_BENCH_WARMUP 1/5 arm=span rate=3421343108
HFT_BENCH_WARMUP 2/5 arm=span rate=10331250127
HFT_BENCH_WARMUP 3/5 arm=span rate=10867021847
HFT_BENCH_WARMUP 4/5 arm=span rate=10152513798
HFT_BENCH_WARMUP 5/5 arm=span rate=10781095481
HFT_BENCH_RUN 1/30 arm=span rate=10085714285 cyc=0.26
HFT_BENCH_RUN 2/30 arm=span rate=11182195990 cyc=0.23
HFT_BENCH_RUN 3/30 arm=span rate=10843494105 cyc=0.24
HFT_BENCH_RUN 4/30 arm=span rate=10522955628 cyc=0.25
HFT_BENCH_RUN 5/30 arm=span rate=10869356883 cyc=0.24
HFT_BENCH_RUN 6/30 arm=span rate=10968342765 cyc=0.24
HFT_BENCH_RUN 7/30 arm=span rate=10834436376 cyc=0.24
HFT_BENCH_RUN 8/30 arm=span rate=10425147355 cyc=0.25
HFT_BENCH_RUN 9/30 arm=span rate=10792596543 cyc=0.24
HFT_BENCH_RUN 10/30 arm=span rate=10450993760 cyc=0.25
HFT_BENCH_RUN 11/30 arm=span rate=11001739924 cyc=0.24
HFT_BENCH_RUN 12/30 arm=span rate=10511803333 cyc=0.25
HFT_BENCH_RUN 13/30 arm=span rate=11004372607 cyc=0.24
HFT_BENCH_RUN 14/30 arm=span rate=10836525278 cyc=0.24
HFT_BENCH_RUN 15/30 arm=span rate=10553691765 cyc=0.25
HFT_BENCH_RUN 16/30 arm=span rate=10862121537 cyc=0.24
HFT_BENCH_RUN 17/30 arm=span rate=10560080998 cyc=0.25
HFT_BENCH_RUN 18/30 arm=span rate=8585790179 cyc=0.30
HFT_BENCH_RUN 19/30 arm=span rate=10507654597 cyc=0.25
HFT_BENCH_RUN 20/30 arm=span rate=10911559783 cyc=0.24
HFT_BENCH_RUN 21/30 arm=span rate=11563584409 cyc=0.22
HFT_BENCH_RUN 22/30 arm=span rate=10588817717 cyc=0.25
HFT_BENCH_RUN 23/30 arm=span rate=10597691276 cyc=0.24
HFT_BENCH_RUN 24/30 arm=span rate=8232951401 cyc=0.32
HFT_BENCH_RUN 25/30 arm=span rate=10352605296 cyc=0.25
HFT_BENCH_RUN 26/30 arm=span rate=10778568536 cyc=0.24
HFT_BENCH_RUN 27/30 arm=span rate=11743720109 cyc=0.22
HFT_BENCH_RUN 28/30 arm=span rate=11239340547 cyc=0.23
HFT_BENCH_RUN 29/30 arm=span rate=11699988435 cyc=0.22
HFT_BENCH_RUN 30/30 arm=span rate=11292028484 cyc=0.23
DIAG rx span: publications=786 polls=3109 prod_ms=2.0 bufwait_laps=177 resets=35 eos_parks=35 nbuf=16 rx_actual_cpu=2
ADVANCE_DIAGNOSTIC span: advances=0 advance_ms=0.0 us_per_advance=0.0 (F-5 reset/auto-advance hygiene — the synchronous bake tail the per-publication prepatch budget drains; HFT_PREPATCH_BUDGET prices it)
RXWARM_DIAGNOSTIC span: enabled=false fixes=0 uncovered=0 last_pass_fixes=0 (F-1 frame-entry warm start; the steady-state law is fixes==0 on pass>=2 — the kill rule reads persistent fixes)
RXBUILD_DIAGNOSTIC span: enabled=true patches=769860 last_pass_patches=21996 frames=21996 (F-2 publish-by-reference master; the steady-state law is every patchable entry patched exactly once per pass boundary)
DIAG cons span: parks=1 park_ms=0.1 slow_waits=1 slow_ms=0.1
LADDER_DIAGNOSTIC span: vectorized=false (F-3 entry walk; HFT_VEC_LADDER=1 arms the 8-entry group path — the Front A consumer IS the post-F-2 wall)
HFT_BENCH_WARMUP 1/5 arm=spec rate=475915799
HFT_BENCH_WARMUP 2/5 arm=spec rate=477742907
HFT_BENCH_RUN 1/30 arm=spec rate=480717109
HFT_BENCH_RUN 2/30 arm=spec rate=484015542
HFT_BENCH_RUN 3/30 arm=spec rate=482738382
HFT_BENCH_RUN 4/30 arm=spec rate=484516698
HFT_BENCH_RUN 5/30 arm=spec rate=482365057
HFT_BENCH_RUN 6/30 arm=spec rate=478508462
HFT_BENCH_RUN 7/30 arm=spec rate=482683106
HFT_BENCH_RUN 8/30 arm=spec rate=483389745
HFT_BENCH_RUN 9/30 arm=spec rate=483973865
HFT_BENCH_RUN 10/30 arm=spec rate=483472906
HFT_BENCH_RUN 11/30 arm=spec rate=484935199
HFT_BENCH_RUN 12/30 arm=spec rate=482877088
HFT_BENCH_RUN 13/30 arm=spec rate=481698102
HFT_BENCH_RUN 14/30 arm=spec rate=481138222
HFT_BENCH_RUN 15/30 arm=spec rate=481523400
HFT_BENCH_RUN 16/30 arm=spec rate=482696924
HFT_BENCH_RUN 17/30 arm=spec rate=483876182
HFT_BENCH_RUN 18/30 arm=spec rate=484247215
HFT_BENCH_RUN 19/30 arm=spec rate=484358497
HFT_BENCH_RUN 20/30 arm=spec rate=482858651
HFT_BENCH_RUN 21/30 arm=spec rate=483927102
HFT_BENCH_RUN 22/30 arm=spec rate=485662906
HFT_BENCH_RUN 23/30 arm=spec rate=484442456
HFT_BENCH_RUN 24/30 arm=spec rate=485765510
HFT_BENCH_RUN 25/30 arm=spec rate=485550558
HFT_BENCH_RUN 26/30 arm=spec rate=486607563
HFT_BENCH_RUN 27/30 arm=spec rate=485401463
HFT_BENCH_RUN 28/30 arm=spec rate=485378175
HFT_BENCH_RUN 29/30 arm=spec rate=485718867
HFT_BENCH_RUN 30/30 arm=spec rate=485247338
PR1_R23_PURE_INGEST_VERDICT rate=483973865 target=15000000000 -> FAIL (R23: 15B msg/s pure ingest with the speculative 512-bit slicer — the 20B mode's pricing row; the R8/R16 span-arm gates above stay the asserting floor)
DIAG rx spec: publications=416 polls=2784 prod_ms=1.5 bufwait_laps=53 resets=32 eos_parks=32 nbuf=16 rx_actual_cpu=2
ADVANCE_DIAGNOSTIC spec: advances=0 advance_ms=0.0 us_per_advance=0.0 (F-5 reset/auto-advance hygiene — the synchronous bake tail the per-publication prepatch budget drains; HFT_PREPATCH_BUDGET prices it)
RXWARM_DIAGNOSTIC spec: enabled=false fixes=0 uncovered=0 last_pass_fixes=0 (F-1 frame-entry warm start; the steady-state law is fixes==0 on pass>=2 — the kill rule reads persistent fixes)
RXBUILD_DIAGNOSTIC spec: enabled=true patches=351936 last_pass_patches=10998 frames=10998 (F-2 publish-by-reference master; the steady-state law is every patchable entry patched exactly once per pass boundary)
DIAG cons spec: parks=0 park_ms=0.0 slow_waits=0 slow_ms=0.0
PR1_R8_PURE_INGEST_VERDICT rate=10813475987 target=2000000000 -> PASS (R8: 2B msg/s pure ingest — full pipeline live, span emission, zero verification skipped)
PR1_R16_PURE_INGEST_VERDICT rate=10813475987 target=5000000000 -> PASS (R16: 5B msg/s pure ingest — the Double Helix program, docs/29)
{
  "median_cycles": 2.3174,
  "p95_cycles": 2.4489,
  "p99_cycles": 2.6038,
  "stddev": 0.0721,
  "cv_percent": 3.1127,
  "runs": 30,
  "warmup": 5,
  "cpu_model": "AMD EPYC 9V45 96-Core Processor",
  "freq_mhz": 2596.12,
  "target": "x86_64-unknown-linux-musl",
  "sink": "count+span",
  "sample": "data/tests/sample-mini.itch",
  "span_median_cycles": 0.2401,
  "span_p95_cycles": 0.3024,
  "span_p99_cycles": 0.3153,
  "span_stddev": 0.0192,
  "span_cv_percent": 7.9952,
  "span_rate_msg_per_sec": 10813475987,
  "r8_pure_ingest_target": 2000000000,
  "r8_pure_ingest_verdict": "PASS",
  "r16_pure_ingest_target": 5000000000,
  "r16_pure_ingest_verdict": "PASS",
  "spec_rate_msg_per_sec": 483973865,
  "r23_pure_ingest_target": 15000000000,
  "r23_pure_ingest_verdict": "FAIL"
}
R23_SPEC_INGEST_ROW spec_rate=483973865 verdict=FAIL (REPORTED)
ALL CONSTRAINTS PASSED
=== ALL CHECKS PASSED SUCCESSFULLY ===
