RUSTFLAGS (env): -C target-cpu=x86-64-v3
rustc: rustc 1.99.0 (b940084d7 2026-09-28)
target_arch="x86_64"
target_feature="fxsr"
target_feature="sse"
target_feature="sse2"
CPUS: 4
model name	: AMD EPYC 9V45 96-Core Processor
cpu0 siblings: 0-1 L3: 0-3
cpu1 siblings: 0-1 L3: 0-3
cpu2 siblings: 2-3 L3: 0-3
cpu3 siblings: 2-3 L3: 0-3
taskset: pid 2132's current affinity list: 0-3
=== 1. Mini Sample SHA256 Check ===
data/tests/sample-mini.itch: OK
=== 2. Build Workspace Release ===
[1m[92m    Updating[0m crates.io index
[1m[92m   Compiling[0m nf-protocol v0.1.0 (/home/runner/work/HFT-Proj/HFT-Proj/crates/nf-protocol)
[1m[92m   Compiling[0m nf-arbitrator v0.1.0 (/home/runner/work/HFT-Proj/HFT-Proj/crates/nf-arbitrator)
[1m[92m   Compiling[0m nf-transport v0.1.0 (/home/runner/work/HFT-Proj/HFT-Proj/crates/nf-transport)
[1m[92m   Compiling[0m nf-recovery v0.1.0 (/home/runner/work/HFT-Proj/HFT-Proj/crates/nf-recovery)
[1m[92m   Compiling[0m nf-testkit v0.1.0 (/home/runner/work/HFT-Proj/HFT-Proj/crates/nf-testkit)
[1m[92m   Compiling[0m nf-engine v0.1.0 (/home/runner/work/HFT-Proj/HFT-Proj/crates/nf-engine)
[1m[92m    Finished[0m `release` profile [optimized] target(s) in 24.07s
=== 3. Clippy Workspace ===
[1m[92m    Checking[0m nf-protocol v0.1.0 (/home/runner/work/HFT-Proj/HFT-Proj/crates/nf-protocol)
[1m[92m    Checking[0m nf-arbitrator v0.1.0 (/home/runner/work/HFT-Proj/HFT-Proj/crates/nf-arbitrator)
[1m[92m    Checking[0m nf-transport v0.1.0 (/home/runner/work/HFT-Proj/HFT-Proj/crates/nf-transport)
[1m[92m    Checking[0m nf-recovery v0.1.0 (/home/runner/work/HFT-Proj/HFT-Proj/crates/nf-recovery)
[1m[92m    Checking[0m nf-testkit v0.1.0 (/home/runner/work/HFT-Proj/HFT-Proj/crates/nf-testkit)
[1m[92m    Checking[0m nf-engine v0.1.0 (/home/runner/work/HFT-Proj/HFT-Proj/crates/nf-engine)
[1m[92m    Finished[0m `dev` profile [unoptimized + debuginfo] target(s) in 2.09s
=== 4. Negative Lint Tripwire Test ===
[1m[92m    Checking[0m lint-fixture v0.1.0 (/home/runner/work/HFT-Proj/HFT-Proj/tests/lint_fixture)
[1m[91merror[0m[1m: use of a disallowed type `alloc::vec::Vec`[0m
 [1m[94m--> [0msrc/lib.rs:7:23
  [1m[94m|[0m
[1m[94m7[0m [1m[94m|[0m     let _v: Vec<u8> = Vec::new();
  [1m[94m|[0m                       [1m[91m^^^[0m
  [1m[94m|[0m
  [1m[94m= [0m[1mnote[0m: Tier-F zero-allocation ban
  [1m[94m= [0m[1mhelp[0m: for further information visit https://rust-lang.github.io/rust-clippy/rust-1.99.0/index.html#disallowed_types
[1m[92mnote[0m: the lint level is defined here
 [1m[94m--> [0msrc/lib.rs:3:9
  [1m[94m|[0m
[1m[94m3[0m [1m[94m|[0m #![deny(clippy::disallowed_types)]
  [1m[94m|[0m         [1m[92m^^^^^^^^^^^^^^^^^^^^^^^^[0m

[1m[91merror[0m[1m: use of a disallowed type `alloc::vec::Vec`[0m
 [1m[94m--> [0msrc/lib.rs:7:13
  [1m[94m|[0m
[1m[94m7[0m [1m[94m|[0m     let _v: Vec<u8> = Vec::new();
  [1m[94m|[0m             [1m[91m^^^^^^^[0m
  [1m[94m|[0m
  [1m[94m= [0m[1mnote[0m: Tier-F zero-allocation ban
  [1m[94m= [0m[1mhelp[0m: for further information visit https://rust-lang.github.io/rust-clippy/rust-1.99.0/index.html#disallowed_types

[1m[91merror[0m[1m: use of a disallowed type `alloc::string::String`[0m
 [1m[94m--> [0msrc/lib.rs:8:22
  [1m[94m|[0m
[1m[94m8[0m [1m[94m|[0m     let _s: String = String::new();
  [1m[94m|[0m                      [1m[91m^^^^^^[0m
  [1m[94m|[0m
  [1m[94m= [0m[1mnote[0m: Tier-F zero-allocation ban
  [1m[94m= [0m[1mhelp[0m: for further information visit https://rust-lang.github.io/rust-clippy/rust-1.99.0/index.html#disallowed_types

[1m[91merror[0m[1m: use of a disallowed type `alloc::string::String`[0m
 [1m[94m--> [0msrc/lib.rs:8:13
  [1m[94m|[0m
[1m[94m8[0m [1m[94m|[0m     let _s: String = String::new();
  [1m[94m|[0m             [1m[91m^^^^^^[0m
  [1m[94m|[0m
  [1m[94m= [0m[1mnote[0m: Tier-F zero-allocation ban
  [1m[94m= [0m[1mhelp[0m: for further information visit https://rust-lang.github.io/rust-clippy/rust-1.99.0/index.html#disallowed_types

[1m[91merror[0m[1m: use of a disallowed type `std::collections::HashMap`[0m
 [1m[94m--> [0msrc/lib.rs:9:53
  [1m[94m|[0m
[1m[94m9[0m [1m[94m|[0m     let _map: std::collections::HashMap<u32, u32> = std::collections::HashMap::new();
  [1m[94m|[0m                                                     [1m[91m^^^^^^^^^^^^^^^^^^^^^^^^^[0m
  [1m[94m|[0m
  [1m[94m= [0m[1mnote[0m: Tier-F zero-allocation ban
  [1m[94m= [0m[1mhelp[0m: for further information visit https://rust-lang.github.io/rust-clippy/rust-1.99.0/index.html#disallowed_types

[1m[91merror[0m[1m: use of a disallowed type `std::collections::HashMap`[0m
 [1m[94m--> [0msrc/lib.rs:9:15
  [1m[94m|[0m
[1m[94m9[0m [1m[94m|[0m     let _map: std::collections::HashMap<u32, u32> = std::collections::HashMap::new();
  [1m[94m|[0m               [1m[91m^^^^^^^^^^^^^^^^^^^^^^^^^^^^^^^^^^^[0m
  [1m[94m|[0m
  [1m[94m= [0m[1mnote[0m: Tier-F zero-allocation ban
  [1m[94m= [0m[1mhelp[0m: for further information visit https://rust-lang.github.io/rust-clippy/rust-1.99.0/index.html#disallowed_types

[1m[91merror[0m[1m: use of a disallowed type `alloc::rc::Rc`[0m
  [1m[94m--> [0msrc/lib.rs:10:15
   [1m[94m|[0m
[1m[94m10[0m [1m[94m|[0m     let _rc = std::rc::Rc::new(42);
   [1m[94m|[0m               [1m[91m^^^^^^^^^^^[0m
   [1m[94m|[0m
   [1m[94m= [0m[1mnote[0m: Tier-F zero-allocation ban
   [1m[94m= [0m[1mhelp[0m: for further information visit https://rust-lang.github.io/rust-clippy/rust-1.99.0/index.html#disallowed_types

[1m[91merror[0m[1m: use of a disallowed type `alloc::sync::Arc`[0m
  [1m[94m--> [0msrc/lib.rs:11:16
   [1m[94m|[0m
[1m[94m11[0m [1m[94m|[0m     let _arc = std::sync::Arc::new(42);
   [1m[94m|[0m                [1m[91m^^^^^^^^^^^^^^[0m
   [1m[94m|[0m
   [1m[94m= [0m[1mnote[0m: Tier-F zero-allocation ban
   [1m[94m= [0m[1mhelp[0m: for further information visit https://rust-lang.github.io/rust-clippy/rust-1.99.0/index.html#disallowed_types

[1m[91merror[0m[1m: use of a disallowed method `alloc::string::ToString::to_string`[0m
  [1m[94m--> [0msrc/lib.rs:15:17
   [1m[94m|[0m
[1m[94m15[0m [1m[94m|[0m     let _s = 42.to_string();
   [1m[94m|[0m                 [1m[91m^^^^^^^^^[0m
   [1m[94m|[0m
   [1m[94m= [0m[1mnote[0m: Tier-M zero-allocation hot-loop ban
   [1m[94m= [0m[1mhelp[0m: for further information visit https://rust-lang.github.io/rust-clippy/rust-1.99.0/index.html#disallowed_methods
[1m[92mnote[0m: the lint level is defined here
  [1m[94m--> [0msrc/lib.rs:4:9
   [1m[94m|[0m
[1m[94m 4[0m [1m[94m|[0m #![deny(clippy::disallowed_methods)]
   [1m[94m|[0m         [1m[92m^^^^^^^^^^^^^^^^^^^^^^^^^^[0m

[1m[91merror[0m[1m: use of a disallowed method `alloc::borrow::ToOwned::to_owned`[0m
  [1m[94m--> [0msrc/lib.rs:17:24
   [1m[94m|[0m
[1m[94m17[0m [1m[94m|[0m     let _owned = slice.to_owned();
   [1m[94m|[0m                        [1m[91m^^^^^^^^[0m
   [1m[94m|[0m
   [1m[94m= [0m[1mnote[0m: Tier-M zero-allocation hot-loop ban
   [1m[94m= [0m[1mhelp[0m: for further information visit https://rust-lang.github.io/rust-clippy/rust-1.99.0/index.html#disallowed_methods

[1m[91merror[0m: could not compile `lint-fixture` (lib) due to 10 previous errors
=== 5. Unit & Conformance Tests ===
[1m[92m   Compiling[0m nf-protocol v0.1.0 (/home/runner/work/HFT-Proj/HFT-Proj/crates/nf-protocol)
[1m[92m   Compiling[0m nf-transport v0.1.0 (/home/runner/work/HFT-Proj/HFT-Proj/crates/nf-transport)
[1m[92m   Compiling[0m nf-arbitrator v0.1.0 (/home/runner/work/HFT-Proj/HFT-Proj/crates/nf-arbitrator)
[1m[92m   Compiling[0m nf-recovery v0.1.0 (/home/runner/work/HFT-Proj/HFT-Proj/crates/nf-recovery)
[1m[92m   Compiling[0m nf-testkit v0.1.0 (/home/runner/work/HFT-Proj/HFT-Proj/crates/nf-testkit)
[1m[92m   Compiling[0m nf-engine v0.1.0 (/home/runner/work/HFT-Proj/HFT-Proj/crates/nf-engine)
[1m[92m    Finished[0m `test` profile [optimized + debuginfo] target(s) in 13.37s
[1m[92m     Running[0m unittests src/lib.rs (target/debug/deps/nf_arbitrator-6363e96099bf9242)

running 0 tests

test result: ok. 0 passed; 0 failed; 0 ignored; 0 measured; 0 filtered out; finished in 0.00s

[1m[92m     Running[0m tests/compilefail.rs (target/debug/deps/compilefail-478af2cb6c91a996)

running 1 test
[1m[92m    Checking[0m nf-protocol v0.1.0 (/home/runner/work/HFT-Proj/HFT-Proj/crates/nf-protocol)
[1m[92m    Checking[0m nf-arbitrator v0.1.0 (/home/runner/work/HFT-Proj/HFT-Proj/crates/nf-arbitrator)
[1m[92m    Checking[0m nf-transport v0.1.0 (/home/runner/work/HFT-Proj/HFT-Proj/crates/nf-transport)
[1m[92m    Checking[0m nf-recovery v0.1.0 (/home/runner/work/HFT-Proj/HFT-Proj/crates/nf-recovery)
[1m[92m    Checking[0m nf-testkit v0.1.0 (/home/runner/work/HFT-Proj/HFT-Proj/crates/nf-testkit)
[1m[92m    Checking[0m nf-arbitrator-tests v0.0.0 (/home/runner/work/HFT-Proj/HFT-Proj/target/tests/trybuild/nf-arbitrator)
[1m[92m    Finished[0m `dev` profile [unoptimized + debuginfo] target(s) in 0.56s


test tests/ui/cf1_private_field_construction.rs ... ok
test tests/ui/cf2_private_field_read.rs ... ok
test tests/ui/cf3_destructure.rs ... ok
test tests/ui/cf4_lookalike_type.rs ... ok
test tests/ui/cf5_hold_across_calls.rs ... ok
test tests/ui/cf6_orphan_clone.rs ... ok


test test_compile_fail_suite ... ok

test result: ok. 1 passed; 0 failed; 0 ignored; 0 measured; 0 filtered out; finished in 1.97s

[1m[92m     Running[0m tests/sequencer_tests.rs (target/debug/deps/sequencer_tests-c037a0fdfcc57b5c)

running 19 tests
test test_r3_no_optin_unchanged ... ok
test test_r3_span_equivalence_contiguous_flow ... ok
test test_r3_span_fallback_on_invalid ... ok
test test_r3_span_gap_staging_drain ... ok
test test_r3_span_hb_eos ... ok
test test_u11_seal ... ok
test test_u13_totality ... ok
test test_u10_gen_law ... ok
test test_u14_byte_identity ... ok
test test_u1_dup_fast_path ... ok
test test_u12_recovery_intent ... ok
test test_u2_partial_overlap ... ok
test test_u3_reorder_disorder ... ok
test test_u8_eos_handling ... ok
test test_u4_window_clamp ... ok
test test_u6_session_change ... ok
test test_u7_heartbeat_gap ... ok
test test_u9_eos_then_data ... ok
test test_u_zombie_hazard ... ok

test result: ok. 19 passed; 0 failed; 0 ignored; 0 measured; 0 filtered out; finished in 0.00s

[1m[92m     Running[0m tests/split_watermark.rs (target/debug/deps/split_watermark-6b556bc238fd948b)

running 1 test
test test_a1_split_watermark_discriminator ... ok

test result: ok. 1 passed; 0 failed; 0 ignored; 0 measured; 0 filtered out; finished in 0.05s

[1m[92m     Running[0m unittests src/lib.rs (target/debug/deps/nf_engine-2835e0eb584a1f80)

running 4 tests
test histogram::tests::test_static_histogram_percentiles ... ok
test tests::test_audit_in_memory_stream ... ok
test tail_study::tests::test_p2_l1_unit_law_per_message_stamps ... ok
test tests::test_audit_truncated_tail ... ok

test result: ok. 4 passed; 0 failed; 0 ignored; 0 measured; 0 filtered out; finished in 0.00s

[1m[92m     Running[0m unittests src/bin/audit.rs (target/debug/deps/audit-0ffa5e810830aa34)

running 0 tests

test result: ok. 0 passed; 0 failed; 0 ignored; 0 measured; 0 filtered out; finished in 0.00s

[1m[92m     Running[0m unittests src/bin/bench.rs (target/debug/deps/bench-8d7d78bca1894c8b)

running 0 tests

test result: ok. 0 passed; 0 failed; 0 ignored; 0 measured; 0 filtered out; finished in 0.00s

[1m[92m     Running[0m unittests src/bin/hft_bench.rs (target/debug/deps/hft_bench-77e0d5531fa87c9d)

running 0 tests

test result: ok. 0 passed; 0 failed; 0 ignored; 0 measured; 0 filtered out; finished in 0.00s

[1m[92m     Running[0m unittests src/bin/kbench.rs (target/debug/deps/kbench-4bb94fa949f08972)

running 0 tests

test result: ok. 0 passed; 0 failed; 0 ignored; 0 measured; 0 filtered out; finished in 0.00s

[1m[92m     Running[0m unittests src/bin/replay.rs (target/debug/deps/replay-0ff2083d86b40b63)

running 0 tests

test result: ok. 0 passed; 0 failed; 0 ignored; 0 measured; 0 filtered out; finished in 0.00s

[1m[92m     Running[0m tests/xdp_tests.rs (target/debug/deps/xdp_tests-51cc3573b9588ba6)

running 6 tests
test test_x1_xdp_smoke ... ok
test test_x4_fill_ring_discipline ... ok
test test_x6_malicious_frames ... ok
test test_x5_alloc_window_xdp ... ok
test test_x3_scripted_dual_drop ... ok
test test_x2_conformance_mini ... ok

test result: ok. 6 passed; 0 failed; 0 ignored; 0 measured; 0 filtered out; finished in 0.03s

[1m[92m     Running[0m unittests src/lib.rs (target/debug/deps/nf_protocol-885ff5d190450fa5)

running 21 tests
test gates::tests::test_gates_tripwires_fail_on_bad_inputs ... ok
test itch5::tests::t2_tv_it2_stock_directory ... ok
test itch5::tests::t1_tv_it1_system_event ... ok
test itch5::tests::t3_case_trap ... ok
test itch5::tests::t6_error_paths ... ok
test itch5::tests::t4_synthetic_add_order ... ok
test itch5::tests::t5_table_totality ... ok
test itch5::tests::t7_extended_overlays ... ok
test moldudp64::tests::t13_spec_slice_edges ... ok
test moldudp64::tests::t1_tv1_golden ... ok
test moldudp64::tests::t2_t3_heartbeat_and_eos ... ok
test moldudp64::tests::t4_encode_request ... ok
test moldudp64::tests::t5_truncated_frame ... ok
test moldudp64::tests::t6_block_overrun ... ok
test moldudp64::tests::t7_trailing_bytes ... ok
test moldudp64::tests::t8_zero_length_message ... ok
test moldudp64::tests::t9_seq_overflow ... ok
test packet::tests::test_validate_frame_synthetic ... ok
test moldudp64::tests::t11_span_calculation ... ok
test moldudp64::tests::t10_round_trip_property ... ok
test moldudp64::tests::t12_spec_slice_matches_blocks ... ok

test result: ok. 21 passed; 0 failed; 0 ignored; 0 measured; 0 filtered out; finished in 0.04s

[1m[92m     Running[0m unittests src/lib.rs (target/debug/deps/nf_recovery-a4273f375a48027e)

running 0 tests

test result: ok. 0 passed; 0 failed; 0 ignored; 0 measured; 0 filtered out; finished in 0.00s

[1m[92m     Running[0m tests/recovery_tests.rs (target/debug/deps/recovery_tests-6c123f8406540150)

running 17 tests
test test_r10_session_boundary_during_recovery ... ok
test test_r11_socket_disconnect ... ok
test test_r12_vt_grace_stepping ... ok
test test_r13_retry_counting_determinism ... ok
test test_r14_state_transition_matrix ... ok
test test_e2e_2b_split_dual_drop ... ok
test test_e2e_2a_canonical_dual_drop ... ok
test test_e2e_2c_double_run_confluence ... ok
test test_r4_request_encode_from_intent ... ok
test test_r1_fakeserver_drop_request_fault ... ok
test test_r5_partial_fill_truncate_after ... ok
test test_r7_silence_dead ... ok
test test_r3_inv_r5_wrong_session ... ok
test test_r2_fakeserver_drop_response_fault ... ok
test test_r9_dual_drop_repair ... ok
test test_r6_drop_request_dead ... ok
test test_r8_duplicate_first ... ok

test result: ok. 17 passed; 0 failed; 0 ignored; 0 measured; 0 filtered out; finished in 0.15s

[1m[92m     Running[0m unittests src/lib.rs (target/debug/deps/nf_testkit-c60ad869f026b239)

running 76 tests
test affinity::fabric_placement_tests::t_fabric_placement_distinct_workers_on_distinct_cores ... ok
test affinity::l3_tests::t_l3_groups_partition ... ok
test affinity::fabric_placement_tests::t_fabric_placement_no_worker_on_main_sibling_when_possible ... ok
test affinity::l3_tests::t_pipeline_placement_distinct ... ok
test affinity::l3_tests::t_topology_verification_placement_consistent ... ok
test affinity::l3_tests::t_topology_verification_same_cpu_violates ... ok
test affinity::tests::t_affinity_order_nonempty_and_bounded ... ok
test affinity::tests::t_affinity_pin_roundtrip ... ok
test batch_parity::t_r12_soa_parity_default_schedule ... ok
test batch_parity::t_r12_soa_parity_lossy_schedule ... ok
test batch_parity::t_r12_soa_parity_multi_pass_resets ... ok
test batch_parity::t_r12_soa_parity_reorder_schedule ... ok
test batch_parity::t_r12_soa_parity_session_split ... ok
test batch_parity::t_r12_soa_parity_single_feed_seeded ... ok
test batch_parity::t_r8_batch_parity_default_schedule ... ok
test batch_parity::t_r8_batch_parity_fast_sink ... ok
test batch_parity::t_r8_batch_parity_lossy_schedule ... ok
test batch_parity::t_r8_batch_parity_multi_pass_reset ... ok
test batch_parity::t_r8_batch_parity_per_message_sink ... ok
test batch_parity::t_r8_batch_parity_reorder_schedule ... ok
test batch_parity::t_r8_batch_parity_session_split ... ok
test batch_parity::t_r8_batch_parity_single_feed_seeded ... ok
test batch_parity::t_r8_coalesced_pacing_parity ... ok
test batch_parity::t_r8_pipeline_parity_canonical ... ok
test crcfold::tests::t_affine_kernel_8lane_differential ... ok
test crcfold::tests::t_affine_kernel_models ... ok
test crcfold::tests::t_affine_kernel_scalar_differential ... ok
test crcfold::tests::t_affine_span_derivation_oracle ... ok
test crcfold::tests::t_dfold_constants_derivation ... ok
test crcfold::tests::t_fold_differential_exhaustive ... ok
test crcfold::tests::t_gfni_bitrev_matrix ... ok
test crcfold::tests::t_golden_vectors ... ok
test crcfold::tests::t_ofold_constants_derivation ... ok
test crcfold::tests::t_r23c_tag_core ... ok
test crcfold::tests::t_reference_matches_standard_vector ... ok
test crcfold::tests::t_reflect_constants_derivation ... ok
test crcfold::tests::t_spec_slice_vec_differential ... ok
test crcfold::tests::t_transpose_arena_public_api ... ok
test crcfold::tests::t_tri_constants_derivation ... ok
test crcfold::tests::t_vend_constants_derivation ... ok
test crcfold::tests::t_vtail_constants_derivation ... ok
test hydra::tests::t_hydra_bitparity_chaos_schedule ... ok
test hydra::tests::t_hydra_bitparity_default_schedule ... ok
test batch_parity::t_f2_rxbuild_chaos_sustained_soak ... ok
test batch_parity::t_f1_rxwarm_chaos_sustained_soak ... ok
test hydra::tests::t_hydra_bitparity_seeded_range ... ok
test hydra::tests::t_hydra_bitparity_ring_wraparound ... ok
test hydra::tests::t_hydra_crosspass_overlap_bitparity ... ok
test hydra::tests::t_hydra_bitparity_worker_counts ... ok
test hydra::tests::t_r23c_affine_ledger_pipeline_parity ... ok
test hydra::tests::t_r23c_affine_tag_parity ... ok
test hydra::tests::t_hydra_bitparity_fixed1 ... ok
test batch_parity::t_i7_prepatch_chaos_sustained_soak ... ok
test soa::tests::t_ladder_alternating_group_passes ... ok
test soa::tests::t_ladder_avx512_matches_scalar_when_present ... ok
test soa::tests::t_ladder_gap_fails ... ok
test soa::tests::t_ladder_pair_mismatch_fails ... ok
test soa::tests::t_ladder_partial_dup_fails_or_passes_correctly ... ok
test soa::tests::t_ladder_two_emits_fails ... ok
test soa::tests::t_ladder_wrapping_group_rejected ... ok
test tests::t10_max_rate_mode ... ok
test tests::t1_golden_walker_mini ... ok
test tests::t2_schedule_determinism ... ok
test tests::t3_packetization_modes ... ok
test tests::t4_render_round_trip ... ok
test tests::t5_accounting_identity_guarantee_coverage ... ok
test tests::t6_th1_structure ... ok
test tests::t7_session_split_invariance ... ok
test tests::t8_delay_distribution_sanity ... ok
test tests::t9_full_mini_chaos_run ... ok
test tests::test_e2e_1_mini_chaos_conformance ... ok
test tests::test_e2e_1b_mini_chaos_determinism_double_run ... ok
test hydra::tests::t_rxdesc_sustained_multipass_parity ... ok
test hydra::tests::t_hydra_pipeline_soa_chaos_bitparity ... ok
test tests::test_u5_w1_property_1m_ops ... ok
test hydra::tests::t_rxdesc_parity_matrix ... ok

test result: ok. 76 passed; 0 failed; 0 ignored; 0 measured; 0 filtered out; finished in 4.92s

[1m[92m     Running[0m unittests src/bin/diff_oracle.rs (target/debug/deps/diff_oracle-fa81e8970129c313)

running 0 tests

test result: ok. 0 passed; 0 failed; 0 ignored; 0 measured; 0 filtered out; finished in 0.00s

[1m[92m     Running[0m unittests src/bin/fakeserver.rs (target/debug/deps/fakeserver-cafe9c737f62a6cf)

running 0 tests

test result: ok. 0 passed; 0 failed; 0 ignored; 0 measured; 0 filtered out; finished in 0.00s

[1m[92m     Running[0m unittests src/bin/fbench.rs (target/debug/deps/fbench-125af8e1b5e4ff98)

running 0 tests

test result: ok. 0 passed; 0 failed; 0 ignored; 0 measured; 0 filtered out; finished in 0.00s

[1m[92m     Running[0m unittests src/bin/fuzz_campaign.rs (target/debug/deps/fuzz_campaign-5df8befc36b68eb5)

running 0 tests

test result: ok. 0 passed; 0 failed; 0 ignored; 0 measured; 0 filtered out; finished in 0.00s

[1m[92m     Running[0m unittests src/bin/matrix_sweep.rs (target/debug/deps/matrix_sweep-7c6987c33b3656ab)

running 0 tests

test result: ok. 0 passed; 0 failed; 0 ignored; 0 measured; 0 filtered out; finished in 0.00s

[1m[92m     Running[0m unittests src/bin/spec_server.rs (target/debug/deps/spec_server-cb8f9ed5a20ba269)

running 0 tests

test result: ok. 0 passed; 0 failed; 0 ignored; 0 measured; 0 filtered out; finished in 0.00s

[1m[92m     Running[0m unittests src/bin/venue.rs (target/debug/deps/venue-785153f8a034a3bf)

running 0 tests

test result: ok. 0 passed; 0 failed; 0 ignored; 0 measured; 0 filtered out; finished in 0.00s

[1m[92m     Running[0m unittests src/bin/window_sweep.rs (target/debug/deps/window_sweep-6d125350cd8689be)

running 0 tests

test result: ok. 0 passed; 0 failed; 0 ignored; 0 measured; 0 filtered out; finished in 0.00s

[1m[92m     Running[0m unittests src/lib.rs (target/debug/deps/nf_transport-1bacef6ed3ea05d1)

running 24 tests
test pipeline::tests::t_pipeline_armed_rejects_plain_reset ... ok
test pipeline::tests::t_pipeline_auto_advance_multi_pass ... ok
test pipeline::tests::t_pipeline_auto_advance_session_divergence_failstops ... ok
test pipeline::tests::t_pipeline_multi_reset ... ok
test pipeline::tests::t_pipeline_coalesce128 ... ok
test pipeline::tests::t_pipeline_single_pass_coalesce8 ... ok
test pipeline::tests::t_pipeline_single_pass_coalesce1 ... ok
test pipeline::tests::t_rxbuild_constant_session ... ok
test pipeline::tests::t_nbuf32_parity_vs_depth16 ... ok
test pipeline::tests::t_rxbuild_mid_pass_abandon ... ok
test pipeline::tests::t_rxbuild_parity_vs_classic ... ok
test pipeline::tests::t_rxwarm_mid_pass_abandon ... ok
test render::tests::t_r2_memo_all_valid ... ok
test render::tests::t_r2_memo_default_trait_none ... ok
test pipeline::tests::t_rxwarm_unarmed_constant_session ... ok
test render::tests::t_r2_memo_exact_prefix ... ok
test render::tests::t_r2_memo_none_for_hb ... ok
test render::tests::t_r2_memo_none_oob ... ok
test render::tests::t_r2_memo_stable_across_reset ... ok
test render::tests::t_r8_batch_entries_match_side_tables ... ok
test pipeline::tests::t_rxwarm_parity_vs_classic ... ok
test render::tests::t_r9_aliasing_dual_feed_identical_bytes_and_smaller_blob ... ok
test render::tests::t_r9_aliasing_not_for_distinct_ranges ... ok
test pipeline::tests::t_prepatch_marker_sentinel_head_invariant ... ok

test result: ok. 24 passed; 0 failed; 0 ignored; 0 measured; 0 filtered out; finished in 0.11s

[1m[92m   Doc-tests[0m nf_arbitrator

running 0 tests

test result: ok. 0 passed; 0 failed; 0 ignored; 0 measured; 0 filtered out; finished in 0.00s

[1m[92m   Doc-tests[0m nf_engine

running 0 tests

test result: ok. 0 passed; 0 failed; 0 ignored; 0 measured; 0 filtered out; finished in 0.00s

[1m[92m   Doc-tests[0m nf_protocol

running 0 tests

test result: ok. 0 passed; 0 failed; 0 ignored; 0 measured; 0 filtered out; finished in 0.00s

[1m[92m   Doc-tests[0m nf_recovery

running 0 tests

test result: ok. 0 passed; 0 failed; 0 ignored; 0 measured; 0 filtered out; finished in 0.00s

[1m[92m   Doc-tests[0m nf_testkit

running 0 tests

test result: ok. 0 passed; 0 failed; 0 ignored; 0 measured; 0 filtered out; finished in 0.00s

[1m[92m   Doc-tests[0m nf_transport

running 0 tests

test result: ok. 0 passed; 0 failed; 0 ignored; 0 measured; 0 filtered out; finished in 0.00s

=== 6. Full Day Audit & Histogram Diff ===
[1m[92m    Finished[0m `release` profile [optimized] target(s) in 0.01s
[1m[92m     Running[0m `target/release/audit data/tests/sample-mini.itch`
AUDIT file=data/tests/sample-mini.itch bytes=14999991 blocks=505849 violations=0 truncated_tail=true
HIST 0x41 A len=36 count=180684 pct=35.72
HIST 0x43 C len=36 count=20 pct=0.00
HIST 0x44 D len=19 count=164385 pct=32.50
HIST 0x45 E len=31 count=1507 pct=0.30
HIST 0x46 F len=40 count=27934 pct=5.52
HIST 0x48 H len=25 count=8900 pct=1.76
HIST 0x4C L len=26 count=6171 pct=1.22
HIST 0x4E N len=20 count=76670 pct=15.16
HIST 0x50 P len=44 count=1544 pct=0.31
HIST 0x52 R len=39 count=8906 pct=1.76
HIST 0x53 S len=12 count=3 pct=0.00
HIST 0x55 U len=35 count=18395 pct=3.64
HIST 0x56 V len=35 count=1 pct=0.00
HIST 0x58 X len=23 count=1821 pct=0.36
HIST 0x59 Y len=20 count=8908 pct=1.76
=== 7. Replay Conformance & Golden Hash Check ===
[1m[92m    Finished[0m `release` profile [optimized] target(s) in 0.00s
[1m[92m     Running[0m `target/release/replay --config ci-mode1.toml`
BLOB_BACKING mode=mmap anon_huge_kb=14336 map_mb=16.5 verdict=thp-granted
VERDICT hash=0xF6EF154EFDE905D8 count=505849 watermark=255850 violations=0
=== 8. Zero-Allocation Window (ALLOC_DELTA=0) ===
BLOB_BACKING mode=mmap anon_huge_kb=16384 map_mb=16.5 verdict=thp-granted
WINDOW_BEGIN
WINDOW_END
ALLOC_DELTA=0
VERDICT hash=0xF6EF154EFDE905D8 count=505849 watermark=255850 violations=0
=== 9. Kernel Syscall Strace Diff Probe ===
BLOB_BACKING mode=mmap anon_huge_kb=14336 map_mb=16.5 verdict=thp-granted
BLOB_BACKING mode=mmap anon_huge_kb=16384 map_mb=16.5 verdict=thp-granted
VERDICT hash=0xF6EF154EFDE905D8 count=505849 watermark=255850 violations=0
=== 10. Venue Sender & XDP Transport Smoke Check ===
[1m[92m    Finished[0m `release` profile [optimized] target(s) in 0.00s
[1m[92m     Running[0m `target/release/venue --sample data/tests/sample-mini.itch`
VENUE_SENDER starting: sending 101202 events
VENUE_SENDER finished: 101202 packets transmitted
=== 11. Benchmark & G12-T1 Tail Attribution Study ===
[1m[92m    Finished[0m `release` profile [optimized] target(s) in 0.01s
[1m[92m     Running[0m `target/release/bench --sample data/tests/sample-mini.itch --runs 5 --study`
BENCH_CALIBRATION invariant_tsc=true freq_mhz=2596.12 mark_overhead_cycles=52
=== 1. PR-1 UN-INSTRUMENTED BURST THROUGHPUT EVALUATION ===
BLOB_BACKING mode=mmap anon_huge_kb=14336 map_mb=16.5 verdict=thp-granted
BENCH mode=replay-burst-uninstrumented msgs=505849 rate=769842683 allocs=0 freq=2596.12MHz run=1
BENCH mode=replay-burst-uninstrumented msgs=505849 rate=802080641 allocs=0 freq=2596.12MHz run=2
BENCH mode=replay-burst-uninstrumented msgs=505849 rate=823823421 allocs=0 freq=2596.12MHz run=3
BENCH mode=replay-burst-uninstrumented msgs=505849 rate=871468293 allocs=0 freq=2596.12MHz run=4
BENCH mode=replay-burst-uninstrumented msgs=505849 rate=896733214 allocs=0 freq=2596.12MHz run=5
BENCH_MEDIAN mode=replay-burst-uninstrumented rate=823823421
PR1_TITAN_VERDICT rate=823823421 target=100000000 -> PASS (span conformance: every emitted byte CRC32C-checked in-window, 8 lanes)
=== 2. PR-1 SUSTAINED LOOP MODE (>= 5 SECONDS) ===
BENCH mode=replay-sustained-5s total_msgs=4733229093 duration=5.00s sustained_rate=946630124 msg/s allocs=0
PR1_TITAN_SUSTAINED_VERDICT rate=946630124 target=100000000 -> PASS
=== 3. SAMPLED MARKS EVALUATION (1-in-256) & PR-2 VERDICT ===
BENCH mode=replay-core-sampled-256-fast msgs=505849 rate=67657127 p50=52 p99=78 mean=59.16 allocs=0 freq=2596.12MHz run=1
BENCH mode=replay-core-sampled-256-fast msgs=505849 rate=67744419 p50=52 p99=78 mean=59.85 allocs=0 freq=2596.12MHz run=2
BENCH mode=replay-core-sampled-256-fast msgs=505849 rate=68416765 p50=52 p99=78 mean=59.29 allocs=0 freq=2596.12MHz run=3
BENCH mode=replay-core-sampled-256-fast msgs=505849 rate=68054953 p50=52 p99=78 mean=88.39 allocs=0 freq=2596.12MHz run=4
BENCH mode=replay-core-sampled-256-fast msgs=505849 rate=69028453 p50=52 p99=78 mean=57.96 allocs=0 freq=2596.12MHz run=5
PR2_SAMPLED_VERDICT rate=68054953 p50=52 p99=78 (tax=91.74%) -> p50 < 60: PASS, p99 < 150: PASS
=== 4. H5 PACKET-SIZE SWEEP ===
H5_SWEEP packetize=Fixed(1) packets=1011710 rep=1 p50=104 p99=130 p99.9=182
H5_SWEEP packetize=Fixed(1) packets=1011710 rep=2 p50=104 p99=130 p99.9=208
H5_SWEEP packetize=Fixed(16) packets=63258 rep=1 p50=104 p99=130 p99.9=156
H5_SWEEP packetize=Fixed(16) packets=63258 rep=2 p50=104 p99=130 p99.9=182
H5_SWEEP packetize=MtuBound(1400) packets=21996 rep=1 p50=78 p99=130 p99.9=156
H5_SWEEP packetize=MtuBound(1400) packets=21996 rep=2 p50=104 p99=130 p99.9=468
=== 5. G12-T1 TAIL ATTRIBUTION STUDY PHASE 2 (PER-MESSAGE MEASUREMENT) ===
BENCH mode=replay-core-msg arm=cold msgs=505849 rate=15372291 raw[p50=78 p90=130 p99=130 p99.99=364 max=59514] adj[p50=26 p90=78 p99=78 p99.99=312 max=59462] allocs=0 freq=2596.12MHz run=1
BENCH mode=replay-core-msg arm=cold msgs=505849 rate=15437325 raw[p50=78 p90=130 p99=130 p99.99=286 max=52338] adj[p50=26 p90=78 p99=78 p99.99=234 max=52286] allocs=0 freq=2596.12MHz run=2
BENCH mode=replay-core-msg arm=cold msgs=505849 rate=15445859 raw[p50=78 p90=130 p99=130 p99.99=286 max=36842] adj[p50=26 p90=78 p99=78 p99.99=234 max=36790] allocs=0 freq=2596.12MHz run=3
BENCH mode=replay-core-msg arm=cold msgs=505849 rate=15423800 raw[p50=78 p90=130 p99=130 p99.99=364 max=52494] adj[p50=26 p90=78 p99=78 p99.99=312 max=52442] allocs=0 freq=2596.12MHz run=4
BENCH mode=replay-core-msg arm=cold msgs=505849 rate=15358759 raw[p50=78 p90=130 p99=130 p99.99=364 max=54678] adj[p50=26 p90=78 p99=78 p99.99=312 max=54626] allocs=0 freq=2596.12MHz run=5
T1_PHASE2 arm=cold rate=15423800 raw[p50=78 p90=130 p99=130 p99.9=130 p99.99=364 max=52494] adj[p50=26 p90=78 p99=78 p99.9=78 p99.99=312 max=52442] unknown_pct=0.00% (samples_above_p99=75990)
BENCH mode=replay-core-msg arm=prefault msgs=505849 rate=15325416 raw[p50=78 p90=130 p99=130 p99.99=182 max=33254] adj[p50=26 p90=78 p99=78 p99.99=130 max=33202] allocs=0 freq=2596.12MHz run=1
BENCH mode=replay-core-msg arm=prefault msgs=505849 rate=15270105 raw[p50=78 p90=130 p99=130 p99.99=182 max=44954] adj[p50=26 p90=78 p99=78 p99.99=130 max=44902] allocs=0 freq=2596.12MHz run=2
BENCH mode=replay-core-msg arm=prefault msgs=505849 rate=15065214 raw[p50=78 p90=130 p99=130 p99.99=208 max=43108] adj[p50=26 p90=78 p99=78 p99.99=156 max=43056] allocs=0 freq=2596.12MHz run=3
BENCH mode=replay-core-msg arm=prefault msgs=505849 rate=15155790 raw[p50=78 p90=130 p99=130 p99.99=286 max=27482] adj[p50=26 p90=78 p99=78 p99.99=234 max=27430] allocs=0 freq=2596.12MHz run=4
BENCH mode=replay-core-msg arm=prefault msgs=505849 rate=15526066 raw[p50=78 p90=130 p99=130 p99.99=364 max=52000] adj[p50=26 p90=78 p99=78 p99.99=312 max=51948] allocs=0 freq=2596.12MHz run=5
T1_PHASE2 arm=prefault rate=15270105 raw[p50=78 p90=130 p99=130 p99.9=130 p99.99=208 max=43108] adj[p50=26 p90=78 p99=78 p99.9=78 p99.99=156 max=43056] unknown_pct=0.00% (samples_above_p99=72632)
BENCH mode=replay-core-msg arm=empty msgs=1011698 rate=23878444 raw[p50=52 p90=52 p99=52 p99.99=78 max=23452] adj[p50=0 p90=0 p99=0 p99.99=26 max=23400] allocs=0 freq=2596.12MHz run=1
BENCH mode=replay-core-msg arm=empty msgs=1011698 rate=23894982 raw[p50=52 p90=52 p99=52 p99.99=78 max=34632] adj[p50=0 p90=0 p99=0 p99.99=26 max=34580] allocs=0 freq=2596.12MHz run=2
BENCH mode=replay-core-msg arm=empty msgs=1011698 rate=23902722 raw[p50=52 p90=52 p99=52 p99.99=78 max=49166] adj[p50=0 p90=0 p99=0 p99.99=26 max=49114] allocs=0 freq=2596.12MHz run=3
BENCH mode=replay-core-msg arm=empty msgs=1011698 rate=23869349 raw[p50=52 p90=52 p99=52 p99.99=78 max=50570] adj[p50=0 p90=0 p99=0 p99.99=26 max=50518] allocs=0 freq=2596.12MHz run=4
BENCH mode=replay-core-msg arm=empty msgs=1011698 rate=23750964 raw[p50=52 p90=52 p99=52 p99.99=78 max=37960] adj[p50=0 p90=0 p99=0 p99.99=26 max=37908] allocs=0 freq=2596.12MHz run=5
T1_PHASE2 arm=empty rate=23878444 raw[p50=52 p90=52 p99=52 p99.9=52 p99.99=78 max=37960] adj[p50=0 p90=0 p99=0 p99.9=0 p99.99=26 max=37908] unknown_pct=0.00% (samples_above_p99=335095)
STUDY_REPORT written to docs/artifacts/tail-study/study-report.md
=== 6. TARGET-1 PHASE A: 3-ARM SKELETON BASELINE SWEEP (20 RUNS) ===
BENCH mode=replay-core-msg arm=empty msgs=1011698 rate=22970724 raw[p50=52 p90=52 p99=52 p99.99=78 max=225186] adj[p50=0 p90=0 p99=0 p99.99=26 max=225134] allocs=0 freq=2596.12MHz run=1
T1_PHASE2 arm=empty rate=22970724 raw[p50=52 p90=52 p99=52 p99.9=52 p99.99=78 max=225186] adj[p50=0 p90=0 p99=0 p99.9=0 p99.99=26 max=225134] unknown_pct=0.00% (samples_above_p99=351232)
BENCH mode=replay-core-msg arm=loop msgs=1011698 rate=22995211 raw[p50=52 p90=52 p99=52 p99.99=78 max=19890] adj[p50=0 p90=0 p99=0 p99.99=26 max=19838] allocs=0 freq=2596.12MHz run=1
T1_PHASE2 arm=loop rate=22995211 raw[p50=52 p90=52 p99=52 p99.9=52 p99.99=78 max=19890] adj[p50=0 p90=0 p99=0 p99.9=0 p99.99=26 max=19838] unknown_pct=0.00% (samples_above_p99=368446)
BENCH mode=replay-core-msg arm=cold msgs=505849 rate=14999359 raw[p50=78 p90=130 p99=130 p99.99=182 max=70122] adj[p50=26 p90=78 p99=78 p99.99=130 max=70070] allocs=0 freq=2596.12MHz run=1
T1_PHASE2 arm=cold rate=14999359 raw[p50=78 p90=130 p99=130 p99.9=156 p99.99=182 max=70122] adj[p50=26 p90=78 p99=78 p99.9=104 p99.99=130 max=70070] unknown_pct=0.00% (samples_above_p99=105944)
BENCH mode=replay-core-msg arm=empty msgs=1011698 rate=23334167 raw[p50=52 p90=52 p99=52 p99.99=78 max=41444] adj[p50=0 p90=0 p99=0 p99.99=26 max=41392] allocs=0 freq=2596.12MHz run=1
T1_PHASE2 arm=empty rate=23334167 raw[p50=52 p90=52 p99=52 p99.9=52 p99.99=78 max=41444] adj[p50=0 p90=0 p99=0 p99.9=0 p99.99=26 max=41392] unknown_pct=0.00% (samples_above_p99=354258)
BENCH mode=replay-core-msg arm=loop msgs=1011698 rate=23792812 raw[p50=52 p90=52 p99=52 p99.99=78 max=51298] adj[p50=0 p90=0 p99=0 p99.99=26 max=51246] allocs=0 freq=2596.12MHz run=1
T1_PHASE2 arm=loop rate=23792812 raw[p50=52 p90=52 p99=52 p99.9=52 p99.99=78 max=51298] adj[p50=0 p90=0 p99=0 p99.9=0 p99.99=26 max=51246] unknown_pct=0.00% (samples_above_p99=343282)
BENCH mode=replay-core-msg arm=cold msgs=505849 rate=14891045 raw[p50=104 p90=130 p99=130 p99.99=520 max=28496] adj[p50=52 p90=78 p99=78 p99.99=468 max=28444] allocs=0 freq=2596.12MHz run=1
T1_PHASE2 arm=cold rate=14891045 raw[p50=104 p90=130 p99=130 p99.9=156 p99.99=520 max=28496] adj[p50=52 p90=78 p99=78 p99.9=104 p99.99=468 max=28444] unknown_pct=0.00% (samples_above_p99=94574)
BENCH mode=replay-core-msg arm=empty msgs=1011698 rate=23862944 raw[p50=52 p90=52 p99=52 p99.99=78 max=43264] adj[p50=0 p90=0 p99=0 p99.99=26 max=43212] allocs=0 freq=2596.12MHz run=1
T1_PHASE2 arm=empty rate=23862944 raw[p50=52 p90=52 p99=52 p99.9=52 p99.99=78 max=43264] adj[p50=0 p90=0 p99=0 p99.9=0 p99.99=26 max=43212] unknown_pct=0.00% (samples_above_p99=332258)
BENCH mode=replay-core-msg arm=loop msgs=1011698 rate=23991536 raw[p50=52 p90=52 p99=52 p99.99=78 max=55900] adj[p50=0 p90=0 p99=0 p99.99=26 max=55848] allocs=0 freq=2596.12MHz run=1
T1_PHASE2 arm=loop rate=23991536 raw[p50=52 p90=52 p99=52 p99.9=52 p99.99=78 max=55900] adj[p50=0 p90=0 p99=0 p99.9=0 p99.99=26 max=55848] unknown_pct=0.00% (samples_above_p99=333000)
BENCH mode=replay-core-msg arm=cold msgs=505849 rate=15561516 raw[p50=78 p90=130 p99=130 p99.99=208 max=29848] adj[p50=26 p90=78 p99=78 p99.99=156 max=29796] allocs=0 freq=2596.12MHz run=1
T1_PHASE2 arm=cold rate=15561516 raw[p50=78 p90=130 p99=130 p99.9=130 p99.99=208 max=29848] adj[p50=26 p90=78 p99=78 p99.9=78 p99.99=156 max=29796] unknown_pct=0.00% (samples_above_p99=68384)
BENCH mode=replay-core-msg arm=empty msgs=1011698 rate=23819259 raw[p50=52 p90=52 p99=52 p99.99=78 max=38272] adj[p50=0 p90=0 p99=0 p99.99=26 max=38220] allocs=0 freq=2596.12MHz run=1
T1_PHASE2 arm=empty rate=23819259 raw[p50=52 p90=52 p99=52 p99.9=52 p99.99=78 max=38272] adj[p50=0 p90=0 p99=0 p99.9=0 p99.99=26 max=38220] unknown_pct=0.00% (samples_above_p99=332476)
BENCH mode=replay-core-msg arm=loop msgs=1011698 rate=23902949 raw[p50=52 p90=52 p99=52 p99.99=78 max=23062] adj[p50=0 p90=0 p99=0 p99.99=26 max=23010] allocs=0 freq=2596.12MHz run=1
T1_PHASE2 arm=loop rate=23902949 raw[p50=52 p90=52 p99=52 p99.9=52 p99.99=78 max=23062] adj[p50=0 p90=0 p99=0 p99.9=0 p99.99=26 max=23010] unknown_pct=0.00% (samples_above_p99=334684)
BENCH mode=replay-core-msg arm=cold msgs=505849 rate=15116890 raw[p50=78 p90=130 p99=130 p99.99=338 max=41756] adj[p50=26 p90=78 p99=78 p99.99=286 max=41704] allocs=0 freq=2596.12MHz run=1
T1_PHASE2 arm=cold rate=15116890 raw[p50=78 p90=130 p99=130 p99.9=130 p99.99=338 max=41756] adj[p50=26 p90=78 p99=78 p99.9=78 p99.99=286 max=41704] unknown_pct=0.00% (samples_above_p99=97225)
BENCH mode=replay-core-msg arm=empty msgs=1011698 rate=23136228 raw[p50=52 p90=52 p99=52 p99.99=78 max=36660] adj[p50=0 p90=0 p99=0 p99.99=26 max=36608] allocs=0 freq=2596.12MHz run=1
T1_PHASE2 arm=empty rate=23136228 raw[p50=52 p90=52 p99=52 p99.9=52 p99.99=78 max=36660] adj[p50=0 p90=0 p99=0 p99.9=0 p99.99=26 max=36608] unknown_pct=0.00% (samples_above_p99=364207)
BENCH mode=replay-core-msg arm=loop msgs=1011698 rate=23068944 raw[p50=52 p90=52 p99=52 p99.99=78 max=41236] adj[p50=0 p90=0 p99=0 p99.99=26 max=41184] allocs=0 freq=2596.12MHz run=1
T1_PHASE2 arm=loop rate=23068944 raw[p50=52 p90=52 p99=52 p99.9=52 p99.99=78 max=41236] adj[p50=0 p90=0 p99=0 p99.9=0 p99.99=26 max=41184] unknown_pct=0.00% (samples_above_p99=373722)
BENCH mode=replay-core-msg arm=cold msgs=505849 rate=15046997 raw[p50=78 p90=130 p99=130 p99.99=182 max=68224] adj[p50=26 p90=78 p99=78 p99.99=130 max=68172] allocs=0 freq=2596.12MHz run=1
T1_PHASE2 arm=cold rate=15046997 raw[p50=78 p90=130 p99=130 p99.9=130 p99.99=182 max=68224] adj[p50=26 p90=78 p99=78 p99.9=78 p99.99=130 max=68172] unknown_pct=0.00% (samples_above_p99=103012)
BENCH mode=replay-core-msg arm=empty msgs=1011698 rate=23352593 raw[p50=52 p90=52 p99=52 p99.99=78 max=126542] adj[p50=0 p90=0 p99=0 p99.99=26 max=126490] allocs=0 freq=2596.12MHz run=1
T1_PHASE2 arm=empty rate=23352593 raw[p50=52 p90=52 p99=52 p99.9=52 p99.99=78 max=126542] adj[p50=0 p90=0 p99=0 p99.9=0 p99.99=26 max=126490] unknown_pct=0.00% (samples_above_p99=350928)
BENCH mode=replay-core-msg arm=loop msgs=1011698 rate=23673913 raw[p50=52 p90=52 p99=52 p99.99=78 max=39702] adj[p50=0 p90=0 p99=0 p99.99=26 max=39650] allocs=0 freq=2596.12MHz run=1
T1_PHASE2 arm=loop rate=23673913 raw[p50=52 p90=52 p99=52 p99.9=52 p99.99=78 max=39702] adj[p50=0 p90=0 p99=0 p99.9=0 p99.99=26 max=39650] unknown_pct=0.00% (samples_above_p99=350710)
BENCH mode=replay-core-msg arm=cold msgs=505849 rate=15493100 raw[p50=78 p90=130 p99=130 p99.99=182 max=26104] adj[p50=26 p90=78 p99=78 p99.99=130 max=26052] allocs=0 freq=2596.12MHz run=1
T1_PHASE2 arm=cold rate=15493100 raw[p50=78 p90=130 p99=130 p99.9=130 p99.99=182 max=26104] adj[p50=26 p90=78 p99=78 p99.9=78 p99.99=130 max=26052] unknown_pct=0.00% (samples_above_p99=73256)
BENCH mode=replay-core-msg arm=empty msgs=1011698 rate=23763629 raw[p50=52 p90=52 p99=52 p99.99=78 max=20904] adj[p50=0 p90=0 p99=0 p99.99=26 max=20852] allocs=0 freq=2596.12MHz run=1
T1_PHASE2 arm=empty rate=23763629 raw[p50=52 p90=52 p99=52 p99.9=52 p99.99=78 max=20904] adj[p50=0 p90=0 p99=0 p99.9=0 p99.99=26 max=20852] unknown_pct=0.00% (samples_above_p99=332408)
BENCH mode=replay-core-msg arm=loop msgs=1011698 rate=22701790 raw[p50=52 p90=52 p99=52 p99.99=78 max=51766] adj[p50=0 p90=0 p99=0 p99.99=26 max=51714] allocs=0 freq=2596.12MHz run=1
T1_PHASE2 arm=loop rate=22701790 raw[p50=52 p90=52 p99=52 p99.9=52 p99.99=78 max=51766] adj[p50=0 p90=0 p99=0 p99.9=0 p99.99=26 max=51714] unknown_pct=0.00% (samples_above_p99=384745)
BENCH mode=replay-core-msg arm=cold msgs=505849 rate=14946687 raw[p50=78 p90=130 p99=130 p99.99=182 max=55718] adj[p50=26 p90=78 p99=78 p99.99=130 max=55666] allocs=0 freq=2596.12MHz run=1
T1_PHASE2 arm=cold rate=14946687 raw[p50=78 p90=130 p99=130 p99.9=156 p99.99=182 max=55718] adj[p50=26 p90=78 p99=78 p99.9=104 p99.99=130 max=55666] unknown_pct=0.00% (samples_above_p99=109701)
BENCH mode=replay-core-msg arm=empty msgs=1011698 rate=23354002 raw[p50=52 p90=52 p99=52 p99.99=78 max=24596] adj[p50=0 p90=0 p99=0 p99.99=26 max=24544] allocs=0 freq=2596.12MHz run=1
T1_PHASE2 arm=empty rate=23354002 raw[p50=52 p90=52 p99=52 p99.9=52 p99.99=78 max=24596] adj[p50=0 p90=0 p99=0 p99.9=0 p99.99=26 max=24544] unknown_pct=0.00% (samples_above_p99=355263)
BENCH mode=replay-core-msg arm=loop msgs=1011698 rate=23117914 raw[p50=52 p90=52 p99=52 p99.99=78 max=33722] adj[p50=0 p90=0 p99=0 p99.99=26 max=33670] allocs=0 freq=2596.12MHz run=1
T1_PHASE2 arm=loop rate=23117914 raw[p50=52 p90=52 p99=52 p99.9=52 p99.99=78 max=33722] adj[p50=0 p90=0 p99=0 p99.9=0 p99.99=26 max=33670] unknown_pct=0.00% (samples_above_p99=368102)
BENCH mode=replay-core-msg arm=cold msgs=505849 rate=14991199 raw[p50=78 p90=130 p99=130 p99.99=338 max=45188] adj[p50=26 p90=78 p99=78 p99.99=286 max=45136] allocs=0 freq=2596.12MHz run=1
T1_PHASE2 arm=cold rate=14991199 raw[p50=78 p90=130 p99=130 p99.9=156 p99.99=338 max=45188] adj[p50=26 p90=78 p99=78 p99.9=104 p99.99=286 max=45136] unknown_pct=0.00% (samples_above_p99=106847)
BENCH mode=replay-core-msg arm=empty msgs=1011698 rate=22814813 raw[p50=52 p90=52 p99=52 p99.99=78 max=42250] adj[p50=0 p90=0 p99=0 p99.99=26 max=42198] allocs=0 freq=2596.12MHz run=1
T1_PHASE2 arm=empty rate=22814813 raw[p50=52 p90=52 p99=52 p99.9=52 p99.99=78 max=42250] adj[p50=0 p90=0 p99=0 p99.9=0 p99.99=26 max=42198] unknown_pct=0.00% (samples_above_p99=374366)
BENCH mode=replay-core-msg arm=loop msgs=1011698 rate=23387763 raw[p50=52 p90=52 p99=52 p99.99=78 max=50076] adj[p50=0 p90=0 p99=0 p99.99=26 max=50024] allocs=0 freq=2596.12MHz run=1
T1_PHASE2 arm=loop rate=23387763 raw[p50=52 p90=52 p99=52 p99.9=52 p99.99=78 max=50076] adj[p50=0 p90=0 p99=0 p99.9=0 p99.99=26 max=50024] unknown_pct=0.00% (samples_above_p99=357450)
BENCH mode=replay-core-msg arm=cold msgs=505849 rate=15338083 raw[p50=78 p90=130 p99=130 p99.99=338 max=40196] adj[p50=26 p90=78 p99=78 p99.99=286 max=40144] allocs=0 freq=2596.12MHz run=1
T1_PHASE2 arm=cold rate=15338083 raw[p50=78 p90=130 p99=130 p99.9=130 p99.99=338 max=40196] adj[p50=26 p90=78 p99=78 p99.9=78 p99.99=286 max=40144] unknown_pct=0.00% (samples_above_p99=82103)
BENCH mode=replay-core-msg arm=empty msgs=1011698 rate=23809333 raw[p50=52 p90=52 p99=52 p99.99=78 max=48646] adj[p50=0 p90=0 p99=0 p99.99=26 max=48594] allocs=0 freq=2596.12MHz run=1
T1_PHASE2 arm=empty rate=23809333 raw[p50=52 p90=52 p99=52 p99.9=52 p99.99=78 max=48646] adj[p50=0 p90=0 p99=0 p99.9=0 p99.99=26 max=48594] unknown_pct=0.00% (samples_above_p99=332452)
BENCH mode=replay-core-msg arm=loop msgs=1011698 rate=23985994 raw[p50=52 p90=52 p99=52 p99.99=78 max=43368] adj[p50=0 p90=0 p99=0 p99.99=26 max=43316] allocs=0 freq=2596.12MHz run=1
T1_PHASE2 arm=loop rate=23985994 raw[p50=52 p90=52 p99=52 p99.9=52 p99.99=78 max=43368] adj[p50=0 p90=0 p99=0 p99.9=0 p99.99=26 max=43316] unknown_pct=0.00% (samples_above_p99=331678)
BENCH mode=replay-core-msg arm=cold msgs=505849 rate=15505104 raw[p50=78 p90=130 p99=130 p99.99=390 max=51142] adj[p50=26 p90=78 p99=78 p99.99=338 max=51090] allocs=0 freq=2596.12MHz run=1
T1_PHASE2 arm=cold rate=15505104 raw[p50=78 p90=130 p99=130 p99.9=130 p99.99=390 max=51142] adj[p50=26 p90=78 p99=78 p99.9=78 p99.99=338 max=51090] unknown_pct=0.00% (samples_above_p99=68892)
BENCH mode=replay-core-msg arm=empty msgs=1011698 rate=23610475 raw[p50=52 p90=52 p99=52 p99.99=78 max=40924] adj[p50=0 p90=0 p99=0 p99.99=26 max=40872] allocs=0 freq=2596.12MHz run=1
T1_PHASE2 arm=empty rate=23610475 raw[p50=52 p90=52 p99=52 p99.9=52 p99.99=78 max=40924] adj[p50=0 p90=0 p99=0 p99.9=0 p99.99=26 max=40872] unknown_pct=0.00% (samples_above_p99=342060)
BENCH mode=replay-core-msg arm=loop msgs=1011698 rate=23983624 raw[p50=52 p90=52 p99=52 p99.99=78 max=33696] adj[p50=0 p90=0 p99=0 p99.99=26 max=33644] allocs=0 freq=2596.12MHz run=1
T1_PHASE2 arm=loop rate=23983624 raw[p50=52 p90=52 p99=52 p99.9=52 p99.99=78 max=33696] adj[p50=0 p90=0 p99=0 p99.9=0 p99.99=26 max=33644] unknown_pct=0.00% (samples_above_p99=335922)
BENCH mode=replay-core-msg arm=cold msgs=505849 rate=15544840 raw[p50=78 p90=130 p99=130 p99.99=182 max=33462] adj[p50=26 p90=78 p99=78 p99.99=130 max=33410] allocs=0 freq=2596.12MHz run=1
T1_PHASE2 arm=cold rate=15544840 raw[p50=78 p90=130 p99=130 p99.9=130 p99.99=182 max=33462] adj[p50=26 p90=78 p99=78 p99.9=78 p99.99=130 max=33410] unknown_pct=0.00% (samples_above_p99=69299)
BENCH mode=replay-core-msg arm=empty msgs=1011698 rate=23803128 raw[p50=52 p90=52 p99=52 p99.99=78 max=38324] adj[p50=0 p90=0 p99=0 p99.99=26 max=38272] allocs=0 freq=2596.12MHz run=1
T1_PHASE2 arm=empty rate=23803128 raw[p50=52 p90=52 p99=52 p99.9=52 p99.99=78 max=38324] adj[p50=0 p90=0 p99=0 p99.9=0 p99.99=26 max=38272] unknown_pct=0.00% (samples_above_p99=336955)
BENCH mode=replay-core-msg arm=loop msgs=1011698 rate=23737340 raw[p50=52 p90=52 p99=52 p99.99=78 max=20436] adj[p50=0 p90=0 p99=0 p99.99=26 max=20384] allocs=0 freq=2596.12MHz run=1
T1_PHASE2 arm=loop rate=23737340 raw[p50=52 p90=52 p99=52 p99.9=52 p99.99=78 max=20436] adj[p50=0 p90=0 p99=0 p99.9=0 p99.99=26 max=20384] unknown_pct=0.00% (samples_above_p99=334766)
BENCH mode=replay-core-msg arm=cold msgs=505849 rate=14895626 raw[p50=78 p90=130 p99=130 p99.99=182 max=153634] adj[p50=26 p90=78 p99=78 p99.99=130 max=153582] allocs=0 freq=2596.12MHz run=1
T1_PHASE2 arm=cold rate=14895626 raw[p50=78 p90=130 p99=130 p99.9=156 p99.99=182 max=153634] adj[p50=26 p90=78 p99=78 p99.9=104 p99.99=130 max=153582] unknown_pct=0.00% (samples_above_p99=110782)
BENCH mode=replay-core-msg arm=empty msgs=1011698 rate=22952170 raw[p50=52 p90=52 p99=52 p99.99=78 max=22516] adj[p50=0 p90=0 p99=0 p99.99=26 max=22464] allocs=0 freq=2596.12MHz run=1
T1_PHASE2 arm=empty rate=22952170 raw[p50=52 p90=52 p99=52 p99.9=52 p99.99=78 max=22516] adj[p50=0 p90=0 p99=0 p99.9=0 p99.99=26 max=22464] unknown_pct=0.00% (samples_above_p99=369051)
BENCH mode=replay-core-msg arm=loop msgs=1011698 rate=23434324 raw[p50=52 p90=52 p99=52 p99.99=78 max=98202] adj[p50=0 p90=0 p99=0 p99.99=26 max=98150] allocs=0 freq=2596.12MHz run=1
T1_PHASE2 arm=loop rate=23434324 raw[p50=52 p90=52 p99=52 p99.9=52 p99.99=78 max=98202] adj[p50=0 p90=0 p99=0 p99.9=0 p99.99=26 max=98150] unknown_pct=0.00% (samples_above_p99=357024)
BENCH mode=replay-core-msg arm=cold msgs=505849 rate=15408790 raw[p50=78 p90=130 p99=130 p99.99=208 max=30264] adj[p50=26 p90=78 p99=78 p99.99=156 max=30212] allocs=0 freq=2596.12MHz run=1
T1_PHASE2 arm=cold rate=15408790 raw[p50=78 p90=130 p99=130 p99.9=130 p99.99=208 max=30264] adj[p50=26 p90=78 p99=78 p99.9=78 p99.99=156 max=30212] unknown_pct=0.00% (samples_above_p99=76561)
BENCH mode=replay-core-msg arm=empty msgs=1011698 rate=23689579 raw[p50=52 p90=52 p99=52 p99.99=78 max=43914] adj[p50=0 p90=0 p99=0 p99.99=26 max=43862] allocs=0 freq=2596.12MHz run=1
T1_PHASE2 arm=empty rate=23689579 raw[p50=52 p90=52 p99=52 p99.9=52 p99.99=78 max=43914] adj[p50=0 p90=0 p99=0 p99.9=0 p99.99=26 max=43862] unknown_pct=0.00% (samples_above_p99=339086)
BENCH mode=replay-core-msg arm=loop msgs=1011698 rate=24022922 raw[p50=52 p90=52 p99=52 p99.99=78 max=35932] adj[p50=0 p90=0 p99=0 p99.99=26 max=35880] allocs=0 freq=2596.12MHz run=1
T1_PHASE2 arm=loop rate=24022922 raw[p50=52 p90=52 p99=52 p99.9=52 p99.99=78 max=35932] adj[p50=0 p90=0 p99=0 p99.9=0 p99.99=26 max=35880] unknown_pct=0.00% (samples_above_p99=332469)
BENCH mode=replay-core-msg arm=cold msgs=505849 rate=15564489 raw[p50=78 p90=130 p99=130 p99.99=182 max=33488] adj[p50=26 p90=78 p99=78 p99.99=130 max=33436] allocs=0 freq=2596.12MHz run=1
T1_PHASE2 arm=cold rate=15564489 raw[p50=78 p90=130 p99=130 p99.9=130 p99.99=182 max=33488] adj[p50=26 p90=78 p99=78 p99.9=78 p99.99=130 max=33436] unknown_pct=0.00% (samples_above_p99=67858)
BENCH mode=replay-core-msg arm=empty msgs=1011698 rate=23285672 raw[p50=52 p90=52 p99=52 p99.99=78 max=41366] adj[p50=0 p90=0 p99=0 p99.99=26 max=41314] allocs=0 freq=2596.12MHz run=1
T1_PHASE2 arm=empty rate=23285672 raw[p50=52 p90=52 p99=52 p99.9=52 p99.99=78 max=41366] adj[p50=0 p90=0 p99=0 p99.9=0 p99.99=26 max=41314] unknown_pct=0.00% (samples_above_p99=333148)
BENCH mode=replay-core-msg arm=loop msgs=1011698 rate=22747957 raw[p50=52 p90=52 p99=52 p99.99=78 max=51376] adj[p50=0 p90=0 p99=0 p99.99=26 max=51324] allocs=0 freq=2596.12MHz run=1
T1_PHASE2 arm=loop rate=22747957 raw[p50=52 p90=52 p99=52 p99.9=52 p99.99=78 max=51376] adj[p50=0 p90=0 p99=0 p99.9=0 p99.99=26 max=51324] unknown_pct=0.00% (samples_above_p99=393539)
BENCH mode=replay-core-msg arm=cold msgs=505849 rate=15095511 raw[p50=78 p90=130 p99=130 p99.99=208 max=32448] adj[p50=26 p90=78 p99=78 p99.99=156 max=32396] allocs=0 freq=2596.12MHz run=1
T1_PHASE2 arm=cold rate=15095511 raw[p50=78 p90=130 p99=130 p99.9=130 p99.99=208 max=32448] adj[p50=26 p90=78 p99=78 p99.9=78 p99.99=156 max=32396] unknown_pct=0.00% (samples_above_p99=96348)
BENCH mode=replay-core-msg arm=empty msgs=1011698 rate=23162753 raw[p50=52 p90=52 p99=52 p99.99=78 max=120666] adj[p50=0 p90=0 p99=0 p99.99=26 max=120614] allocs=0 freq=2596.12MHz run=1
T1_PHASE2 arm=empty rate=23162753 raw[p50=52 p90=52 p99=52 p99.9=52 p99.99=78 max=120666] adj[p50=0 p90=0 p99=0 p99.9=0 p99.99=26 max=120614] unknown_pct=0.00% (samples_above_p99=350292)
BENCH mode=replay-core-msg arm=loop msgs=1011698 rate=22666897 raw[p50=52 p90=52 p99=52 p99.99=78 max=45214] adj[p50=0 p90=0 p99=0 p99.99=26 max=45162] allocs=0 freq=2596.12MHz run=1
T1_PHASE2 arm=loop rate=22666897 raw[p50=52 p90=52 p99=52 p99.9=52 p99.99=78 max=45214] adj[p50=0 p90=0 p99=0 p99.9=0 p99.99=26 max=45162] unknown_pct=0.00% (samples_above_p99=387600)
BENCH mode=replay-core-msg arm=cold msgs=505849 rate=14538694 raw[p50=78 p90=130 p99=130 p99.99=260 max=33124] adj[p50=26 p90=78 p99=78 p99.99=208 max=33072] allocs=0 freq=2596.12MHz run=1
T1_PHASE2 arm=cold rate=14538694 raw[p50=78 p90=130 p99=130 p99.9=156 p99.99=260 max=33124] adj[p50=26 p90=78 p99=78 p99.9=104 p99.99=208 max=33072] unknown_pct=0.00% (samples_above_p99=139580)
BENCH mode=replay-core-msg arm=empty msgs=1011698 rate=22576271 raw[p50=52 p90=52 p99=52 p99.99=78 max=38272] adj[p50=0 p90=0 p99=0 p99.99=26 max=38220] allocs=0 freq=2596.12MHz run=1
T1_PHASE2 arm=empty rate=22576271 raw[p50=52 p90=52 p99=52 p99.9=52 p99.99=78 max=38272] adj[p50=0 p90=0 p99=0 p99.9=0 p99.99=26 max=38220] unknown_pct=0.00% (samples_above_p99=386784)
BENCH mode=replay-core-msg arm=loop msgs=1011698 rate=22691586 raw[p50=52 p90=52 p99=52 p99.99=78 max=32500] adj[p50=0 p90=0 p99=0 p99.99=26 max=32448] allocs=0 freq=2596.12MHz run=1
T1_PHASE2 arm=loop rate=22691586 raw[p50=52 p90=52 p99=52 p99.9=52 p99.99=78 max=32500] adj[p50=0 p90=0 p99=0 p99.9=0 p99.99=26 max=32448] unknown_pct=0.00% (samples_above_p99=388423)
BENCH mode=replay-core-msg arm=cold msgs=505849 rate=14601333 raw[p50=78 p90=130 p99=130 p99.99=182 max=119808] adj[p50=26 p90=78 p99=78 p99.99=130 max=119756] allocs=0 freq=2596.12MHz run=1
T1_PHASE2 arm=cold rate=14601333 raw[p50=78 p90=130 p99=130 p99.9=156 p99.99=182 max=119808] adj[p50=26 p90=78 p99=78 p99.9=104 p99.99=130 max=119756] unknown_pct=0.00% (samples_above_p99=132319)
BENCH mode=replay-core-msg arm=empty msgs=1011698 rate=22611518 raw[p50=52 p90=52 p99=52 p99.99=78 max=40820] adj[p50=0 p90=0 p99=0 p99.99=26 max=40768] allocs=0 freq=2596.12MHz run=1
T1_PHASE2 arm=empty rate=22611518 raw[p50=52 p90=52 p99=52 p99.9=52 p99.99=78 max=40820] adj[p50=0 p90=0 p99=0 p99.9=0 p99.99=26 max=40768] unknown_pct=0.00% (samples_above_p99=384287)
BENCH mode=replay-core-msg arm=loop msgs=1011698 rate=22660958 raw[p50=52 p90=52 p99=52 p99.99=78 max=43758] adj[p50=0 p90=0 p99=0 p99.99=26 max=43706] allocs=0 freq=2596.12MHz run=1
T1_PHASE2 arm=loop rate=22660958 raw[p50=52 p90=52 p99=52 p99.9=52 p99.99=78 max=43758] adj[p50=0 p90=0 p99=0 p99.9=0 p99.99=26 max=43706] unknown_pct=0.00% (samples_above_p99=390432)
BENCH mode=replay-core-msg arm=cold msgs=505849 rate=14693524 raw[p50=78 p90=130 p99=130 p99.99=390 max=39234] adj[p50=26 p90=78 p99=78 p99.99=338 max=39182] allocs=0 freq=2596.12MHz run=1
T1_PHASE2 arm=cold rate=14693524 raw[p50=78 p90=130 p99=130 p99.9=156 p99.99=390 max=39234] adj[p50=26 p90=78 p99=78 p99.9=104 p99.99=338 max=39182] unknown_pct=0.00% (samples_above_p99=129752)
BENCH mode=replay-core-msg arm=empty msgs=1011698 rate=22472591 raw[p50=52 p90=52 p99=52 p99.99=78 max=75920] adj[p50=0 p90=0 p99=0 p99.99=26 max=75868] allocs=0 freq=2596.12MHz run=1
T1_PHASE2 arm=empty rate=22472591 raw[p50=52 p90=52 p99=52 p99.9=52 p99.99=78 max=75920] adj[p50=0 p90=0 p99=0 p99.9=0 p99.99=26 max=75868] unknown_pct=0.00% (samples_above_p99=390563)
BENCH mode=replay-core-msg arm=loop msgs=1011698 rate=22856346 raw[p50=52 p90=52 p99=52 p99.99=78 max=52078] adj[p50=0 p90=0 p99=0 p99.99=26 max=52026] allocs=0 freq=2596.12MHz run=1
T1_PHASE2 arm=loop rate=22856346 raw[p50=52 p90=52 p99=52 p99.9=52 p99.99=78 max=52078] adj[p50=0 p90=0 p99=0 p99.9=0 p99.99=26 max=52026] unknown_pct=0.00% (samples_above_p99=379410)
BENCH mode=replay-core-msg arm=cold msgs=505849 rate=14795380 raw[p50=78 p90=130 p99=130 p99.99=208 max=36868] adj[p50=26 p90=78 p99=78 p99.99=156 max=36816] allocs=0 freq=2596.12MHz run=1
T1_PHASE2 arm=cold rate=14795380 raw[p50=78 p90=130 p99=130 p99.9=156 p99.99=208 max=36868] adj[p50=26 p90=78 p99=78 p99.9=104 p99.99=156 max=36816] unknown_pct=0.00% (samples_above_p99=121023)
BENCH mode=replay-core-msg arm=empty msgs=1011698 rate=22454408 raw[p50=52 p90=52 p99=52 p99.99=78 max=180830] adj[p50=0 p90=0 p99=0 p99.99=26 max=180778] allocs=0 freq=2596.12MHz run=1
T1_PHASE2 arm=empty rate=22454408 raw[p50=52 p90=52 p99=52 p99.9=52 p99.99=78 max=180830] adj[p50=0 p90=0 p99=0 p99.9=0 p99.99=26 max=180778] unknown_pct=0.00% (samples_above_p99=385755)
BENCH mode=replay-core-msg arm=loop msgs=1011698 rate=22766870 raw[p50=52 p90=52 p99=52 p99.99=78 max=36842] adj[p50=0 p90=0 p99=0 p99.99=26 max=36790] allocs=0 freq=2596.12MHz run=1
T1_PHASE2 arm=loop rate=22766870 raw[p50=52 p90=52 p99=52 p99.9=52 p99.99=78 max=36842] adj[p50=0 p90=0 p99=0 p99.9=0 p99.99=26 max=36790] unknown_pct=0.00% (samples_above_p99=387898)
BENCH mode=replay-core-msg arm=cold msgs=505849 rate=14621643 raw[p50=78 p90=130 p99=130 p99.99=208 max=88296] adj[p50=26 p90=78 p99=78 p99.99=156 max=88244] allocs=0 freq=2596.12MHz run=1
T1_PHASE2 arm=cold rate=14621643 raw[p50=78 p90=130 p99=130 p99.9=156 p99.99=208 max=88296] adj[p50=26 p90=78 p99=78 p99.9=104 p99.99=156 max=88244] unknown_pct=0.00% (samples_above_p99=130627)
TARGET1_PHASE_A empty_p50=52 cyc (spread=0 cyc) loop_p50=52 cyc (spread=0 cyc) full_p50=78 cyc (spread=26 cyc) loop_cost=0 cyc work_residual=26 cyc VERDICT=PASS
=== 7. DOSE-RESPONSE VALIDATION SWEEP (Law A-1d) ===
DOSE_RESPONSE_POINT K=0 p50=52 cyc
DOSE_RESPONSE_POINT K=10 p50=52 cyc
DOSE_RESPONSE_POINT K=20 p50=52 cyc
DOSE_RESPONSE_POINT K=50 p50=52 cyc
DOSE_RESPONSE_POINT K=100 p50=52 cyc
DOSE_RESPONSE_VERDICT K0=52 K10=52 K20=52 K50=52 K100=52 slope=0.000 cyc/unit VERDICT=PASS
=== 7b. LAW B-3b (i) SAMPLING BIAS PROBE (1-IN-4 DENSE vs 1-IN-256 SPARSE) ===
BIAS_PROBE dense_mean=60.62 cyc sparse_mean=61.60 cyc bias=1.61% VERDICT=PASS
=== 7c. LAW B-3b (ii) INTER-BRACKET GAP PROBE ===
GAP_PROBE sampled_intervals=1974 total_period_cyc=16605368 sparse_period_est=32.86 cyc
=== 8. PHASE B-REDO: STRICT 8-ARM STAGE-ECTOMY DECOMPOSITION (20 RUNS EACH) ===
RUNNER_IDENTITY cpu="AMD EPYC 9V45 96-Core Processor" freq_mhz=2596.12
STAGE_ECTOMY_RATES CONFIG_TAG="clean_replay" sampling="none" r0_hash=36.56M r0_fast=84.84M r0_disp=808.38M r1_count=824.17M r2_noproof=932.56M r3_noseq=1530.98M r4_noitch=1032.31M r5_noblock=6120.15M r6_poll=6440.90M
STAGE_ECTOMY_CYCLES CONFIG_TAG="clean_replay" c0=71.01 c0_fast=30.60 c0_disp=3.21 c1=3.15 c2=2.78 c3=1.70 c4=2.51 c5=0.42 c6=0.40
PR2_PROD_VERDICT rate=84840455 c0_fast=30.60 cyc fast_hash=27.39 cyc -> p50 < 60: PASS
H10_SINK_SPLIT total_sink=67.86 cyc fnv_math=67.80 cyc (99.9%) sink_dispatch=0.06 cyc (0.1%) H10_VERDICT=CONFIRMED (Invocation dispatch non-zero)
STAGE_ECTOMY_DECOMPOSITION delta_hash_total=67.86 (fnv=67.80, disp=0.06) delta_proof=0.37 (< 1.00 cyc bounded) delta_seq=1.09 delta_itch=0.00 (< 1.00 cyc bounded) delta_block=2.09 delta_header=0.02 poll_base=0.40
RECONCILIATION_COMPOSITE rate_total_c0=71.01 cyc bracket_mean=59.29 cyc sparse_period_est=32.86 cyc diff_rate_bracket=16.50% diff_bracket_gap=44.58% composite_residual=44.58% VERDICT=FAIL
=== 9. H9 REPETITION OVERHEAD SWEEP ===
H9_POINT limit=10000 msgs rate=29.81M msg/s cyc_msg=87.09
H9_POINT limit=50000 msgs rate=37.50M msg/s cyc_msg=69.23
H9_POINT limit=250000 msgs rate=37.67M msg/s cyc_msg=68.91
H9_POINT limit=505849 msgs rate=37.23M msg/s cyc_msg=69.73
=== 11b. R6: PR-1 HYDRA Bit-Exact Multi-Core Span Conformance (UNPINNED) ===
[1m[92m    Finished[0m `release` profile [optimized] target(s) in 0.01s
[1m[92m     Running[0m `target/release/bench --sample data/tests/sample-mini.itch --hydra-only --runs 7`
BENCH_CALIBRATION invariant_tsc=true freq_mhz=2596.12 mark_overhead_cycles=52
=== R6. PR-1 HYDRA BIT-EXACT MULTI-CORE SPAN CONFORMANCE ===
BLOB_BACKING mode=mmap anon_huge_kb=14336 map_mb=16.5 verdict=thp-granted
HYDRA_BITPARITY sequential=(count=505849 hash=0x881639cead506f25 msg_hash=0xcbf29ce484222325) hydra=(count=505849 hash=0x881639cead506f25 msg_hash=0xcbf29ce484222325) -> BIT-EXACT
BENCH mode=replay-hydra-burst msgs=505849 rate=1482085148 allocs=0 freq=2596.12MHz workers=2 run=1
BENCH mode=replay-hydra-burst msgs=505849 rate=1518031251 allocs=0 freq=2596.12MHz workers=2 run=2
BENCH mode=replay-hydra-burst msgs=505849 rate=1659255736 allocs=0 freq=2596.12MHz workers=2 run=3
BENCH mode=replay-hydra-burst msgs=505849 rate=1624460893 allocs=0 freq=2596.12MHz workers=2 run=4
BENCH mode=replay-hydra-burst msgs=505849 rate=1734587226 allocs=0 freq=2596.12MHz workers=2 run=5
BENCH mode=replay-hydra-burst msgs=505849 rate=1767485333 allocs=0 freq=2596.12MHz workers=2 run=6
BENCH mode=replay-hydra-burst msgs=505849 rate=1712182804 allocs=0 freq=2596.12MHz workers=2 run=7
BENCH_MEDIAN mode=replay-hydra-burst rate=1659255736
R23B_AFFINE_VERDICT arm=burst armed=false tag_hits=0 payload_fallbacks=0 ledger_rows=0 (R23c: workers verify spans from register tags, zero payload reads; the (prefix,cum) triple checked per-span by the scalar affine law)
PR1_HYDRA_VERDICT rate=1659255736 (bit-exact multi-core span conformance: 2 workers, every emitted byte CRC32C-checked in-window, ordered serial fold)
PR1_GIGAHFT_BURST_VERDICT rate=1659255736 target=1000000000 -> PASS (R7 burst reference; the sustained arm below is the gate)
DIAG sustained: passes=17409 reset_ms=490.8 scan_ms=4505.9 end_ms=0.9 pending_max=10526 batches=382998 wait_ms=38.3 work_ms=4102.2 fold_ms=286.9 assist_chunks=384673 bytes_per_msg=27.65 crc_demand_gb_s=48.70
DIAG worker[0] sustained: cpu0(pinned) placement=[0, 2] batches=593648 spans=75915497 eval_ms=4950.6 idle_iters=52738 res_waits=722 fw=0 fw_ms=0.0
DIAG worker[1] sustained: cpu2(pinned) placement=[0, 2] batches=731037 spans=93504224 eval_ms=4940.2 idle_iters=53431 res_waits=363 fw=0 fw_ms=0.0
DIAG rx sustained: publications=383058 polls=1514821 prod_ms=1503.1 bufwait_laps=139209 resets=17411 eos_parks=0 nbuf=16 rx_actual_cpu=3
ADVANCE_DIAGNOSTIC sustained: advances=17411 advance_ms=116.4 us_per_advance=6.7 (F-5 reset/auto-advance hygiene — the synchronous bake tail the per-publication prepatch budget drains; HFT_PREPATCH_BUDGET prices it)
RXWARM_DIAGNOSTIC sustained: enabled=false fixes=0 uncovered=0 last_pass_fixes=0 (F-1 frame-entry warm start; the steady-state law is fixes==0 on pass>=2 — the kill rule reads persistent fixes)
RXBUILD_DIAGNOSTIC sustained: enabled=true patches=382951576 last_pass_patches=22060 frames=21996 (F-2 publish-by-reference master; the steady-state law is every patchable entry patched exactly once per pass boundary)
DIAG cons sustained: parks=51 park_ms=3.5 slow_waits=51 slow_ms=4.2
BENCH mode=replay-hydra-sustained-5s total_msgs=8806325241 duration=5.00s sustained_rate=1761223933 msg/s allocs=0 workers=2 crc_kernel=reflect
PR1_HYDRA_SUSTAINED_VERDICT rate=1761223933 (duration=5.00s, total_msgs=8806325241, workers=2)
PR1_GIGAHFT_VERDICT rate=1761223933 target=1000000000 -> PASS (Project 1.0B: bit-exact, zero-alloc, every byte verified in-window, cross-pass double-buffered fabric)
PR1_R8_FULL_VERIFY_VERDICT rate=1761223933 target=1000000000 -> PASS (R8: 1B msg/s sustained full verification — bit-exact, zero-alloc, every byte CRC32C-verified in-window)
PR1_R16_FULL_VERIFY_VERDICT rate=1761223933 target=2000000000 -> FAIL (R16: 2B msg/s sustained full verification — the Double Helix program, docs/29)
R16B_RXDESC_VERDICT rx_fixes=0 assist_chunks=384673 (array-driven submission telemetry; fixes=0 means every RX prefill entry was already exact)
R23B_AFFINE_VERDICT arm=sustained armed=false tag_hits=0 payload_fallbacks=0 ledger_rows=0 (R23c: zero-re-read affine verification on the worker fabric)
PR1_R23_AFFINE_SUSTAINED_VERDICT rate=1761223933 target=2500000000 -> FAIL (R23: 2.5B+ sustained full verification from register tags — the affine-span algebra program, docs/36)
BLOB_BACKING mode=mmap anon_huge_kb=14336 map_mb=16.5 verdict=thp-granted
=== 11c. R8: Kernel-Ceiling Microbenchmark (fabric physics telemetry) ===
[1m[92m    Finished[0m `release` profile [optimized] target(s) in 0.01s
[1m[92m     Running[0m `target/release/kbench`
KBENCH topo cpus=[0, 2, 1, 3] phys=2 smt=true fold512=true
KBENCH spec_slice_vec=true
KBENCH mode=scalar8lane threads=1 cpu=0 pinned=true gb_s=75.01 bytes=22504746432 iters=2683 sink=0xbedb8ba779de450f
KBENCH mode=pclmul128_raw threads=1 cpu=0 pinned=true gb_s=16.22 bytes=4873781248 iters=581 sink=0x942dad7c7a327323
KBENCH mode=crc32_pclmul_mix threads=1 cpu=0 pinned=true gb_s=33.72 bytes=10125049856 iters=1207 sink=0x5c504f01bdfb43ce
KBENCH mode=fold512 threads=1 cpu=0 pinned=true gb_s=62.64 bytes=18797292864 iters=2241 sink=0xbedb8ba779de450f
KBENCH mode=fold512_r threads=1 cpu=0 pinned=true gb_s=57.71 bytes=17312633856 iters=2064 sink=0xbedb8ba779de450f
KBENCH mode=fold512_rv threads=1 cpu=0 pinned=true gb_s=56.99 bytes=17102936256 iters=2039 sink=0xbedb8ba779de450f
KBENCH mode=fold512_rc threads=1 cpu=0 pinned=true gb_s=62.28 bytes=18688250112 iters=2228 sink=0xbedb8ba779de450f
KBENCH mode=fold512_rd threads=1 cpu=0 pinned=true gb_s=45.59 bytes=13680671424 iters=1631 sink=0xbedb8ba779de450f
KBENCH mode=fold512_ro threads=1 cpu=0 pinned=true gb_s=38.38 bytes=11516592192 iters=1373 sink=0xbedb8ba779de450f
KBENCH mode=fold512_r_pair threads=1 cpu=0 pinned=true gb_s=58.06 bytes=17418885120 iters=2077 sink=0x719eebd64a14675a
KBENCH mode=fold512_eval2 threads=1 cpu=0 pinned=true gb_s=56.90 bytes=17075036160 iters=2036 sink=0x719eebd64a14675a
KBENCH mode=fold512_pair threads=1 cpu=0 pinned=true gb_s=52.49 bytes=15749959680 iters=1878 sink=0x719eebd64a14675a
KBENCH mode=fold512_tri threads=1 cpu=0 pinned=true gb_s=60.92 bytes=18277242816 iters=2179 sink=0xbedb8ba779de450f
KBENCH mode=fold512_tri_r threads=1 cpu=0 pinned=true gb_s=42.61 bytes=12783165696 iters=1524 sink=0xbedb8ba779de450f
KBENCH mode=fold512_pclmul_mix threads=1 cpu=0 pinned=true gb_s=34.63 bytes=10392613056 iters=1239 sink=0x3e36c56e483ee8a7
KBENCH mode=fold512_noend threads=1 cpu=0 pinned=true gb_s=57.68 bytes=17312633856 iters=2064 sink=0x4bb11da019b76839
KBENCH mode=fold512_pre threads=1 cpu=0 pinned=true gb_s=53.41 bytes=16029284544 iters=1911 sink=0xbedb8ba779de450f
KBENCH mode=fold512_t threads=1 cpu=0 pinned=true gb_s=57.93 bytes=17388124992 iters=2073 sink=0xbedb8ba779de450f
KBENCH mode=fold512_supply threads=1 cpu=0 pinned=true gb_s=58.78 bytes=17634129408 iters=1176 sink=0x633508877c074750
KBENCH mode=affine_sub_1t threads=1 cpu=0 pinned=true gb_s=148.29 ns_per_span=9.06 msgs_s=4633971992 bytes=44489442816 iters=5304 sink=0xb6d735b8
KBENCH mode=affine_sub_8lane threads=1 cpu=0 pinned=true gb_s=114.16 ns_per_span=11.77 msgs_s=3567473999 bytes=34247812032 iters=4083 sink=0xbedb8ba779de450f
KBENCH mode=spec_slice_512 threads=1 cpu=0 pinned=true gb_s=3.69 msgs_s=169674294 ns_per_msg=5.894 msgs=51267776 iters=133 sink=0x0
KBENCH mode=spec_slice_512_vec threads=1 cpu=0 pinned=true gb_s=3.82 msgs_s=175535029 ns_per_msg=5.697 msgs=52809664 iters=137 sink=0x0
KBENCH mode=scalar8lane threads=2 placement=2cpu_distinct cpus=0,2 pinned=true gb_s=144.40 bytes=71624312256 sink=0xd48a9dbb3705b94e
KBENCH mode=fold512 threads=2 placement=2cpu_distinct cpus=0,2 pinned=true gb_s=122.98 bytes=61089104832 sink=0xd48a9dbb3705b94e
KBENCH mode=fold512_r threads=2 placement=2cpu_distinct cpus=0,2 pinned=true gb_s=115.07 bytes=57180341568 sink=0xd48a9dbb3705b94e
KBENCH mode=fold512_rv threads=2 placement=2cpu_distinct cpus=0,2 pinned=true gb_s=116.49 bytes=57935252928 sink=0xd48a9dbb3705b94e
KBENCH mode=fold512_rc threads=2 placement=2cpu_distinct cpus=0,2 pinned=true gb_s=130.21 bytes=64796558400 sink=0xd48a9dbb3705b94e
KBENCH mode=fold512_rd threads=2 placement=2cpu_distinct cpus=0,2 pinned=true gb_s=100.67 bytes=50042235264 sink=0xd48a9dbb3705b94e
KBENCH mode=fold512_ro threads=2 placement=2cpu_distinct cpus=0,2 pinned=true gb_s=78.06 bytes=38794056000 sink=0xd48a9dbb3705b94e
KBENCH mode=fold512_tri threads=2 placement=2cpu_distinct cpus=0,2 pinned=true gb_s=123.49 bytes=61424620992 sink=0xd48a9dbb3705b94e
KBENCH mode=fold512_tri_r threads=2 placement=2cpu_distinct cpus=0,2 pinned=true gb_s=85.12 bytes=42249872448 sink=0xd48a9dbb3705b94e
KBENCH mode=scalar8lane threads=2 placement=2cpu_smt cpus=0,1 pinned=true gb_s=74.28 bytes=36856450176 sink=0xf0ad3334c151ef0a
KBENCH mode=fold512 threads=2 placement=2cpu_smt cpus=0,1 pinned=true gb_s=63.80 bytes=31672725504 sink=0xf0ad3334c151ef0a
KBENCH mode=fold512_r threads=2 placement=2cpu_smt cpus=0,1 pinned=true gb_s=56.31 bytes=27948496128 sink=0xf0ad3334c151ef0a
KBENCH mode=fold512_rv threads=2 placement=2cpu_smt cpus=0,1 pinned=true gb_s=58.05 bytes=28837613952 sink=0xf0ad3334c151ef0a
KBENCH mode=fold512_rc threads=2 placement=2cpu_smt cpus=0,1 pinned=true gb_s=65.29 bytes=32477964288 sink=0xf0ad3334c151ef0a
KBENCH mode=fold512_rd threads=2 placement=2cpu_smt cpus=0,1 pinned=true gb_s=48.87 bytes=24299757888 sink=0xf0ad3334c151ef0a
KBENCH mode=fold512_ro threads=2 placement=2cpu_smt cpus=0,1 pinned=true gb_s=35.96 bytes=17883011328 sink=0xf0ad3334c151ef0a
KBENCH mode=fold512_tri threads=2 placement=2cpu_smt cpus=0,1 pinned=true gb_s=62.80 bytes=31228166592 sink=0xf0ad3334c151ef0a
KBENCH mode=fold512_tri_r threads=2 placement=2cpu_smt cpus=0,1 pinned=true gb_s=42.78 bytes=21263336640 sink=0xf0ad3334c151ef0a
KBENCH done
=== 11d. R9: Fabric-Shape Kernel Ablation (layout attribution telemetry) ===
[1m[92m    Finished[0m `release` profile [optimized] target(s) in 0.00s
[1m[92m     Running[0m `target/release/fbench --stage all --workers 2 --ms 1000`
BLOB_BACKING mode=mmap anon_huge_kb=16384 map_mb=16.5 verdict=thp-granted
FBENCH lens total=10992 lt64=0 lt192=0 lt512=0 ge512=10992 bytes_lt192=0 pct_bytes_lt192=0.00
FBENCH topo cpus=[0, 2, 1, 3] kernel=reflect workers=2 place=smt bodies=10992 msgs=505849 avg_bytes=1362.6 total_mb=15.0 freq_mhz=4256
FBENCH stage=P spans=35894160 gb_s=48.93 cyc_span=237.1 sink=0x8229bbb806e0fc91
FBENCH stage=K spans=36289200 gb_s=49.47 cyc_span=234.4 sink=0x8229bbb806e0fc91
FBENCH stage=D spans=34878664 gb_s=48.20 cyc_span=240.7 sink=0x21434c8
FBENCH stage=R spans=34653249 gb_s=47.64 cyc_span=243.5 sink=0x210c441
FBENCH stage=F spans=34516074 gb_s=47.45 cyc_span=244.4 sink=0x20eac6a
FBENCH done
=== 11e. R11: Unarmed Prepatch Soak (rollback evidence) ===
[1m[92m    Finished[0m `release` profile [optimized] target(s) in 0.00s
[1m[92m     Running[0m `target/release/bench --hydra-only`
BENCH_CALIBRATION invariant_tsc=true freq_mhz=2596.12 mark_overhead_cycles=52
=== R6. PR-1 HYDRA BIT-EXACT MULTI-CORE SPAN CONFORMANCE ===
BLOB_BACKING mode=mmap anon_huge_kb=16384 map_mb=16.5 verdict=thp-granted
HYDRA_BITPARITY sequential=(count=505849 hash=0x881639cead506f25 msg_hash=0xcbf29ce484222325) hydra=(count=505849 hash=0x881639cead506f25 msg_hash=0xcbf29ce484222325) -> BIT-EXACT
BENCH mode=replay-hydra-burst msgs=505849 rate=1473867463 allocs=0 freq=2596.12MHz workers=2 run=1
BENCH mode=replay-hydra-burst msgs=505849 rate=1627131019 allocs=0 freq=2596.12MHz workers=2 run=2
BENCH mode=replay-hydra-burst msgs=505849 rate=1687637203 allocs=0 freq=2596.12MHz workers=2 run=3
BENCH mode=replay-hydra-burst msgs=505849 rate=1632076323 allocs=0 freq=2596.12MHz workers=2 run=4
BENCH mode=replay-hydra-burst msgs=505849 rate=1713632868 allocs=0 freq=2596.12MHz workers=2 run=5
BENCH_MEDIAN mode=replay-hydra-burst rate=1632076323
R23B_AFFINE_VERDICT arm=burst armed=false tag_hits=0 payload_fallbacks=0 ledger_rows=0 (R23c: workers verify spans from register tags, zero payload reads; the (prefix,cum) triple checked per-span by the scalar affine law)
PR1_HYDRA_VERDICT rate=1632076323 (bit-exact multi-core span conformance: 2 workers, every emitted byte CRC32C-checked in-window, ordered serial fold)
PR1_GIGAHFT_BURST_VERDICT rate=1632076323 target=1000000000 -> PASS (R7 burst reference; the sustained arm below is the gate)
DIAG sustained: passes=18097 reset_ms=960.8 scan_ms=4035.5 end_ms=0.9 pending_max=6465 batches=398134 wait_ms=33.2 work_ms=3640.9 fold_ms=287.3 assist_chunks=288887 bytes_per_msg=27.65 crc_demand_gb_s=50.63
DIAG worker[0] sustained: cpu0(pinned) placement=[0, 2] batches=657318 spans=84126278 eval_ms=4954.7 idle_iters=42927 res_waits=0 fw=0 fw_ms=0.0
DIAG worker[1] sustained: cpu2(pinned) placement=[0, 2] batches=775151 spans=99208631 eval_ms=4944.2 idle_iters=43408 res_waits=0 fw=0 fw_ms=0.0
DIAG rx sustained: publications=398194 polls=1574677 prod_ms=1523.6 bufwait_laps=144794 resets=18099 eos_parks=0 nbuf=16 rx_actual_cpu=3
ADVANCE_DIAGNOSTIC sustained: advances=18099 advance_ms=621.9 us_per_advance=34.4 (F-5 reset/auto-advance hygiene — the synchronous bake tail the per-publication prepatch budget drains; HFT_PREPATCH_BUDGET prices it)
RXWARM_DIAGNOSTIC sustained: enabled=false fixes=0 uncovered=0 last_pass_fixes=0 (F-1 frame-entry warm start; the steady-state law is fixes==0 on pass>=2 — the kill rule reads persistent fixes)
RXBUILD_DIAGNOSTIC sustained: enabled=true patches=398083608 last_pass_patches=21996 frames=21996 (F-2 publish-by-reference master; the steady-state law is every patchable entry patched exactly once per pass boundary)
DIAG cons sustained: parks=7 park_ms=0.2 slow_waits=7 slow_ms=0.3
BENCH mode=replay-hydra-sustained-5s total_msgs=9154349353 duration=5.00s sustained_rate=1830838531 msg/s allocs=0 workers=2 crc_kernel=reflect
PR1_HYDRA_SUSTAINED_VERDICT rate=1830838531 (duration=5.00s, total_msgs=9154349353, workers=2)
PR1_GIGAHFT_VERDICT rate=1830838531 target=1000000000 -> PASS (Project 1.0B: bit-exact, zero-alloc, every byte verified in-window, cross-pass double-buffered fabric)
PR1_R8_FULL_VERIFY_VERDICT rate=1830838531 target=1000000000 -> PASS (R8: 1B msg/s sustained full verification — bit-exact, zero-alloc, every byte CRC32C-verified in-window)
PR1_R16_FULL_VERIFY_VERDICT rate=1830838531 target=2000000000 -> FAIL (R16: 2B msg/s sustained full verification — the Double Helix program, docs/29)
R16B_RXDESC_VERDICT rx_fixes=0 assist_chunks=288887 (array-driven submission telemetry; fixes=0 means every RX prefill entry was already exact)
R23B_AFFINE_VERDICT arm=sustained armed=false tag_hits=0 payload_fallbacks=0 ledger_rows=0 (R23c: zero-re-read affine verification on the worker fabric)
PR1_R23_AFFINE_SUSTAINED_VERDICT rate=1830838531 target=2500000000 -> FAIL (R23: 2.5B+ sustained full verification from register tags — the affine-span algebra program, docs/36)
=== 11k. R16d/R17: Siblings Placement Soak (ring+siblings — the A1 anomaly pricing) ===
[1m[92m    Finished[0m `release` profile [optimized] target(s) in 0.00s
[1m[92m     Running[0m `target/release/bench --hydra-only`
BENCH_CALIBRATION invariant_tsc=true freq_mhz=2596.12 mark_overhead_cycles=52
=== R6. PR-1 HYDRA BIT-EXACT MULTI-CORE SPAN CONFORMANCE ===
BLOB_BACKING mode=mmap anon_huge_kb=16384 map_mb=16.5 verdict=thp-granted
HYDRA_BITPARITY sequential=(count=505849 hash=0x881639cead506f25 msg_hash=0xcbf29ce484222325) hydra=(count=505849 hash=0x881639cead506f25 msg_hash=0xcbf29ce484222325) -> BIT-EXACT
BENCH mode=replay-hydra-burst msgs=505849 rate=1527949278 allocs=0 freq=2596.12MHz workers=2 run=1
BENCH mode=replay-hydra-burst msgs=505849 rate=1569736013 allocs=0 freq=2596.12MHz workers=2 run=2
BENCH mode=replay-hydra-burst msgs=505849 rate=1622116756 allocs=0 freq=2596.12MHz workers=2 run=3
BENCH mode=replay-hydra-burst msgs=505849 rate=1623730880 allocs=0 freq=2596.12MHz workers=2 run=4
BENCH mode=replay-hydra-burst msgs=505849 rate=1563129416 allocs=0 freq=2596.12MHz workers=2 run=5
BENCH_MEDIAN mode=replay-hydra-burst rate=1569736013
R23B_AFFINE_VERDICT arm=burst armed=false tag_hits=0 payload_fallbacks=0 ledger_rows=0 (R23c: workers verify spans from register tags, zero payload reads; the (prefix,cum) triple checked per-span by the scalar affine law)
PR1_HYDRA_VERDICT rate=1569736013 (bit-exact multi-core span conformance: 2 workers, every emitted byte CRC32C-checked in-window, ordered serial fold)
PR1_GIGAHFT_BURST_VERDICT rate=1569736013 target=1000000000 -> PASS (R7 burst reference; the sustained arm below is the gate)
DIAG sustained: passes=17815 reset_ms=390.8 scan_ms=4599.5 end_ms=2.0 pending_max=11171 batches=391930 wait_ms=23.3 work_ms=4209.7 fold_ms=294.2 assist_chunks=658673 bytes_per_msg=27.65 crc_demand_gb_s=49.84
DIAG worker[0] sustained: cpu2(pinned) placement=[2, 3] batches=611495 spans=78262263 eval_ms=4958.4 idle_iters=27853 res_waits=3040 fw=0 fw_ms=0.0
DIAG worker[1] sustained: cpu3(pinned) placement=[2, 3] batches=609002 spans=77945120 eval_ms=4958.2 idle_iters=21855 res_waits=0 fw=0 fw_ms=0.0
DIAG rx sustained: publications=391990 polls=1550143 prod_ms=1570.5 bufwait_laps=142541 resets=17817 eos_parks=0 nbuf=16 rx_actual_cpu=1
ADVANCE_DIAGNOSTIC sustained: advances=17817 advance_ms=81.2 us_per_advance=4.6 (F-5 reset/auto-advance hygiene — the synchronous bake tail the per-publication prepatch budget drains; HFT_PREPATCH_BUDGET prices it)
RXWARM_DIAGNOSTIC sustained: enabled=false fixes=0 uncovered=0 last_pass_fixes=0 (F-1 frame-entry warm start; the steady-state law is fixes==0 on pass>=2 — the kill rule reads persistent fixes)
RXBUILD_DIAGNOSTIC sustained: enabled=true patches=391881952 last_pass_patches=21996 frames=21996 (F-2 publish-by-reference master; the steady-state law is every patchable entry patched exactly once per pass boundary)
DIAG cons sustained: parks=9 park_ms=0.7 slow_waits=9 slow_ms=0.8
BENCH mode=replay-hydra-sustained-5s total_msgs=9011699935 duration=5.00s sustained_rate=1802285559 msg/s allocs=0 workers=2 crc_kernel=reflect
PR1_HYDRA_SUSTAINED_VERDICT rate=1802285559 (duration=5.00s, total_msgs=9011699935, workers=2)
PR1_GIGAHFT_VERDICT rate=1802285559 target=1000000000 -> PASS (Project 1.0B: bit-exact, zero-alloc, every byte verified in-window, cross-pass double-buffered fabric)
PR1_R8_FULL_VERIFY_VERDICT rate=1802285559 target=1000000000 -> PASS (R8: 1B msg/s sustained full verification — bit-exact, zero-alloc, every byte CRC32C-verified in-window)
PR1_R16_FULL_VERIFY_VERDICT rate=1802285559 target=2000000000 -> FAIL (R16: 2B msg/s sustained full verification — the Double Helix program, docs/29)
R16B_RXDESC_VERDICT rx_fixes=0 assist_chunks=658673 (array-driven submission telemetry; fixes=0 means every RX prefill entry was already exact)
R23B_AFFINE_VERDICT arm=sustained armed=false tag_hits=0 payload_fallbacks=0 ledger_rows=0 (R23c: zero-re-read affine verification on the worker fabric)
PR1_R23_AFFINE_SUSTAINED_VERDICT rate=1802285559 target=2500000000 -> FAIL (R23: 2.5B+ sustained full verification from register tags — the affine-span algebra program, docs/36)
=== 11l. R22.1: Tri-Stream Fold ARMED Soak (the value-exact mirror tri) ===
[1m[92m    Finished[0m `release` profile [optimized] target(s) in 0.00s
[1m[92m     Running[0m `target/release/bench --hydra-only`
BENCH_CALIBRATION invariant_tsc=true freq_mhz=2596.12 mark_overhead_cycles=52
=== R6. PR-1 HYDRA BIT-EXACT MULTI-CORE SPAN CONFORMANCE ===
BLOB_BACKING mode=mmap anon_huge_kb=14336 map_mb=16.5 verdict=thp-granted
HYDRA_BITPARITY sequential=(count=505849 hash=0x881639cead506f25 msg_hash=0xcbf29ce484222325) hydra=(count=505849 hash=0x881639cead506f25 msg_hash=0xcbf29ce484222325) -> BIT-EXACT
BENCH mode=replay-hydra-burst msgs=505849 rate=1119793949 allocs=0 freq=2596.12MHz workers=2 run=1
BENCH mode=replay-hydra-burst msgs=505849 rate=1078385350 allocs=0 freq=2596.12MHz workers=2 run=2
BENCH mode=replay-hydra-burst msgs=505849 rate=1463535232 allocs=0 freq=2596.12MHz workers=2 run=3
BENCH mode=replay-hydra-burst msgs=505849 rate=1259461855 allocs=0 freq=2596.12MHz workers=2 run=4
BENCH mode=replay-hydra-burst msgs=505849 rate=1549606815 allocs=0 freq=2596.12MHz workers=2 run=5
BENCH_MEDIAN mode=replay-hydra-burst rate=1259461855
R23B_AFFINE_VERDICT arm=burst armed=false tag_hits=0 payload_fallbacks=0 ledger_rows=0 (R23c: workers verify spans from register tags, zero payload reads; the (prefix,cum) triple checked per-span by the scalar affine law)
PR1_HYDRA_VERDICT rate=1259461855 (bit-exact multi-core span conformance: 2 workers, every emitted byte CRC32C-checked in-window, ordered serial fold)
PR1_GIGAHFT_BURST_VERDICT rate=1259461855 target=1000000000 -> PASS (R7 burst reference; the sustained arm below is the gate)
DIAG sustained: passes=16706 reset_ms=455.1 scan_ms=4541.3 end_ms=0.9 pending_max=6235 batches=367532 wait_ms=33.8 work_ms=4154.8 fold_ms=280.6 assist_chunks=399344 bytes_per_msg=27.65 crc_demand_gb_s=46.74
DIAG worker[0] sustained: cpu0(pinned) placement=[0, 2] batches=560270 spans=71698751 eval_ms=4968.8 idle_iters=25889 res_waits=0 fw=0 fw_ms=0.0
DIAG worker[1] sustained: cpu2(pinned) placement=[0, 2] batches=694868 spans=88928261 eval_ms=4957.7 idle_iters=30193 res_waits=0 fw=0 fw_ms=0.0
DIAG rx sustained: publications=367592 polls=1453660 prod_ms=1460.3 bufwait_laps=133836 resets=16708 eos_parks=0 nbuf=16 rx_actual_cpu=3
ADVANCE_DIAGNOSTIC sustained: advances=16708 advance_ms=131.6 us_per_advance=7.9 (F-5 reset/auto-advance hygiene — the synchronous bake tail the per-publication prepatch budget drains; HFT_PREPATCH_BUDGET prices it)
RXWARM_DIAGNOSTIC sustained: enabled=false fixes=0 uncovered=0 last_pass_fixes=0 (F-1 frame-entry warm start; the steady-state law is fixes==0 on pass>=2 — the kill rule reads persistent fixes)
RXBUILD_DIAGNOSTIC sustained: enabled=true patches=367488388 last_pass_patches=22060 frames=21996 (F-2 publish-by-reference master; the steady-state law is every patchable entry patched exactly once per pass boundary)
DIAG cons sustained: parks=13 park_ms=0.9 slow_waits=13 slow_ms=1.1
BENCH mode=replay-hydra-sustained-5s total_msgs=8450713394 duration=5.00s sustained_rate=1690141778 msg/s allocs=0 workers=2 crc_kernel=reflect
PR1_HYDRA_SUSTAINED_VERDICT rate=1690141778 (duration=5.00s, total_msgs=8450713394, workers=2)
PR1_GIGAHFT_VERDICT rate=1690141778 target=1000000000 -> PASS (Project 1.0B: bit-exact, zero-alloc, every byte verified in-window, cross-pass double-buffered fabric)
PR1_R8_FULL_VERIFY_VERDICT rate=1690141778 target=1000000000 -> PASS (R8: 1B msg/s sustained full verification — bit-exact, zero-alloc, every byte CRC32C-verified in-window)
PR1_R16_FULL_VERIFY_VERDICT rate=1690141778 target=2000000000 -> FAIL (R16: 2B msg/s sustained full verification — the Double Helix program, docs/29)
R16B_RXDESC_VERDICT rx_fixes=0 assist_chunks=399344 (array-driven submission telemetry; fixes=0 means every RX prefill entry was already exact)
R23B_AFFINE_VERDICT arm=sustained armed=false tag_hits=0 payload_fallbacks=0 ledger_rows=0 (R23c: zero-re-read affine verification on the worker fabric)
PR1_R23_AFFINE_SUSTAINED_VERDICT rate=1690141778 target=2500000000 -> FAIL (R23: 2.5B+ sustained full verification from register tags — the affine-span algebra program, docs/36)
=== 11m. R12: Vectorized Watermark Ladder ARMED Soak (the refuted experiment) ===
[1m[92m    Finished[0m `release` profile [optimized] target(s) in 0.00s
[1m[92m     Running[0m `target/release/bench --hydra-only`
BENCH_CALIBRATION invariant_tsc=true freq_mhz=2596.12 mark_overhead_cycles=52
=== R6. PR-1 HYDRA BIT-EXACT MULTI-CORE SPAN CONFORMANCE ===
BLOB_BACKING mode=mmap anon_huge_kb=14336 map_mb=16.5 verdict=thp-granted
HYDRA_BITPARITY sequential=(count=505849 hash=0x881639cead506f25 msg_hash=0xcbf29ce484222325) hydra=(count=505849 hash=0x881639cead506f25 msg_hash=0xcbf29ce484222325) -> BIT-EXACT
BENCH mode=replay-hydra-burst msgs=505849 rate=1420002751 allocs=0 freq=2596.12MHz workers=2 run=1
BENCH mode=replay-hydra-burst msgs=505849 rate=1473180690 allocs=0 freq=2596.12MHz workers=2 run=2
BENCH mode=replay-hydra-burst msgs=505849 rate=1583217269 allocs=0 freq=2596.12MHz workers=2 run=3
BENCH mode=replay-hydra-burst msgs=505849 rate=1598047020 allocs=0 freq=2596.12MHz workers=2 run=4
BENCH mode=replay-hydra-burst msgs=505849 rate=1556338743 allocs=0 freq=2596.12MHz workers=2 run=5
BENCH_MEDIAN mode=replay-hydra-burst rate=1556338743
R23B_AFFINE_VERDICT arm=burst armed=false tag_hits=0 payload_fallbacks=0 ledger_rows=0 (R23c: workers verify spans from register tags, zero payload reads; the (prefix,cum) triple checked per-span by the scalar affine law)
PR1_HYDRA_VERDICT rate=1556338743 (bit-exact multi-core span conformance: 2 workers, every emitted byte CRC32C-checked in-window, ordered serial fold)
PR1_GIGAHFT_BURST_VERDICT rate=1556338743 target=1000000000 -> PASS (R7 burst reference; the sustained arm below is the gate)
DIAG sustained: passes=17158 reset_ms=518.6 scan_ms=4477.7 end_ms=1.0 pending_max=6423 batches=377476 wait_ms=31.8 work_ms=4084.1 fold_ms=278.5 assist_chunks=314123 bytes_per_msg=27.65 crc_demand_gb_s=48.00
DIAG worker[0] sustained: cpu0(pinned) placement=[0, 2] batches=604698 spans=77386579 eval_ms=4942.8 idle_iters=66102 res_waits=0 fw=0 fw_ms=0.0
DIAG worker[1] sustained: cpu2(pinned) placement=[0, 2] batches=733081 spans=93813165 eval_ms=4931.5 idle_iters=72984 res_waits=0 fw=0 fw_ms=0.0
DIAG rx sustained: publications=377536 polls=1492984 prod_ms=1379.6 bufwait_laps=137554 resets=17160 eos_parks=0 nbuf=16 rx_actual_cpu=3
ADVANCE_DIAGNOSTIC sustained: advances=17160 advance_ms=131.9 us_per_advance=7.7 (F-5 reset/auto-advance hygiene — the synchronous bake tail the per-publication prepatch budget drains; HFT_PREPATCH_BUDGET prices it)
RXWARM_DIAGNOSTIC sustained: enabled=false fixes=0 uncovered=0 last_pass_fixes=0 (F-1 frame-entry warm start; the steady-state law is fixes==0 on pass>=2 — the kill rule reads persistent fixes)
RXBUILD_DIAGNOSTIC sustained: enabled=true patches=377430516 last_pass_patches=21996 frames=21996 (F-2 publish-by-reference master; the steady-state law is every patchable entry patched exactly once per pass boundary)
DIAG cons sustained: parks=11 park_ms=1.4 slow_waits=11 slow_ms=1.5
BENCH mode=replay-hydra-sustained-5s total_msgs=8679357142 duration=5.00s sustained_rate=1735803891 msg/s allocs=0 workers=2 crc_kernel=reflect
PR1_HYDRA_SUSTAINED_VERDICT rate=1735803891 (duration=5.00s, total_msgs=8679357142, workers=2)
PR1_GIGAHFT_VERDICT rate=1735803891 target=1000000000 -> PASS (Project 1.0B: bit-exact, zero-alloc, every byte verified in-window, cross-pass double-buffered fabric)
PR1_R8_FULL_VERIFY_VERDICT rate=1735803891 target=1000000000 -> PASS (R8: 1B msg/s sustained full verification — bit-exact, zero-alloc, every byte CRC32C-verified in-window)
PR1_R16_FULL_VERIFY_VERDICT rate=1735803891 target=2000000000 -> FAIL (R16: 2B msg/s sustained full verification — the Double Helix program, docs/29)
R16B_RXDESC_VERDICT rx_fixes=0 assist_chunks=314123 (array-driven submission telemetry; fixes=0 means every RX prefill entry was already exact)
R23B_AFFINE_VERDICT arm=sustained armed=false tag_hits=0 payload_fallbacks=0 ledger_rows=0 (R23c: zero-re-read affine verification on the worker fabric)
PR1_R23_AFFINE_SUSTAINED_VERDICT rate=1735803891 target=2500000000 -> FAIL (R23: 2.5B+ sustained full verification from register tags — the affine-span algebra program, docs/36)
=== 11n. R12: Compact 8-Byte Span Descriptors OFF (rollback attribution) ===
[1m[92m    Finished[0m `release` profile [optimized] target(s) in 0.01s
[1m[92m     Running[0m `target/release/bench --hydra-only`
BENCH_CALIBRATION invariant_tsc=true freq_mhz=2596.12 mark_overhead_cycles=52
=== R6. PR-1 HYDRA BIT-EXACT MULTI-CORE SPAN CONFORMANCE ===
BLOB_BACKING mode=mmap anon_huge_kb=16384 map_mb=16.5 verdict=thp-granted
HYDRA_BITPARITY sequential=(count=505849 hash=0x881639cead506f25 msg_hash=0xcbf29ce484222325) hydra=(count=505849 hash=0x881639cead506f25 msg_hash=0xcbf29ce484222325) -> BIT-EXACT
BENCH mode=replay-hydra-burst msgs=505849 rate=1205073779 allocs=0 freq=2596.12MHz workers=2 run=1
BENCH mode=replay-hydra-burst msgs=505849 rate=1601745980 allocs=0 freq=2596.12MHz workers=2 run=2
BENCH mode=replay-hydra-burst msgs=505849 rate=1629017402 allocs=0 freq=2596.12MHz workers=2 run=3
BENCH mode=replay-hydra-burst msgs=505849 rate=1694267579 allocs=0 freq=2596.12MHz workers=2 run=4
BENCH mode=replay-hydra-burst msgs=505849 rate=1707610926 allocs=0 freq=2596.12MHz workers=2 run=5
BENCH_MEDIAN mode=replay-hydra-burst rate=1629017402
R23B_AFFINE_VERDICT arm=burst armed=false tag_hits=0 payload_fallbacks=0 ledger_rows=0 (R23c: workers verify spans from register tags, zero payload reads; the (prefix,cum) triple checked per-span by the scalar affine law)
PR1_HYDRA_VERDICT rate=1629017402 (bit-exact multi-core span conformance: 2 workers, every emitted byte CRC32C-checked in-window, ordered serial fold)
PR1_GIGAHFT_BURST_VERDICT rate=1629017402 target=1000000000 -> PASS (R7 burst reference; the sustained arm below is the gate)
DIAG sustained: passes=17490 reset_ms=595.1 scan_ms=4401.6 end_ms=0.9 pending_max=11312 batches=384780 wait_ms=44.2 work_ms=4014.4 fold_ms=270.1 assist_chunks=400936 bytes_per_msg=27.65 crc_demand_gb_s=48.93
DIAG worker[0] sustained: cpu0(pinned) placement=[0, 2] batches=590822 spans=75578560 eval_ms=4810.2 idle_iters=308877 res_waits=3401 fw=0 fw_ms=0.0
DIAG worker[1] sustained: cpu2(pinned) placement=[0, 2] batches=711916 spans=91078080 eval_ms=4803.5 idle_iters=293877 res_waits=7565 fw=0 fw_ms=0.0
DIAG rx sustained: publications=384840 polls=1521868 prod_ms=1407.5 bufwait_laps=140655 resets=17492 eos_parks=0 nbuf=16 rx_actual_cpu=3
ADVANCE_DIAGNOSTIC sustained: advances=17492 advance_ms=103.0 us_per_advance=5.9 (F-5 reset/auto-advance hygiene — the synchronous bake tail the per-publication prepatch budget drains; HFT_PREPATCH_BUDGET prices it)
RXWARM_DIAGNOSTIC sustained: enabled=false fixes=0 uncovered=0 last_pass_fixes=0 (F-1 frame-entry warm start; the steady-state law is fixes==0 on pass>=2 — the kill rule reads persistent fixes)
RXBUILD_DIAGNOSTIC sustained: enabled=true patches=384733188 last_pass_patches=21996 frames=21996 (F-2 publish-by-reference master; the steady-state law is every patchable entry patched exactly once per pass boundary)
DIAG cons sustained: parks=25 park_ms=11.9 slow_waits=25 slow_ms=12.3
BENCH mode=replay-hydra-sustained-5s total_msgs=8847299010 duration=5.00s sustained_rate=1769378579 msg/s allocs=0 workers=2 crc_kernel=reflect
PR1_HYDRA_SUSTAINED_VERDICT rate=1769378579 (duration=5.00s, total_msgs=8847299010, workers=2)
PR1_GIGAHFT_VERDICT rate=1769378579 target=1000000000 -> PASS (Project 1.0B: bit-exact, zero-alloc, every byte verified in-window, cross-pass double-buffered fabric)
PR1_R8_FULL_VERIFY_VERDICT rate=1769378579 target=1000000000 -> PASS (R8: 1B msg/s sustained full verification — bit-exact, zero-alloc, every byte CRC32C-verified in-window)
PR1_R16_FULL_VERIFY_VERDICT rate=1769378579 target=2000000000 -> FAIL (R16: 2B msg/s sustained full verification — the Double Helix program, docs/29)
R16B_RXDESC_VERDICT rx_fixes=0 assist_chunks=400936 (array-driven submission telemetry; fixes=0 means every RX prefill entry was already exact)
R23B_AFFINE_VERDICT arm=sustained armed=false tag_hits=0 payload_fallbacks=0 ledger_rows=0 (R23c: zero-re-read affine verification on the worker fabric)
PR1_R23_AFFINE_SUSTAINED_VERDICT rate=1769378579 target=2500000000 -> FAIL (R23: 2.5B+ sustained full verification from register tags — the affine-span algebra program, docs/36)
=== 11r. R13: Mirror-Domain Fold Kernel Soak (rollback attribution) ===
[1m[92m    Finished[0m `release` profile [optimized] target(s) in 0.00s
[1m[92m     Running[0m `target/release/bench --hydra-only`
BENCH_CALIBRATION invariant_tsc=true freq_mhz=2596.12 mark_overhead_cycles=52
=== R6. PR-1 HYDRA BIT-EXACT MULTI-CORE SPAN CONFORMANCE ===
BLOB_BACKING mode=mmap anon_huge_kb=16384 map_mb=16.5 verdict=thp-granted
HYDRA_BITPARITY sequential=(count=505849 hash=0x881639cead506f25 msg_hash=0xcbf29ce484222325) hydra=(count=505849 hash=0x881639cead506f25 msg_hash=0xcbf29ce484222325) -> BIT-EXACT
BENCH mode=replay-hydra-burst msgs=505849 rate=1399890410 allocs=0 freq=2596.12MHz workers=2 run=1
BENCH mode=replay-hydra-burst msgs=505849 rate=1452841785 allocs=0 freq=2596.12MHz workers=2 run=2
BENCH mode=replay-hydra-burst msgs=505849 rate=1666372383 allocs=0 freq=2596.12MHz workers=2 run=3
BENCH mode=replay-hydra-burst msgs=505849 rate=1690349766 allocs=0 freq=2596.12MHz workers=2 run=4
BENCH mode=replay-hydra-burst msgs=505849 rate=1656967564 allocs=0 freq=2596.12MHz workers=2 run=5
BENCH_MEDIAN mode=replay-hydra-burst rate=1656967564
R23B_AFFINE_VERDICT arm=burst armed=false tag_hits=0 payload_fallbacks=0 ledger_rows=0 (R23c: workers verify spans from register tags, zero payload reads; the (prefix,cum) triple checked per-span by the scalar affine law)
PR1_HYDRA_VERDICT rate=1656967564 (bit-exact multi-core span conformance: 2 workers, every emitted byte CRC32C-checked in-window, ordered serial fold)
PR1_GIGAHFT_BURST_VERDICT rate=1656967564 target=1000000000 -> PASS (R7 burst reference; the sustained arm below is the gate)
DIAG sustained: passes=18372 reset_ms=426.9 scan_ms=4569.6 end_ms=0.9 pending_max=6696 batches=404184 wait_ms=34.9 work_ms=4168.8 fold_ms=293.7 assist_chunks=412206 bytes_per_msg=27.65 crc_demand_gb_s=51.40
DIAG worker[0] sustained: cpu0(pinned) placement=[0, 2] batches=625246 spans=80025234 eval_ms=4965.3 idle_iters=26746 res_waits=2094 fw=0 fw_ms=0.0
DIAG worker[1] sustained: cpu2(pinned) placement=[0, 2] batches=768484 spans=98360176 eval_ms=4954.3 idle_iters=31153 res_waits=0 fw=0 fw_ms=0.0
DIAG rx sustained: publications=404244 polls=1598602 prod_ms=1536.0 bufwait_laps=147052 resets=18374 eos_parks=0 nbuf=16 rx_actual_cpu=3
ADVANCE_DIAGNOSTIC sustained: advances=18374 advance_ms=101.7 us_per_advance=5.5 (F-5 reset/auto-advance hygiene — the synchronous bake tail the per-publication prepatch budget drains; HFT_PREPATCH_BUDGET prices it)
RXWARM_DIAGNOSTIC sustained: enabled=false fixes=0 uncovered=0 last_pass_fixes=0 (F-1 frame-entry warm start; the steady-state law is fixes==0 on pass>=2 — the kill rule reads persistent fixes)
RXBUILD_DIAGNOSTIC sustained: enabled=true patches=404133660 last_pass_patches=21996 frames=21996 (F-2 publish-by-reference master; the steady-state law is every patchable entry patched exactly once per pass boundary)
DIAG cons sustained: parks=8 park_ms=0.3 slow_waits=8 slow_ms=0.4
BENCH mode=replay-hydra-sustained-5s total_msgs=9293457828 duration=5.00s sustained_rate=1858615881 msg/s allocs=0 workers=2 crc_kernel=fold512
PR1_HYDRA_SUSTAINED_VERDICT rate=1858615881 (duration=5.00s, total_msgs=9293457828, workers=2)
PR1_GIGAHFT_VERDICT rate=1858615881 target=1000000000 -> PASS (Project 1.0B: bit-exact, zero-alloc, every byte verified in-window, cross-pass double-buffered fabric)
PR1_R8_FULL_VERIFY_VERDICT rate=1858615881 target=1000000000 -> PASS (R8: 1B msg/s sustained full verification — bit-exact, zero-alloc, every byte CRC32C-verified in-window)
PR1_R16_FULL_VERIFY_VERDICT rate=1858615881 target=2000000000 -> FAIL (R16: 2B msg/s sustained full verification — the Double Helix program, docs/29)
R16B_RXDESC_VERDICT rx_fixes=0 assist_chunks=412206 (array-driven submission telemetry; fixes=0 means every RX prefill entry was already exact)
R23B_AFFINE_VERDICT arm=sustained armed=false tag_hits=0 payload_fallbacks=0 ledger_rows=0 (R23c: zero-re-read affine verification on the worker fabric)
PR1_R23_AFFINE_SUSTAINED_VERDICT rate=1858615881 target=2500000000 -> FAIL (R23: 2.5B+ sustained full verification from register tags — the affine-span algebra program, docs/36)
=== 11s. R14: Vector Barrett Ending OFF (rollback attribution) ===
[1m[92m    Finished[0m `release` profile [optimized] target(s) in 0.00s
[1m[92m     Running[0m `target/release/bench --hydra-only`
BENCH_CALIBRATION invariant_tsc=true freq_mhz=2596.12 mark_overhead_cycles=52
=== R6. PR-1 HYDRA BIT-EXACT MULTI-CORE SPAN CONFORMANCE ===
BLOB_BACKING mode=mmap anon_huge_kb=16384 map_mb=16.5 verdict=thp-granted
HYDRA_BITPARITY sequential=(count=505849 hash=0x881639cead506f25 msg_hash=0xcbf29ce484222325) hydra=(count=505849 hash=0x881639cead506f25 msg_hash=0xcbf29ce484222325) -> BIT-EXACT
BENCH mode=replay-hydra-burst msgs=505849 rate=1508466034 allocs=0 freq=2596.12MHz workers=2 run=1
BENCH mode=replay-hydra-burst msgs=505849 rate=1623574535 allocs=0 freq=2596.12MHz workers=2 run=2
BENCH mode=replay-hydra-burst msgs=505849 rate=1659146891 allocs=0 freq=2596.12MHz workers=2 run=3
BENCH mode=replay-hydra-burst msgs=505849 rate=1729297784 allocs=0 freq=2596.12MHz workers=2 run=4
BENCH mode=replay-hydra-burst msgs=505849 rate=1714742372 allocs=0 freq=2596.12MHz workers=2 run=5
BENCH_MEDIAN mode=replay-hydra-burst rate=1659146891
R23B_AFFINE_VERDICT arm=burst armed=false tag_hits=0 payload_fallbacks=0 ledger_rows=0 (R23c: workers verify spans from register tags, zero payload reads; the (prefix,cum) triple checked per-span by the scalar affine law)
PR1_HYDRA_VERDICT rate=1659146891 (bit-exact multi-core span conformance: 2 workers, every emitted byte CRC32C-checked in-window, ordered serial fold)
PR1_GIGAHFT_BURST_VERDICT rate=1659146891 target=1000000000 -> PASS (R7 burst reference; the sustained arm below is the gate)
DIAG sustained: passes=17982 reset_ms=472.4 scan_ms=4524.3 end_ms=0.9 pending_max=6108 batches=395604 wait_ms=34.3 work_ms=4127.7 fold_ms=286.7 assist_chunks=408266 bytes_per_msg=27.65 crc_demand_gb_s=50.31
DIAG worker[0] sustained: cpu0(pinned) placement=[0, 2] batches=618190 spans=79102425 eval_ms=4962.7 idle_iters=32979 res_waits=0 fw=0 fw_ms=0.0
DIAG worker[1] sustained: cpu2(pinned) placement=[0, 2] batches=743833 spans=95190753 eval_ms=4952.1 idle_iters=29603 res_waits=0 fw=0 fw_ms=0.0
DIAG rx sustained: publications=395664 polls=1564672 prod_ms=1452.8 bufwait_laps=143865 resets=17984 eos_parks=0 nbuf=16 rx_actual_cpu=3
ADVANCE_DIAGNOSTIC sustained: advances=17984 advance_ms=102.1 us_per_advance=5.7 (F-5 reset/auto-advance hygiene — the synchronous bake tail the per-publication prepatch budget drains; HFT_PREPATCH_BUDGET prices it)
RXWARM_DIAGNOSTIC sustained: enabled=false fixes=0 uncovered=0 last_pass_fixes=0 (F-1 frame-entry warm start; the steady-state law is fixes==0 on pass>=2 — the kill rule reads persistent fixes)
RXBUILD_DIAGNOSTIC sustained: enabled=true patches=395555284 last_pass_patches=21996 frames=21996 (F-2 publish-by-reference master; the steady-state law is every patchable entry patched exactly once per pass boundary)
DIAG cons sustained: parks=24 park_ms=2.3 slow_waits=24 slow_ms=2.6
BENCH mode=replay-hydra-sustained-5s total_msgs=9096176718 duration=5.00s sustained_rate=1819149646 msg/s allocs=0 workers=2 crc_kernel=reflect
PR1_HYDRA_SUSTAINED_VERDICT rate=1819149646 (duration=5.00s, total_msgs=9096176718, workers=2)
PR1_GIGAHFT_VERDICT rate=1819149646 target=1000000000 -> PASS (Project 1.0B: bit-exact, zero-alloc, every byte verified in-window, cross-pass double-buffered fabric)
PR1_R8_FULL_VERIFY_VERDICT rate=1819149646 target=1000000000 -> PASS (R8: 1B msg/s sustained full verification — bit-exact, zero-alloc, every byte CRC32C-verified in-window)
PR1_R16_FULL_VERIFY_VERDICT rate=1819149646 target=2000000000 -> FAIL (R16: 2B msg/s sustained full verification — the Double Helix program, docs/29)
R16B_RXDESC_VERDICT rx_fixes=0 assist_chunks=408266 (array-driven submission telemetry; fixes=0 means every RX prefill entry was already exact)
R23B_AFFINE_VERDICT arm=sustained armed=false tag_hits=0 payload_fallbacks=0 ledger_rows=0 (R23c: zero-re-read affine verification on the worker fabric)
PR1_R23_AFFINE_SUSTAINED_VERDICT rate=1819149646 target=2500000000 -> FAIL (R23: 2.5B+ sustained full verification from register tags — the affine-span algebra program, docs/36)
=== 11t. R15: Vectorized Tail (vtail) OFF (rollback attribution) ===
[1m[92m    Finished[0m `release` profile [optimized] target(s) in 0.00s
[1m[92m     Running[0m `target/release/bench --hydra-only`
BENCH_CALIBRATION invariant_tsc=true freq_mhz=2596.12 mark_overhead_cycles=52
=== R6. PR-1 HYDRA BIT-EXACT MULTI-CORE SPAN CONFORMANCE ===
BLOB_BACKING mode=mmap anon_huge_kb=16384 map_mb=16.5 verdict=thp-granted
HYDRA_BITPARITY sequential=(count=505849 hash=0x881639cead506f25 msg_hash=0xcbf29ce484222325) hydra=(count=505849 hash=0x881639cead506f25 msg_hash=0xcbf29ce484222325) -> BIT-EXACT
BENCH mode=replay-hydra-burst msgs=505849 rate=1529612584 allocs=0 freq=2596.12MHz workers=2 run=1
BENCH mode=replay-hydra-burst msgs=505849 rate=1597390991 allocs=0 freq=2596.12MHz workers=2 run=2
BENCH mode=replay-hydra-burst msgs=505849 rate=1614284620 allocs=0 freq=2596.12MHz workers=2 run=3
BENCH mode=replay-hydra-burst msgs=505849 rate=1770460877 allocs=0 freq=2596.12MHz workers=2 run=4
BENCH mode=replay-hydra-burst msgs=505849 rate=1764402836 allocs=0 freq=2596.12MHz workers=2 run=5
BENCH_MEDIAN mode=replay-hydra-burst rate=1614284620
R23B_AFFINE_VERDICT arm=burst armed=false tag_hits=0 payload_fallbacks=0 ledger_rows=0 (R23c: workers verify spans from register tags, zero payload reads; the (prefix,cum) triple checked per-span by the scalar affine law)
PR1_HYDRA_VERDICT rate=1614284620 (bit-exact multi-core span conformance: 2 workers, every emitted byte CRC32C-checked in-window, ordered serial fold)
PR1_GIGAHFT_BURST_VERDICT rate=1614284620 target=1000000000 -> PASS (R7 burst reference; the sustained arm below is the gate)
DIAG sustained: passes=17853 reset_ms=452.9 scan_ms=4543.5 end_ms=0.9 pending_max=10047 batches=392766 wait_ms=35.2 work_ms=4146.9 fold_ms=286.9 assist_chunks=406113 bytes_per_msg=27.65 crc_demand_gb_s=49.95
DIAG worker[0] sustained: cpu0(pinned) placement=[0, 2] batches=608052 spans=77819553 eval_ms=4962.5 idle_iters=33244 res_waits=192 fw=0 fw_ms=0.0
DIAG worker[1] sustained: cpu2(pinned) placement=[0, 2] batches=743601 spans=95172021 eval_ms=4951.2 idle_iters=37410 res_waits=207 fw=0 fw_ms=0.0
DIAG rx sustained: publications=392826 polls=1553449 prod_ms=1504.0 bufwait_laps=142828 resets=17855 eos_parks=0 nbuf=16 rx_actual_cpu=3
ADVANCE_DIAGNOSTIC sustained: advances=17855 advance_ms=112.4 us_per_advance=6.3 (F-5 reset/auto-advance hygiene — the synchronous bake tail the per-publication prepatch budget drains; HFT_PREPATCH_BUDGET prices it)
RXWARM_DIAGNOSTIC sustained: enabled=false fixes=0 uncovered=0 last_pass_fixes=0 (F-1 frame-entry warm start; the steady-state law is fixes==0 on pass>=2 — the kill rule reads persistent fixes)
RXBUILD_DIAGNOSTIC sustained: enabled=true patches=392717736 last_pass_patches=21932 frames=21996 (F-2 publish-by-reference master; the steady-state law is every patchable entry patched exactly once per pass boundary)
DIAG cons sustained: parks=16 park_ms=1.4 slow_waits=16 slow_ms=1.6
BENCH mode=replay-hydra-sustained-5s total_msgs=9030922197 duration=5.00s sustained_rate=1806163015 msg/s allocs=0 workers=2 crc_kernel=reflect
PR1_HYDRA_SUSTAINED_VERDICT rate=1806163015 (duration=5.00s, total_msgs=9030922197, workers=2)
PR1_GIGAHFT_VERDICT rate=1806163015 target=1000000000 -> PASS (Project 1.0B: bit-exact, zero-alloc, every byte verified in-window, cross-pass double-buffered fabric)
PR1_R8_FULL_VERIFY_VERDICT rate=1806163015 target=1000000000 -> PASS (R8: 1B msg/s sustained full verification — bit-exact, zero-alloc, every byte CRC32C-verified in-window)
PR1_R16_FULL_VERIFY_VERDICT rate=1806163015 target=2000000000 -> FAIL (R16: 2B msg/s sustained full verification — the Double Helix program, docs/29)
R16B_RXDESC_VERDICT rx_fixes=0 assist_chunks=406113 (array-driven submission telemetry; fixes=0 means every RX prefill entry was already exact)
R23B_AFFINE_VERDICT arm=sustained armed=false tag_hits=0 payload_fallbacks=0 ledger_rows=0 (R23c: zero-re-read affine verification on the worker fabric)
PR1_R23_AFFINE_SUSTAINED_VERDICT rate=1806163015 target=2500000000 -> FAIL (R23: 2.5B+ sustained full verification from register tags — the affine-span algebra program, docs/36)
=== 11u. R15: Worker Drain Granularity Sweep (the supply-side rebalance) ===
[1m[92m    Finished[0m `release` profile [optimized] target(s) in 0.00s
[1m[92m     Running[0m `target/release/bench --hydra-only`
BENCH_CALIBRATION invariant_tsc=true freq_mhz=2596.12 mark_overhead_cycles=52
=== R6. PR-1 HYDRA BIT-EXACT MULTI-CORE SPAN CONFORMANCE ===
BLOB_BACKING mode=mmap anon_huge_kb=16384 map_mb=16.5 verdict=thp-granted
HYDRA_BITPARITY sequential=(count=505849 hash=0x881639cead506f25 msg_hash=0xcbf29ce484222325) hydra=(count=505849 hash=0x881639cead506f25 msg_hash=0xcbf29ce484222325) -> BIT-EXACT
BENCH mode=replay-hydra-burst msgs=505849 rate=1259650031 allocs=0 freq=2596.12MHz workers=2 run=1
BENCH mode=replay-hydra-burst msgs=505849 rate=1357342571 allocs=0 freq=2596.12MHz workers=2 run=2
BENCH mode=replay-hydra-burst msgs=505849 rate=1540907152 allocs=0 freq=2596.12MHz workers=2 run=3
BENCH mode=replay-hydra-burst msgs=505849 rate=1604036656 allocs=0 freq=2596.12MHz workers=2 run=4
BENCH mode=replay-hydra-burst msgs=505849 rate=1679166804 allocs=0 freq=2596.12MHz workers=2 run=5
BENCH_MEDIAN mode=replay-hydra-burst rate=1540907152
R23B_AFFINE_VERDICT arm=burst armed=false tag_hits=0 payload_fallbacks=0 ledger_rows=0 (R23c: workers verify spans from register tags, zero payload reads; the (prefix,cum) triple checked per-span by the scalar affine law)
PR1_HYDRA_VERDICT rate=1540907152 (bit-exact multi-core span conformance: 2 workers, every emitted byte CRC32C-checked in-window, ordered serial fold)
PR1_GIGAHFT_BURST_VERDICT rate=1540907152 target=1000000000 -> PASS (R7 burst reference; the sustained arm below is the gate)
DIAG sustained: passes=17719 reset_ms=450.6 scan_ms=4546.0 end_ms=0.9 pending_max=7026 batches=389818 wait_ms=34.9 work_ms=4151.4 fold_ms=286.0 assist_chunks=408891 bytes_per_msg=27.65 crc_demand_gb_s=49.57
DIAG worker[0] sustained: cpu0(pinned) placement=[0, 2] batches=1200852 spans=76851466 eval_ms=4936.8 idle_iters=31295 res_waits=0 fw=0 fw_ms=0.0
DIAG worker[1] sustained: cpu2(pinned) placement=[0, 2] batches=1476122 spans=94469240 eval_ms=4916.8 idle_iters=34238 res_waits=0 fw=0 fw_ms=0.0
DIAG rx sustained: publications=389878 polls=1541791 prod_ms=1493.2 bufwait_laps=141743 resets=17721 eos_parks=0 nbuf=16 rx_actual_cpu=3
ADVANCE_DIAGNOSTIC sustained: advances=17721 advance_ms=113.8 us_per_advance=6.4 (F-5 reset/auto-advance hygiene — the synchronous bake tail the per-publication prepatch budget drains; HFT_PREPATCH_BUDGET prices it)
RXWARM_DIAGNOSTIC sustained: enabled=false fixes=0 uncovered=0 last_pass_fixes=0 (F-1 frame-entry warm start; the steady-state law is fixes==0 on pass>=2 — the kill rule reads persistent fixes)
RXBUILD_DIAGNOSTIC sustained: enabled=true patches=389770272 last_pass_patches=21996 frames=21996 (F-2 publish-by-reference master; the steady-state law is every patchable entry patched exactly once per pass boundary)
DIAG cons sustained: parks=17 park_ms=0.9 slow_waits=17 slow_ms=1.1
BENCH mode=replay-hydra-sustained-5s total_msgs=8963138431 duration=5.00s sustained_rate=1792593443 msg/s allocs=0 workers=2 crc_kernel=reflect
PR1_HYDRA_SUSTAINED_VERDICT rate=1792593443 (duration=5.00s, total_msgs=8963138431, workers=2)
PR1_GIGAHFT_VERDICT rate=1792593443 target=1000000000 -> PASS (Project 1.0B: bit-exact, zero-alloc, every byte verified in-window, cross-pass double-buffered fabric)
PR1_R8_FULL_VERIFY_VERDICT rate=1792593443 target=1000000000 -> PASS (R8: 1B msg/s sustained full verification — bit-exact, zero-alloc, every byte CRC32C-verified in-window)
PR1_R16_FULL_VERIFY_VERDICT rate=1792593443 target=2000000000 -> FAIL (R16: 2B msg/s sustained full verification — the Double Helix program, docs/29)
R16B_RXDESC_VERDICT rx_fixes=0 assist_chunks=408891 (array-driven submission telemetry; fixes=0 means every RX prefill entry was already exact)
R23B_AFFINE_VERDICT arm=sustained armed=false tag_hits=0 payload_fallbacks=0 ledger_rows=0 (R23c: zero-re-read affine verification on the worker fabric)
PR1_R23_AFFINE_SUSTAINED_VERDICT rate=1792593443 target=2500000000 -> FAIL (R23: 2.5B+ sustained full verification from register tags — the affine-span algebra program, docs/36)
[1m[92m    Finished[0m `release` profile [optimized] target(s) in 0.01s
[1m[92m     Running[0m `target/release/bench --hydra-only`
BENCH_CALIBRATION invariant_tsc=true freq_mhz=2596.12 mark_overhead_cycles=52
=== R6. PR-1 HYDRA BIT-EXACT MULTI-CORE SPAN CONFORMANCE ===
BLOB_BACKING mode=mmap anon_huge_kb=16384 map_mb=16.5 verdict=thp-granted
HYDRA_BITPARITY sequential=(count=505849 hash=0x881639cead506f25 msg_hash=0xcbf29ce484222325) hydra=(count=505849 hash=0x881639cead506f25 msg_hash=0xcbf29ce484222325) -> BIT-EXACT
BENCH mode=replay-hydra-burst msgs=505849 rate=1250170528 allocs=0 freq=2596.12MHz workers=2 run=1
BENCH mode=replay-hydra-burst msgs=505849 rate=1590200060 allocs=0 freq=2596.12MHz workers=2 run=2
BENCH mode=replay-hydra-burst msgs=505849 rate=1648591923 allocs=0 freq=2596.12MHz workers=2 run=3
BENCH mode=replay-hydra-burst msgs=505849 rate=1615836732 allocs=0 freq=2596.12MHz workers=2 run=4
BENCH mode=replay-hydra-burst msgs=505849 rate=1710156833 allocs=0 freq=2596.12MHz workers=2 run=5
BENCH_MEDIAN mode=replay-hydra-burst rate=1615836732
R23B_AFFINE_VERDICT arm=burst armed=false tag_hits=0 payload_fallbacks=0 ledger_rows=0 (R23c: workers verify spans from register tags, zero payload reads; the (prefix,cum) triple checked per-span by the scalar affine law)
PR1_HYDRA_VERDICT rate=1615836732 (bit-exact multi-core span conformance: 2 workers, every emitted byte CRC32C-checked in-window, ordered serial fold)
PR1_GIGAHFT_BURST_VERDICT rate=1615836732 target=1000000000 -> PASS (R7 burst reference; the sustained arm below is the gate)
DIAG sustained: passes=17492 reset_ms=475.0 scan_ms=4521.4 end_ms=0.9 pending_max=6625 batches=384824 wait_ms=35.6 work_ms=4128.0 fold_ms=284.4 assist_chunks=391330 bytes_per_msg=27.65 crc_demand_gb_s=48.94
DIAG worker[0] sustained: cpu0(pinned) placement=[0, 2] batches=300012 spans=76755544 eval_ms=4962.8 idle_iters=55996 res_waits=0 fw=0 fw_ms=0.0
DIAG worker[1] sustained: cpu2(pinned) placement=[0, 2] batches=364107 spans=93164893 eval_ms=4957.4 idle_iters=56012 res_waits=0 fw=0 fw_ms=0.0
DIAG rx sustained: publications=384884 polls=1522042 prod_ms=1468.9 bufwait_laps=139935 resets=17494 eos_parks=0 nbuf=16 rx_actual_cpu=3
ADVANCE_DIAGNOSTIC sustained: advances=17494 advance_ms=104.4 us_per_advance=6.0 (F-5 reset/auto-advance hygiene — the synchronous bake tail the per-publication prepatch budget drains; HFT_PREPATCH_BUDGET prices it)
RXWARM_DIAGNOSTIC sustained: enabled=false fixes=0 uncovered=0 last_pass_fixes=0 (F-1 frame-entry warm start; the steady-state law is fixes==0 on pass>=2 — the kill rule reads persistent fixes)
RXBUILD_DIAGNOSTIC sustained: enabled=true patches=384777180 last_pass_patches=21996 frames=21996 (F-2 publish-by-reference master; the steady-state law is every patchable entry patched exactly once per pass boundary)
DIAG cons sustained: parks=21 park_ms=3.2 slow_waits=21 slow_ms=3.6
BENCH mode=replay-hydra-sustained-5s total_msgs=8848310708 duration=5.00s sustained_rate=1769638141 msg/s allocs=0 workers=2 crc_kernel=reflect
PR1_HYDRA_SUSTAINED_VERDICT rate=1769638141 (duration=5.00s, total_msgs=8848310708, workers=2)
PR1_GIGAHFT_VERDICT rate=1769638141 target=1000000000 -> PASS (Project 1.0B: bit-exact, zero-alloc, every byte verified in-window, cross-pass double-buffered fabric)
PR1_R8_FULL_VERIFY_VERDICT rate=1769638141 target=1000000000 -> PASS (R8: 1B msg/s sustained full verification — bit-exact, zero-alloc, every byte CRC32C-verified in-window)
PR1_R16_FULL_VERIFY_VERDICT rate=1769638141 target=2000000000 -> FAIL (R16: 2B msg/s sustained full verification — the Double Helix program, docs/29)
R16B_RXDESC_VERDICT rx_fixes=0 assist_chunks=391330 (array-driven submission telemetry; fixes=0 means every RX prefill entry was already exact)
R23B_AFFINE_VERDICT arm=sustained armed=false tag_hits=0 payload_fallbacks=0 ledger_rows=0 (R23c: zero-re-read affine verification on the worker fabric)
PR1_R23_AFFINE_SUSTAINED_VERDICT rate=1769638141 target=2500000000 -> FAIL (R23: 2.5B+ sustained full verification from register tags — the affine-span algebra program, docs/36)
=== 11wm. R17: Assist-Watermark Deep-Soak, SIBLINGS (the A3-b pricing where the assist lives) ===
[1m[92m    Finished[0m `release` profile [optimized] target(s) in 0.01s
[1m[92m     Running[0m `target/release/bench --hydra-only`
BENCH_CALIBRATION invariant_tsc=true freq_mhz=2596.12 mark_overhead_cycles=52
=== R6. PR-1 HYDRA BIT-EXACT MULTI-CORE SPAN CONFORMANCE ===
BLOB_BACKING mode=mmap anon_huge_kb=14336 map_mb=16.5 verdict=thp-granted
HYDRA_BITPARITY sequential=(count=505849 hash=0x881639cead506f25 msg_hash=0xcbf29ce484222325) hydra=(count=505849 hash=0x881639cead506f25 msg_hash=0xcbf29ce484222325) -> BIT-EXACT
BENCH mode=replay-hydra-burst msgs=505849 rate=1395865239 allocs=0 freq=2596.12MHz workers=2 run=1
BENCH mode=replay-hydra-burst msgs=505849 rate=1509456314 allocs=0 freq=2596.12MHz workers=2 run=2
BENCH mode=replay-hydra-burst msgs=505849 rate=1544204604 allocs=0 freq=2596.12MHz workers=2 run=3
BENCH mode=replay-hydra-burst msgs=505849 rate=1548795497 allocs=0 freq=2596.12MHz workers=2 run=4
BENCH mode=replay-hydra-burst msgs=505849 rate=1584362745 allocs=0 freq=2596.12MHz workers=2 run=5
BENCH_MEDIAN mode=replay-hydra-burst rate=1544204604
R23B_AFFINE_VERDICT arm=burst armed=false tag_hits=0 payload_fallbacks=0 ledger_rows=0 (R23c: workers verify spans from register tags, zero payload reads; the (prefix,cum) triple checked per-span by the scalar affine law)
PR1_HYDRA_VERDICT rate=1544204604 (bit-exact multi-core span conformance: 2 workers, every emitted byte CRC32C-checked in-window, ordered serial fold)
PR1_GIGAHFT_BURST_VERDICT rate=1544204604 target=1000000000 -> PASS (R7 burst reference; the sustained arm below is the gate)
DIAG sustained: passes=17435 reset_ms=393.6 scan_ms=4594.5 end_ms=2.9 pending_max=11741 batches=383570 wait_ms=23.2 work_ms=4209.1 fold_ms=289.4 assist_chunks=653231 bytes_per_msg=27.65 crc_demand_gb_s=48.78
DIAG worker[0] sustained: cpu2(pinned) placement=[2, 3] batches=596632 spans=76362603 eval_ms=4963.7 idle_iters=20976 res_waits=7642 fw=0 fw_ms=0.0
DIAG worker[1] sustained: cpu3(pinned) placement=[2, 3] batches=593489 spans=75960318 eval_ms=4963.9 idle_iters=15674 res_waits=1523 fw=0 fw_ms=0.0
DIAG rx sustained: publications=383630 polls=1517083 prod_ms=1542.0 bufwait_laps=139566 resets=17437 eos_parks=0 nbuf=16 rx_actual_cpu=1
ADVANCE_DIAGNOSTIC sustained: advances=17437 advance_ms=91.4 us_per_advance=5.2 (F-5 reset/auto-advance hygiene — the synchronous bake tail the per-publication prepatch budget drains; HFT_PREPATCH_BUDGET prices it)
RXWARM_DIAGNOSTIC sustained: enabled=false fixes=0 uncovered=0 last_pass_fixes=0 (F-1 frame-entry warm start; the steady-state law is fixes==0 on pass>=2 — the kill rule reads persistent fixes)
RXBUILD_DIAGNOSTIC sustained: enabled=true patches=383523472 last_pass_patches=21996 frames=21996 (F-2 publish-by-reference master; the steady-state law is every patchable entry patched exactly once per pass boundary)
DIAG cons sustained: parks=13 park_ms=0.9 slow_waits=13 slow_ms=1.1
BENCH mode=replay-hydra-sustained-5s total_msgs=8819477315 duration=5.00s sustained_rate=1763850509 msg/s allocs=0 workers=2 crc_kernel=reflect
PR1_HYDRA_SUSTAINED_VERDICT rate=1763850509 (duration=5.00s, total_msgs=8819477315, workers=2)
PR1_GIGAHFT_VERDICT rate=1763850509 target=1000000000 -> PASS (Project 1.0B: bit-exact, zero-alloc, every byte verified in-window, cross-pass double-buffered fabric)
PR1_R8_FULL_VERIFY_VERDICT rate=1763850509 target=1000000000 -> PASS (R8: 1B msg/s sustained full verification — bit-exact, zero-alloc, every byte CRC32C-verified in-window)
PR1_R16_FULL_VERIFY_VERDICT rate=1763850509 target=2000000000 -> FAIL (R16: 2B msg/s sustained full verification — the Double Helix program, docs/29)
R16B_RXDESC_VERDICT rx_fixes=0 assist_chunks=653231 (array-driven submission telemetry; fixes=0 means every RX prefill entry was already exact)
R23B_AFFINE_VERDICT arm=sustained armed=false tag_hits=0 payload_fallbacks=0 ledger_rows=0 (R23c: zero-re-read affine verification on the worker fabric)
PR1_R23_AFFINE_SUSTAINED_VERDICT rate=1763850509 target=2500000000 -> FAIL (R23: 2.5B+ sustained full verification from register tags — the affine-span algebra program, docs/36)
=== 11v. R16: Dual-Stream Fold (dfold) ARMED Soak (attribution) ===
[1m[92m    Finished[0m `release` profile [optimized] target(s) in 0.01s
[1m[92m     Running[0m `target/release/bench --hydra-only`
BENCH_CALIBRATION invariant_tsc=true freq_mhz=2596.12 mark_overhead_cycles=52
=== R6. PR-1 HYDRA BIT-EXACT MULTI-CORE SPAN CONFORMANCE ===
BLOB_BACKING mode=mmap anon_huge_kb=16384 map_mb=16.5 verdict=thp-granted
HYDRA_BITPARITY sequential=(count=505849 hash=0x881639cead506f25 msg_hash=0xcbf29ce484222325) hydra=(count=505849 hash=0x881639cead506f25 msg_hash=0xcbf29ce484222325) -> BIT-EXACT
BENCH mode=replay-hydra-burst msgs=505849 rate=1488942917 allocs=0 freq=2596.12MHz workers=2 run=1
BENCH mode=replay-hydra-burst msgs=505849 rate=1637099462 allocs=0 freq=2596.12MHz workers=2 run=2
BENCH mode=replay-hydra-burst msgs=505849 rate=1720405130 allocs=0 freq=2596.12MHz workers=2 run=3
BENCH mode=replay-hydra-burst msgs=505849 rate=1666043086 allocs=0 freq=2596.12MHz workers=2 run=4
BENCH mode=replay-hydra-burst msgs=505849 rate=1732982750 allocs=0 freq=2596.12MHz workers=2 run=5
BENCH_MEDIAN mode=replay-hydra-burst rate=1666043086
R23B_AFFINE_VERDICT arm=burst armed=false tag_hits=0 payload_fallbacks=0 ledger_rows=0 (R23c: workers verify spans from register tags, zero payload reads; the (prefix,cum) triple checked per-span by the scalar affine law)
PR1_HYDRA_VERDICT rate=1666043086 (bit-exact multi-core span conformance: 2 workers, every emitted byte CRC32C-checked in-window, ordered serial fold)
PR1_GIGAHFT_BURST_VERDICT rate=1666043086 target=1000000000 -> PASS (R7 burst reference; the sustained arm below is the gate)
DIAG sustained: passes=17659 reset_ms=470.1 scan_ms=4526.5 end_ms=0.9 pending_max=11502 batches=388498 wait_ms=33.5 work_ms=4136.2 fold_ms=283.6 assist_chunks=404960 bytes_per_msg=27.65 crc_demand_gb_s=49.40
DIAG worker[0] sustained: cpu0(pinned) placement=[0, 2] batches=604690 spans=77388274 eval_ms=4959.0 idle_iters=42909 res_waits=418 fw=0 fw_ms=0.0
DIAG worker[1] sustained: cpu2(pinned) placement=[0, 2] batches=730608 spans=93508078 eval_ms=4947.8 idle_iters=38273 res_waits=0 fw=0 fw_ms=0.0
DIAG rx sustained: publications=388558 polls=1536571 prod_ms=1449.4 bufwait_laps=141266 resets=17661 eos_parks=0 nbuf=16 rx_actual_cpu=3
ADVANCE_DIAGNOSTIC sustained: advances=17661 advance_ms=103.8 us_per_advance=5.9 (F-5 reset/auto-advance hygiene — the synchronous bake tail the per-publication prepatch budget drains; HFT_PREPATCH_BUDGET prices it)
RXWARM_DIAGNOSTIC sustained: enabled=false fixes=0 uncovered=0 last_pass_fixes=0 (F-1 frame-entry warm start; the steady-state law is fixes==0 on pass>=2 — the kill rule reads persistent fixes)
RXBUILD_DIAGNOSTIC sustained: enabled=true patches=388450512 last_pass_patches=21996 frames=21996 (F-2 publish-by-reference master; the steady-state law is every patchable entry patched exactly once per pass boundary)
DIAG cons sustained: parks=24 park_ms=1.5 slow_waits=24 slow_ms=1.9
BENCH mode=replay-hydra-sustained-5s total_msgs=8932787491 duration=5.00s sustained_rate=1786502567 msg/s allocs=0 workers=2 crc_kernel=reflect
PR1_HYDRA_SUSTAINED_VERDICT rate=1786502567 (duration=5.00s, total_msgs=8932787491, workers=2)
PR1_GIGAHFT_VERDICT rate=1786502567 target=1000000000 -> PASS (Project 1.0B: bit-exact, zero-alloc, every byte verified in-window, cross-pass double-buffered fabric)
PR1_R8_FULL_VERIFY_VERDICT rate=1786502567 target=1000000000 -> PASS (R8: 1B msg/s sustained full verification — bit-exact, zero-alloc, every byte CRC32C-verified in-window)
PR1_R16_FULL_VERIFY_VERDICT rate=1786502567 target=2000000000 -> FAIL (R16: 2B msg/s sustained full verification — the Double Helix program, docs/29)
R16B_RXDESC_VERDICT rx_fixes=0 assist_chunks=404960 (array-driven submission telemetry; fixes=0 means every RX prefill entry was already exact)
R23B_AFFINE_VERDICT arm=sustained armed=false tag_hits=0 payload_fallbacks=0 ledger_rows=0 (R23c: zero-re-read affine verification on the worker fabric)
PR1_R23_AFFINE_SUSTAINED_VERDICT rate=1786502567 target=2500000000 -> FAIL (R23: 2.5B+ sustained full verification from register tags — the affine-span algebra program, docs/36)
=== 11oa. R21: Octo-Stream Fold (ofold) ARMED Soak (attribution) ===
[1m[92m    Finished[0m `release` profile [optimized] target(s) in 0.00s
[1m[92m     Running[0m `target/release/bench --hydra-only`
BENCH_CALIBRATION invariant_tsc=true freq_mhz=2596.12 mark_overhead_cycles=52
=== R6. PR-1 HYDRA BIT-EXACT MULTI-CORE SPAN CONFORMANCE ===
BLOB_BACKING mode=mmap anon_huge_kb=14336 map_mb=16.5 verdict=thp-granted
HYDRA_BITPARITY sequential=(count=505849 hash=0x881639cead506f25 msg_hash=0xcbf29ce484222325) hydra=(count=505849 hash=0x881639cead506f25 msg_hash=0xcbf29ce484222325) -> BIT-EXACT
BENCH mode=replay-hydra-burst msgs=505849 rate=1523848111 allocs=0 freq=2596.12MHz workers=2 run=1
BENCH mode=replay-hydra-burst msgs=505849 rate=1544110330 allocs=0 freq=2596.12MHz workers=2 run=2
BENCH mode=replay-hydra-burst msgs=505849 rate=1708937777 allocs=0 freq=2596.12MHz workers=2 run=3
BENCH mode=replay-hydra-burst msgs=505849 rate=1773999985 allocs=0 freq=2596.12MHz workers=2 run=4
BENCH mode=replay-hydra-burst msgs=505849 rate=1793339265 allocs=0 freq=2596.12MHz workers=2 run=5
BENCH_MEDIAN mode=replay-hydra-burst rate=1708937777
R23B_AFFINE_VERDICT arm=burst armed=false tag_hits=0 payload_fallbacks=0 ledger_rows=0 (R23c: workers verify spans from register tags, zero payload reads; the (prefix,cum) triple checked per-span by the scalar affine law)
PR1_HYDRA_VERDICT rate=1708937777 (bit-exact multi-core span conformance: 2 workers, every emitted byte CRC32C-checked in-window, ordered serial fold)
PR1_GIGAHFT_BURST_VERDICT rate=1708937777 target=1000000000 -> PASS (R7 burst reference; the sustained arm below is the gate)
DIAG sustained: passes=17644 reset_ms=466.2 scan_ms=4530.3 end_ms=0.9 pending_max=6947 batches=388168 wait_ms=33.0 work_ms=4137.4 fold_ms=286.2 assist_chunks=394872 bytes_per_msg=27.65 crc_demand_gb_s=49.36
DIAG worker[0] sustained: cpu0(pinned) placement=[0, 2] batches=603389 spans=77223402 eval_ms=4963.6 idle_iters=32870 res_waits=0 fw=0 fw_ms=0.0
DIAG worker[1] sustained: cpu2(pinned) placement=[0, 2] batches=735731 spans=94162815 eval_ms=4952.1 idle_iters=35330 res_waits=0 fw=0 fw_ms=0.0
DIAG rx sustained: publications=388228 polls=1535266 prod_ms=1457.5 bufwait_laps=141152 resets=17646 eos_parks=0 nbuf=16 rx_actual_cpu=3
ADVANCE_DIAGNOSTIC sustained: advances=17646 advance_ms=105.8 us_per_advance=6.0 (F-5 reset/auto-advance hygiene — the synchronous bake tail the per-publication prepatch budget drains; HFT_PREPATCH_BUDGET prices it)
RXWARM_DIAGNOSTIC sustained: enabled=false fixes=0 uncovered=0 last_pass_fixes=0 (F-1 frame-entry warm start; the steady-state law is fixes==0 on pass>=2 — the kill rule reads persistent fixes)
RXBUILD_DIAGNOSTIC sustained: enabled=true patches=388120572 last_pass_patches=21932 frames=21996 (F-2 publish-by-reference master; the steady-state law is every patchable entry patched exactly once per pass boundary)
DIAG cons sustained: parks=13 park_ms=1.1 slow_waits=13 slow_ms=1.3
BENCH mode=replay-hydra-sustained-5s total_msgs=8925199756 duration=5.00s sustained_rate=1785024820 msg/s allocs=0 workers=2 crc_kernel=reflect
PR1_HYDRA_SUSTAINED_VERDICT rate=1785024820 (duration=5.00s, total_msgs=8925199756, workers=2)
PR1_GIGAHFT_VERDICT rate=1785024820 target=1000000000 -> PASS (Project 1.0B: bit-exact, zero-alloc, every byte verified in-window, cross-pass double-buffered fabric)
PR1_R8_FULL_VERIFY_VERDICT rate=1785024820 target=1000000000 -> PASS (R8: 1B msg/s sustained full verification — bit-exact, zero-alloc, every byte CRC32C-verified in-window)
PR1_R16_FULL_VERIFY_VERDICT rate=1785024820 target=2000000000 -> FAIL (R16: 2B msg/s sustained full verification — the Double Helix program, docs/29)
R16B_RXDESC_VERDICT rx_fixes=0 assist_chunks=394872 (array-driven submission telemetry; fixes=0 means every RX prefill entry was already exact)
R23B_AFFINE_VERDICT arm=sustained armed=false tag_hits=0 payload_fallbacks=0 ledger_rows=0 (R23c: zero-re-read affine verification on the worker fabric)
PR1_R23_AFFINE_SUSTAINED_VERDICT rate=1785024820 target=2500000000 -> FAIL (R23: 2.5B+ sustained full verification from register tags — the affine-span algebra program, docs/36)
=== 11fb. R21: Fused In-Register Verification ARMED (the Task 2 shape) ===
[1m[92m    Finished[0m `release` profile [optimized] target(s) in 0.00s
[1m[92m     Running[0m `target/release/bench --hydra-only`
BENCH_CALIBRATION invariant_tsc=true freq_mhz=2596.12 mark_overhead_cycles=52
=== R6. PR-1 HYDRA BIT-EXACT MULTI-CORE SPAN CONFORMANCE ===
BLOB_BACKING mode=mmap anon_huge_kb=14336 map_mb=16.5 verdict=thp-granted
HYDRA_FUSED_DIAGNOSTIC force_inline=true kernel=reflect assist_slots=64 (R21 Task 2: submit-side fused verification — every span CRC evaluates on the submitting core at the framing point; the workers never re-read the payload, the 2nd memory pass is eliminated)
HYDRA_BITPARITY sequential=(count=505849 hash=0x881639cead506f25 msg_hash=0xcbf29ce484222325) hydra=(count=505849 hash=0x881639cead506f25 msg_hash=0xcbf29ce484222325) -> BIT-EXACT
BENCH mode=replay-hydra-burst msgs=505849 rate=672454246 allocs=0 freq=2596.12MHz workers=2 run=1
BENCH mode=replay-hydra-burst msgs=505849 rate=698029891 allocs=0 freq=2596.12MHz workers=2 run=2
BENCH mode=replay-hydra-burst msgs=505849 rate=737870011 allocs=0 freq=2596.12MHz workers=2 run=3
BENCH mode=replay-hydra-burst msgs=505849 rate=742382438 allocs=0 freq=2596.12MHz workers=2 run=4
BENCH mode=replay-hydra-burst msgs=505849 rate=754378115 allocs=0 freq=2596.12MHz workers=2 run=5
BENCH_MEDIAN mode=replay-hydra-burst rate=737870011
R23B_AFFINE_VERDICT arm=burst armed=false tag_hits=0 payload_fallbacks=0 ledger_rows=0 (R23c: workers verify spans from register tags, zero payload reads; the (prefix,cum) triple checked per-span by the scalar affine law)
PR1_HYDRA_VERDICT rate=737870011 (bit-exact multi-core span conformance: 2 workers, every emitted byte CRC32C-checked in-window, ordered serial fold)
PR1_GIGAHFT_BURST_VERDICT rate=737870011 target=1000000000 -> FAIL (R7 burst reference; the sustained arm below is the gate)
DIAG sustained: passes=7136 reset_ms=128.5 scan_ms=4869.9 end_ms=0.3 pending_max=48 batches=156992 wait_ms=12.9 work_ms=4733.9 fold_ms=98.4 assist_chunks=1230960 bytes_per_msg=27.65 crc_demand_gb_s=19.96
DIAG worker[0] sustained: cpu0(pinned) placement=[0, 2] batches=0 spans=0 eval_ms=0.0 idle_iters=8152896 res_waits=0 fw=0 fw_ms=0.0
DIAG worker[1] sustained: cpu2(pinned) placement=[0, 2] batches=0 spans=0 eval_ms=0.0 idle_iters=9186703 res_waits=0 fw=0 fw_ms=0.0
DIAG rx sustained: publications=157052 polls=621070 prod_ms=517.2 bufwait_laps=156396 resets=7138 eos_parks=0 nbuf=16 rx_actual_cpu=3
ADVANCE_DIAGNOSTIC sustained: advances=7138 advance_ms=16.1 us_per_advance=2.3 (F-5 reset/auto-advance hygiene — the synchronous bake tail the per-publication prepatch budget drains; HFT_PREPATCH_BUDGET prices it)
RXWARM_DIAGNOSTIC sustained: enabled=false fixes=0 uncovered=0 last_pass_fixes=0 (F-1 frame-entry warm start; the steady-state law is fixes==0 on pass>=2 — the kill rule reads persistent fixes)
RXBUILD_DIAGNOSTIC sustained: enabled=true patches=156986284 last_pass_patches=22060 frames=21996 (F-2 publish-by-reference master; the steady-state law is every patchable entry patched exactly once per pass boundary)
DIAG cons sustained: parks=2 park_ms=0.1 slow_waits=2 slow_ms=0.1
BENCH mode=replay-hydra-sustained-5s total_msgs=3609738464 duration=5.00s sustained_rate=721926119 msg/s allocs=0 workers=2 crc_kernel=reflect
PR1_HYDRA_SUSTAINED_VERDICT rate=721926119 (duration=5.00s, total_msgs=3609738464, workers=2)
PR1_GIGAHFT_VERDICT rate=721926119 target=1000000000 -> FAIL (Project 1.0B: bit-exact, zero-alloc, every byte verified in-window, cross-pass double-buffered fabric)
PR1_R8_FULL_VERIFY_VERDICT rate=721926119 target=1000000000 -> FAIL (R8: 1B msg/s sustained full verification — bit-exact, zero-alloc, every byte CRC32C-verified in-window)
PR1_R16_FULL_VERIFY_VERDICT rate=721926119 target=2000000000 -> FAIL (R16: 2B msg/s sustained full verification — the Double Helix program, docs/29)
R16B_RXDESC_VERDICT rx_fixes=0 assist_chunks=1230960 (array-driven submission telemetry; fixes=0 means every RX prefill entry was already exact)
R23B_AFFINE_VERDICT arm=sustained armed=false tag_hits=0 payload_fallbacks=0 ledger_rows=0 (R23c: zero-re-read affine verification on the worker fabric)
PR1_R23_AFFINE_SUSTAINED_VERDICT rate=721926119 target=2500000000 -> FAIL (R23: 2.5B+ sustained full verification from register tags — the affine-span algebra program, docs/36)
=== 11w. R16b/R17: Array-Driven Submission (rxdesc) ARMED (attribution) ===
[1m[92m    Finished[0m `release` profile [optimized] target(s) in 0.00s
[1m[92m     Running[0m `target/release/bench --hydra-only`
BENCH_CALIBRATION invariant_tsc=true freq_mhz=2596.12 mark_overhead_cycles=52
=== R6. PR-1 HYDRA BIT-EXACT MULTI-CORE SPAN CONFORMANCE ===
BLOB_BACKING mode=mmap anon_huge_kb=14336 map_mb=16.5 verdict=thp-granted
HYDRA_BITPARITY sequential=(count=505849 hash=0x881639cead506f25 msg_hash=0xcbf29ce484222325) hydra=(count=505849 hash=0x881639cead506f25 msg_hash=0xcbf29ce484222325) -> BIT-EXACT
BENCH mode=replay-hydra-burst msgs=505849 rate=1211051631 allocs=0 freq=2596.12MHz workers=2 run=1
BENCH mode=replay-hydra-burst msgs=505849 rate=1236247528 allocs=0 freq=2596.12MHz workers=2 run=2
BENCH mode=replay-hydra-burst msgs=505849 rate=1311764019 allocs=0 freq=2596.12MHz workers=2 run=3
BENCH mode=replay-hydra-burst msgs=505849 rate=1292891574 allocs=0 freq=2596.12MHz workers=2 run=4
BENCH mode=replay-hydra-burst msgs=505849 rate=1322719654 allocs=0 freq=2596.12MHz workers=2 run=5
BENCH_MEDIAN mode=replay-hydra-burst rate=1292891574
R23B_AFFINE_VERDICT arm=burst armed=false tag_hits=0 payload_fallbacks=0 ledger_rows=0 (R23c: workers verify spans from register tags, zero payload reads; the (prefix,cum) triple checked per-span by the scalar affine law)
PR1_HYDRA_VERDICT rate=1292891574 (bit-exact multi-core span conformance: 2 workers, every emitted byte CRC32C-checked in-window, ordered serial fold)
PR1_GIGAHFT_BURST_VERDICT rate=1292891574 target=1000000000 -> PASS (R7 burst reference; the sustained arm below is the gate)
DIAG sustained: passes=12651 reset_ms=332.7 scan_ms=4664.5 end_ms=0.7 pending_max=3120 batches=278322 wait_ms=29.0 work_ms=4369.8 fold_ms=203.8 assist_chunks=417686 bytes_per_msg=27.65 crc_demand_gb_s=35.39
DIAG worker[0] sustained: cpu0(pinned) placement=[0, 2] batches=457250 spans=58522560 eval_ms=4928.1 idle_iters=51983 res_waits=0 fw=14459 fw_ms=30.6
DIAG worker[1] sustained: cpu2(pinned) placement=[0, 2] batches=420996 spans=53878832 eval_ms=3448.2 idle_iters=167844 res_waits=0 fw=346551 fw_ms=1408.0
DIAG rx sustained: publications=278382 polls=1100875 prod_ms=1014.8 bufwait_laps=139197 resets=12653 eos_parks=0 nbuf=16 rx_actual_cpu=3
ADVANCE_DIAGNOSTIC sustained: advances=12653 advance_ms=63.7 us_per_advance=5.0 (F-5 reset/auto-advance hygiene — the synchronous bake tail the per-publication prepatch budget drains; HFT_PREPATCH_BUDGET prices it)
RXWARM_DIAGNOSTIC sustained: enabled=false fixes=0 uncovered=0 last_pass_fixes=0 (F-1 frame-entry warm start; the steady-state law is fixes==0 on pass>=2 — the kill rule reads persistent fixes)
RXBUILD_DIAGNOSTIC sustained: enabled=true patches=278294160 last_pass_patches=22060 frames=21996 (F-2 publish-by-reference master; the steady-state law is every patchable entry patched exactly once per pass boundary)
DIAG cons sustained: parks=17 park_ms=8.5 slow_waits=17 slow_ms=8.8
BENCH mode=replay-hydra-sustained-5s total_msgs=6399495699 duration=5.00s sustained_rate=1279858354 msg/s allocs=0 workers=2 crc_kernel=reflect
PR1_HYDRA_SUSTAINED_VERDICT rate=1279858354 (duration=5.00s, total_msgs=6399495699, workers=2)
PR1_GIGAHFT_VERDICT rate=1279858354 target=1000000000 -> PASS (Project 1.0B: bit-exact, zero-alloc, every byte verified in-window, cross-pass double-buffered fabric)
PR1_R8_FULL_VERIFY_VERDICT rate=1279858354 target=1000000000 -> PASS (R8: 1B msg/s sustained full verification — bit-exact, zero-alloc, every byte CRC32C-verified in-window)
PR1_R16_FULL_VERIFY_VERDICT rate=1279858354 target=2000000000 -> FAIL (R16: 2B msg/s sustained full verification — the Double Helix program, docs/29)
R16B_RXDESC_VERDICT rx_fixes=2048 assist_chunks=417686 (array-driven submission telemetry; fixes=0 means every RX prefill entry was already exact)
R23B_AFFINE_VERDICT arm=sustained armed=false tag_hits=0 payload_fallbacks=0 ledger_rows=0 (R23c: zero-re-read affine verification on the worker fabric)
PR1_R23_AFFINE_SUSTAINED_VERDICT rate=1279858354 target=2500000000 -> FAIL (R23: 2.5B+ sustained full verification from register tags — the affine-span algebra program, docs/36)
=== 11ab. R23c: Affine-Tag Zero-Re-Read Verification ARMED (the affine ship) ===
[1m[92m    Finished[0m `release` profile [optimized] target(s) in 0.00s
[1m[92m     Running[0m `target/release/bench --hydra-only`
BENCH_CALIBRATION invariant_tsc=true freq_mhz=2596.12 mark_overhead_cycles=52
=== R6. PR-1 HYDRA BIT-EXACT MULTI-CORE SPAN CONFORMANCE ===
BLOB_BACKING mode=mmap anon_huge_kb=16384 map_mb=16.5 verdict=thp-granted
HYDRA_BITPARITY sequential=(count=505849 hash=0x881639cead506f25 msg_hash=0xcbf29ce484222325) hydra=(count=505849 hash=0x881639cead506f25 msg_hash=0xcbf29ce484222325) -> BIT-EXACT
BENCH mode=replay-hydra-burst msgs=505849 rate=1238554033 allocs=0 freq=2596.12MHz workers=2 run=1
BENCH mode=replay-hydra-burst msgs=505849 rate=1252216168 allocs=0 freq=2596.12MHz workers=2 run=2
BENCH mode=replay-hydra-burst msgs=505849 rate=1244566313 allocs=0 freq=2596.12MHz workers=2 run=3
BENCH mode=replay-hydra-burst msgs=505849 rate=1210182442 allocs=0 freq=2596.12MHz workers=2 run=4
BENCH mode=replay-hydra-burst msgs=505849 rate=1092874534 allocs=0 freq=2596.12MHz workers=2 run=5
BENCH_MEDIAN mode=replay-hydra-burst rate=1238554033
R23B_AFFINE_VERDICT arm=burst armed=true tag_hits=65952 payload_fallbacks=0 ledger_rows=21984 (R23c: workers verify spans from register tags, zero payload reads; the (prefix,cum) triple checked per-span by the scalar affine law)
PR1_HYDRA_VERDICT rate=1238554033 (bit-exact multi-core span conformance: 2 workers, every emitted byte CRC32C-checked in-window, ordered serial fold)
PR1_GIGAHFT_BURST_VERDICT rate=1238554033 target=1000000000 -> PASS (R7 burst reference; the sustained arm below is the gate)
DIAG sustained: passes=19994 reset_ms=550.8 scan_ms=4445.6 end_ms=0.8 pending_max=2000 batches=439868 wait_ms=37.1 work_ms=4028.8 fold_ms=303.1 assist_chunks=218 bytes_per_msg=27.65 crc_demand_gb_s=55.94
DIAG worker[0] sustained: cpu0(pinned) placement=[0, 2] batches=858853 spans=109885248 eval_ms=1681.9 idle_iters=4241934 res_waits=0 fw=2441001 fw_ms=2102.9
DIAG worker[1] sustained: cpu2(pinned) placement=[0, 2] batches=858812 spans=109885968 eval_ms=1425.7 idle_iters=4360884 res_waits=0 fw=2505443 fw_ms=2276.4
DIAG rx sustained: publications=439928 polls=1739716 prod_ms=1458.8 bufwait_laps=141758 resets=19996 eos_parks=0 nbuf=16 rx_actual_cpu=3
ADVANCE_DIAGNOSTIC sustained: advances=19996 advance_ms=63.4 us_per_advance=3.2 (F-5 reset/auto-advance hygiene — the synchronous bake tail the per-publication prepatch budget drains; HFT_PREPATCH_BUDGET prices it)
RXWARM_DIAGNOSTIC sustained: enabled=false fixes=0 uncovered=0 last_pass_fixes=0 (F-1 frame-entry warm start; the steady-state law is fixes==0 on pass>=2 — the kill rule reads persistent fixes)
RXBUILD_DIAGNOSTIC sustained: enabled=true patches=439810980 last_pass_patches=22060 frames=21996 (F-2 publish-by-reference master; the steady-state law is every patchable entry patched exactly once per pass boundary)
DIAG cons sustained: parks=69 park_ms=6.5 slow_waits=69 slow_ms=7.4
BENCH mode=replay-hydra-sustained-5s total_msgs=10113944906 duration=5.00s sustained_rate=2022829202 msg/s allocs=0 workers=2 crc_kernel=reflect
PR1_HYDRA_SUSTAINED_VERDICT rate=2022829202 (duration=5.00s, total_msgs=10113944906, workers=2)
PR1_GIGAHFT_VERDICT rate=2022829202 target=1000000000 -> PASS (Project 1.0B: bit-exact, zero-alloc, every byte verified in-window, cross-pass double-buffered fabric)
PR1_R8_FULL_VERIFY_VERDICT rate=2022829202 target=1000000000 -> PASS (R8: 1B msg/s sustained full verification — bit-exact, zero-alloc, every byte CRC32C-verified in-window)
PR1_R16_FULL_VERIFY_VERDICT rate=2022829202 target=2000000000 -> PASS (R16: 2B msg/s sustained full verification — the Double Helix program, docs/29)
R16B_RXDESC_VERDICT rx_fixes=0 assist_chunks=218 (array-driven submission telemetry; fixes=0 means every RX prefill entry was already exact)
R23B_AFFINE_VERDICT arm=sustained armed=true tag_hits=219771216 payload_fallbacks=0 ledger_rows=21984 (R23c: zero-re-read affine verification on the worker fabric)
PR1_R23_AFFINE_SUSTAINED_VERDICT rate=2022829202 target=2500000000 -> FAIL (R23: 2.5B+ sustained full verification from register tags — the affine-span algebra program, docs/36)
R23B_AFFINE_VERDICT arm=sustained armed=true tag_hits=219771216 payload_fallbacks=0 ledger_rows=21984 (R23c: zero-re-read affine verification on the worker fabric)
PR1_R23_AFFINE_SUSTAINED_VERDICT rate=2022829202 target=2500000000 -> FAIL (R23: 2.5B+ sustained full verification from register tags — the affine-span algebra program, docs/36)
=== 11z. R17: Null-Mode Instrument (the non-CRC fabric ceiling) ===
[1m[92m    Finished[0m `release` profile [optimized] target(s) in 0.00s
[1m[92m     Running[0m `target/release/bench --hydra-only`
BENCH_CALIBRATION invariant_tsc=true freq_mhz=2596.12 mark_overhead_cycles=52
=== R6. PR-1 HYDRA BIT-EXACT MULTI-CORE SPAN CONFORMANCE ===
BLOB_BACKING mode=mmap anon_huge_kb=16384 map_mb=16.5 verdict=thp-granted
HYDRA_NULL_MODE_DIAGNOSTIC workers skip the CRC kernel — parity asserts DISABLED, rate is the pipeline-overhead ceiling only
BENCH mode=replay-hydra-burst msgs=505849 rate=3809735046 allocs=0 freq=2596.12MHz workers=2 run=1
BENCH mode=replay-hydra-burst msgs=505849 rate=3846555696 allocs=0 freq=2596.12MHz workers=2 run=2
BENCH mode=replay-hydra-burst msgs=505849 rate=3935281853 allocs=0 freq=2596.12MHz workers=2 run=3
BENCH mode=replay-hydra-burst msgs=505849 rate=2974987355 allocs=0 freq=2596.12MHz workers=2 run=4
BENCH mode=replay-hydra-burst msgs=505849 rate=3915149029 allocs=0 freq=2596.12MHz workers=2 run=5
BENCH_MEDIAN mode=replay-hydra-burst rate=3846555696
R23B_AFFINE_VERDICT arm=burst armed=false tag_hits=0 payload_fallbacks=0 ledger_rows=0 (R23c: workers verify spans from register tags, zero payload reads; the (prefix,cum) triple checked per-span by the scalar affine law)
PR1_HYDRA_VERDICT rate=3846555696 (bit-exact multi-core span conformance: 2 workers, every emitted byte CRC32C-checked in-window, ordered serial fold)
PR1_GIGAHFT_BURST_VERDICT rate=3846555696 target=1000000000 -> PASS (R7 burst reference; the sustained arm below is the gate)
DIAG sustained: passes=29740 reset_ms=828.8 scan_ms=4166.6 end_ms=1.4 pending_max=2000 batches=654280 wait_ms=61.5 work_ms=3550.6 fold_ms=446.0 assist_chunks=5 bytes_per_msg=27.65 crc_demand_gb_s=83.20
DIAG worker[0] sustained: cpu0(pinned) placement=[0, 2] batches=2564865 spans=166021411 eval_ms=528.3 idle_iters=16075810 res_waits=0 fw=0 fw_ms=0.0
DIAG worker[1] sustained: cpu2(pinned) placement=[0, 2] batches=2564800 spans=166021658 eval_ms=586.4 idle_iters=15945965 res_waits=0 fw=0 fw_ms=0.0
DIAG rx sustained: publications=654340 polls=2587618 prod_ms=2128.8 bufwait_laps=208185 resets=29742 eos_parks=0 nbuf=16 rx_actual_cpu=3
ADVANCE_DIAGNOSTIC sustained: advances=29742 advance_ms=297.5 us_per_advance=10.0 (F-5 reset/auto-advance hygiene — the synchronous bake tail the per-publication prepatch budget drains; HFT_PREPATCH_BUDGET prices it)
RXWARM_DIAGNOSTIC sustained: enabled=false fixes=0 uncovered=0 last_pass_fixes=0 (F-1 frame-entry warm start; the steady-state law is fixes==0 on pass>=2 — the kill rule reads persistent fixes)
RXBUILD_DIAGNOSTIC sustained: enabled=true patches=654184252 last_pass_patches=21996 frames=21996 (F-2 publish-by-reference master; the steady-state law is every patchable entry patched exactly once per pass boundary)
DIAG cons sustained: parks=44 park_ms=5.9 slow_waits=44 slow_ms=6.5
BENCH mode=replay-hydra-sustained-5s total_msgs=15043949260 duration=5.00s sustained_rate=3008770796 msg/s allocs=0 workers=2 crc_kernel=reflect
PR1_HYDRA_SUSTAINED_VERDICT rate=3008770796 (duration=5.00s, total_msgs=15043949260, workers=2)
PR1_GIGAHFT_VERDICT rate=3008770796 target=1000000000 -> PASS (Project 1.0B: bit-exact, zero-alloc, every byte verified in-window, cross-pass double-buffered fabric)
PR1_R8_FULL_VERIFY_VERDICT rate=3008770796 target=1000000000 -> PASS (R8: 1B msg/s sustained full verification — bit-exact, zero-alloc, every byte CRC32C-verified in-window)
PR1_R16_FULL_VERIFY_VERDICT rate=3008770796 target=2000000000 -> PASS (R16: 2B msg/s sustained full verification — the Double Helix program, docs/29)
R16B_RXDESC_VERDICT rx_fixes=0 assist_chunks=5 (array-driven submission telemetry; fixes=0 means every RX prefill entry was already exact)
R23B_AFFINE_VERDICT arm=sustained armed=false tag_hits=0 payload_fallbacks=0 ledger_rows=0 (R23c: zero-re-read affine verification on the worker fabric)
PR1_R23_AFFINE_SUSTAINED_VERDICT rate=3008770796 target=2500000000 -> PASS (R23: 2.5B+ sustained full verification from register tags — the affine-span algebra program, docs/36)
=== 11wn. R17/F-1: RX Frame-Entry Warm Start ARMED (the refuted lever's pricing instrument) ===
[1m[92m    Finished[0m `release` profile [optimized] target(s) in 0.00s
[1m[92m     Running[0m `target/release/bench --hydra-only`
BENCH_CALIBRATION invariant_tsc=true freq_mhz=2596.12 mark_overhead_cycles=52
=== R6. PR-1 HYDRA BIT-EXACT MULTI-CORE SPAN CONFORMANCE ===
BLOB_BACKING mode=mmap anon_huge_kb=14336 map_mb=16.5 verdict=thp-granted
HYDRA_BITPARITY sequential=(count=505849 hash=0x881639cead506f25 msg_hash=0xcbf29ce484222325) hydra=(count=505849 hash=0x881639cead506f25 msg_hash=0xcbf29ce484222325) -> BIT-EXACT
BENCH mode=replay-hydra-burst msgs=505849 rate=1241874464 allocs=0 freq=2596.12MHz workers=2 run=1
BENCH mode=replay-hydra-burst msgs=505849 rate=1315899826 allocs=0 freq=2596.12MHz workers=2 run=2
BENCH mode=replay-hydra-burst msgs=505849 rate=1490790295 allocs=0 freq=2596.12MHz workers=2 run=3
BENCH mode=replay-hydra-burst msgs=505849 rate=1529751356 allocs=0 freq=2596.12MHz workers=2 run=4
BENCH mode=replay-hydra-burst msgs=505849 rate=1550937125 allocs=0 freq=2596.12MHz workers=2 run=5
BENCH_MEDIAN mode=replay-hydra-burst rate=1490790295
R23B_AFFINE_VERDICT arm=burst armed=false tag_hits=0 payload_fallbacks=0 ledger_rows=0 (R23c: workers verify spans from register tags, zero payload reads; the (prefix,cum) triple checked per-span by the scalar affine law)
PR1_HYDRA_VERDICT rate=1490790295 (bit-exact multi-core span conformance: 2 workers, every emitted byte CRC32C-checked in-window, ordered serial fold)
PR1_GIGAHFT_BURST_VERDICT rate=1490790295 target=1000000000 -> PASS (R7 burst reference; the sustained arm below is the gate)
DIAG sustained: passes=16464 reset_ms=659.3 scan_ms=4337.3 end_ms=0.8 pending_max=6489 batches=362208 wait_ms=405.8 work_ms=3598.8 fold_ms=263.6 assist_chunks=320029 bytes_per_msg=27.65 crc_demand_gb_s=46.06
DIAG worker[0] sustained: cpu0(pinned) placement=[0, 2] batches=641003 spans=82037802 eval_ms=4961.2 idle_iters=32021 res_waits=0 fw=0 fw_ms=0.0
DIAG worker[1] sustained: cpu2(pinned) placement=[0, 2] batches=633147 spans=81033039 eval_ms=4955.3 idle_iters=32706 res_waits=0 fw=0 fw_ms=0.0
DIAG rx sustained: publications=362268 polls=1432606 prod_ms=3422.1 bufwait_laps=115150 resets=16466 eos_parks=0 nbuf=16 rx_actual_cpu=3
ADVANCE_DIAGNOSTIC sustained: advances=16466 advance_ms=330.4 us_per_advance=20.1 (F-5 reset/auto-advance hygiene — the synchronous bake tail the per-publication prepatch budget drains; HFT_PREPATCH_BUDGET prices it)
RXWARM_DIAGNOSTIC sustained: enabled=true fixes=21996 uncovered=0 last_pass_fixes=0 (F-1 frame-entry warm start; the steady-state law is fixes==0 on pass>=2 — the kill rule reads persistent fixes)
RXBUILD_DIAGNOSTIC sustained: enabled=false patches=0 last_pass_patches=0 frames=0 (F-2 publish-by-reference master; the steady-state law is every patchable entry patched exactly once per pass boundary)
DIAG cons sustained: parks=77 park_ms=3.9 slow_waits=78 slow_ms=5.0
BENCH mode=replay-hydra-sustained-5s total_msgs=8328297936 duration=5.00s sustained_rate=1665656497 msg/s allocs=0 workers=2 crc_kernel=reflect
PR1_HYDRA_SUSTAINED_VERDICT rate=1665656497 (duration=5.00s, total_msgs=8328297936, workers=2)
PR1_GIGAHFT_VERDICT rate=1665656497 target=1000000000 -> PASS (Project 1.0B: bit-exact, zero-alloc, every byte verified in-window, cross-pass double-buffered fabric)
PR1_R8_FULL_VERIFY_VERDICT rate=1665656497 target=1000000000 -> PASS (R8: 1B msg/s sustained full verification — bit-exact, zero-alloc, every byte CRC32C-verified in-window)
PR1_R16_FULL_VERIFY_VERDICT rate=1665656497 target=2000000000 -> FAIL (R16: 2B msg/s sustained full verification — the Double Helix program, docs/29)
R16B_RXDESC_VERDICT rx_fixes=0 assist_chunks=320029 (array-driven submission telemetry; fixes=0 means every RX prefill entry was already exact)
R23B_AFFINE_VERDICT arm=sustained armed=false tag_hits=0 payload_fallbacks=0 ledger_rows=0 (R23c: zero-re-read affine verification on the worker fabric)
PR1_R23_AFFINE_SUSTAINED_VERDICT rate=1665656497 target=2500000000 -> FAIL (R23: 2.5B+ sustained full verification from register tags — the affine-span algebra program, docs/36)
[1m[92m    Finished[0m `release` profile [optimized] target(s) in 0.00s
[1m[92m     Running[0m `target/release/hft_bench --sample data/tests/sample-mini.itch --runs 5 --warmup 2 --output-format json`
HFT_BENCH_CALIBRATION invariant_tsc=true freq_mhz=2596.12 mark_overhead_cycles=52 target_env=gnu
TOPOLOGY_VERIFICATION main=Some(0) rx=Some(2) -> VERIFIED (distinct physical cores, same L3 domain — the deterministic 0.21 cyc/msg mode)
BLOB_BACKING mode=mmap anon_huge_kb=14336 map_mb=16.5 verdict=thp-granted
HFT_BENCH_WARMUP 1/2 arm=classic rate=850299290
HFT_BENCH_WARMUP 2/2 arm=classic rate=1045181432
HFT_BENCH_RUN 1/5 arm=classic rate=1102129968 cyc=2.36
HFT_BENCH_RUN 2/5 arm=classic rate=1124656221 cyc=2.31
HFT_BENCH_RUN 3/5 arm=classic rate=1205102488 cyc=2.15
HFT_BENCH_RUN 4/5 arm=classic rate=1207147203 cyc=2.15
HFT_BENCH_RUN 5/5 arm=classic rate=1202032659 cyc=2.16
HFT_BENCH_WARMUP 1/2 arm=span rate=1706280379
HFT_BENCH_WARMUP 2/2 arm=span rate=4711708271
HFT_BENCH_RUN 1/5 arm=span rate=3582500000 cyc=0.72
HFT_BENCH_RUN 2/5 arm=span rate=3577154535 cyc=0.73
HFT_BENCH_RUN 3/5 arm=span rate=3609623302 cyc=0.72
HFT_BENCH_RUN 4/5 arm=span rate=3593698493 cyc=0.72
HFT_BENCH_RUN 5/5 arm=span rate=3574121570 cyc=0.73
DIAG rx span: publications=170 polls=673 prod_ms=1.3 bufwait_laps=39 resets=7 eos_parks=7 nbuf=16 rx_actual_cpu=2
ADVANCE_DIAGNOSTIC span: advances=0 advance_ms=0.0 us_per_advance=0.0 (F-5 reset/auto-advance hygiene — the synchronous bake tail the per-publication prepatch budget drains; HFT_PREPATCH_BUDGET prices it)
RXWARM_DIAGNOSTIC span: enabled=true fixes=21996 uncovered=0 last_pass_fixes=0 (F-1 frame-entry warm start; the steady-state law is fixes==0 on pass>=2 — the kill rule reads persistent fixes)
RXBUILD_DIAGNOSTIC span: enabled=false patches=0 last_pass_patches=0 frames=0 (F-2 publish-by-reference master; the steady-state law is every patchable entry patched exactly once per pass boundary)
DIAG cons span: parks=1 park_ms=0.1 slow_waits=1 slow_ms=0.1
LADDER_DIAGNOSTIC span: vectorized=false (F-3 entry walk; HFT_VEC_LADDER=1 arms the 8-entry group path — the Front A consumer IS the post-F-2 wall)
HFT_BENCH_WARMUP 1/2 arm=spec rate=513104294
HFT_BENCH_WARMUP 2/2 arm=spec rate=511369230
HFT_BENCH_RUN 1/5 arm=spec rate=513124593
HFT_BENCH_RUN 2/5 arm=spec rate=508978197
HFT_BENCH_RUN 3/5 arm=spec rate=515155280
HFT_BENCH_RUN 4/5 arm=spec rate=516953153
HFT_BENCH_RUN 5/5 arm=spec rate=515286996
PR1_R23_PURE_INGEST_VERDICT rate=515155280 target=15000000000 -> FAIL (R23: 15B msg/s pure ingest with the speculative 512-bit slicer — the 20B mode's pricing row; the R8/R16 span-arm gates above stay the asserting floor)
DIAG rx spec: publications=91 polls=609 prod_ms=0.7 bufwait_laps=0 resets=7 eos_parks=7 nbuf=16 rx_actual_cpu=2
ADVANCE_DIAGNOSTIC spec: advances=0 advance_ms=0.0 us_per_advance=0.0 (F-5 reset/auto-advance hygiene — the synchronous bake tail the per-publication prepatch budget drains; HFT_PREPATCH_BUDGET prices it)
RXWARM_DIAGNOSTIC spec: enabled=true fixes=10998 uncovered=0 last_pass_fixes=0 (F-1 frame-entry warm start; the steady-state law is fixes==0 on pass>=2 — the kill rule reads persistent fixes)
RXBUILD_DIAGNOSTIC spec: enabled=false patches=0 last_pass_patches=0 frames=0 (F-2 publish-by-reference master; the steady-state law is every patchable entry patched exactly once per pass boundary)
DIAG cons spec: parks=0 park_ms=0.0 slow_waits=0 slow_ms=0.0
PR1_R8_PURE_INGEST_VERDICT rate=3582500000 target=2000000000 -> PASS (R8: 2B msg/s pure ingest — full pipeline live, span emission, zero verification skipped)
PR1_R16_PURE_INGEST_VERDICT rate=3582500000 target=5000000000 -> FAIL (R16: 5B msg/s pure ingest — the Double Helix program, docs/29)
{
  "median_cycles": 2.1598,
  "p95_cycles": 2.3555,
  "p99_cycles": 2.3555,
  "stddev": 0.0881,
  "cv_percent": 4.0776,
  "runs": 5,
  "warmup": 2,
  "cpu_model": "AMD EPYC 9V45 96-Core Processor",
  "freq_mhz": 2596.12,
  "target": "x86_64-unknown-linux-gnu",
  "sink": "count+span",
  "sample": "data/tests/sample-mini.itch",
  "span_median_cycles": 0.7247,
  "span_p95_cycles": 0.7264,
  "span_p99_cycles": 0.7264,
  "span_stddev": 0.0026,
  "span_cv_percent": 0.3597,
  "span_rate_msg_per_sec": 3582500000,
  "r8_pure_ingest_target": 2000000000,
  "r8_pure_ingest_verdict": "PASS",
  "r16_pure_ingest_target": 5000000000,
  "r16_pure_ingest_verdict": "FAIL",
  "spec_rate_msg_per_sec": 515155280,
  "r23_pure_ingest_target": 15000000000,
  "r23_pure_ingest_verdict": "FAIL"
}
=== 11rb. R17/F-2: Publish-by-Reference ROLLBACK (the classic-path pricing arm — the default IS rxbuild since the F-2 verdict) ===
[1m[92m    Finished[0m `release` profile [optimized] target(s) in 0.00s
[1m[92m     Running[0m `target/release/bench --hydra-only`
BENCH_CALIBRATION invariant_tsc=true freq_mhz=2596.12 mark_overhead_cycles=52
=== R6. PR-1 HYDRA BIT-EXACT MULTI-CORE SPAN CONFORMANCE ===
BLOB_BACKING mode=mmap anon_huge_kb=16384 map_mb=16.5 verdict=thp-granted
HYDRA_BITPARITY sequential=(count=505849 hash=0x881639cead506f25 msg_hash=0xcbf29ce484222325) hydra=(count=505849 hash=0x881639cead506f25 msg_hash=0xcbf29ce484222325) -> BIT-EXACT
BENCH mode=replay-hydra-burst msgs=505849 rate=1420640827 allocs=0 freq=2596.12MHz workers=2 run=1
BENCH mode=replay-hydra-burst msgs=505849 rate=1501066787 allocs=0 freq=2596.12MHz workers=2 run=2
BENCH mode=replay-hydra-burst msgs=505849 rate=1554043716 allocs=0 freq=2596.12MHz workers=2 run=3
BENCH mode=replay-hydra-burst msgs=505849 rate=1540578650 allocs=0 freq=2596.12MHz workers=2 run=4
BENCH mode=replay-hydra-burst msgs=505849 rate=1618323223 allocs=0 freq=2596.12MHz workers=2 run=5
BENCH_MEDIAN mode=replay-hydra-burst rate=1540578650
R23B_AFFINE_VERDICT arm=burst armed=false tag_hits=0 payload_fallbacks=0 ledger_rows=0 (R23c: workers verify spans from register tags, zero payload reads; the (prefix,cum) triple checked per-span by the scalar affine law)
PR1_HYDRA_VERDICT rate=1540578650 (bit-exact multi-core span conformance: 2 workers, every emitted byte CRC32C-checked in-window, ordered serial fold)
PR1_GIGAHFT_BURST_VERDICT rate=1540578650 target=1000000000 -> PASS (R7 burst reference; the sustained arm below is the gate)
DIAG sustained: passes=16981 reset_ms=397.5 scan_ms=4599.2 end_ms=0.9 pending_max=7370 batches=373582 wait_ms=135.5 work_ms=4116.9 fold_ms=275.0 assist_chunks=418456 bytes_per_msg=27.65 crc_demand_gb_s=47.50
DIAG worker[0] sustained: cpu0(pinned) placement=[0, 2] batches=602733 spans=77141322 eval_ms=4963.1 idle_iters=35594 res_waits=916 fw=0 fw_ms=0.0
DIAG worker[1] sustained: cpu2(pinned) placement=[0, 2] batches=666537 spans=85309489 eval_ms=4954.3 idle_iters=32167 res_waits=146 fw=0 fw_ms=0.0
DIAG rx sustained: publications=373642 polls=1477585 prod_ms=3059.4 bufwait_laps=118860 resets=16983 eos_parks=0 nbuf=16 rx_actual_cpu=3
ADVANCE_DIAGNOSTIC sustained: advances=16983 advance_ms=48.3 us_per_advance=2.8 (F-5 reset/auto-advance hygiene — the synchronous bake tail the per-publication prepatch budget drains; HFT_PREPATCH_BUDGET prices it)
RXWARM_DIAGNOSTIC sustained: enabled=false fixes=0 uncovered=0 last_pass_fixes=0 (F-1 frame-entry warm start; the steady-state law is fixes==0 on pass>=2 — the kill rule reads persistent fixes)
RXBUILD_DIAGNOSTIC sustained: enabled=false patches=0 last_pass_patches=0 frames=0 (F-2 publish-by-reference master; the steady-state law is every patchable entry patched exactly once per pass boundary)
DIAG cons sustained: parks=90 park_ms=8.4 slow_waits=89 slow_ms=10.1
BENCH mode=replay-hydra-sustained-5s total_msgs=8589821869 duration=5.00s sustained_rate=1717873090 msg/s allocs=0 workers=2 crc_kernel=reflect
PR1_HYDRA_SUSTAINED_VERDICT rate=1717873090 (duration=5.00s, total_msgs=8589821869, workers=2)
PR1_GIGAHFT_VERDICT rate=1717873090 target=1000000000 -> PASS (Project 1.0B: bit-exact, zero-alloc, every byte verified in-window, cross-pass double-buffered fabric)
PR1_R8_FULL_VERIFY_VERDICT rate=1717873090 target=1000000000 -> PASS (R8: 1B msg/s sustained full verification — bit-exact, zero-alloc, every byte CRC32C-verified in-window)
PR1_R16_FULL_VERIFY_VERDICT rate=1717873090 target=2000000000 -> FAIL (R16: 2B msg/s sustained full verification — the Double Helix program, docs/29)
R16B_RXDESC_VERDICT rx_fixes=0 assist_chunks=418456 (array-driven submission telemetry; fixes=0 means every RX prefill entry was already exact)
R23B_AFFINE_VERDICT arm=sustained armed=false tag_hits=0 payload_fallbacks=0 ledger_rows=0 (R23c: zero-re-read affine verification on the worker fabric)
PR1_R23_AFFINE_SUSTAINED_VERDICT rate=1717873090 target=2500000000 -> FAIL (R23: 2.5B+ sustained full verification from register tags — the affine-span algebra program, docs/36)
[1m[92m    Finished[0m `release` profile [optimized] target(s) in 0.01s
[1m[92m     Running[0m `target/release/hft_bench --sample data/tests/sample-mini.itch --runs 5 --warmup 2 --output-format json`
HFT_BENCH_CALIBRATION invariant_tsc=true freq_mhz=2596.12 mark_overhead_cycles=52 target_env=gnu
TOPOLOGY_VERIFICATION main=Some(0) rx=Some(2) -> VERIFIED (distinct physical cores, same L3 domain — the deterministic 0.21 cyc/msg mode)
BLOB_BACKING mode=mmap anon_huge_kb=16384 map_mb=16.5 verdict=thp-granted
HFT_BENCH_WARMUP 1/2 arm=classic rate=1047369303
HFT_BENCH_WARMUP 2/2 arm=classic rate=1048589474
HFT_BENCH_RUN 1/5 arm=classic rate=1089318477 cyc=2.38
HFT_BENCH_RUN 2/5 arm=classic rate=1087908141 cyc=2.39
HFT_BENCH_RUN 3/5 arm=classic rate=1222841077 cyc=2.12
HFT_BENCH_RUN 4/5 arm=classic rate=1224116485 cyc=2.12
HFT_BENCH_RUN 5/5 arm=classic rate=1195462032 cyc=2.17
HFT_BENCH_WARMUP 1/2 arm=span rate=2204586560
HFT_BENCH_WARMUP 2/2 arm=span rate=4507734944
HFT_BENCH_RUN 1/5 arm=span rate=4742230638 cyc=0.55
HFT_BENCH_RUN 2/5 arm=span rate=4051134816 cyc=0.64
HFT_BENCH_RUN 3/5 arm=span rate=4716980604 cyc=0.55
HFT_BENCH_RUN 4/5 arm=span rate=3702219066 cyc=0.70
HFT_BENCH_RUN 5/5 arm=span rate=3689500747 cyc=0.70
DIAG rx span: publications=170 polls=673 prod_ms=0.9 bufwait_laps=43 resets=7 eos_parks=7 nbuf=16 rx_actual_cpu=2
ADVANCE_DIAGNOSTIC span: advances=0 advance_ms=0.0 us_per_advance=0.0 (F-5 reset/auto-advance hygiene — the synchronous bake tail the per-publication prepatch budget drains; HFT_PREPATCH_BUDGET prices it)
RXWARM_DIAGNOSTIC span: enabled=false fixes=0 uncovered=0 last_pass_fixes=0 (F-1 frame-entry warm start; the steady-state law is fixes==0 on pass>=2 — the kill rule reads persistent fixes)
RXBUILD_DIAGNOSTIC span: enabled=false patches=0 last_pass_patches=0 frames=0 (F-2 publish-by-reference master; the steady-state law is every patchable entry patched exactly once per pass boundary)
DIAG cons span: parks=1 park_ms=0.1 slow_waits=1 slow_ms=0.1
LADDER_DIAGNOSTIC span: vectorized=false (F-3 entry walk; HFT_VEC_LADDER=1 arms the 8-entry group path — the Front A consumer IS the post-F-2 wall)
HFT_BENCH_WARMUP 1/2 arm=spec rate=506619060
HFT_BENCH_WARMUP 2/2 arm=spec rate=508347528
HFT_BENCH_RUN 1/5 arm=spec rate=514127480
HFT_BENCH_RUN 2/5 arm=spec rate=516863358
HFT_BENCH_RUN 3/5 arm=spec rate=514221555
HFT_BENCH_RUN 4/5 arm=spec rate=514876850
HFT_BENCH_RUN 5/5 arm=spec rate=511658886
PR1_R23_PURE_INGEST_VERDICT rate=514221555 target=15000000000 -> FAIL (R23: 15B msg/s pure ingest with the speculative 512-bit slicer — the 20B mode's pricing row; the R8/R16 span-arm gates above stay the asserting floor)
DIAG rx spec: publications=91 polls=609 prod_ms=0.6 bufwait_laps=0 resets=7 eos_parks=7 nbuf=16 rx_actual_cpu=2
ADVANCE_DIAGNOSTIC spec: advances=0 advance_ms=0.0 us_per_advance=0.0 (F-5 reset/auto-advance hygiene — the synchronous bake tail the per-publication prepatch budget drains; HFT_PREPATCH_BUDGET prices it)
RXWARM_DIAGNOSTIC spec: enabled=false fixes=0 uncovered=0 last_pass_fixes=0 (F-1 frame-entry warm start; the steady-state law is fixes==0 on pass>=2 — the kill rule reads persistent fixes)
RXBUILD_DIAGNOSTIC spec: enabled=false patches=0 last_pass_patches=0 frames=0 (F-2 publish-by-reference master; the steady-state law is every patchable entry patched exactly once per pass boundary)
DIAG cons spec: parks=0 park_ms=0.0 slow_waits=0 slow_ms=0.0
PR1_R8_PURE_INGEST_VERDICT rate=4051134816 target=2000000000 -> PASS (R8: 2B msg/s pure ingest — full pipeline live, span emission, zero verification skipped)
PR1_R16_PURE_INGEST_VERDICT rate=4051134816 target=5000000000 -> FAIL (R16: 5B msg/s pure ingest — the Double Helix program, docs/29)
{
  "median_cycles": 2.1716,
  "p95_cycles": 2.3863,
  "p99_cycles": 2.3863,
  "stddev": 0.1220,
  "cv_percent": 5.6191,
  "runs": 5,
  "warmup": 2,
  "cpu_model": "AMD EPYC 9V45 96-Core Processor",
  "freq_mhz": 2596.12,
  "target": "x86_64-unknown-linux-gnu",
  "sink": "count+span",
  "sample": "data/tests/sample-mini.itch",
  "span_median_cycles": 0.6408,
  "span_p95_cycles": 0.7037,
  "span_p99_cycles": 0.7037,
  "span_stddev": 0.0689,
  "span_cv_percent": 10.7575,
  "span_rate_msg_per_sec": 4051134816,
  "r8_pure_ingest_target": 2000000000,
  "r8_pure_ingest_verdict": "PASS",
  "r16_pure_ingest_target": 5000000000,
  "r16_pure_ingest_verdict": "FAIL",
  "spec_rate_msg_per_sec": 514221555,
  "r23_pure_ingest_target": 15000000000,
  "r23_pure_ingest_verdict": "FAIL"
}
=== 11sl. R17/F-3: Front A Vectorized Entry-Walk Ladder ARMED (the residual 7.7% lever, round 1) ===
[1m[92m    Finished[0m `release` profile [optimized] target(s) in 0.00s
[1m[92m     Running[0m `target/release/hft_bench --sample data/tests/sample-mini.itch --runs 5 --warmup 2 --output-format json`
HFT_BENCH_CALIBRATION invariant_tsc=true freq_mhz=2596.12 mark_overhead_cycles=52 target_env=gnu
TOPOLOGY_VERIFICATION main=Some(0) rx=Some(2) -> VERIFIED (distinct physical cores, same L3 domain — the deterministic 0.21 cyc/msg mode)
BLOB_BACKING mode=mmap anon_huge_kb=14336 map_mb=16.5 verdict=thp-granted
HFT_BENCH_WARMUP 1/2 arm=classic rate=956473153
HFT_BENCH_WARMUP 2/2 arm=classic rate=997008082
HFT_BENCH_RUN 1/5 arm=classic rate=936434857 cyc=2.77
HFT_BENCH_RUN 2/5 arm=classic rate=1094177067 cyc=2.37
HFT_BENCH_RUN 3/5 arm=classic rate=1127795527 cyc=2.30
HFT_BENCH_RUN 4/5 arm=classic rate=1090680736 cyc=2.38
HFT_BENCH_RUN 5/5 arm=classic rate=1143316607 cyc=2.27
HFT_BENCH_WARMUP 1/2 arm=span rate=2701189198
HFT_BENCH_WARMUP 2/2 arm=span rate=6662570465
HFT_BENCH_RUN 1/5 arm=span rate=7934263979 cyc=0.33
HFT_BENCH_RUN 2/5 arm=span rate=8323992101 cyc=0.31
HFT_BENCH_RUN 3/5 arm=span rate=8053125099 cyc=0.32
HFT_BENCH_RUN 4/5 arm=span rate=8011038261 cyc=0.32
HFT_BENCH_RUN 5/5 arm=span rate=8011038261 cyc=0.32
DIAG rx span: publications=170 polls=673 prod_ms=0.5 bufwait_laps=46 resets=7 eos_parks=7 nbuf=16 rx_actual_cpu=2
ADVANCE_DIAGNOSTIC span: advances=0 advance_ms=0.0 us_per_advance=0.0 (F-5 reset/auto-advance hygiene — the synchronous bake tail the per-publication prepatch budget drains; HFT_PREPATCH_BUDGET prices it)
RXWARM_DIAGNOSTIC span: enabled=false fixes=0 uncovered=0 last_pass_fixes=0 (F-1 frame-entry warm start; the steady-state law is fixes==0 on pass>=2 — the kill rule reads persistent fixes)
RXBUILD_DIAGNOSTIC span: enabled=true patches=153972 last_pass_patches=21996 frames=21996 (F-2 publish-by-reference master; the steady-state law is every patchable entry patched exactly once per pass boundary)
DIAG cons span: parks=1 park_ms=0.1 slow_waits=1 slow_ms=0.1
LADDER_DIAGNOSTIC span: vectorized=false (F-3 entry walk; HFT_VEC_LADDER=1 arms the 8-entry group path — the Front A consumer IS the post-F-2 wall)
HFT_BENCH_WARMUP 1/2 arm=spec rate=485396805
HFT_BENCH_WARMUP 2/2 arm=spec rate=476877724
HFT_BENCH_RUN 1/5 arm=spec rate=483927102
HFT_BENCH_RUN 2/5 arm=spec rate=486556546
HFT_BENCH_RUN 3/5 arm=spec rate=486485888
HFT_BENCH_RUN 4/5 arm=spec rate=485443853
HFT_BENCH_RUN 5/5 arm=spec rate=485569668
PR1_R23_PURE_INGEST_VERDICT rate=485569668 target=15000000000 -> FAIL (R23: 15B msg/s pure ingest with the speculative 512-bit slicer — the 20B mode's pricing row; the R8/R16 span-arm gates above stay the asserting floor)
DIAG rx spec: publications=91 polls=609 prod_ms=0.3 bufwait_laps=14 resets=7 eos_parks=7 nbuf=16 rx_actual_cpu=2
ADVANCE_DIAGNOSTIC spec: advances=0 advance_ms=0.0 us_per_advance=0.0 (F-5 reset/auto-advance hygiene — the synchronous bake tail the per-publication prepatch budget drains; HFT_PREPATCH_BUDGET prices it)
RXWARM_DIAGNOSTIC spec: enabled=false fixes=0 uncovered=0 last_pass_fixes=0 (F-1 frame-entry warm start; the steady-state law is fixes==0 on pass>=2 — the kill rule reads persistent fixes)
RXBUILD_DIAGNOSTIC spec: enabled=true patches=76986 last_pass_patches=10998 frames=10998 (F-2 publish-by-reference master; the steady-state law is every patchable entry patched exactly once per pass boundary)
DIAG cons spec: parks=0 park_ms=0.0 slow_waits=0 slow_ms=0.0
PR1_R8_PURE_INGEST_VERDICT rate=8011038261 target=2000000000 -> PASS (R8: 2B msg/s pure ingest — full pipeline live, span emission, zero verification skipped)
PR1_R16_PURE_INGEST_VERDICT rate=8011038261 target=5000000000 -> PASS (R16: 5B msg/s pure ingest — the Double Helix program, docs/29)
{
  "median_cycles": 2.3727,
  "p95_cycles": 2.7723,
  "p99_cycles": 2.7723,
  "stddev": 0.1812,
  "cv_percent": 7.6376,
  "runs": 5,
  "warmup": 2,
  "cpu_model": "AMD EPYC 9V45 96-Core Processor",
  "freq_mhz": 2596.12,
  "target": "x86_64-unknown-linux-gnu",
  "sink": "count+span",
  "sample": "data/tests/sample-mini.itch",
  "span_median_cycles": 0.3241,
  "span_p95_cycles": 0.3272,
  "span_p99_cycles": 0.3272,
  "span_stddev": 0.0053,
  "span_cv_percent": 1.6215,
  "span_rate_msg_per_sec": 8011038261,
  "r8_pure_ingest_target": 2000000000,
  "r8_pure_ingest_verdict": "PASS",
  "r16_pure_ingest_target": 5000000000,
  "r16_pure_ingest_verdict": "PASS",
  "spec_rate_msg_per_sec": 485569668,
  "r23_pure_ingest_target": 15000000000,
  "r23_pure_ingest_verdict": "FAIL"
}
[1m[92m    Finished[0m `release` profile [optimized] target(s) in 0.01s
[1m[92m     Running[0m `target/release/hft_bench --sample data/tests/sample-mini.itch --runs 5 --warmup 2 --output-format json`
HFT_BENCH_CALIBRATION invariant_tsc=true freq_mhz=2596.12 mark_overhead_cycles=52 target_env=gnu
TOPOLOGY_VERIFICATION main=Some(0) rx=Some(2) -> VERIFIED (distinct physical cores, same L3 domain — the deterministic 0.21 cyc/msg mode)
BLOB_BACKING mode=mmap anon_huge_kb=14336 map_mb=16.5 verdict=thp-granted
HFT_BENCH_WARMUP 1/2 arm=classic rate=809757448
HFT_BENCH_WARMUP 2/2 arm=classic rate=1021465250
HFT_BENCH_RUN 1/5 arm=classic rate=1021527134 cyc=2.54
HFT_BENCH_RUN 2/5 arm=classic rate=1157358513 cyc=2.24
HFT_BENCH_RUN 3/5 arm=classic rate=1138368856 cyc=2.28
HFT_BENCH_RUN 4/5 arm=classic rate=1166257432 cyc=2.23
HFT_BENCH_RUN 5/5 arm=classic rate=1129762723 cyc=2.30
HFT_BENCH_WARMUP 1/2 arm=span rate=2820960528
HFT_BENCH_WARMUP 2/2 arm=span rate=6727431109
HFT_BENCH_RUN 1/5 arm=span rate=6572540408 cyc=0.39
HFT_BENCH_RUN 2/5 arm=span rate=5760000455 cyc=0.45
HFT_BENCH_RUN 3/5 arm=span rate=6737287232 cyc=0.39
HFT_BENCH_RUN 4/5 arm=span rate=6738184676 cyc=0.39
HFT_BENCH_RUN 5/5 arm=span rate=6734596336 cyc=0.39
DIAG rx span: publications=170 polls=673 prod_ms=0.5 bufwait_laps=41 resets=7 eos_parks=7 nbuf=16 rx_actual_cpu=2
ADVANCE_DIAGNOSTIC span: advances=0 advance_ms=0.0 us_per_advance=0.0 (F-5 reset/auto-advance hygiene — the synchronous bake tail the per-publication prepatch budget drains; HFT_PREPATCH_BUDGET prices it)
RXWARM_DIAGNOSTIC span: enabled=false fixes=0 uncovered=0 last_pass_fixes=0 (F-1 frame-entry warm start; the steady-state law is fixes==0 on pass>=2 — the kill rule reads persistent fixes)
RXBUILD_DIAGNOSTIC span: enabled=true patches=153972 last_pass_patches=21996 frames=21996 (F-2 publish-by-reference master; the steady-state law is every patchable entry patched exactly once per pass boundary)
DIAG cons span: parks=1 park_ms=0.1 slow_waits=1 slow_ms=0.1
LADDER_DIAGNOSTIC span: vectorized=true (F-3 entry walk; HFT_VEC_LADDER=1 arms the 8-entry group path — the Front A consumer IS the post-F-2 wall)
HFT_BENCH_WARMUP 1/2 arm=spec rate=492265906
HFT_BENCH_WARMUP 2/2 arm=spec rate=485933968
HFT_BENCH_RUN 1/5 arm=spec rate=486331542
HFT_BENCH_RUN 2/5 arm=spec rate=487650845
HFT_BENCH_RUN 3/5 arm=spec rate=489143289
HFT_BENCH_RUN 4/5 arm=spec rate=491791149
HFT_BENCH_RUN 5/5 arm=spec rate=492356942
PR1_R23_PURE_INGEST_VERDICT rate=489143289 target=15000000000 -> FAIL (R23: 15B msg/s pure ingest with the speculative 512-bit slicer — the 20B mode's pricing row; the R8/R16 span-arm gates above stay the asserting floor)
DIAG rx spec: publications=91 polls=609 prod_ms=0.3 bufwait_laps=14 resets=7 eos_parks=7 nbuf=16 rx_actual_cpu=2
ADVANCE_DIAGNOSTIC spec: advances=0 advance_ms=0.0 us_per_advance=0.0 (F-5 reset/auto-advance hygiene — the synchronous bake tail the per-publication prepatch budget drains; HFT_PREPATCH_BUDGET prices it)
RXWARM_DIAGNOSTIC spec: enabled=false fixes=0 uncovered=0 last_pass_fixes=0 (F-1 frame-entry warm start; the steady-state law is fixes==0 on pass>=2 — the kill rule reads persistent fixes)
RXBUILD_DIAGNOSTIC spec: enabled=true patches=76986 last_pass_patches=10998 frames=10998 (F-2 publish-by-reference master; the steady-state law is every patchable entry patched exactly once per pass boundary)
DIAG cons spec: parks=0 park_ms=0.0 slow_waits=0 slow_ms=0.0
PR1_R8_PURE_INGEST_VERDICT rate=6734596336 target=2000000000 -> PASS (R8: 2B msg/s pure ingest — full pipeline live, span emission, zero verification skipped)
PR1_R16_PURE_INGEST_VERDICT rate=6734596336 target=5000000000 -> PASS (R16: 5B msg/s pure ingest — the Double Helix program, docs/29)
{
  "median_cycles": 2.2806,
  "p95_cycles": 2.5414,
  "p99_cycles": 2.5414,
  "stddev": 0.1147,
  "cv_percent": 5.0294,
  "runs": 5,
  "warmup": 2,
  "cpu_model": "AMD EPYC 9V45 96-Core Processor",
  "freq_mhz": 2596.12,
  "target": "x86_64-unknown-linux-gnu",
  "sink": "count+span",
  "sample": "data/tests/sample-mini.itch",
  "span_median_cycles": 0.3855,
  "span_p95_cycles": 0.4507,
  "span_p99_cycles": 0.4507,
  "span_stddev": 0.0255,
  "span_cv_percent": 6.6020,
  "span_rate_msg_per_sec": 6734596336,
  "r8_pure_ingest_target": 2000000000,
  "r8_pure_ingest_verdict": "PASS",
  "r16_pure_ingest_target": 5000000000,
  "r16_pure_ingest_verdict": "PASS",
  "spec_rate_msg_per_sec": 489143289,
  "r23_pure_ingest_target": 15000000000,
  "r23_pure_ingest_verdict": "FAIL"
}
=== 11nb. R17/F-4: Mailbox Depth NBUF=32 ARMED (the buffer-reuse-stall pricing) ===
[1m[92m    Finished[0m `release` profile [optimized] target(s) in 0.00s
[1m[92m     Running[0m `target/release/hft_bench --sample data/tests/sample-mini.itch --runs 5 --warmup 2 --output-format json`
HFT_BENCH_CALIBRATION invariant_tsc=true freq_mhz=2596.12 mark_overhead_cycles=52 target_env=gnu
TOPOLOGY_VERIFICATION main=Some(0) rx=Some(2) -> VERIFIED (distinct physical cores, same L3 domain — the deterministic 0.21 cyc/msg mode)
BLOB_BACKING mode=mmap anon_huge_kb=16384 map_mb=16.5 verdict=thp-granted
HFT_BENCH_WARMUP 1/2 arm=classic rate=811435675
HFT_BENCH_WARMUP 2/2 arm=classic rate=1017618504
HFT_BENCH_RUN 1/5 arm=classic rate=1143394136 cyc=2.27
HFT_BENCH_RUN 2/5 arm=classic rate=1168469171 cyc=2.22
HFT_BENCH_RUN 3/5 arm=classic rate=1192047658 cyc=2.18
HFT_BENCH_RUN 4/5 arm=classic rate=1160547501 cyc=2.24
HFT_BENCH_RUN 5/5 arm=classic rate=1142229728 cyc=2.27
HFT_BENCH_WARMUP 1/2 arm=span rate=6668806770
HFT_BENCH_WARMUP 2/2 arm=span rate=8944530890
HFT_BENCH_RUN 1/5 arm=span rate=8071242799 cyc=0.32
HFT_BENCH_RUN 2/5 arm=span rate=6696173040 cyc=0.39
HFT_BENCH_RUN 3/5 arm=span rate=8179567614 cyc=0.32
HFT_BENCH_RUN 4/5 arm=span rate=8145454252 cyc=0.32
HFT_BENCH_RUN 5/5 arm=span rate=8155960788 cyc=0.32
DIAG rx span: publications=176 polls=696 prod_ms=0.5 bufwait_laps=0 resets=7 eos_parks=8 nbuf=32 rx_actual_cpu=2
ADVANCE_DIAGNOSTIC span: advances=0 advance_ms=0.0 us_per_advance=0.0 (F-5 reset/auto-advance hygiene — the synchronous bake tail the per-publication prepatch budget drains; HFT_PREPATCH_BUDGET prices it)
RXWARM_DIAGNOSTIC span: enabled=false fixes=0 uncovered=0 last_pass_fixes=0 (F-1 frame-entry warm start; the steady-state law is fixes==0 on pass>=2 — the kill rule reads persistent fixes)
RXBUILD_DIAGNOSTIC span: enabled=true patches=153972 last_pass_patches=21996 frames=21996 (F-2 publish-by-reference master; the steady-state law is every patchable entry patched exactly once per pass boundary)
DIAG cons span: parks=0 park_ms=0.0 slow_waits=0 slow_ms=0.0
LADDER_DIAGNOSTIC span: vectorized=false (F-3 entry walk; HFT_VEC_LADDER=1 arms the 8-entry group path — the Front A consumer IS the post-F-2 wall)
HFT_BENCH_WARMUP 1/2 arm=spec rate=511120698
HFT_BENCH_WARMUP 2/2 arm=spec rate=505635116
HFT_BENCH_RUN 1/5 arm=spec rate=501832333
HFT_BENCH_RUN 2/5 arm=spec rate=499801403
HFT_BENCH_RUN 3/5 arm=spec rate=499040589
HFT_BENCH_RUN 4/5 arm=spec rate=499248436
HFT_BENCH_RUN 5/5 arm=spec rate=500320953
PR1_R23_PURE_INGEST_VERDICT rate=499801403 target=15000000000 -> FAIL (R23: 15B msg/s pure ingest with the speculative 512-bit slicer — the 20B mode's pricing row; the R8/R16 span-arm gates above stay the asserting floor)
DIAG rx spec: publications=91 polls=609 prod_ms=0.3 bufwait_laps=0 resets=7 eos_parks=7 nbuf=32 rx_actual_cpu=2
ADVANCE_DIAGNOSTIC spec: advances=0 advance_ms=0.0 us_per_advance=0.0 (F-5 reset/auto-advance hygiene — the synchronous bake tail the per-publication prepatch budget drains; HFT_PREPATCH_BUDGET prices it)
RXWARM_DIAGNOSTIC spec: enabled=false fixes=0 uncovered=0 last_pass_fixes=0 (F-1 frame-entry warm start; the steady-state law is fixes==0 on pass>=2 — the kill rule reads persistent fixes)
RXBUILD_DIAGNOSTIC spec: enabled=true patches=76986 last_pass_patches=10998 frames=10998 (F-2 publish-by-reference master; the steady-state law is every patchable entry patched exactly once per pass boundary)
DIAG cons spec: parks=0 park_ms=0.0 slow_waits=0 slow_ms=0.0
PR1_R8_PURE_INGEST_VERDICT rate=8145454251 target=2000000000 -> PASS (R8: 2B msg/s pure ingest — full pipeline live, span emission, zero verification skipped)
PR1_R16_PURE_INGEST_VERDICT rate=8145454251 target=5000000000 -> PASS (R16: 5B msg/s pure ingest — the Double Helix program, docs/29)
{
  "median_cycles": 2.2370,
  "p95_cycles": 2.2729,
  "p99_cycles": 2.2729,
  "stddev": 0.0350,
  "cv_percent": 1.5656,
  "runs": 5,
  "warmup": 2,
  "cpu_model": "AMD EPYC 9V45 96-Core Processor",
  "freq_mhz": 2596.12,
  "target": "x86_64-unknown-linux-gnu",
  "sink": "count+span",
  "sample": "data/tests/sample-mini.itch",
  "span_median_cycles": 0.3187,
  "span_p95_cycles": 0.3877,
  "span_p99_cycles": 0.3877,
  "span_stddev": 0.0275,
  "span_cv_percent": 8.6316,
  "span_rate_msg_per_sec": 8145454251,
  "r8_pure_ingest_target": 2000000000,
  "r8_pure_ingest_verdict": "PASS",
  "r16_pure_ingest_target": 5000000000,
  "r16_pure_ingest_verdict": "PASS",
  "spec_rate_msg_per_sec": 499801403,
  "r23_pure_ingest_target": 15000000000,
  "r23_pure_ingest_verdict": "FAIL"
}
=== 11pb. R17/F-5: Prepatch Budget 1024 ARMED (the advance-tail drain pricing) ===
[1m[92m    Finished[0m `release` profile [optimized] target(s) in 0.01s
[1m[92m     Running[0m `target/release/bench --hydra-only`
BENCH_CALIBRATION invariant_tsc=true freq_mhz=2596.12 mark_overhead_cycles=52
=== R6. PR-1 HYDRA BIT-EXACT MULTI-CORE SPAN CONFORMANCE ===
BLOB_BACKING mode=mmap anon_huge_kb=16384 map_mb=16.5 verdict=thp-granted
HYDRA_BITPARITY sequential=(count=505849 hash=0x881639cead506f25 msg_hash=0xcbf29ce484222325) hydra=(count=505849 hash=0x881639cead506f25 msg_hash=0xcbf29ce484222325) -> BIT-EXACT
BENCH mode=replay-hydra-burst msgs=505849 rate=1490131559 allocs=0 freq=2596.12MHz workers=2 run=1
BENCH mode=replay-hydra-burst msgs=505849 rate=1617546990 allocs=0 freq=2596.12MHz workers=2 run=2
BENCH mode=replay-hydra-burst msgs=505849 rate=1691429316 allocs=0 freq=2596.12MHz workers=2 run=3
BENCH mode=replay-hydra-burst msgs=505849 rate=1729481069 allocs=0 freq=2596.12MHz workers=2 run=4
BENCH mode=replay-hydra-burst msgs=505849 rate=1706050191 allocs=0 freq=2596.12MHz workers=2 run=5
BENCH_MEDIAN mode=replay-hydra-burst rate=1691429316
R23B_AFFINE_VERDICT arm=burst armed=false tag_hits=0 payload_fallbacks=0 ledger_rows=0 (R23c: workers verify spans from register tags, zero payload reads; the (prefix,cum) triple checked per-span by the scalar affine law)
PR1_HYDRA_VERDICT rate=1691429316 (bit-exact multi-core span conformance: 2 workers, every emitted byte CRC32C-checked in-window, ordered serial fold)
PR1_GIGAHFT_BURST_VERDICT rate=1691429316 target=1000000000 -> PASS (R7 burst reference; the sustained arm below is the gate)
DIAG sustained: passes=17674 reset_ms=434.6 scan_ms=4562.0 end_ms=0.9 pending_max=10928 batches=388828 wait_ms=38.4 work_ms=4163.3 fold_ms=286.7 assist_chunks=399125 bytes_per_msg=27.65 crc_demand_gb_s=49.44
DIAG worker[0] sustained: cpu0(pinned) placement=[0, 2] batches=596691 spans=76366962 eval_ms=4962.9 idle_iters=34616 res_waits=1965 fw=0 fw_ms=0.0
DIAG worker[1] sustained: cpu2(pinned) placement=[0, 2] batches=742868 spans=95077300 eval_ms=4950.8 idle_iters=32081 res_waits=562 fw=0 fw_ms=0.0
DIAG rx sustained: publications=388888 polls=1537876 prod_ms=1518.6 bufwait_laps=141362 resets=17676 eos_parks=0 nbuf=16 rx_actual_cpu=3
ADVANCE_DIAGNOSTIC sustained: advances=17676 advance_ms=109.1 us_per_advance=6.2 (F-5 reset/auto-advance hygiene — the synchronous bake tail the per-publication prepatch budget drains; HFT_PREPATCH_BUDGET prices it)
RXWARM_DIAGNOSTIC sustained: enabled=false fixes=0 uncovered=0 last_pass_fixes=0 (F-1 frame-entry warm start; the steady-state law is fixes==0 on pass>=2 — the kill rule reads persistent fixes)
RXBUILD_DIAGNOSTIC sustained: enabled=true patches=388788516 last_pass_patches=21996 frames=21996 (F-2 publish-by-reference master; the steady-state law is every patchable entry patched exactly once per pass boundary)
DIAG cons sustained: parks=12 park_ms=2.7 slow_waits=12 slow_ms=2.8
BENCH mode=replay-hydra-sustained-5s total_msgs=8940375226 duration=5.00s sustained_rate=1787991041 msg/s allocs=0 workers=2 crc_kernel=reflect
PR1_HYDRA_SUSTAINED_VERDICT rate=1787991041 (duration=5.00s, total_msgs=8940375226, workers=2)
PR1_GIGAHFT_VERDICT rate=1787991041 target=1000000000 -> PASS (Project 1.0B: bit-exact, zero-alloc, every byte verified in-window, cross-pass double-buffered fabric)
PR1_R8_FULL_VERIFY_VERDICT rate=1787991041 target=1000000000 -> PASS (R8: 1B msg/s sustained full verification — bit-exact, zero-alloc, every byte CRC32C-verified in-window)
PR1_R16_FULL_VERIFY_VERDICT rate=1787991041 target=2000000000 -> FAIL (R16: 2B msg/s sustained full verification — the Double Helix program, docs/29)
R16B_RXDESC_VERDICT rx_fixes=0 assist_chunks=399125 (array-driven submission telemetry; fixes=0 means every RX prefill entry was already exact)
R23B_AFFINE_VERDICT arm=sustained armed=false tag_hits=0 payload_fallbacks=0 ledger_rows=0 (R23c: zero-re-read affine verification on the worker fabric)
PR1_R23_AFFINE_SUSTAINED_VERDICT rate=1787991041 target=2500000000 -> FAIL (R23: 2.5B+ sustained full verification from register tags — the affine-span algebra program, docs/36)
=== 12. Reference Arbitrator & Differential Oracle (G12-T3 / D1..D12) ===
[1m[92m    Finished[0m `release` profile [optimized] target(s) in 0.01s
[1m[92m     Running[0m `target/release/diff_oracle`
=== RUNNING G12-T3 REFERENCE ARBITRATOR & DIFFERENTIAL SUITE (D1..D11) ===
=== D3-REDO: Oracle Validation by Sequencer-Logic Bug Injections ===
D3_DIVERGENCE_DUMP mutation="DisableClearOnAdvance" detected=true seq_wm=1231 ref_wm=1224 seq_hash=0x473C5B1BF49F1C91 ref_hash=0xCFE76D07416B4CA5
D3_DIVERGENCE_DUMP mutation="OffByOneClamp" detected=true seq_wm=600 ref_wm=601 seq_hash=0xB1C1F8344636F511 ref_hash=0x972FEC36E88A4C25
D3_DIVERGENCE_DUMP mutation="DropStagedAtEos" detected=true seq_wm=10 ref_wm=13 seq_hash=0xF0B1A3FF15503051 ref_hash=0x9D6D68BF10C6C3A5
D3 ALL_SEQUENCER_LOGIC_MUTATIONS_DETECTED: Oracle caught all 3 sequencer mutations with divergence dumps.
=== D1: Full 17-Cell Matrix Differential Verification ===
BLOB_BACKING mode=mmap anon_huge_kb=16384 map_mb=16.5 verdict=thp-granted
D1 cell="M1 (Baseline MTU contiguous)" seq_wm=505850 ref_wm=505850 count=505849 hash=0xF6EF154EFDE905D8 VERDICT=PASS
D1 cell="M2 (Fixed 1 msg)" seq_wm=505850 ref_wm=505850 count=505849 hash=0xF6EF154EFDE905D8 VERDICT=PASS
D1 cell="M3 (Fixed 16 msgs)" seq_wm=505850 ref_wm=505850 count=505849 hash=0xF6EF154EFDE905D8 VERDICT=PASS
D1 cell="M4 (Gaussian delay jitter)" seq_wm=505850 ref_wm=505850 count=505849 hash=0xF6EF154EFDE905D8 VERDICT=PASS
D1 cell="M5 (Bernoulli loss with dual feed)" seq_wm=505850 ref_wm=505850 count=505849 hash=0xF6EF154EFDE905D8 VERDICT=PASS
D1 cell="M6 (Gilbert-Elliott burst loss)" seq_wm=505850 ref_wm=505850 count=505849 hash=0xF6EF154EFDE905D8 VERDICT=PASS
D1 cell="M7 (Pathological split: 1B to MTU)" seq_wm=505850 ref_wm=505850 count=505849 hash=0xF6EF154EFDE905D8 VERDICT=PASS
D1 cell="M8 (Feed A only lossless)" seq_wm=505850 ref_wm=505850 count=505849 hash=0xF6EF154EFDE905D8 VERDICT=PASS
D1 cell="M9 (Feed B only lossless)" seq_wm=505850 ref_wm=505850 count=505849 hash=0xF6EF154EFDE905D8 VERDICT=PASS
D1 cell="M10 (Heavy reorder jitter)" seq_wm=505850 ref_wm=505850 count=505849 hash=0xF6EF154EFDE905D8 VERDICT=PASS
D1 cell="M11 (Deep out-of-order window)" seq_wm=505850 ref_wm=505850 count=505849 hash=0xF6EF154EFDE905D8 VERDICT=PASS
D1 cell="M12 (Max-rate unconstrained)" seq_wm=505850 ref_wm=505850 count=505849 hash=0xF6EF154EFDE905D8 VERDICT=PASS
D1 cell="M13 (M-LATE: Staged arrival edge)" seq_wm=505850 ref_wm=505850 count=505849 hash=0xF6EF154EFDE905D8 VERDICT=PASS
D1 cell="M14 (M-BURST: Burst packet arrival)" seq_wm=505850 ref_wm=505850 count=505849 hash=0xF6EF154EFDE905D8 VERDICT=PASS
D1 cell="M15 (M-STARVE: Feed A silent for 2s)" seq_wm=505850 ref_wm=505850 count=505849 hash=0xF6EF154EFDE905D8 VERDICT=PASS
D1 cell="M16 (M-DUP2: Overlapping dual feed)" seq_wm=505850 ref_wm=505850 count=505849 hash=0xF6EF154EFDE905D8 VERDICT=PASS
D1 cell="M17 (M-DROPRESP / Session Boundary)" seq_wm=255850 ref_wm=255850 count=505849 hash=0xF6EF154EFDE905D8 VERDICT=PASS
D1 ALL_17_CELLS_PASSED: Triple equality verified across all 17 matrix cells.
=== D2: 100 Seeded Random Configs Differential Test ===
D2 100_RANDOM_CONFIGS_PASSED: Triple equality verified across 100 random configs.
=== D4: Duplicate Ordering (First-Received Wins) ===
D4 DUPLICATE_ORDERING_PASSED: seq_wm=505850 ref_wm=505850 count=505849 hash=0xF6EF154EFDE905D8
=== D5: Session Splits Verification ===
D5 SESSION_SPLITS_PASSED: Watermarks and hashes match across session boundaries.
=== D6: Unclean Death (Scripted Drops) Verification ===
D6 UNCLEAN_DEATH_PASSED: State matches reference final state.
=== D7/D8: Watchdog & Double-Run Determinism ===
D7/D8 WATCHDOG_AND_DETERMINISM_PASSED: elapsed=0.34s run1=(505850, 505850, 505849, 17793464081775658456) run2=(505850, 505850, 505849, 17793464081775658456)
=== D9: Indexed-Ingest Equivalence (classic == indexed) ===
D9 INDEXED_EQUIVALENCE_PASSED: 12 cells (3 configs x 4 mutations) classic==indexed
D11 CRC_KERNEL_DIFFERENTIAL_PASSED: scalar==reference, fold512==scalar on 2109 bodies (exhaustive lengths + patterns + random + eval2 + eval_pair)
D11 REFLECT_KERNEL_DIFFERENTIAL_PASSED: reflect==scalar on 2101 bodies (exhaustive lengths + patterns + random + eval_pair)
D12 BATCH_AND_PIPELINE_EQUIVALENCE_PASSED: classic == ingest_batch == RX-pipelined (counters/watermark/count/hash) incl. multi-pass resets
=== ALL D1..D12 DIFFERENTIAL ORACLE CHECKS PASSED SUCCESSFULLY ===
=== 13. T2 Window Sweep & Full 17-Cell Matrix Confluence Campaign ===
[1m[92m    Finished[0m `release` profile [optimized] target(s) in 0.00s
[1m[92m     Running[0m `target/release/window_sweep`
=== RUNNING T2 WINDOW SIZE SWEEP (256..4096 x M1, M11) ===
BLOB_BACKING mode=mmap anon_huge_kb=14336 map_mb=16.5 verdict=thp-granted
WINDOW_SWEEP slots=256  arena= 16640 B l1_fit=Fits 32K L1D                   M1_rate=35.69M golden_M1=true M11_rate=22.00M golden_M11=true max_staged=0 beyond_drops=0
WINDOW_SWEEP slots=512  arena= 33280 B l1_fit=Fits 64K L1D                   M1_rate=35.48M golden_M1=true M11_rate=21.85M golden_M11=true max_staged=0 beyond_drops=0
WINDOW_SWEEP slots=1024 arena= 66560 B l1_fit=Exceeds L1D (L2 Cache resident) M1_rate=35.65M golden_M1=true M11_rate=21.43M golden_M11=true max_staged=0 beyond_drops=0
WINDOW_SWEEP slots=2048 arena=133120 B l1_fit=Exceeds L1D (L2 Cache resident) M1_rate=35.56M golden_M1=true M11_rate=22.28M golden_M11=true max_staged=0 beyond_drops=0
WINDOW_SWEEP slots=4096 arena=266240 B l1_fit=Exceeds L1D (L2 Cache resident) M1_rate=36.54M golden_M1=true M11_rate=21.54M golden_M11=true max_staged=0 beyond_drops=0

=== T2 WINDOW SWEEP KNEE TABLE ===
| Window Slots | Arena Footprint | Cache Residency | M1 Rate | M11 Rate | Max Staged | Beyond Drops | Confluence Verdict |
|---|---|---|---|---|---|---|---|
| 256  |  16640 B ( 16.2 KiB) | Fits 32K L1D                 | 35.69M msg/s | 22.00M msg/s | 0          | 0            | **PASS** |
| 512  |  33280 B ( 32.5 KiB) | Fits 64K L1D                 | 35.48M msg/s | 21.85M msg/s | 0          | 0            | **PASS** |
| 1024 |  66560 B ( 65.0 KiB) | Exceeds L1D (L2 Cache resident) | 35.65M msg/s | 21.43M msg/s | 0          | 0            | **PASS** |
| 2048 | 133120 B (130.0 KiB) | Exceeds L1D (L2 Cache resident) | 35.56M msg/s | 22.28M msg/s | 0          | 0            | **PASS** |
| 4096 | 266240 B (260.0 KiB) | Exceeds L1D (L2 Cache resident) | 36.54M msg/s | 21.54M msg/s | 0          | 0            | **PASS** |
=== T2 WINDOW SWEEP COMPLETED SUCCESSFULLY ===
[1m[92m    Finished[0m `release` profile [optimized] target(s) in 0.01s
[1m[92m     Running[0m `target/release/matrix_sweep`
=== EXECUTING COMPLETE 17-CELL MATRIX CONFLUENCE CAMPAIGN (M1..M17) ===
BLOB_BACKING mode=mmap anon_huge_kb=16384 map_mb=16.5 verdict=thp-granted
MATRIX_CELL name="M1 (Baseline MTU contiguous)       " rate= 5.26M msg/s count=505849 wm=505850 hash=0xF6EF154EFDE905D8 verdict="PASS (Golden Bit-Identical)"
MATRIX_CELL name="M2 (Fixed 1 msg)                   " rate= 4.98M msg/s count=505849 wm=505850 hash=0xF6EF154EFDE905D8 verdict="PASS (Golden Bit-Identical)"
MATRIX_CELL name="M3 (Fixed 16 msgs)                 " rate= 6.16M msg/s count=505849 wm=505850 hash=0xF6EF154EFDE905D8 verdict="PASS (Golden Bit-Identical)"
MATRIX_CELL name="M4 (Gaussian delay jitter)         " rate= 6.21M msg/s count=505849 wm=505850 hash=0xF6EF154EFDE905D8 verdict="PASS (Golden Bit-Identical)"
MATRIX_CELL name="M5 (Bernoulli loss with dual feed) " rate= 6.37M msg/s count=505849 wm=505850 hash=0xF6EF154EFDE905D8 verdict="PASS (Golden Bit-Identical)"
MATRIX_CELL name="M6 (Gilbert-Elliott burst loss)    " rate= 6.44M msg/s count=505849 wm=505850 hash=0xF6EF154EFDE905D8 verdict="PASS (Golden Bit-Identical)"
MATRIX_CELL name="M7 (Pathological split: 1B to MTU) " rate= 6.14M msg/s count=505849 wm=505850 hash=0xF6EF154EFDE905D8 verdict="PASS (Golden Bit-Identical)"
MATRIX_CELL name="M8 (Feed A only lossless)          " rate= 8.00M msg/s count=505849 wm=505850 hash=0xF6EF154EFDE905D8 verdict="PASS (Golden Bit-Identical)"
MATRIX_CELL name="M9 (Feed B only lossless)          " rate= 7.91M msg/s count=505849 wm=505850 hash=0xF6EF154EFDE905D8 verdict="PASS (Golden Bit-Identical)"
MATRIX_CELL name="M10 (Heavy reorder jitter)         " rate= 6.25M msg/s count=505849 wm=505850 hash=0xF6EF154EFDE905D8 verdict="PASS (Golden Bit-Identical)"
MATRIX_CELL name="M11 (Deep out-of-order window)     " rate= 5.53M msg/s count=505849 wm=505850 hash=0xF6EF154EFDE905D8 verdict="PASS (Golden Bit-Identical)"
MATRIX_CELL name="M12 (Max-rate unconstrained)       " rate= 6.23M msg/s count=505849 wm=505850 hash=0xF6EF154EFDE905D8 verdict="PASS (Golden Bit-Identical)"
MATRIX_CELL name="M13 (M-LATE: Staged arrival edge)  " rate= 6.16M msg/s count=505849 wm=505850 hash=0xF6EF154EFDE905D8 verdict="PASS (Golden Bit-Identical)"
MATRIX_CELL name="M14 (M-BURST: Burst packet arrival)" rate= 6.16M msg/s count=505849 wm=505850 hash=0xF6EF154EFDE905D8 verdict="PASS (Golden Bit-Identical)"
MATRIX_CELL name="M15 (M-STARVE: Feed A silent for 2s)" rate= 6.12M msg/s count=505849 wm=505850 hash=0xF6EF154EFDE905D8 verdict="PASS (Golden Bit-Identical)"
MATRIX_CELL name="M16 (M-DUP2: Overlapping dual feed)" rate= 6.28M msg/s count=505849 wm=505850 hash=0xF6EF154EFDE905D8 verdict="PASS (Golden Bit-Identical)"
MATRIX_CELL name="M17 (M-DROPRESP / Session Boundary)" rate= 5.75M msg/s count=505849 wm=255850 hash=0xF6EF154EFDE905D8 verdict="PASS (Golden Bit-Identical)"

=== COMPLETE 17-CELL MATRIX SUMMARY TABLE ===
| Cell ID | Matrix Scenario | Throughput | Emitted Messages | Final Watermark | Canonical FNV Hash | Oracle Confluence Verdict |
|---|---|---|---|---|---|---|
| M1  | M1 (Baseline MTU contiguous)        |  5.26M msg/s | 505849 | 505850 | 0xF6EF154EFDE905D8 | **PASS** |
| M2  | M2 (Fixed 1 msg)                    |  4.98M msg/s | 505849 | 505850 | 0xF6EF154EFDE905D8 | **PASS** |
| M3  | M3 (Fixed 16 msgs)                  |  6.16M msg/s | 505849 | 505850 | 0xF6EF154EFDE905D8 | **PASS** |
| M4  | M4 (Gaussian delay jitter)          |  6.21M msg/s | 505849 | 505850 | 0xF6EF154EFDE905D8 | **PASS** |
| M5  | M5 (Bernoulli loss with dual feed)  |  6.37M msg/s | 505849 | 505850 | 0xF6EF154EFDE905D8 | **PASS** |
| M6  | M6 (Gilbert-Elliott burst loss)     |  6.44M msg/s | 505849 | 505850 | 0xF6EF154EFDE905D8 | **PASS** |
| M7  | M7 (Pathological split: 1B to MTU)  |  6.14M msg/s | 505849 | 505850 | 0xF6EF154EFDE905D8 | **PASS** |
| M8  | M8 (Feed A only lossless)           |  8.00M msg/s | 505849 | 505850 | 0xF6EF154EFDE905D8 | **PASS** |
| M9  | M9 (Feed B only lossless)           |  7.91M msg/s | 505849 | 505850 | 0xF6EF154EFDE905D8 | **PASS** |
| M10 | M10 (Heavy reorder jitter)          |  6.25M msg/s | 505849 | 505850 | 0xF6EF154EFDE905D8 | **PASS** |
| M11 | M11 (Deep out-of-order window)      |  5.53M msg/s | 505849 | 505850 | 0xF6EF154EFDE905D8 | **PASS** |
| M12 | M12 (Max-rate unconstrained)        |  6.23M msg/s | 505849 | 505850 | 0xF6EF154EFDE905D8 | **PASS** |
| M13 | M13 (M-LATE: Staged arrival edge)   |  6.16M msg/s | 505849 | 505850 | 0xF6EF154EFDE905D8 | **PASS** |
| M14 | M14 (M-BURST: Burst packet arrival) |  6.16M msg/s | 505849 | 505850 | 0xF6EF154EFDE905D8 | **PASS** |
| M15 | M15 (M-STARVE: Feed A silent for 2s) |  6.12M msg/s | 505849 | 505850 | 0xF6EF154EFDE905D8 | **PASS** |
| M16 | M16 (M-DUP2: Overlapping dual feed) |  6.28M msg/s | 505849 | 505850 | 0xF6EF154EFDE905D8 | **PASS** |
| M17 | M17 (M-DROPRESP / Session Boundary) |  5.75M msg/s | 505849 | 255850 | 0xF6EF154EFDE905D8 | **PASS** |
=== ALL 17 MATRIX CELLS VERIFIED 100% GREEN ===
=== 14. VR-4 Hostile Frame & Fuzz Campaign (3 Harnesses) ===
[1m[92m    Finished[0m `release` profile [optimized] target(s) in 0.01s
[1m[92m     Running[0m `target/release/fuzz_campaign`
=== VR-4 EXTENDED FUZZ CAMPAIGN (3 HARNESSES x 1,000,000 ITERATIONS) ===
FUZZ_CAMPAIGN_REPORT total_execs=1000000 elapsed=0.110s data_frames=0 heartbeats=114 eos_frames=85 distinct_itch_types_validated=22/23 lsan_status=CLEAN panics=0
VR-4 FUZZ CAMPAIGN 100% COMPLETE AND VERIFIED (1,000,000 EXECS).
=== 15. Spec-Only Retransmission Server Clean-Room Validation (doc 14 §3.2 / F-31) ===
[1m[92m    Finished[0m `release` profile [optimized] target(s) in 0.01s
[1m[92m     Running[0m `target/release/spec_server`
=== SPEC-ONLY SERVER CLEAN-ROOM VALIDATION (doc 14 §3.2 / F-31) ===
Spec server spawned on UDP port 59261
SPEC_SERVER_RESPONSE: session="SPECSESS01" start_seq=10 count=25 bytes_received=645
=== SPEC-ONLY SERVER CLEAN-ROOM VALIDATION PASSED (F-31 CLOSED) ===
=== 16. HFT-Verify Statistical Gate (nano/constr1.1.md §1: 30 runs + warmup 5 + JSON) ===
info: downloading component rust-std
Selecting previously unselected package musl:amd64.
(Reading database ... (Reading database ... 5%(Reading database ... 10%(Reading database ... 15%(Reading database ... 20%(Reading database ... 25%(Reading database ... 30%(Reading database ... 35%(Reading database ... 40%(Reading database ... 45%(Reading database ... 50%(Reading database ... 55%(Reading database ... 60%(Reading database ... 65%(Reading database ... 70%(Reading database ... 75%(Reading database ... 80%(Reading database ... 85%(Reading database ... 90%(Reading database ... 95%(Reading database ... 100%(Reading database ... 203191 files and directories currently installed.)
Preparing to unpack .../musl_1.2.4-2_amd64.deb ...
Unpacking musl:amd64 (1.2.4-2) ...
Selecting previously unselected package musl-dev:amd64.
Preparing to unpack .../musl-dev_1.2.4-2_amd64.deb ...
Unpacking musl-dev:amd64 (1.2.4-2) ...
Selecting previously unselected package musl-tools.
Preparing to unpack .../musl-tools_1.2.4-2_amd64.deb ...
Unpacking musl-tools (1.2.4-2) ...
Setting up musl:amd64 (1.2.4-2) ...
Setting up musl-dev:amd64 (1.2.4-2) ...
Setting up musl-tools (1.2.4-2) ...
Processing triggers for man-db (2.12.0-4build2) ...
Not building database; man-db/auto-update is not 'true'.

Running kernel seems to be up-to-date.

No services need to be restarted.

No containers need to be restarted.

No user sessions are running outdated binaries.

No VM guests are running outdated hypervisor (qemu) binaries on this host.
MUSL_BUILD_OK static target
HFT_BENCH_CALIBRATION invariant_tsc=true freq_mhz=2596.12 mark_overhead_cycles=52 target_env=musl
TOPOLOGY_VERIFICATION main=Some(0) rx=Some(2) -> VERIFIED (distinct physical cores, same L3 domain — the deterministic 0.21 cyc/msg mode)
BLOB_BACKING mode=mmap anon_huge_kb=16384 map_mb=16.5 verdict=thp-granted
HFT_BENCH_WARMUP 1/5 arm=classic rate=839347967
HFT_BENCH_WARMUP 2/5 arm=classic rate=1055314133
HFT_BENCH_WARMUP 3/5 arm=classic rate=1141482248
HFT_BENCH_WARMUP 4/5 arm=classic rate=1167091574
HFT_BENCH_WARMUP 5/5 arm=classic rate=1174912087
HFT_BENCH_RUN 1/30 arm=classic rate=1185971814 cyc=2.19
HFT_BENCH_RUN 2/30 arm=classic rate=1208707682 cyc=2.15
HFT_BENCH_RUN 3/30 arm=classic rate=1155637240 cyc=2.25
HFT_BENCH_RUN 4/30 arm=classic rate=1202718574 cyc=2.16
HFT_BENCH_RUN 5/30 arm=classic rate=1192553510 cyc=2.18
HFT_BENCH_RUN 6/30 arm=classic rate=1154553173 cyc=2.25
HFT_BENCH_RUN 7/30 arm=classic rate=1197049079 cyc=2.17
HFT_BENCH_RUN 8/30 arm=classic rate=1168064452 cyc=2.22
HFT_BENCH_RUN 9/30 arm=classic rate=1199350829 cyc=2.16
HFT_BENCH_RUN 10/30 arm=classic rate=1159377141 cyc=2.24
HFT_BENCH_RUN 11/30 arm=classic rate=1200432379 cyc=2.16
HFT_BENCH_RUN 12/30 arm=classic rate=1170421153 cyc=2.22
HFT_BENCH_RUN 13/30 arm=classic rate=1196680939 cyc=2.17
HFT_BENCH_RUN 14/30 arm=classic rate=1126737944 cyc=2.30
HFT_BENCH_RUN 15/30 arm=classic rate=1170502401 cyc=2.22
HFT_BENCH_RUN 16/30 arm=classic rate=1142722569 cyc=2.27
HFT_BENCH_RUN 17/30 arm=classic rate=1174227529 cyc=2.21
HFT_BENCH_RUN 18/30 arm=classic rate=1141971866 cyc=2.27
HFT_BENCH_RUN 19/30 arm=classic rate=1181868095 cyc=2.20
HFT_BENCH_RUN 20/30 arm=classic rate=1152711503 cyc=2.25
HFT_BENCH_RUN 21/30 arm=classic rate=1175321567 cyc=2.21
HFT_BENCH_RUN 22/30 arm=classic rate=1144923599 cyc=2.27
HFT_BENCH_RUN 23/30 arm=classic rate=1174581981 cyc=2.21
HFT_BENCH_RUN 24/30 arm=classic rate=1161642860 cyc=2.23
HFT_BENCH_RUN 25/30 arm=classic rate=1165421796 cyc=2.23
HFT_BENCH_RUN 26/30 arm=classic rate=1159456863 cyc=2.24
HFT_BENCH_RUN 27/30 arm=classic rate=1160680646 cyc=2.24
HFT_BENCH_RUN 28/30 arm=classic rate=1164670479 cyc=2.23
HFT_BENCH_RUN 29/30 arm=classic rate=1168901182 cyc=2.22
HFT_BENCH_RUN 30/30 arm=classic rate=1158790191 cyc=2.24
HFT_BENCH_WARMUP 1/5 arm=span rate=3228054165
HFT_BENCH_WARMUP 2/5 arm=span rate=3973988530
HFT_BENCH_WARMUP 3/5 arm=span rate=3970245663
HFT_BENCH_WARMUP 4/5 arm=span rate=10045655843
HFT_BENCH_WARMUP 5/5 arm=span rate=10429231181
HFT_BENCH_RUN 1/30 arm=span rate=9870994809 cyc=0.26
HFT_BENCH_RUN 2/30 arm=span rate=10562506525 cyc=0.25
HFT_BENCH_RUN 3/30 arm=span rate=10346041355 cyc=0.25
HFT_BENCH_RUN 4/30 arm=span rate=10635794032 cyc=0.24
HFT_BENCH_RUN 5/30 arm=span rate=10228883990 cyc=0.25
HFT_BENCH_RUN 6/30 arm=span rate=10689961961 cyc=0.24
HFT_BENCH_RUN 7/30 arm=span rate=10276679600 cyc=0.25
HFT_BENCH_RUN 8/30 arm=span rate=10669668846 cyc=0.24
HFT_BENCH_RUN 9/30 arm=span rate=10529307689 cyc=0.25
HFT_BENCH_RUN 10/30 arm=span rate=10316501131 cyc=0.25
HFT_BENCH_RUN 11/30 arm=span rate=10755879226 cyc=0.24
HFT_BENCH_RUN 12/30 arm=span rate=10343925730 cyc=0.25
HFT_BENCH_RUN 13/30 arm=span rate=10667193859 cyc=0.24
HFT_BENCH_RUN 14/30 arm=span rate=10369583042 cyc=0.25
HFT_BENCH_RUN 15/30 arm=span rate=10701269303 cyc=0.24
HFT_BENCH_RUN 16/30 arm=span rate=10335471875 cyc=0.25
HFT_BENCH_RUN 17/30 arm=span rate=10790294368 cyc=0.24
HFT_BENCH_RUN 18/30 arm=span rate=8816386642 cyc=0.29
HFT_BENCH_RUN 19/30 arm=span rate=10399428477 cyc=0.25
HFT_BENCH_RUN 20/30 arm=span rate=10705798941 cyc=0.24
HFT_BENCH_RUN 21/30 arm=span rate=3953458745 cyc=0.66
HFT_BENCH_RUN 22/30 arm=span rate=4008058126 cyc=0.65
HFT_BENCH_RUN 23/30 arm=span rate=10175182041 cyc=0.26
HFT_BENCH_RUN 24/30 arm=span rate=11224127984 cyc=0.23
HFT_BENCH_RUN 25/30 arm=span rate=3958408651 cyc=0.66
HFT_BENCH_RUN 26/30 arm=span rate=4042393875 cyc=0.64
HFT_BENCH_RUN 27/30 arm=span rate=3915149029 cyc=0.66
HFT_BENCH_RUN 28/30 arm=span rate=10270211556 cyc=0.25
HFT_BENCH_RUN 29/30 arm=span rate=10710332415 cyc=0.24
HFT_BENCH_RUN 30/30 arm=span rate=10360874997 cyc=0.25
DIAG rx span: publications=786 polls=3109 prod_ms=1.9 bufwait_laps=233 resets=35 eos_parks=35 nbuf=16 rx_actual_cpu=2
ADVANCE_DIAGNOSTIC span: advances=0 advance_ms=0.0 us_per_advance=0.0 (F-5 reset/auto-advance hygiene — the synchronous bake tail the per-publication prepatch budget drains; HFT_PREPATCH_BUDGET prices it)
RXWARM_DIAGNOSTIC span: enabled=false fixes=0 uncovered=0 last_pass_fixes=0 (F-1 frame-entry warm start; the steady-state law is fixes==0 on pass>=2 — the kill rule reads persistent fixes)
RXBUILD_DIAGNOSTIC span: enabled=true patches=769860 last_pass_patches=21996 frames=21996 (F-2 publish-by-reference master; the steady-state law is every patchable entry patched exactly once per pass boundary)
DIAG cons span: parks=8 park_ms=0.5 slow_waits=8 slow_ms=0.7
LADDER_DIAGNOSTIC span: vectorized=false (F-3 entry walk; HFT_VEC_LADDER=1 arms the 8-entry group path — the Front A consumer IS the post-F-2 wall)
HFT_BENCH_WARMUP 1/5 arm=spec rate=491470537
HFT_BENCH_WARMUP 2/5 arm=spec rate=487349693
HFT_BENCH_RUN 1/30 arm=spec rate=489133829
HFT_BENCH_RUN 2/30 arm=spec rate=491217592
HFT_BENCH_RUN 3/30 arm=spec rate=492385697
HFT_BENCH_RUN 4/30 arm=spec rate=483367112
HFT_BENCH_RUN 5/30 arm=spec rate=484898476
HFT_BENCH_RUN 6/30 arm=spec rate=492256326
HFT_BENCH_RUN 7/30 arm=spec rate=490444624
HFT_BENCH_RUN 8/30 arm=spec rate=491595197
HFT_BENCH_RUN 9/30 arm=spec rate=491428044
HFT_BENCH_RUN 10/30 arm=spec rate=490449855
HFT_BENCH_RUN 11/30 arm=spec rate=493304272
HFT_BENCH_RUN 12/30 arm=spec rate=491098369
HFT_BENCH_RUN 13/30 arm=spec rate=456380131
HFT_BENCH_RUN 14/30 arm=spec rate=485574329
HFT_BENCH_RUN 15/30 arm=spec rate=488367872
HFT_BENCH_RUN 16/30 arm=spec rate=490278252
HFT_BENCH_RUN 17/30 arm=spec rate=489413515
HFT_BENCH_RUN 18/30 arm=spec rate=489892704
HFT_BENCH_RUN 19/30 arm=spec rate=490825803
HFT_BENCH_RUN 20/30 arm=spec rate=489114911
HFT_BENCH_RUN 21/30 arm=spec rate=490644895
HFT_BENCH_RUN 22/30 arm=spec rate=478734891
HFT_BENCH_RUN 23/30 arm=spec rate=491619085
HFT_BENCH_RUN 24/30 arm=spec rate=488169455
HFT_BENCH_RUN 25/30 arm=spec rate=491796409
HFT_BENCH_RUN 26/30 arm=spec rate=486003998
HFT_BENCH_RUN 27/30 arm=spec rate=490592552
HFT_BENCH_RUN 28/30 arm=spec rate=489181131
HFT_BENCH_RUN 29/30 arm=spec rate=490277777
HFT_BENCH_RUN 30/30 arm=spec rate=491623863
PR1_R23_PURE_INGEST_VERDICT rate=490444624 target=15000000000 -> FAIL (R23: 15B msg/s pure ingest with the speculative 512-bit slicer — the 20B mode's pricing row; the R8/R16 span-arm gates above stay the asserting floor)
DIAG rx spec: publications=416 polls=2784 prod_ms=1.1 bufwait_laps=105 resets=32 eos_parks=32 nbuf=16 rx_actual_cpu=2
ADVANCE_DIAGNOSTIC spec: advances=0 advance_ms=0.0 us_per_advance=0.0 (F-5 reset/auto-advance hygiene — the synchronous bake tail the per-publication prepatch budget drains; HFT_PREPATCH_BUDGET prices it)
RXWARM_DIAGNOSTIC spec: enabled=false fixes=0 uncovered=0 last_pass_fixes=0 (F-1 frame-entry warm start; the steady-state law is fixes==0 on pass>=2 — the kill rule reads persistent fixes)
RXBUILD_DIAGNOSTIC spec: enabled=true patches=351936 last_pass_patches=10998 frames=10998 (F-2 publish-by-reference master; the steady-state law is every patchable entry patched exactly once per pass boundary)
DIAG cons spec: parks=0 park_ms=0.0 slow_waits=0 slow_ms=0.0
PR1_R8_PURE_INGEST_VERDICT rate=10353452862 target=2000000000 -> PASS (R8: 2B msg/s pure ingest — full pipeline live, span emission, zero verification skipped)
PR1_R16_PURE_INGEST_VERDICT rate=10353452862 target=5000000000 -> PASS (R16: 5B msg/s pure ingest — the Double Helix program, docs/29)
{
  "median_cycles": 2.2218,
  "p95_cycles": 2.2734,
  "p99_cycles": 2.3041,
  "stddev": 0.0380,
  "cv_percent": 1.7108,
  "runs": 30,
  "warmup": 5,
  "cpu_model": "AMD EPYC 9V45 96-Core Processor",
  "freq_mhz": 2596.12,
  "target": "x86_64-unknown-linux-musl",
  "sink": "count+span",
  "sample": "data/tests/sample-mini.itch",
  "span_median_cycles": 0.2507,
  "span_p95_cycles": 0.6567,
  "span_p99_cycles": 0.6631,
  "span_stddev": 0.1508,
  "span_cv_percent": 60.1567,
  "span_rate_msg_per_sec": 10353452862,
  "r8_pure_ingest_target": 2000000000,
  "r8_pure_ingest_verdict": "PASS",
  "r16_pure_ingest_target": 5000000000,
  "r16_pure_ingest_verdict": "PASS",
  "spec_rate_msg_per_sec": 490444624,
  "r23_pure_ingest_target": 15000000000,
  "r23_pure_ingest_verdict": "FAIL"
}
R23_SPEC_INGEST_ROW spec_rate=490444624 verdict=FAIL (REPORTED)
ALL CONSTRAINTS PASSED
=== ALL CHECKS PASSED SUCCESSFULLY ===
