RUSTFLAGS (env): -C target-cpu=x86-64-v3
rustc: rustc 1.99.0 (b940084d7 2026-09-28)
target_arch="x86_64"
target_feature="fxsr"
target_feature="sse"
target_feature="sse2"
CPUS: 4
model name	: AMD EPYC 9V45 96-Core Processor
cpu0 siblings: 0-1 L3: 0-3
cpu1 siblings: 0-1 L3: 0-3
cpu2 siblings: 2-3 L3: 0-3
cpu3 siblings: 2-3 L3: 0-3
taskset: pid 2171's current affinity list: 0-3
=== 1. Mini Sample SHA256 Check ===
data/tests/sample-mini.itch: OK
=== 2. Build Workspace Release ===
[1m[92m    Updating[0m crates.io index
[1m[92m   Compiling[0m nf-protocol v0.1.0 (/home/runner/work/HFT-Proj/HFT-Proj/crates/nf-protocol)
[1m[92m   Compiling[0m nf-arbitrator v0.1.0 (/home/runner/work/HFT-Proj/HFT-Proj/crates/nf-arbitrator)
[1m[92m   Compiling[0m nf-transport v0.1.0 (/home/runner/work/HFT-Proj/HFT-Proj/crates/nf-transport)
[1m[92m   Compiling[0m nf-recovery v0.1.0 (/home/runner/work/HFT-Proj/HFT-Proj/crates/nf-recovery)
[1m[92m   Compiling[0m nf-testkit v0.1.0 (/home/runner/work/HFT-Proj/HFT-Proj/crates/nf-testkit)
[1m[92m   Compiling[0m nf-engine v0.1.0 (/home/runner/work/HFT-Proj/HFT-Proj/crates/nf-engine)
[1m[92m    Finished[0m `release` profile [optimized] target(s) in 17.77s
=== 3. Clippy Workspace ===
[1m[92m    Checking[0m nf-protocol v0.1.0 (/home/runner/work/HFT-Proj/HFT-Proj/crates/nf-protocol)
[1m[92m    Checking[0m nf-arbitrator v0.1.0 (/home/runner/work/HFT-Proj/HFT-Proj/crates/nf-arbitrator)
[1m[92m    Checking[0m nf-transport v0.1.0 (/home/runner/work/HFT-Proj/HFT-Proj/crates/nf-transport)
[1m[92m    Checking[0m nf-recovery v0.1.0 (/home/runner/work/HFT-Proj/HFT-Proj/crates/nf-recovery)
[1m[92m    Checking[0m nf-testkit v0.1.0 (/home/runner/work/HFT-Proj/HFT-Proj/crates/nf-testkit)
[1m[92m    Checking[0m nf-engine v0.1.0 (/home/runner/work/HFT-Proj/HFT-Proj/crates/nf-engine)
[1m[92m    Finished[0m `dev` profile [unoptimized + debuginfo] target(s) in 2.36s
=== 4. Negative Lint Tripwire Test ===
[1m[92m    Checking[0m lint-fixture v0.1.0 (/home/runner/work/HFT-Proj/HFT-Proj/tests/lint_fixture)
[1m[91merror[0m[1m: use of a disallowed type `alloc::vec::Vec`[0m
 [1m[94m--> [0msrc/lib.rs:7:23
  [1m[94m|[0m
[1m[94m7[0m [1m[94m|[0m     let _v: Vec<u8> = Vec::new();
  [1m[94m|[0m                       [1m[91m^^^[0m
  [1m[94m|[0m
  [1m[94m= [0m[1mnote[0m: Tier-F zero-allocation ban
  [1m[94m= [0m[1mhelp[0m: for further information visit https://rust-lang.github.io/rust-clippy/rust-1.99.0/index.html#disallowed_types
[1m[92mnote[0m: the lint level is defined here
 [1m[94m--> [0msrc/lib.rs:3:9
  [1m[94m|[0m
[1m[94m3[0m [1m[94m|[0m #![deny(clippy::disallowed_types)]
  [1m[94m|[0m         [1m[92m^^^^^^^^^^^^^^^^^^^^^^^^[0m

[1m[91merror[0m[1m: use of a disallowed type `alloc::vec::Vec`[0m
 [1m[94m--> [0msrc/lib.rs:7:13
  [1m[94m|[0m
[1m[94m7[0m [1m[94m|[0m     let _v: Vec<u8> = Vec::new();
  [1m[94m|[0m             [1m[91m^^^^^^^[0m
  [1m[94m|[0m
  [1m[94m= [0m[1mnote[0m: Tier-F zero-allocation ban
  [1m[94m= [0m[1mhelp[0m: for further information visit https://rust-lang.github.io/rust-clippy/rust-1.99.0/index.html#disallowed_types

[1m[91merror[0m[1m: use of a disallowed type `alloc::string::String`[0m
 [1m[94m--> [0msrc/lib.rs:8:22
  [1m[94m|[0m
[1m[94m8[0m [1m[94m|[0m     let _s: String = String::new();
  [1m[94m|[0m                      [1m[91m^^^^^^[0m
  [1m[94m|[0m
  [1m[94m= [0m[1mnote[0m: Tier-F zero-allocation ban
  [1m[94m= [0m[1mhelp[0m: for further information visit https://rust-lang.github.io/rust-clippy/rust-1.99.0/index.html#disallowed_types

[1m[91merror[0m[1m: use of a disallowed type `alloc::string::String`[0m
 [1m[94m--> [0msrc/lib.rs:8:13
  [1m[94m|[0m
[1m[94m8[0m [1m[94m|[0m     let _s: String = String::new();
  [1m[94m|[0m             [1m[91m^^^^^^[0m
  [1m[94m|[0m
  [1m[94m= [0m[1mnote[0m: Tier-F zero-allocation ban
  [1m[94m= [0m[1mhelp[0m: for further information visit https://rust-lang.github.io/rust-clippy/rust-1.99.0/index.html#disallowed_types

[1m[91merror[0m[1m: use of a disallowed type `std::collections::HashMap`[0m
 [1m[94m--> [0msrc/lib.rs:9:53
  [1m[94m|[0m
[1m[94m9[0m [1m[94m|[0m     let _map: std::collections::HashMap<u32, u32> = std::collections::HashMap::new();
  [1m[94m|[0m                                                     [1m[91m^^^^^^^^^^^^^^^^^^^^^^^^^[0m
  [1m[94m|[0m
  [1m[94m= [0m[1mnote[0m: Tier-F zero-allocation ban
  [1m[94m= [0m[1mhelp[0m: for further information visit https://rust-lang.github.io/rust-clippy/rust-1.99.0/index.html#disallowed_types

[1m[91merror[0m[1m: use of a disallowed type `std::collections::HashMap`[0m
 [1m[94m--> [0msrc/lib.rs:9:15
  [1m[94m|[0m
[1m[94m9[0m [1m[94m|[0m     let _map: std::collections::HashMap<u32, u32> = std::collections::HashMap::new();
  [1m[94m|[0m               [1m[91m^^^^^^^^^^^^^^^^^^^^^^^^^^^^^^^^^^^[0m
  [1m[94m|[0m
  [1m[94m= [0m[1mnote[0m: Tier-F zero-allocation ban
  [1m[94m= [0m[1mhelp[0m: for further information visit https://rust-lang.github.io/rust-clippy/rust-1.99.0/index.html#disallowed_types

[1m[91merror[0m[1m: use of a disallowed type `alloc::rc::Rc`[0m
  [1m[94m--> [0msrc/lib.rs:10:15
   [1m[94m|[0m
[1m[94m10[0m [1m[94m|[0m     let _rc = std::rc::Rc::new(42);
   [1m[94m|[0m               [1m[91m^^^^^^^^^^^[0m
   [1m[94m|[0m
   [1m[94m= [0m[1mnote[0m: Tier-F zero-allocation ban
   [1m[94m= [0m[1mhelp[0m: for further information visit https://rust-lang.github.io/rust-clippy/rust-1.99.0/index.html#disallowed_types

[1m[91merror[0m[1m: use of a disallowed type `alloc::sync::Arc`[0m
  [1m[94m--> [0msrc/lib.rs:11:16
   [1m[94m|[0m
[1m[94m11[0m [1m[94m|[0m     let _arc = std::sync::Arc::new(42);
   [1m[94m|[0m                [1m[91m^^^^^^^^^^^^^^[0m
   [1m[94m|[0m
   [1m[94m= [0m[1mnote[0m: Tier-F zero-allocation ban
   [1m[94m= [0m[1mhelp[0m: for further information visit https://rust-lang.github.io/rust-clippy/rust-1.99.0/index.html#disallowed_types

[1m[91merror[0m[1m: use of a disallowed method `alloc::string::ToString::to_string`[0m
  [1m[94m--> [0msrc/lib.rs:15:17
   [1m[94m|[0m
[1m[94m15[0m [1m[94m|[0m     let _s = 42.to_string();
   [1m[94m|[0m                 [1m[91m^^^^^^^^^[0m
   [1m[94m|[0m
   [1m[94m= [0m[1mnote[0m: Tier-M zero-allocation hot-loop ban
   [1m[94m= [0m[1mhelp[0m: for further information visit https://rust-lang.github.io/rust-clippy/rust-1.99.0/index.html#disallowed_methods
[1m[92mnote[0m: the lint level is defined here
  [1m[94m--> [0msrc/lib.rs:4:9
   [1m[94m|[0m
[1m[94m 4[0m [1m[94m|[0m #![deny(clippy::disallowed_methods)]
   [1m[94m|[0m         [1m[92m^^^^^^^^^^^^^^^^^^^^^^^^^^[0m

[1m[91merror[0m[1m: use of a disallowed method `alloc::borrow::ToOwned::to_owned`[0m
  [1m[94m--> [0msrc/lib.rs:17:24
   [1m[94m|[0m
[1m[94m17[0m [1m[94m|[0m     let _owned = slice.to_owned();
   [1m[94m|[0m                        [1m[91m^^^^^^^^[0m
   [1m[94m|[0m
   [1m[94m= [0m[1mnote[0m: Tier-M zero-allocation hot-loop ban
   [1m[94m= [0m[1mhelp[0m: for further information visit https://rust-lang.github.io/rust-clippy/rust-1.99.0/index.html#disallowed_methods

[1m[91merror[0m: could not compile `lint-fixture` (lib) due to 10 previous errors
=== 5. Unit & Conformance Tests ===
[1m[92m   Compiling[0m nf-protocol v0.1.0 (/home/runner/work/HFT-Proj/HFT-Proj/crates/nf-protocol)
[1m[92m   Compiling[0m nf-transport v0.1.0 (/home/runner/work/HFT-Proj/HFT-Proj/crates/nf-transport)
[1m[92m   Compiling[0m nf-arbitrator v0.1.0 (/home/runner/work/HFT-Proj/HFT-Proj/crates/nf-arbitrator)
[1m[92m   Compiling[0m nf-recovery v0.1.0 (/home/runner/work/HFT-Proj/HFT-Proj/crates/nf-recovery)
[1m[92m   Compiling[0m nf-testkit v0.1.0 (/home/runner/work/HFT-Proj/HFT-Proj/crates/nf-testkit)
[1m[92m   Compiling[0m nf-engine v0.1.0 (/home/runner/work/HFT-Proj/HFT-Proj/crates/nf-engine)
[1m[92m    Finished[0m `test` profile [optimized + debuginfo] target(s) in 14.79s
[1m[92m     Running[0m unittests src/lib.rs (target/debug/deps/nf_arbitrator-6363e96099bf9242)

running 0 tests

test result: ok. 0 passed; 0 failed; 0 ignored; 0 measured; 0 filtered out; finished in 0.00s

[1m[92m     Running[0m tests/compilefail.rs (target/debug/deps/compilefail-478af2cb6c91a996)

running 1 test
[1m[92m    Checking[0m nf-protocol v0.1.0 (/home/runner/work/HFT-Proj/HFT-Proj/crates/nf-protocol)
[1m[92m    Checking[0m nf-arbitrator v0.1.0 (/home/runner/work/HFT-Proj/HFT-Proj/crates/nf-arbitrator)
[1m[92m    Checking[0m nf-transport v0.1.0 (/home/runner/work/HFT-Proj/HFT-Proj/crates/nf-transport)
[1m[92m    Checking[0m nf-recovery v0.1.0 (/home/runner/work/HFT-Proj/HFT-Proj/crates/nf-recovery)
[1m[92m    Checking[0m nf-testkit v0.1.0 (/home/runner/work/HFT-Proj/HFT-Proj/crates/nf-testkit)
[1m[92m    Checking[0m nf-arbitrator-tests v0.0.0 (/home/runner/work/HFT-Proj/HFT-Proj/target/tests/trybuild/nf-arbitrator)
[1m[92m    Finished[0m `dev` profile [unoptimized + debuginfo] target(s) in 0.63s


test tests/ui/cf1_private_field_construction.rs ... ok
test tests/ui/cf2_private_field_read.rs ... ok
test tests/ui/cf3_destructure.rs ... ok
test tests/ui/cf4_lookalike_type.rs ... ok
test tests/ui/cf5_hold_across_calls.rs ... ok
test tests/ui/cf6_orphan_clone.rs ... ok


test test_compile_fail_suite ... ok

test result: ok. 1 passed; 0 failed; 0 ignored; 0 measured; 0 filtered out; finished in 1.67s

[1m[92m     Running[0m tests/sequencer_tests.rs (target/debug/deps/sequencer_tests-c037a0fdfcc57b5c)

running 19 tests
test test_r3_span_equivalence_contiguous_flow ... ok
test test_r3_no_optin_unchanged ... ok
test test_r3_span_fallback_on_invalid ... ok
test test_r3_span_gap_staging_drain ... ok
test test_r3_span_hb_eos ... ok
test test_u10_gen_law ... ok
test test_u11_seal ... ok
test test_u12_recovery_intent ... ok
test test_u14_byte_identity ... ok
test test_u3_reorder_disorder ... ok
test test_u13_totality ... ok
test test_u1_dup_fast_path ... ok
test test_u2_partial_overlap ... ok
test test_u8_eos_handling ... ok
test test_u4_window_clamp ... ok
test test_u6_session_change ... ok
test test_u7_heartbeat_gap ... ok
test test_u9_eos_then_data ... ok
test test_u_zombie_hazard ... ok

test result: ok. 19 passed; 0 failed; 0 ignored; 0 measured; 0 filtered out; finished in 0.00s

[1m[92m     Running[0m tests/split_watermark.rs (target/debug/deps/split_watermark-6b556bc238fd948b)

running 1 test
test test_a1_split_watermark_discriminator ... ok

test result: ok. 1 passed; 0 failed; 0 ignored; 0 measured; 0 filtered out; finished in 0.05s

[1m[92m     Running[0m unittests src/lib.rs (target/debug/deps/nf_engine-2835e0eb584a1f80)

running 4 tests
test histogram::tests::test_static_histogram_percentiles ... ok
test tail_study::tests::test_p2_l1_unit_law_per_message_stamps ... ok
test tests::test_audit_in_memory_stream ... ok
test tests::test_audit_truncated_tail ... ok

test result: ok. 4 passed; 0 failed; 0 ignored; 0 measured; 0 filtered out; finished in 0.00s

[1m[92m     Running[0m unittests src/bin/audit.rs (target/debug/deps/audit-0ffa5e810830aa34)

running 0 tests

test result: ok. 0 passed; 0 failed; 0 ignored; 0 measured; 0 filtered out; finished in 0.00s

[1m[92m     Running[0m unittests src/bin/bench.rs (target/debug/deps/bench-8d7d78bca1894c8b)

running 0 tests

test result: ok. 0 passed; 0 failed; 0 ignored; 0 measured; 0 filtered out; finished in 0.00s

[1m[92m     Running[0m unittests src/bin/hft_bench.rs (target/debug/deps/hft_bench-77e0d5531fa87c9d)

running 0 tests

test result: ok. 0 passed; 0 failed; 0 ignored; 0 measured; 0 filtered out; finished in 0.00s

[1m[92m     Running[0m unittests src/bin/kbench.rs (target/debug/deps/kbench-4bb94fa949f08972)

running 0 tests

test result: ok. 0 passed; 0 failed; 0 ignored; 0 measured; 0 filtered out; finished in 0.00s

[1m[92m     Running[0m unittests src/bin/replay.rs (target/debug/deps/replay-0ff2083d86b40b63)

running 0 tests

test result: ok. 0 passed; 0 failed; 0 ignored; 0 measured; 0 filtered out; finished in 0.00s

[1m[92m     Running[0m tests/xdp_tests.rs (target/debug/deps/xdp_tests-51cc3573b9588ba6)

running 6 tests
test test_x4_fill_ring_discipline ... ok
test test_x1_xdp_smoke ... ok
test test_x6_malicious_frames ... ok
test test_x5_alloc_window_xdp ... ok
test test_x3_scripted_dual_drop ... ok
test test_x2_conformance_mini ... ok

test result: ok. 6 passed; 0 failed; 0 ignored; 0 measured; 0 filtered out; finished in 0.03s

[1m[92m     Running[0m unittests src/lib.rs (target/debug/deps/nf_protocol-885ff5d190450fa5)

running 21 tests
test gates::tests::test_gates_tripwires_fail_on_bad_inputs ... ok
test itch5::tests::t3_case_trap ... ok
test itch5::tests::t2_tv_it2_stock_directory ... ok
test itch5::tests::t4_synthetic_add_order ... ok
test itch5::tests::t1_tv_it1_system_event ... ok
test itch5::tests::t6_error_paths ... ok
test itch5::tests::t5_table_totality ... ok
test itch5::tests::t7_extended_overlays ... ok
test moldudp64::tests::t11_span_calculation ... ok
test moldudp64::tests::t13_spec_slice_edges ... ok
test moldudp64::tests::t1_tv1_golden ... ok
test moldudp64::tests::t2_t3_heartbeat_and_eos ... ok
test moldudp64::tests::t4_encode_request ... ok
test moldudp64::tests::t5_truncated_frame ... ok
test moldudp64::tests::t6_block_overrun ... ok
test moldudp64::tests::t7_trailing_bytes ... ok
test moldudp64::tests::t8_zero_length_message ... ok
test moldudp64::tests::t9_seq_overflow ... ok
test packet::tests::test_validate_frame_synthetic ... ok
test moldudp64::tests::t10_round_trip_property ... ok
test moldudp64::tests::t12_spec_slice_matches_blocks ... ok

test result: ok. 21 passed; 0 failed; 0 ignored; 0 measured; 0 filtered out; finished in 0.04s

[1m[92m     Running[0m unittests src/lib.rs (target/debug/deps/nf_recovery-a4273f375a48027e)

running 0 tests

test result: ok. 0 passed; 0 failed; 0 ignored; 0 measured; 0 filtered out; finished in 0.00s

[1m[92m     Running[0m tests/recovery_tests.rs (target/debug/deps/recovery_tests-6c123f8406540150)

running 17 tests
test test_r10_session_boundary_during_recovery ... ok
test test_r11_socket_disconnect ... ok
test test_r12_vt_grace_stepping ... ok
test test_r13_retry_counting_determinism ... ok
test test_r14_state_transition_matrix ... ok
test test_e2e_2b_split_dual_drop ... ok
test test_e2e_2a_canonical_dual_drop ... ok
test test_e2e_2c_double_run_confluence ... ok
test test_r4_request_encode_from_intent ... ok
test test_r1_fakeserver_drop_request_fault ... ok
test test_r5_partial_fill_truncate_after ... ok
test test_r7_silence_dead ... ok
test test_r3_inv_r5_wrong_session ... ok
test test_r2_fakeserver_drop_response_fault ... ok
test test_r9_dual_drop_repair ... ok
test test_r6_drop_request_dead ... ok
test test_r8_duplicate_first ... ok

test result: ok. 17 passed; 0 failed; 0 ignored; 0 measured; 0 filtered out; finished in 0.16s

[1m[92m     Running[0m unittests src/lib.rs (target/debug/deps/nf_testkit-c60ad869f026b239)

running 76 tests
test affinity::fabric_placement_tests::t_fabric_placement_distinct_workers_on_distinct_cores ... ok
test affinity::fabric_placement_tests::t_fabric_placement_no_worker_on_main_sibling_when_possible ... ok
test affinity::l3_tests::t_l3_groups_partition ... ok
test affinity::l3_tests::t_pipeline_placement_distinct ... ok
test affinity::tests::t_affinity_order_nonempty_and_bounded ... ok
test affinity::tests::t_affinity_pin_roundtrip ... ok
test affinity::l3_tests::t_topology_verification_placement_consistent ... ok
test affinity::l3_tests::t_topology_verification_same_cpu_violates ... ok
test batch_parity::t_r12_soa_parity_default_schedule ... ok
test batch_parity::t_r12_soa_parity_lossy_schedule ... ok
test batch_parity::t_r12_soa_parity_multi_pass_resets ... ok
test batch_parity::t_r12_soa_parity_reorder_schedule ... ok
test batch_parity::t_r12_soa_parity_session_split ... ok
test batch_parity::t_r12_soa_parity_single_feed_seeded ... ok
test batch_parity::t_r8_batch_parity_default_schedule ... ok
test batch_parity::t_r8_batch_parity_fast_sink ... ok
test batch_parity::t_r8_batch_parity_lossy_schedule ... ok
test batch_parity::t_r8_batch_parity_multi_pass_reset ... ok
test batch_parity::t_r8_batch_parity_per_message_sink ... ok
test batch_parity::t_r8_batch_parity_reorder_schedule ... ok
test batch_parity::t_r8_batch_parity_session_split ... ok
test batch_parity::t_r8_batch_parity_single_feed_seeded ... ok
test batch_parity::t_r8_coalesced_pacing_parity ... ok
test batch_parity::t_r8_pipeline_parity_canonical ... ok
test crcfold::tests::t_affine_kernel_8lane_differential ... ok
test crcfold::tests::t_affine_kernel_models ... ok
test crcfold::tests::t_affine_kernel_scalar_differential ... ok
test crcfold::tests::t_affine_span_derivation_oracle ... ok
test crcfold::tests::t_dfold_constants_derivation ... ok
test crcfold::tests::t_fold_differential_exhaustive ... ok
test crcfold::tests::t_gfni_bitrev_matrix ... ok
test crcfold::tests::t_golden_vectors ... ok
test crcfold::tests::t_ofold_constants_derivation ... ok
test crcfold::tests::t_r23c_tag_core ... ok
test crcfold::tests::t_reference_matches_standard_vector ... ok
test crcfold::tests::t_reflect_constants_derivation ... ok
test crcfold::tests::t_spec_slice_vec_differential ... ok
test crcfold::tests::t_transpose_arena_public_api ... ok
test crcfold::tests::t_tri_constants_derivation ... ok
test crcfold::tests::t_vend_constants_derivation ... ok
test crcfold::tests::t_vtail_constants_derivation ... ok
test hydra::tests::t_hydra_bitparity_chaos_schedule ... ok
test hydra::tests::t_hydra_bitparity_default_schedule ... ok
test batch_parity::t_f2_rxbuild_chaos_sustained_soak ... ok
test batch_parity::t_f1_rxwarm_chaos_sustained_soak ... ok
test hydra::tests::t_hydra_bitparity_ring_wraparound ... ok
test hydra::tests::t_hydra_bitparity_worker_counts ... ok
test hydra::tests::t_hydra_bitparity_seeded_range ... ok
test hydra::tests::t_hydra_crosspass_overlap_bitparity ... ok
test hydra::tests::t_r23c_affine_ledger_pipeline_parity ... ok
test hydra::tests::t_r23c_affine_tag_parity ... ok
test batch_parity::t_i7_prepatch_chaos_sustained_soak ... ok
test hydra::tests::t_hydra_bitparity_fixed1 ... ok
test soa::tests::t_ladder_alternating_group_passes ... ok
test soa::tests::t_ladder_avx512_matches_scalar_when_present ... ok
test soa::tests::t_ladder_gap_fails ... ok
test soa::tests::t_ladder_pair_mismatch_fails ... ok
test soa::tests::t_ladder_partial_dup_fails_or_passes_correctly ... ok
test soa::tests::t_ladder_two_emits_fails ... ok
test soa::tests::t_ladder_wrapping_group_rejected ... ok
test tests::t10_max_rate_mode ... ok
test tests::t1_golden_walker_mini ... ok
test tests::t2_schedule_determinism ... ok
test tests::t3_packetization_modes ... ok
test tests::t4_render_round_trip ... ok
test tests::t5_accounting_identity_guarantee_coverage ... ok
test tests::t6_th1_structure ... ok
test tests::t7_session_split_invariance ... ok
test tests::t8_delay_distribution_sanity ... ok
test tests::t9_full_mini_chaos_run ... ok
test tests::test_e2e_1_mini_chaos_conformance ... ok
test tests::test_e2e_1b_mini_chaos_determinism_double_run ... ok
test tests::test_u5_w1_property_1m_ops ... ok
test hydra::tests::t_rxdesc_sustained_multipass_parity ... ok
test hydra::tests::t_hydra_pipeline_soa_chaos_bitparity ... ok
test hydra::tests::t_rxdesc_parity_matrix ... ok

test result: ok. 76 passed; 0 failed; 0 ignored; 0 measured; 0 filtered out; finished in 5.18s

[1m[92m     Running[0m unittests src/bin/diff_oracle.rs (target/debug/deps/diff_oracle-fa81e8970129c313)

running 0 tests

test result: ok. 0 passed; 0 failed; 0 ignored; 0 measured; 0 filtered out; finished in 0.00s

[1m[92m     Running[0m unittests src/bin/fakeserver.rs (target/debug/deps/fakeserver-cafe9c737f62a6cf)

running 0 tests

test result: ok. 0 passed; 0 failed; 0 ignored; 0 measured; 0 filtered out; finished in 0.00s

[1m[92m     Running[0m unittests src/bin/fbench.rs (target/debug/deps/fbench-125af8e1b5e4ff98)

running 0 tests

test result: ok. 0 passed; 0 failed; 0 ignored; 0 measured; 0 filtered out; finished in 0.00s

[1m[92m     Running[0m unittests src/bin/fuzz_campaign.rs (target/debug/deps/fuzz_campaign-5df8befc36b68eb5)

running 0 tests

test result: ok. 0 passed; 0 failed; 0 ignored; 0 measured; 0 filtered out; finished in 0.00s

[1m[92m     Running[0m unittests src/bin/matrix_sweep.rs (target/debug/deps/matrix_sweep-7c6987c33b3656ab)

running 0 tests

test result: ok. 0 passed; 0 failed; 0 ignored; 0 measured; 0 filtered out; finished in 0.00s

[1m[92m     Running[0m unittests src/bin/spec_server.rs (target/debug/deps/spec_server-cb8f9ed5a20ba269)

running 0 tests

test result: ok. 0 passed; 0 failed; 0 ignored; 0 measured; 0 filtered out; finished in 0.00s

[1m[92m     Running[0m unittests src/bin/venue.rs (target/debug/deps/venue-785153f8a034a3bf)

running 0 tests

test result: ok. 0 passed; 0 failed; 0 ignored; 0 measured; 0 filtered out; finished in 0.00s

[1m[92m     Running[0m unittests src/bin/window_sweep.rs (target/debug/deps/window_sweep-6d125350cd8689be)

running 0 tests

test result: ok. 0 passed; 0 failed; 0 ignored; 0 measured; 0 filtered out; finished in 0.00s

[1m[92m     Running[0m unittests src/lib.rs (target/debug/deps/nf_transport-1bacef6ed3ea05d1)

running 24 tests
test pipeline::tests::t_pipeline_armed_rejects_plain_reset ... ok
test pipeline::tests::t_pipeline_auto_advance_session_divergence_failstops ... ok
test pipeline::tests::t_pipeline_auto_advance_multi_pass ... ok
test pipeline::tests::t_pipeline_coalesce128 ... ok
test pipeline::tests::t_pipeline_single_pass_coalesce8 ... ok
test pipeline::tests::t_pipeline_multi_reset ... ok
test pipeline::tests::t_pipeline_single_pass_coalesce1 ... ok
test pipeline::tests::t_rxbuild_constant_session ... ok
test pipeline::tests::t_rxbuild_mid_pass_abandon ... ok
test pipeline::tests::t_nbuf32_parity_vs_depth16 ... ok
test pipeline::tests::t_rxbuild_parity_vs_classic ... ok
test pipeline::tests::t_rxwarm_mid_pass_abandon ... ok
test render::tests::t_r2_memo_all_valid ... ok
test render::tests::t_r2_memo_default_trait_none ... ok
test render::tests::t_r2_memo_exact_prefix ... ok
test render::tests::t_r2_memo_none_for_hb ... ok
test render::tests::t_r2_memo_none_oob ... ok
test pipeline::tests::t_rxwarm_unarmed_constant_session ... ok
test render::tests::t_r2_memo_stable_across_reset ... ok
test render::tests::t_r8_batch_entries_match_side_tables ... ok
test render::tests::t_r9_aliasing_dual_feed_identical_bytes_and_smaller_blob ... ok
test render::tests::t_r9_aliasing_not_for_distinct_ranges ... ok
test pipeline::tests::t_rxwarm_parity_vs_classic ... ok
test pipeline::tests::t_prepatch_marker_sentinel_head_invariant ... ok

test result: ok. 24 passed; 0 failed; 0 ignored; 0 measured; 0 filtered out; finished in 0.11s

[1m[92m   Doc-tests[0m nf_arbitrator

running 0 tests

test result: ok. 0 passed; 0 failed; 0 ignored; 0 measured; 0 filtered out; finished in 0.00s

[1m[92m   Doc-tests[0m nf_engine

running 0 tests

test result: ok. 0 passed; 0 failed; 0 ignored; 0 measured; 0 filtered out; finished in 0.00s

[1m[92m   Doc-tests[0m nf_protocol

running 0 tests

test result: ok. 0 passed; 0 failed; 0 ignored; 0 measured; 0 filtered out; finished in 0.00s

[1m[92m   Doc-tests[0m nf_recovery

running 0 tests

test result: ok. 0 passed; 0 failed; 0 ignored; 0 measured; 0 filtered out; finished in 0.00s

[1m[92m   Doc-tests[0m nf_testkit

running 0 tests

test result: ok. 0 passed; 0 failed; 0 ignored; 0 measured; 0 filtered out; finished in 0.00s

[1m[92m   Doc-tests[0m nf_transport

running 0 tests

test result: ok. 0 passed; 0 failed; 0 ignored; 0 measured; 0 filtered out; finished in 0.00s

=== 6. Full Day Audit & Histogram Diff ===
[1m[92m    Finished[0m `release` profile [optimized] target(s) in 0.01s
[1m[92m     Running[0m `target/release/audit data/tests/sample-mini.itch`
AUDIT file=data/tests/sample-mini.itch bytes=14999991 blocks=505849 violations=0 truncated_tail=true
HIST 0x41 A len=36 count=180684 pct=35.72
HIST 0x43 C len=36 count=20 pct=0.00
HIST 0x44 D len=19 count=164385 pct=32.50
HIST 0x45 E len=31 count=1507 pct=0.30
HIST 0x46 F len=40 count=27934 pct=5.52
HIST 0x48 H len=25 count=8900 pct=1.76
HIST 0x4C L len=26 count=6171 pct=1.22
HIST 0x4E N len=20 count=76670 pct=15.16
HIST 0x50 P len=44 count=1544 pct=0.31
HIST 0x52 R len=39 count=8906 pct=1.76
HIST 0x53 S len=12 count=3 pct=0.00
HIST 0x55 U len=35 count=18395 pct=3.64
HIST 0x56 V len=35 count=1 pct=0.00
HIST 0x58 X len=23 count=1821 pct=0.36
HIST 0x59 Y len=20 count=8908 pct=1.76
=== 7. Replay Conformance & Golden Hash Check ===
[1m[92m    Finished[0m `release` profile [optimized] target(s) in 0.01s
[1m[92m     Running[0m `target/release/replay --config ci-mode1.toml`
BLOB_BACKING mode=mmap anon_huge_kb=16384 map_mb=16.5 verdict=thp-granted
VERDICT hash=0xF6EF154EFDE905D8 count=505849 watermark=255850 violations=0
=== 8. Zero-Allocation Window (ALLOC_DELTA=0) ===
BLOB_BACKING mode=mmap anon_huge_kb=16384 map_mb=16.5 verdict=thp-granted
WINDOW_BEGIN
WINDOW_END
ALLOC_DELTA=0
VERDICT hash=0xF6EF154EFDE905D8 count=505849 watermark=255850 violations=0
=== 9. Kernel Syscall Strace Diff Probe ===
BLOB_BACKING mode=mmap anon_huge_kb=16384 map_mb=16.5 verdict=thp-granted
BLOB_BACKING mode=mmap anon_huge_kb=14336 map_mb=16.5 verdict=thp-granted
VERDICT hash=0xF6EF154EFDE905D8 count=505849 watermark=255850 violations=0
=== 10. Venue Sender & XDP Transport Smoke Check ===
[1m[92m    Finished[0m `release` profile [optimized] target(s) in 0.01s
[1m[92m     Running[0m `target/release/venue --sample data/tests/sample-mini.itch`
VENUE_SENDER starting: sending 101202 events
VENUE_SENDER finished: 101202 packets transmitted
=== 11. Benchmark & G12-T1 Tail Attribution Study ===
[1m[92m    Finished[0m `release` profile [optimized] target(s) in 0.01s
[1m[92m     Running[0m `target/release/bench --sample data/tests/sample-mini.itch --runs 5 --study`
BENCH_CALIBRATION invariant_tsc=true freq_mhz=2596.12 mark_overhead_cycles=52
=== 1. PR-1 UN-INSTRUMENTED BURST THROUGHPUT EVALUATION ===
BLOB_BACKING mode=mmap anon_huge_kb=14336 map_mb=16.5 verdict=thp-granted
BENCH mode=replay-burst-uninstrumented msgs=505849 rate=647018796 allocs=0 freq=2596.12MHz run=1
BENCH mode=replay-burst-uninstrumented msgs=505849 rate=697144849 allocs=0 freq=2596.12MHz run=2
BENCH mode=replay-burst-uninstrumented msgs=505849 rate=789815212 allocs=0 freq=2596.12MHz run=3
BENCH mode=replay-burst-uninstrumented msgs=505849 rate=828079624 allocs=0 freq=2596.12MHz run=4
BENCH mode=replay-burst-uninstrumented msgs=505849 rate=840187221 allocs=0 freq=2596.12MHz run=5
BENCH_MEDIAN mode=replay-burst-uninstrumented rate=789815212
PR1_TITAN_VERDICT rate=789815212 target=100000000 -> PASS (span conformance: every emitted byte CRC32C-checked in-window, 8 lanes)
=== 2. PR-1 SUSTAINED LOOP MODE (>= 5 SECONDS) ===
BENCH mode=replay-sustained-5s total_msgs=4511667231 duration=5.00s sustained_rate=902246894 msg/s allocs=0
PR1_TITAN_SUSTAINED_VERDICT rate=902246894 target=100000000 -> PASS
=== 3. SAMPLED MARKS EVALUATION (1-in-256) & PR-2 VERDICT ===
BENCH mode=replay-core-sampled-256-fast msgs=505849 rate=65768506 p50=52 p99=78 mean=61.35 allocs=0 freq=2596.12MHz run=1
BENCH mode=replay-core-sampled-256-fast msgs=505849 rate=66344106 p50=52 p99=78 mean=60.79 allocs=0 freq=2596.12MHz run=2
BENCH mode=replay-core-sampled-256-fast msgs=505849 rate=65836231 p50=52 p99=78 mean=61.35 allocs=0 freq=2596.12MHz run=3
BENCH mode=replay-core-sampled-256-fast msgs=505849 rate=66093994 p50=52 p99=78 mean=60.91 allocs=0 freq=2596.12MHz run=4
BENCH mode=replay-core-sampled-256-fast msgs=505849 rate=65488217 p50=52 p99=104 mean=61.16 allocs=0 freq=2596.12MHz run=5
PR2_SAMPLED_VERDICT rate=65836231 p50=52 p99=78 (tax=91.66%) -> p50 < 60: PASS, p99 < 150: PASS
=== 4. H5 PACKET-SIZE SWEEP ===
H5_SWEEP packetize=Fixed(1) packets=1011710 rep=1 p50=104 p99=156 p99.9=156
H5_SWEEP packetize=Fixed(1) packets=1011710 rep=2 p50=104 p99=156 p99.9=182
H5_SWEEP packetize=Fixed(16) packets=63258 rep=1 p50=104 p99=130 p99.9=156
H5_SWEEP packetize=Fixed(16) packets=63258 rep=2 p50=104 p99=130 p99.9=156
H5_SWEEP packetize=MtuBound(1400) packets=21996 rep=1 p50=104 p99=130 p99.9=156
H5_SWEEP packetize=MtuBound(1400) packets=21996 rep=2 p50=104 p99=130 p99.9=156
=== 5. G12-T1 TAIL ATTRIBUTION STUDY PHASE 2 (PER-MESSAGE MEASUREMENT) ===
BENCH mode=replay-core-msg arm=cold msgs=505849 rate=14482622 raw[p50=78 p90=130 p99=130 p99.99=520 max=46566] adj[p50=26 p90=78 p99=78 p99.99=468 max=46514] allocs=0 freq=2596.12MHz run=1
BENCH mode=replay-core-msg arm=cold msgs=505849 rate=14228314 raw[p50=78 p90=130 p99=130 p99.99=598 max=315068] adj[p50=26 p90=78 p99=78 p99.99=546 max=315016] allocs=0 freq=2596.12MHz run=2
BENCH mode=replay-core-msg arm=cold msgs=505849 rate=14393596 raw[p50=78 p90=130 p99=130 p99.99=520 max=39442] adj[p50=26 p90=78 p99=78 p99.99=468 max=39390] allocs=0 freq=2596.12MHz run=3
BENCH mode=replay-core-msg arm=cold msgs=505849 rate=14398278 raw[p50=78 p90=130 p99=130 p99.99=442 max=50024] adj[p50=26 p90=78 p99=78 p99.99=390 max=49972] allocs=0 freq=2596.12MHz run=4
BENCH mode=replay-core-msg arm=cold msgs=505849 rate=14499044 raw[p50=78 p90=130 p99=130 p99.99=494 max=124566] adj[p50=26 p90=78 p99=78 p99.99=442 max=124514] allocs=0 freq=2596.12MHz run=5
T1_PHASE2 arm=cold rate=14398278 raw[p50=78 p90=130 p99=130 p99.9=156 p99.99=520 max=50024] adj[p50=26 p90=78 p99=78 p99.9=104 p99.99=468 max=49972] unknown_pct=0.00% (samples_above_p99=129966)
BENCH mode=replay-core-msg arm=prefault msgs=505849 rate=14599313 raw[p50=78 p90=130 p99=130 p99.99=3584 max=49244] adj[p50=26 p90=78 p99=78 p99.99=3552 max=49192] allocs=0 freq=2596.12MHz run=1
BENCH mode=replay-core-msg arm=prefault msgs=505849 rate=14670628 raw[p50=78 p90=130 p99=130 p99.99=520 max=43810] adj[p50=26 p90=78 p99=78 p99.99=468 max=43758] allocs=0 freq=2596.12MHz run=2
BENCH mode=replay-core-msg arm=prefault msgs=505849 rate=14661328 raw[p50=78 p90=130 p99=130 p99.99=520 max=62192] adj[p50=26 p90=78 p99=78 p99.99=468 max=62140] allocs=0 freq=2596.12MHz run=3
BENCH mode=replay-core-msg arm=prefault msgs=505849 rate=14626043 raw[p50=78 p90=130 p99=130 p99.99=442 max=40794] adj[p50=26 p90=78 p99=78 p99.99=390 max=40742] allocs=0 freq=2596.12MHz run=4
BENCH mode=replay-core-msg arm=prefault msgs=505849 rate=14585342 raw[p50=78 p90=130 p99=130 p99.99=494 max=50882] adj[p50=26 p90=78 p99=78 p99.99=442 max=50830] allocs=0 freq=2596.12MHz run=5
T1_PHASE2 arm=prefault rate=14626043 raw[p50=78 p90=130 p99=130 p99.9=156 p99.99=520 max=49244] adj[p50=26 p90=78 p99=78 p99.9=104 p99.99=468 max=49192] unknown_pct=0.00% (samples_above_p99=137517)
BENCH mode=replay-core-msg arm=empty msgs=1011698 rate=22369906 raw[p50=52 p90=52 p99=52 p99.99=78 max=43238] adj[p50=0 p90=0 p99=0 p99.99=26 max=43186] allocs=0 freq=2596.12MHz run=1
BENCH mode=replay-core-msg arm=empty msgs=1011698 rate=22342042 raw[p50=52 p90=52 p99=52 p99.99=78 max=58942] adj[p50=0 p90=0 p99=0 p99.99=26 max=58890] allocs=0 freq=2596.12MHz run=2
BENCH mode=replay-core-msg arm=empty msgs=1011698 rate=22297811 raw[p50=52 p90=52 p99=52 p99.99=78 max=64766] adj[p50=0 p90=0 p99=0 p99.99=26 max=64714] allocs=0 freq=2596.12MHz run=3
BENCH mode=replay-core-msg arm=empty msgs=1011698 rate=22414031 raw[p50=52 p90=52 p99=52 p99.99=78 max=45058] adj[p50=0 p90=0 p99=0 p99.99=26 max=45006] allocs=0 freq=2596.12MHz run=4
BENCH mode=replay-core-msg arm=empty msgs=1011698 rate=22297865 raw[p50=52 p90=52 p99=52 p99.99=78 max=139906] adj[p50=0 p90=0 p99=0 p99.99=26 max=139854] allocs=0 freq=2596.12MHz run=5
T1_PHASE2 arm=empty rate=22342042 raw[p50=52 p90=52 p99=52 p99.9=52 p99.99=78 max=58942] adj[p50=0 p90=0 p99=0 p99.9=0 p99.99=26 max=58890] unknown_pct=0.00% (samples_above_p99=395157)
STUDY_REPORT written to docs/artifacts/tail-study/study-report.md
=== 6. TARGET-1 PHASE A: 3-ARM SKELETON BASELINE SWEEP (20 RUNS) ===
BENCH mode=replay-core-msg arm=empty msgs=1011698 rate=22239439 raw[p50=52 p90=52 p99=52 p99.99=78 max=77402] adj[p50=0 p90=0 p99=0 p99.99=26 max=77350] allocs=0 freq=2596.12MHz run=1
T1_PHASE2 arm=empty rate=22239439 raw[p50=52 p90=52 p99=52 p99.9=52 p99.99=78 max=77402] adj[p50=0 p90=0 p99=0 p99.9=0 p99.99=26 max=77350] unknown_pct=0.00% (samples_above_p99=399624)
BENCH mode=replay-core-msg arm=loop msgs=1011698 rate=22364478 raw[p50=52 p90=52 p99=52 p99.99=78 max=39130] adj[p50=0 p90=0 p99=0 p99.99=26 max=39078] allocs=0 freq=2596.12MHz run=1
T1_PHASE2 arm=loop rate=22364478 raw[p50=52 p90=52 p99=52 p99.9=52 p99.99=78 max=39130] adj[p50=0 p90=0 p99=0 p99.9=0 p99.99=26 max=39078] unknown_pct=0.00% (samples_above_p99=400068)
BENCH mode=replay-core-msg arm=cold msgs=505849 rate=14480068 raw[p50=78 p90=130 p99=130 p99.99=364 max=41990] adj[p50=26 p90=78 p99=78 p99.99=312 max=41938] allocs=0 freq=2596.12MHz run=1
T1_PHASE2 arm=cold rate=14480068 raw[p50=78 p90=130 p99=130 p99.9=156 p99.99=364 max=41990] adj[p50=26 p90=78 p99=78 p99.9=104 p99.99=312 max=41938] unknown_pct=0.00% (samples_above_p99=135934)
BENCH mode=replay-core-msg arm=empty msgs=1011698 rate=22195662 raw[p50=52 p90=52 p99=52 p99.99=78 max=69836] adj[p50=0 p90=0 p99=0 p99.99=26 max=69784] allocs=0 freq=2596.12MHz run=1
T1_PHASE2 arm=empty rate=22195662 raw[p50=52 p90=52 p99=52 p99.9=52 p99.99=78 max=69836] adj[p50=0 p90=0 p99=0 p99.9=0 p99.99=26 max=69784] unknown_pct=0.00% (samples_above_p99=399607)
BENCH mode=replay-core-msg arm=loop msgs=1011698 rate=22189066 raw[p50=52 p90=52 p99=52 p99.99=78 max=43316] adj[p50=0 p90=0 p99=0 p99.99=26 max=43264] allocs=0 freq=2596.12MHz run=1
T1_PHASE2 arm=loop rate=22189066 raw[p50=52 p90=52 p99=52 p99.9=52 p99.99=78 max=43316] adj[p50=0 p90=0 p99=0 p99.9=0 p99.99=26 max=43264] unknown_pct=0.00% (samples_above_p99=402508)
BENCH mode=replay-core-msg arm=cold msgs=505849 rate=14565905 raw[p50=78 p90=130 p99=130 p99.99=442 max=64662] adj[p50=26 p90=78 p99=78 p99.99=390 max=64610] allocs=0 freq=2596.12MHz run=1
T1_PHASE2 arm=cold rate=14565905 raw[p50=78 p90=130 p99=130 p99.9=156 p99.99=442 max=64662] adj[p50=26 p90=78 p99=78 p99.9=104 p99.99=390 max=64610] unknown_pct=0.00% (samples_above_p99=128801)
BENCH mode=replay-core-msg arm=empty msgs=1011698 rate=22350306 raw[p50=52 p90=52 p99=52 p99.99=78 max=46592] adj[p50=0 p90=0 p99=0 p99.99=26 max=46540] allocs=0 freq=2596.12MHz run=1
T1_PHASE2 arm=empty rate=22350306 raw[p50=52 p90=52 p99=52 p99.9=52 p99.99=78 max=46592] adj[p50=0 p90=0 p99=0 p99.9=0 p99.99=26 max=46540] unknown_pct=0.00% (samples_above_p99=392470)
BENCH mode=replay-core-msg arm=loop msgs=1011698 rate=22445590 raw[p50=52 p90=52 p99=52 p99.99=78 max=33540] adj[p50=0 p90=0 p99=0 p99.99=26 max=33488] allocs=0 freq=2596.12MHz run=1
T1_PHASE2 arm=loop rate=22445590 raw[p50=52 p90=52 p99=52 p99.9=52 p99.99=78 max=33540] adj[p50=0 p90=0 p99=0 p99.9=0 p99.99=26 max=33488] unknown_pct=0.00% (samples_above_p99=398583)
BENCH mode=replay-core-msg arm=cold msgs=505849 rate=14653845 raw[p50=78 p90=130 p99=130 p99.99=390 max=31954] adj[p50=26 p90=78 p99=78 p99.99=338 max=31902] allocs=0 freq=2596.12MHz run=1
T1_PHASE2 arm=cold rate=14653845 raw[p50=78 p90=130 p99=130 p99.9=156 p99.99=390 max=31954] adj[p50=26 p90=78 p99=78 p99.9=104 p99.99=338 max=31902] unknown_pct=0.00% (samples_above_p99=129015)
BENCH mode=replay-core-msg arm=empty msgs=1011698 rate=22294229 raw[p50=52 p90=52 p99=52 p99.99=78 max=72748] adj[p50=0 p90=0 p99=0 p99.99=26 max=72696] allocs=0 freq=2596.12MHz run=1
T1_PHASE2 arm=empty rate=22294229 raw[p50=52 p90=52 p99=52 p99.9=52 p99.99=78 max=72748] adj[p50=0 p90=0 p99=0 p99.9=0 p99.99=26 max=72696] unknown_pct=0.00% (samples_above_p99=394046)
BENCH mode=replay-core-msg arm=loop msgs=1011698 rate=22679867 raw[p50=52 p90=52 p99=52 p99.99=78 max=24726] adj[p50=0 p90=0 p99=0 p99.99=26 max=24674] allocs=0 freq=2596.12MHz run=1
T1_PHASE2 arm=loop rate=22679867 raw[p50=52 p90=52 p99=52 p99.9=52 p99.99=78 max=24726] adj[p50=0 p90=0 p99=0 p99.9=0 p99.99=26 max=24674] unknown_pct=0.00% (samples_above_p99=388894)
BENCH mode=replay-core-msg arm=cold msgs=505849 rate=14642923 raw[p50=78 p90=130 p99=130 p99.99=364 max=40638] adj[p50=26 p90=78 p99=78 p99.99=312 max=40586] allocs=0 freq=2596.12MHz run=1
T1_PHASE2 arm=cold rate=14642923 raw[p50=78 p90=130 p99=130 p99.9=156 p99.99=364 max=40638] adj[p50=26 p90=78 p99=78 p99.9=104 p99.99=312 max=40586] unknown_pct=0.00% (samples_above_p99=129550)
BENCH mode=replay-core-msg arm=empty msgs=1011698 rate=21797899 raw[p50=52 p90=52 p99=52 p99.99=78 max=90870] adj[p50=0 p90=0 p99=0 p99.99=26 max=90818] allocs=0 freq=2596.12MHz run=1
T1_PHASE2 arm=empty rate=21797899 raw[p50=52 p90=52 p99=52 p99.9=52 p99.99=78 max=90870] adj[p50=0 p90=0 p99=0 p99.9=0 p99.99=26 max=90818] unknown_pct=0.00% (samples_above_p99=399580)
BENCH mode=replay-core-msg arm=loop msgs=1011698 rate=22522797 raw[p50=52 p90=52 p99=52 p99.99=78 max=36140] adj[p50=0 p90=0 p99=0 p99.99=26 max=36088] allocs=0 freq=2596.12MHz run=1
T1_PHASE2 arm=loop rate=22522797 raw[p50=52 p90=52 p99=52 p99.9=52 p99.99=78 max=36140] adj[p50=0 p90=0 p99=0 p99.9=0 p99.99=26 max=36088] unknown_pct=0.00% (samples_above_p99=394131)
BENCH mode=replay-core-msg arm=cold msgs=505849 rate=14531191 raw[p50=78 p90=130 p99=130 p99.99=572 max=152178] adj[p50=26 p90=78 p99=78 p99.99=520 max=152126] allocs=0 freq=2596.12MHz run=1
T1_PHASE2 arm=cold rate=14531191 raw[p50=78 p90=130 p99=130 p99.9=156 p99.99=572 max=152178] adj[p50=26 p90=78 p99=78 p99.9=104 p99.99=520 max=152126] unknown_pct=0.00% (samples_above_p99=134394)
BENCH mode=replay-core-msg arm=empty msgs=1011698 rate=21971037 raw[p50=52 p90=52 p99=52 p99.99=78 max=175006] adj[p50=0 p90=0 p99=0 p99.99=26 max=174954] allocs=0 freq=2596.12MHz run=1
T1_PHASE2 arm=empty rate=21971037 raw[p50=52 p90=52 p99=52 p99.9=52 p99.99=78 max=175006] adj[p50=0 p90=0 p99=0 p99.9=0 p99.99=26 max=174954] unknown_pct=0.00% (samples_above_p99=396498)
BENCH mode=replay-core-msg arm=loop msgs=1011698 rate=22555989 raw[p50=52 p90=52 p99=52 p99.99=78 max=89336] adj[p50=0 p90=0 p99=0 p99.99=26 max=89284] allocs=0 freq=2596.12MHz run=1
T1_PHASE2 arm=loop rate=22555989 raw[p50=52 p90=52 p99=52 p99.9=52 p99.99=78 max=89336] adj[p50=0 p90=0 p99=0 p99.9=0 p99.99=26 max=89284] unknown_pct=0.00% (samples_above_p99=394033)
BENCH mode=replay-core-msg arm=cold msgs=505849 rate=14544698 raw[p50=78 p90=130 p99=130 p99.99=338 max=27222] adj[p50=26 p90=78 p99=78 p99.99=286 max=27170] allocs=0 freq=2596.12MHz run=1
T1_PHASE2 arm=cold rate=14544698 raw[p50=78 p90=130 p99=130 p99.9=156 p99.99=338 max=27222] adj[p50=26 p90=78 p99=78 p99.9=104 p99.99=286 max=27170] unknown_pct=0.00% (samples_above_p99=135669)
BENCH mode=replay-core-msg arm=empty msgs=1011698 rate=22207621 raw[p50=52 p90=52 p99=52 p99.99=78 max=57122] adj[p50=0 p90=0 p99=0 p99.99=26 max=57070] allocs=0 freq=2596.12MHz run=1
T1_PHASE2 arm=empty rate=22207621 raw[p50=52 p90=52 p99=52 p99.9=52 p99.99=78 max=57122] adj[p50=0 p90=0 p99=0 p99.9=0 p99.99=26 max=57070] unknown_pct=0.00% (samples_above_p99=390961)
BENCH mode=replay-core-msg arm=loop msgs=1011698 rate=22167617 raw[p50=52 p90=52 p99=52 p99.99=78 max=136266] adj[p50=0 p90=0 p99=0 p99.99=26 max=136214] allocs=0 freq=2596.12MHz run=1
T1_PHASE2 arm=loop rate=22167617 raw[p50=52 p90=52 p99=52 p99.9=52 p99.99=78 max=136266] adj[p50=0 p90=0 p99=0 p99.9=0 p99.99=26 max=136214] unknown_pct=0.00% (samples_above_p99=392714)
BENCH mode=replay-core-msg arm=cold msgs=505849 rate=14559368 raw[p50=78 p90=130 p99=130 p99.99=416 max=41184] adj[p50=26 p90=78 p99=78 p99.99=364 max=41132] allocs=0 freq=2596.12MHz run=1
T1_PHASE2 arm=cold rate=14559368 raw[p50=78 p90=130 p99=130 p99.9=156 p99.99=416 max=41184] adj[p50=26 p90=78 p99=78 p99.9=104 p99.99=364 max=41132] unknown_pct=0.00% (samples_above_p99=132731)
BENCH mode=replay-core-msg arm=empty msgs=1011698 rate=19644697 raw[p50=52 p90=52 p99=52 p99.99=78 max=473460] adj[p50=0 p90=0 p99=0 p99.99=26 max=473408] allocs=0 freq=2596.12MHz run=1
T1_PHASE2 arm=empty rate=19644697 raw[p50=52 p90=52 p99=52 p99.9=52 p99.99=78 max=473460] adj[p50=0 p90=0 p99=0 p99.9=0 p99.99=26 max=473408] unknown_pct=0.00% (samples_above_p99=397922)
BENCH mode=replay-core-msg arm=loop msgs=1011698 rate=22343672 raw[p50=52 p90=52 p99=52 p99.99=78 max=34346] adj[p50=0 p90=0 p99=0 p99.99=26 max=34294] allocs=0 freq=2596.12MHz run=1
T1_PHASE2 arm=loop rate=22343672 raw[p50=52 p90=52 p99=52 p99.9=52 p99.99=78 max=34346] adj[p50=0 p90=0 p99=0 p99.9=0 p99.99=26 max=34294] unknown_pct=0.00% (samples_above_p99=401026)
BENCH mode=replay-core-msg arm=cold msgs=505849 rate=14238177 raw[p50=78 p90=130 p99=130 p99.99=4992 max=46696] adj[p50=26 p90=78 p99=78 p99.99=4928 max=46644] allocs=0 freq=2596.12MHz run=1
T1_PHASE2 arm=cold rate=14238177 raw[p50=78 p90=130 p99=130 p99.9=156 p99.99=4992 max=46696] adj[p50=26 p90=78 p99=78 p99.9=104 p99.99=4928 max=46644] unknown_pct=0.00% (samples_above_p99=148136)
BENCH mode=replay-core-msg arm=empty msgs=1011698 rate=22182619 raw[p50=52 p90=52 p99=52 p99.99=78 max=46644] adj[p50=0 p90=0 p99=0 p99.99=26 max=46592] allocs=0 freq=2596.12MHz run=1
T1_PHASE2 arm=empty rate=22182619 raw[p50=52 p90=52 p99=52 p99.9=52 p99.99=78 max=46644] adj[p50=0 p90=0 p99=0 p99.9=0 p99.99=26 max=46592] unknown_pct=0.00% (samples_above_p99=399952)
BENCH mode=replay-core-msg arm=loop msgs=1011698 rate=21819297 raw[p50=52 p90=52 p99=52 p99.99=78 max=140686] adj[p50=0 p90=0 p99=0 p99.99=26 max=140634] allocs=0 freq=2596.12MHz run=1
T1_PHASE2 arm=loop rate=21819297 raw[p50=52 p90=52 p99=52 p99.9=52 p99.99=78 max=140686] adj[p50=0 p90=0 p99=0 p99.9=0 p99.99=26 max=140634] unknown_pct=0.00% (samples_above_p99=403911)
BENCH mode=replay-core-msg arm=cold msgs=505849 rate=14436967 raw[p50=78 p90=130 p99=130 p99.99=416 max=44538] adj[p50=26 p90=78 p99=78 p99.99=364 max=44486] allocs=0 freq=2596.12MHz run=1
T1_PHASE2 arm=cold rate=14436967 raw[p50=78 p90=130 p99=130 p99.9=156 p99.99=416 max=44538] adj[p50=26 p90=78 p99=78 p99.9=104 p99.99=364 max=44486] unknown_pct=0.00% (samples_above_p99=144184)
BENCH mode=replay-core-msg arm=empty msgs=1011698 rate=22003531 raw[p50=52 p90=52 p99=52 p99.99=78 max=192192] adj[p50=0 p90=0 p99=0 p99.99=26 max=192140] allocs=0 freq=2596.12MHz run=1
T1_PHASE2 arm=empty rate=22003531 raw[p50=52 p90=52 p99=52 p99.9=52 p99.99=78 max=192192] adj[p50=0 p90=0 p99=0 p99.9=0 p99.99=26 max=192140] unknown_pct=0.00% (samples_above_p99=401895)
BENCH mode=replay-core-msg arm=loop msgs=1011698 rate=22342111 raw[p50=52 p90=52 p99=52 p99.99=78 max=35958] adj[p50=0 p90=0 p99=0 p99.99=26 max=35906] allocs=0 freq=2596.12MHz run=1
T1_PHASE2 arm=loop rate=22342111 raw[p50=52 p90=52 p99=52 p99.9=52 p99.99=78 max=35958] adj[p50=0 p90=0 p99=0 p99.9=0 p99.99=26 max=35906] unknown_pct=0.00% (samples_above_p99=400833)
BENCH mode=replay-core-msg arm=cold msgs=505849 rate=14491510 raw[p50=78 p90=130 p99=130 p99.99=364 max=46150] adj[p50=26 p90=78 p99=78 p99.99=312 max=46098] allocs=0 freq=2596.12MHz run=1
T1_PHASE2 arm=cold rate=14491510 raw[p50=78 p90=130 p99=130 p99.9=156 p99.99=364 max=46150] adj[p50=26 p90=78 p99=78 p99.9=104 p99.99=312 max=46098] unknown_pct=0.00% (samples_above_p99=136044)
BENCH mode=replay-core-msg arm=empty msgs=1011698 rate=22222101 raw[p50=52 p90=52 p99=52 p99.99=78 max=26806] adj[p50=0 p90=0 p99=0 p99.99=26 max=26754] allocs=0 freq=2596.12MHz run=1
T1_PHASE2 arm=empty rate=22222101 raw[p50=52 p90=52 p99=52 p99.9=52 p99.99=78 max=26806] adj[p50=0 p90=0 p99=0 p99.9=0 p99.99=26 max=26754] unknown_pct=0.00% (samples_above_p99=400184)
BENCH mode=replay-core-msg arm=loop msgs=1011698 rate=22244248 raw[p50=52 p90=52 p99=52 p99.99=78 max=55042] adj[p50=0 p90=0 p99=0 p99.99=26 max=54990] allocs=0 freq=2596.12MHz run=1
T1_PHASE2 arm=loop rate=22244248 raw[p50=52 p90=52 p99=52 p99.9=52 p99.99=78 max=55042] adj[p50=0 p90=0 p99=0 p99.9=0 p99.99=26 max=54990] unknown_pct=0.00% (samples_above_p99=407939)
BENCH mode=replay-core-msg arm=cold msgs=505849 rate=14465757 raw[p50=78 p90=130 p99=130 p99.99=208 max=46800] adj[p50=26 p90=78 p99=78 p99.99=156 max=46748] allocs=0 freq=2596.12MHz run=1
T1_PHASE2 arm=cold rate=14465757 raw[p50=78 p90=130 p99=130 p99.9=156 p99.99=208 max=46800] adj[p50=26 p90=78 p99=78 p99.9=104 p99.99=156 max=46748] unknown_pct=0.00% (samples_above_p99=143230)
BENCH mode=replay-core-msg arm=empty msgs=1011698 rate=22041560 raw[p50=52 p90=52 p99=52 p99.99=78 max=152620] adj[p50=0 p90=0 p99=0 p99.99=26 max=152568] allocs=0 freq=2596.12MHz run=1
T1_PHASE2 arm=empty rate=22041560 raw[p50=52 p90=52 p99=52 p99.9=52 p99.99=78 max=152620] adj[p50=0 p90=0 p99=0 p99.9=0 p99.99=26 max=152568] unknown_pct=0.00% (samples_above_p99=409533)
BENCH mode=replay-core-msg arm=loop msgs=1011698 rate=22354500 raw[p50=52 p90=52 p99=52 p99.99=78 max=42458] adj[p50=0 p90=0 p99=0 p99.99=26 max=42406] allocs=0 freq=2596.12MHz run=1
T1_PHASE2 arm=loop rate=22354500 raw[p50=52 p90=52 p99=52 p99.9=52 p99.99=78 max=42458] adj[p50=0 p90=0 p99=0 p99.9=0 p99.99=26 max=42406] unknown_pct=0.00% (samples_above_p99=405634)
BENCH mode=replay-core-msg arm=cold msgs=505849 rate=14596031 raw[p50=78 p90=130 p99=130 p99.99=208 max=41184] adj[p50=26 p90=78 p99=78 p99.99=156 max=41132] allocs=0 freq=2596.12MHz run=1
T1_PHASE2 arm=cold rate=14596031 raw[p50=78 p90=130 p99=130 p99.9=156 p99.99=208 max=41184] adj[p50=26 p90=78 p99=78 p99.9=104 p99.99=156 max=41132] unknown_pct=0.00% (samples_above_p99=131881)
BENCH mode=replay-core-msg arm=empty msgs=1011698 rate=22178144 raw[p50=52 p90=52 p99=52 p99.99=78 max=70408] adj[p50=0 p90=0 p99=0 p99.99=26 max=70356] allocs=0 freq=2596.12MHz run=1
T1_PHASE2 arm=empty rate=22178144 raw[p50=52 p90=52 p99=52 p99.9=52 p99.99=78 max=70408] adj[p50=0 p90=0 p99=0 p99.9=0 p99.99=26 max=70356] unknown_pct=0.00% (samples_above_p99=397698)
BENCH mode=replay-core-msg arm=loop msgs=1011698 rate=22385401 raw[p50=52 p90=52 p99=52 p99.99=78 max=57616] adj[p50=0 p90=0 p99=0 p99.99=26 max=57564] allocs=0 freq=2596.12MHz run=1
T1_PHASE2 arm=loop rate=22385401 raw[p50=52 p90=52 p99=52 p99.9=52 p99.99=78 max=57616] adj[p50=0 p90=0 p99=0 p99.9=0 p99.99=26 max=57564] unknown_pct=0.00% (samples_above_p99=399840)
BENCH mode=replay-core-msg arm=cold msgs=505849 rate=14621026 raw[p50=78 p90=130 p99=130 p99.99=390 max=137098] adj[p50=26 p90=78 p99=78 p99.99=338 max=137046] allocs=0 freq=2596.12MHz run=1
T1_PHASE2 arm=cold rate=14621026 raw[p50=78 p90=130 p99=130 p99.9=156 p99.99=390 max=137098] adj[p50=26 p90=78 p99=78 p99.9=104 p99.99=338 max=137046] unknown_pct=0.00% (samples_above_p99=129437)
BENCH mode=replay-core-msg arm=empty msgs=1011698 rate=22410863 raw[p50=52 p90=52 p99=52 p99.99=78 max=57694] adj[p50=0 p90=0 p99=0 p99.99=26 max=57642] allocs=0 freq=2596.12MHz run=1
T1_PHASE2 arm=empty rate=22410863 raw[p50=52 p90=52 p99=52 p99.9=52 p99.99=78 max=57694] adj[p50=0 p90=0 p99=0 p99.9=0 p99.99=26 max=57642] unknown_pct=0.00% (samples_above_p99=393082)
BENCH mode=replay-core-msg arm=loop msgs=1011698 rate=22490735 raw[p50=52 p90=52 p99=52 p99.99=78 max=57538] adj[p50=0 p90=0 p99=0 p99.99=26 max=57486] allocs=0 freq=2596.12MHz run=1
T1_PHASE2 arm=loop rate=22490735 raw[p50=52 p90=52 p99=52 p99.9=52 p99.99=78 max=57538] adj[p50=0 p90=0 p99=0 p99.9=0 p99.99=26 max=57486] unknown_pct=0.00% (samples_above_p99=391752)
BENCH mode=replay-core-msg arm=cold msgs=505849 rate=14662983 raw[p50=78 p90=130 p99=130 p99.99=416 max=38636] adj[p50=26 p90=78 p99=78 p99.99=364 max=38584] allocs=0 freq=2596.12MHz run=1
T1_PHASE2 arm=cold rate=14662983 raw[p50=78 p90=130 p99=130 p99.9=156 p99.99=416 max=38636] adj[p50=26 p90=78 p99=78 p99.9=104 p99.99=364 max=38584] unknown_pct=0.00% (samples_above_p99=127922)
BENCH mode=replay-core-msg arm=empty msgs=1011698 rate=22437972 raw[p50=52 p90=52 p99=52 p99.99=78 max=37362] adj[p50=0 p90=0 p99=0 p99.99=26 max=37310] allocs=0 freq=2596.12MHz run=1
T1_PHASE2 arm=empty rate=22437972 raw[p50=52 p90=52 p99=52 p99.9=52 p99.99=78 max=37362] adj[p50=0 p90=0 p99=0 p99.9=0 p99.99=26 max=37310] unknown_pct=0.00% (samples_above_p99=394380)
BENCH mode=replay-core-msg arm=loop msgs=1011698 rate=22183253 raw[p50=52 p90=52 p99=52 p99.99=78 max=102518] adj[p50=0 p90=0 p99=0 p99.99=26 max=102466] allocs=0 freq=2596.12MHz run=1
T1_PHASE2 arm=loop rate=22183253 raw[p50=52 p90=52 p99=52 p99.9=52 p99.99=78 max=102518] adj[p50=0 p90=0 p99=0 p99.9=0 p99.99=26 max=102466] unknown_pct=0.00% (samples_above_p99=405689)
BENCH mode=replay-core-msg arm=cold msgs=505849 rate=14212764 raw[p50=104 p90=130 p99=130 p99.99=390 max=51636] adj[p50=52 p90=78 p99=78 p99.99=338 max=51584] allocs=0 freq=2596.12MHz run=1
T1_PHASE2 arm=cold rate=14212764 raw[p50=104 p90=130 p99=130 p99.9=156 p99.99=390 max=51636] adj[p50=52 p90=78 p99=78 p99.9=104 p99.99=338 max=51584] unknown_pct=0.00% (samples_above_p99=159376)
BENCH mode=replay-core-msg arm=empty msgs=1011698 rate=21703933 raw[p50=52 p90=52 p99=52 p99.99=78 max=87074] adj[p50=0 p90=0 p99=0 p99.99=26 max=87022] allocs=0 freq=2596.12MHz run=1
T1_PHASE2 arm=empty rate=21703933 raw[p50=52 p90=52 p99=52 p99.9=52 p99.99=78 max=87074] adj[p50=0 p90=0 p99=0 p99.9=0 p99.99=26 max=87022] unknown_pct=0.00% (samples_above_p99=414434)
BENCH mode=replay-core-msg arm=loop msgs=1011698 rate=22190275 raw[p50=52 p90=52 p99=52 p99.99=78 max=38870] adj[p50=0 p90=0 p99=0 p99.99=26 max=38818] allocs=0 freq=2596.12MHz run=1
T1_PHASE2 arm=loop rate=22190275 raw[p50=52 p90=52 p99=52 p99.9=52 p99.99=78 max=38870] adj[p50=0 p90=0 p99=0 p99.9=0 p99.99=26 max=38818] unknown_pct=0.00% (samples_above_p99=409403)
BENCH mode=replay-core-msg arm=cold msgs=505849 rate=14430838 raw[p50=78 p90=130 p99=130 p99.99=780 max=46644] adj[p50=26 p90=78 p99=78 p99.99=728 max=46592] allocs=0 freq=2596.12MHz run=1
T1_PHASE2 arm=cold rate=14430838 raw[p50=78 p90=130 p99=130 p99.9=156 p99.99=780 max=46644] adj[p50=26 p90=78 p99=78 p99.9=104 p99.99=728 max=46592] unknown_pct=0.00% (samples_above_p99=143291)
BENCH mode=replay-core-msg arm=empty msgs=1011698 rate=21994716 raw[p50=52 p90=52 p99=52 p99.99=78 max=145392] adj[p50=0 p90=0 p99=0 p99.99=26 max=145340] allocs=0 freq=2596.12MHz run=1
T1_PHASE2 arm=empty rate=21994716 raw[p50=52 p90=52 p99=52 p99.9=52 p99.99=78 max=145392] adj[p50=0 p90=0 p99=0 p99.9=0 p99.99=26 max=145340] unknown_pct=0.00% (samples_above_p99=409430)
BENCH mode=replay-core-msg arm=loop msgs=1011698 rate=22273322 raw[p50=52 p90=52 p99=52 p99.99=78 max=34502] adj[p50=0 p90=0 p99=0 p99.99=26 max=34450] allocs=0 freq=2596.12MHz run=1
T1_PHASE2 arm=loop rate=22273322 raw[p50=52 p90=52 p99=52 p99.9=52 p99.99=78 max=34502] adj[p50=0 p90=0 p99=0 p99.9=0 p99.99=26 max=34450] unknown_pct=0.00% (samples_above_p99=413373)
BENCH mode=replay-core-msg arm=cold msgs=505849 rate=14453194 raw[p50=78 p90=130 p99=130 p99.99=208 max=39598] adj[p50=26 p90=78 p99=78 p99.99=156 max=39546] allocs=0 freq=2596.12MHz run=1
T1_PHASE2 arm=cold rate=14453194 raw[p50=78 p90=130 p99=130 p99.9=156 p99.99=208 max=39598] adj[p50=26 p90=78 p99=78 p99.9=104 p99.99=156 max=39546] unknown_pct=0.00% (samples_above_p99=143544)
BENCH mode=replay-core-msg arm=empty msgs=1011698 rate=22137837 raw[p50=52 p90=52 p99=52 p99.99=78 max=34294] adj[p50=0 p90=0 p99=0 p99.99=26 max=34242] allocs=0 freq=2596.12MHz run=1
T1_PHASE2 arm=empty rate=22137837 raw[p50=52 p90=52 p99=52 p99.9=52 p99.99=78 max=34294] adj[p50=0 p90=0 p99=0 p99.9=0 p99.99=26 max=34242] unknown_pct=0.00% (samples_above_p99=402936)
BENCH mode=replay-core-msg arm=loop msgs=1011698 rate=22436134 raw[p50=52 p90=52 p99=52 p99.99=78 max=37882] adj[p50=0 p90=0 p99=0 p99.99=26 max=37830] allocs=0 freq=2596.12MHz run=1
T1_PHASE2 arm=loop rate=22436134 raw[p50=52 p90=52 p99=52 p99.9=52 p99.99=78 max=37882] adj[p50=0 p90=0 p99=0 p99.9=0 p99.99=26 max=37830] unknown_pct=0.00% (samples_above_p99=403846)
BENCH mode=replay-core-msg arm=cold msgs=505849 rate=14623452 raw[p50=78 p90=130 p99=130 p99.99=364 max=73580] adj[p50=26 p90=78 p99=78 p99.99=312 max=73528] allocs=0 freq=2596.12MHz run=1
T1_PHASE2 arm=cold rate=14623452 raw[p50=78 p90=130 p99=130 p99.9=156 p99.99=364 max=73580] adj[p50=26 p90=78 p99=78 p99.9=104 p99.99=312 max=73528] unknown_pct=0.00% (samples_above_p99=128232)
BENCH mode=replay-core-msg arm=empty msgs=1011698 rate=22129744 raw[p50=52 p90=52 p99=52 p99.99=78 max=93314] adj[p50=0 p90=0 p99=0 p99.99=26 max=93262] allocs=0 freq=2596.12MHz run=1
T1_PHASE2 arm=empty rate=22129744 raw[p50=52 p90=52 p99=52 p99.9=52 p99.99=78 max=93314] adj[p50=0 p90=0 p99=0 p99.9=0 p99.99=26 max=93262] unknown_pct=0.00% (samples_above_p99=401769)
BENCH mode=replay-core-msg arm=loop msgs=1011698 rate=22343217 raw[p50=52 p90=52 p99=52 p99.99=78 max=44642] adj[p50=0 p90=0 p99=0 p99.99=26 max=44590] allocs=0 freq=2596.12MHz run=1
T1_PHASE2 arm=loop rate=22343217 raw[p50=52 p90=52 p99=52 p99.9=52 p99.99=78 max=44642] adj[p50=0 p90=0 p99=0 p99.9=0 p99.99=26 max=44590] unknown_pct=0.00% (samples_above_p99=405286)
BENCH mode=replay-core-msg arm=cold msgs=505849 rate=14185262 raw[p50=78 p90=130 p99=130 p99.99=416 max=193388] adj[p50=26 p90=78 p99=78 p99.99=364 max=193336] allocs=0 freq=2596.12MHz run=1
T1_PHASE2 arm=cold rate=14185262 raw[p50=78 p90=130 p99=130 p99.9=156 p99.99=416 max=193388] adj[p50=26 p90=78 p99=78 p99.9=104 p99.99=364 max=193336] unknown_pct=0.00% (samples_above_p99=143104)
BENCH mode=replay-core-msg arm=empty msgs=1011698 rate=21327558 raw[p50=52 p90=52 p99=52 p99.99=78 max=1105650] adj[p50=0 p90=0 p99=0 p99.99=26 max=1105598] allocs=0 freq=2596.12MHz run=1
T1_PHASE2 arm=empty rate=21327558 raw[p50=52 p90=52 p99=52 p99.9=52 p99.99=78 max=1105650] adj[p50=0 p90=0 p99=0 p99.9=0 p99.99=26 max=1105598] unknown_pct=0.00% (samples_above_p99=405387)
BENCH mode=replay-core-msg arm=loop msgs=1011698 rate=22248716 raw[p50=52 p90=52 p99=52 p99.99=78 max=126152] adj[p50=0 p90=0 p99=0 p99.99=26 max=126100] allocs=0 freq=2596.12MHz run=1
T1_PHASE2 arm=loop rate=22248716 raw[p50=52 p90=52 p99=52 p99.9=52 p99.99=78 max=126152] adj[p50=0 p90=0 p99=0 p99.9=0 p99.99=26 max=126100] unknown_pct=0.00% (samples_above_p99=405177)
BENCH mode=replay-core-msg arm=cold msgs=505849 rate=14652897 raw[p50=78 p90=130 p99=130 p99.99=338 max=36972] adj[p50=26 p90=78 p99=78 p99.99=286 max=36920] allocs=0 freq=2596.12MHz run=1
T1_PHASE2 arm=cold rate=14652897 raw[p50=78 p90=130 p99=130 p99.9=156 p99.99=338 max=36972] adj[p50=26 p90=78 p99=78 p99.9=104 p99.99=286 max=36920] unknown_pct=0.00% (samples_above_p99=130068)
TARGET1_PHASE_A empty_p50=52 cyc (spread=0 cyc) loop_p50=52 cyc (spread=0 cyc) full_p50=78 cyc (spread=26 cyc) loop_cost=0 cyc work_residual=26 cyc VERDICT=PASS
=== 7. DOSE-RESPONSE VALIDATION SWEEP (Law A-1d) ===
DOSE_RESPONSE_POINT K=0 p50=52 cyc
DOSE_RESPONSE_POINT K=10 p50=52 cyc
DOSE_RESPONSE_POINT K=20 p50=52 cyc
DOSE_RESPONSE_POINT K=50 p50=52 cyc
DOSE_RESPONSE_POINT K=100 p50=52 cyc
DOSE_RESPONSE_VERDICT K0=52 K10=52 K20=52 K50=52 K100=52 slope=0.000 cyc/unit VERDICT=PASS
=== 7b. LAW B-3b (i) SAMPLING BIAS PROBE (1-IN-4 DENSE vs 1-IN-256 SPARSE) ===
BIAS_PROBE dense_mean=60.49 cyc sparse_mean=60.45 cyc bias=0.07% VERDICT=PASS
=== 7c. LAW B-3b (ii) INTER-BRACKET GAP PROBE ===
GAP_PROBE sampled_intervals=1974 total_period_cyc=16497572 sparse_period_est=32.65 cyc
=== 8. PHASE B-REDO: STRICT 8-ARM STAGE-ECTOMY DECOMPOSITION (20 RUNS EACH) ===
RUNNER_IDENTITY cpu="AMD EPYC 9V45 96-Core Processor" freq_mhz=2596.12
STAGE_ECTOMY_RATES CONFIG_TAG="clean_replay" sampling="none" r0_hash=34.61M r0_fast=80.27M r0_disp=764.68M r1_count=786.16M r2_noproof=891.95M r3_noseq=1471.19M r4_noitch=959.56M r5_noblock=5684.78M r6_poll=5983.83M
STAGE_ECTOMY_CYCLES CONFIG_TAG="clean_replay" c0=75.01 c0_fast=32.34 c0_disp=3.40 c1=3.30 c2=2.91 c3=1.76 c4=2.71 c5=0.46 c6=0.43
PR2_PROD_VERDICT rate=80268583 c0_fast=32.34 cyc fast_hash=28.95 cyc -> p50 < 60: PASS
H10_SINK_SPLIT total_sink=71.71 cyc fnv_math=71.61 cyc (99.9%) sink_dispatch=0.09 cyc (0.1%) H10_VERDICT=CONFIRMED (Invocation dispatch non-zero)
STAGE_ECTOMY_DECOMPOSITION delta_hash_total=71.71 (fnv=71.61, disp=0.09) delta_proof=0.39 (< 1.00 cyc bounded) delta_seq=1.15 delta_itch=0.00 (< 1.00 cyc bounded) delta_block=2.25 delta_header=0.02 poll_base=0.43
RECONCILIATION_COMPOSITE rate_total_c0=75.01 cyc bracket_mean=61.16 cyc sparse_period_est=32.65 cyc diff_rate_bracket=18.46% diff_bracket_gap=46.62% composite_residual=46.62% VERDICT=FAIL
=== 9. H9 REPETITION OVERHEAD SWEEP ===
H9_POINT limit=10000 msgs rate=27.82M msg/s cyc_msg=93.32
H9_POINT limit=50000 msgs rate=35.00M msg/s cyc_msg=74.17
H9_POINT limit=250000 msgs rate=35.37M msg/s cyc_msg=73.41
H9_POINT limit=505849 msgs rate=34.80M msg/s cyc_msg=74.60
=== 11b. R6: PR-1 HYDRA Bit-Exact Multi-Core Span Conformance (UNPINNED) ===
[1m[92m    Finished[0m `release` profile [optimized] target(s) in 0.01s
[1m[92m     Running[0m `target/release/bench --sample data/tests/sample-mini.itch --hydra-only --runs 7`
BENCH_CALIBRATION invariant_tsc=true freq_mhz=2596.12 mark_overhead_cycles=52
=== R6. PR-1 HYDRA BIT-EXACT MULTI-CORE SPAN CONFORMANCE ===
BLOB_BACKING mode=mmap anon_huge_kb=16384 map_mb=16.5 verdict=thp-granted
HYDRA_BITPARITY sequential=(count=505849 hash=0x881639cead506f25 msg_hash=0xcbf29ce484222325) hydra=(count=505849 hash=0x881639cead506f25 msg_hash=0xcbf29ce484222325) -> BIT-EXACT
BENCH mode=replay-hydra-burst msgs=505849 rate=1293324606 allocs=0 freq=2596.12MHz workers=2 run=1
BENCH mode=replay-hydra-burst msgs=505849 rate=1401406811 allocs=0 freq=2596.12MHz workers=2 run=2
BENCH mode=replay-hydra-burst msgs=505849 rate=1537581689 allocs=0 freq=2596.12MHz workers=2 run=3
BENCH mode=replay-hydra-burst msgs=505849 rate=1601543132 allocs=0 freq=2596.12MHz workers=2 run=4
BENCH mode=replay-hydra-burst msgs=505849 rate=1589250818 allocs=0 freq=2596.12MHz workers=2 run=5
BENCH mode=replay-hydra-burst msgs=505849 rate=1623730880 allocs=0 freq=2596.12MHz workers=2 run=6
BENCH mode=replay-hydra-burst msgs=505849 rate=1581089401 allocs=0 freq=2596.12MHz workers=2 run=7
BENCH_MEDIAN mode=replay-hydra-burst rate=1581089401
R23B_AFFINE_VERDICT arm=burst armed=false tag_hits=0 payload_fallbacks=0 ledger_rows=0 (R23c: workers verify spans from register tags, zero payload reads; the (prefix,cum) triple checked per-span by the scalar affine law)
PR1_HYDRA_VERDICT rate=1581089401 (bit-exact multi-core span conformance: 2 workers, every emitted byte CRC32C-checked in-window, ordered serial fold)
PR1_GIGAHFT_BURST_VERDICT rate=1581089401 target=1000000000 -> PASS (R7 burst reference; the sustained arm below is the gate)
DIAG sustained: passes=16375 reset_ms=513.4 scan_ms=4483.1 end_ms=0.9 pending_max=9261 batches=360250 wait_ms=39.8 work_ms=4074.2 fold_ms=283.7 assist_chunks=364438 bytes_per_msg=27.65 crc_demand_gb_s=45.81
DIAG worker[0] sustained: cpu0(pinned) placement=[0, 2] batches=553883 spans=70879350 eval_ms=4943.8 idle_iters=67219 res_waits=0 fw=0 fw_ms=0.0
DIAG worker[1] sustained: cpu2(pinned) placement=[0, 2] batches=690106 spans=88312798 eval_ms=4932.3 idle_iters=66726 res_waits=66 fw=0 fw_ms=0.0
DIAG rx sustained: publications=360310 polls=1424863 prod_ms=1437.8 bufwait_laps=131029 resets=16377 eos_parks=0 nbuf=16 rx_actual_cpu=3
ADVANCE_DIAGNOSTIC sustained: advances=16377 advance_ms=121.3 us_per_advance=7.4 (F-5 reset/auto-advance hygiene — the synchronous bake tail the per-publication prepatch budget drains; HFT_PREPATCH_BUDGET prices it)
RXWARM_DIAGNOSTIC sustained: enabled=false fixes=0 uncovered=0 last_pass_fixes=0 (F-1 frame-entry warm start; the steady-state law is fixes==0 on pass>=2 — the kill rule reads persistent fixes)
RXBUILD_DIAGNOSTIC sustained: enabled=true patches=360207648 last_pass_patches=21996 frames=21996 (F-2 publish-by-reference master; the steady-state law is every patchable entry patched exactly once per pass boundary)
DIAG cons sustained: parks=23 park_ms=7.3 slow_waits=23 slow_ms=7.7
BENCH mode=replay-hydra-sustained-5s total_msgs=8283277375 duration=5.00s sustained_rate=1656521408 msg/s allocs=0 workers=2 crc_kernel=reflect
PR1_HYDRA_SUSTAINED_VERDICT rate=1656521408 (duration=5.00s, total_msgs=8283277375, workers=2)
PR1_GIGAHFT_VERDICT rate=1656521408 target=1000000000 -> PASS (Project 1.0B: bit-exact, zero-alloc, every byte verified in-window, cross-pass double-buffered fabric)
PR1_R8_FULL_VERIFY_VERDICT rate=1656521408 target=1000000000 -> PASS (R8: 1B msg/s sustained full verification — bit-exact, zero-alloc, every byte CRC32C-verified in-window)
PR1_R16_FULL_VERIFY_VERDICT rate=1656521408 target=2000000000 -> FAIL (R16: 2B msg/s sustained full verification — the Double Helix program, docs/29)
R16B_RXDESC_VERDICT rx_fixes=0 assist_chunks=364438 (array-driven submission telemetry; fixes=0 means every RX prefill entry was already exact)
R23B_AFFINE_VERDICT arm=sustained armed=false tag_hits=0 payload_fallbacks=0 ledger_rows=0 (R23c: zero-re-read affine verification on the worker fabric)
PR1_R23_AFFINE_SUSTAINED_VERDICT rate=1656521408 target=2500000000 -> FAIL (R23: 2.5B+ sustained full verification from register tags — the affine-span algebra program, docs/36)
BLOB_BACKING mode=mmap anon_huge_kb=16384 map_mb=16.5 verdict=thp-granted
=== 11c. R8: Kernel-Ceiling Microbenchmark (fabric physics telemetry) ===
[1m[92m    Finished[0m `release` profile [optimized] target(s) in 0.01s
[1m[92m     Running[0m `target/release/kbench`
KBENCH topo cpus=[0, 2, 1, 3] phys=2 smt=true fold512=true
KBENCH spec_slice_vec=true
KBENCH mode=scalar8lane threads=1 cpu=0 pinned=true gb_s=72.86 bytes=21858877824 iters=2606 sink=0xbedb8ba779de450f
KBENCH mode=pclmul128_raw threads=1 cpu=0 pinned=true gb_s=15.78 bytes=4739563520 iters=565 sink=0x942dad7c7a327323
KBENCH mode=crc32_pclmul_mix threads=1 cpu=0 pinned=true gb_s=33.28 bytes=9990832128 iters=1191 sink=0x5c504f01bdfb43ce
KBENCH mode=fold512 threads=1 cpu=0 pinned=true gb_s=60.23 bytes=18075933120 iters=2155 sink=0xbedb8ba779de450f
KBENCH mode=fold512_r threads=1 cpu=0 pinned=true gb_s=56.24 bytes=16876462848 iters=2012 sink=0xbedb8ba779de450f
KBENCH mode=fold512_rv threads=1 cpu=0 pinned=true gb_s=56.47 bytes=16943566080 iters=2020 sink=0xbedb8ba779de450f
KBENCH mode=fold512_rc threads=1 cpu=0 pinned=true gb_s=59.79 bytes=17941726656 iters=2139 sink=0xbedb8ba779de450f
KBENCH mode=fold512_rd threads=1 cpu=0 pinned=true gb_s=48.97 bytes=14695607808 iters=1752 sink=0xbedb8ba779de450f
KBENCH mode=fold512_ro threads=1 cpu=0 pinned=true gb_s=37.61 bytes=11290118784 iters=1346 sink=0xbedb8ba779de450f
KBENCH mode=fold512_r_pair threads=1 cpu=0 pinned=true gb_s=55.11 bytes=16538296320 iters=1972 sink=0x719eebd64a14675a
KBENCH mode=fold512_eval2 threads=1 cpu=0 pinned=true gb_s=56.14 bytes=16848599040 iters=2009 sink=0x719eebd64a14675a
KBENCH mode=fold512_pair threads=1 cpu=0 pinned=true gb_s=51.27 bytes=15389337600 iters=1835 sink=0x719eebd64a14675a
KBENCH mode=fold512_tri threads=1 cpu=0 pinned=true gb_s=60.77 bytes=18235303296 iters=2174 sink=0xbedb8ba779de450f
KBENCH mode=fold512_tri_r threads=1 cpu=0 pinned=true gb_s=42.18 bytes=12657347136 iters=1509 sink=0xbedb8ba779de450f
KBENCH mode=fold512_pclmul_mix threads=1 cpu=0 pinned=true gb_s=34.33 bytes=10300346112 iters=1228 sink=0x3e36c56e483ee8a7
KBENCH mode=fold512_noend threads=1 cpu=0 pinned=true gb_s=57.05 bytes=17119712064 iters=2041 sink=0x4bb11da019b76839
KBENCH mode=fold512_pre threads=1 cpu=0 pinned=true gb_s=51.75 bytes=15534398208 iters=1852 sink=0xbedb8ba779de450f
KBENCH mode=fold512_t threads=1 cpu=0 pinned=true gb_s=56.55 bytes=16968729792 iters=2023 sink=0xbedb8ba779de450f
KBENCH mode=fold512_supply threads=1 cpu=0 pinned=true gb_s=56.74 bytes=17034329088 iters=1136 sink=0x633508877c074750
KBENCH mode=affine_sub_1t threads=1 cpu=0 pinned=true gb_s=144.24 ns_per_span=9.32 msgs_s=4507369648 bytes=43273196736 iters=5159 sink=0xb6d735b8
KBENCH mode=affine_sub_8lane threads=1 cpu=0 pinned=true gb_s=111.75 ns_per_span=12.03 msgs_s=3492082112 bytes=33526452288 iters=3997 sink=0xbedb8ba779de450f
KBENCH mode=spec_slice_512 threads=1 cpu=0 pinned=true gb_s=3.20 msgs_s=147139057 ns_per_msg=6.796 msgs=44329280 iters=115 sink=0x0
KBENCH mode=spec_slice_512_vec threads=1 cpu=0 pinned=true gb_s=3.82 msgs_s=175692805 ns_per_msg=5.692 msgs=52809664 iters=137 sink=0x0
KBENCH mode=scalar8lane threads=2 placement=2cpu_distinct cpus=0,2 pinned=true gb_s=142.37 bytes=70869400896 sink=0xd48a9dbb3705b94e
KBENCH mode=fold512 threads=2 placement=2cpu_distinct cpus=0,2 pinned=true gb_s=120.57 bytes=59889634560 sink=0xd48a9dbb3705b94e
KBENCH mode=fold512_r threads=2 placement=2cpu_distinct cpus=0,2 pinned=true gb_s=110.96 bytes=55142080896 sink=0xd48a9dbb3705b94e
KBENCH mode=fold512_rv threads=2 placement=2cpu_distinct cpus=0,2 pinned=true gb_s=110.74 bytes=55091753472 sink=0xd48a9dbb3705b94e
KBENCH mode=fold512_rc threads=2 placement=2cpu_distinct cpus=0,2 pinned=true gb_s=118.54 bytes=58891473984 sink=0xd48a9dbb3705b94e
KBENCH mode=fold512_rd threads=2 placement=2cpu_distinct cpus=0,2 pinned=true gb_s=95.52 bytes=47467148736 sink=0xd48a9dbb3705b94e
KBENCH mode=fold512_ro threads=2 placement=2cpu_distinct cpus=0,2 pinned=true gb_s=72.87 bytes=36185417856 sink=0xd48a9dbb3705b94e
KBENCH mode=fold512_tri threads=2 placement=2cpu_distinct cpus=0,2 pinned=true gb_s=118.54 bytes=58983740928 sink=0xd48a9dbb3705b94e
KBENCH mode=fold512_tri_r threads=2 placement=2cpu_distinct cpus=0,2 pinned=true gb_s=81.46 bytes=40454860992 sink=0xd48a9dbb3705b94e
KBENCH mode=scalar8lane threads=2 placement=2cpu_smt cpus=0,1 pinned=true gb_s=71.75 bytes=35615040384 sink=0xf0ad3334c151ef0a
KBENCH mode=fold512 threads=2 placement=2cpu_smt cpus=0,1 pinned=true gb_s=61.73 bytes=30833935104 sink=0xf0ad3334c151ef0a
KBENCH mode=fold512_r threads=2 placement=2cpu_smt cpus=0,1 pinned=true gb_s=54.19 bytes=26933559744 sink=0xf0ad3334c151ef0a
KBENCH mode=fold512_rv threads=2 placement=2cpu_smt cpus=0,1 pinned=true gb_s=54.47 bytes=27050990400 sink=0xf0ad3334c151ef0a
KBENCH mode=fold512_rc threads=2 placement=2cpu_smt cpus=0,1 pinned=true gb_s=61.88 bytes=30741668160 sink=0xf0ad3334c151ef0a
KBENCH mode=fold512_rd threads=2 placement=2cpu_smt cpus=0,1 pinned=true gb_s=47.64 bytes=23788095744 sink=0xf0ad3334c151ef0a
KBENCH mode=fold512_ro threads=2 placement=2cpu_smt cpus=0,1 pinned=true gb_s=34.38 bytes=17069384640 sink=0xf0ad3334c151ef0a
KBENCH mode=fold512_tri threads=2 placement=2cpu_smt cpus=0,1 pinned=true gb_s=57.98 bytes=28611140544 sink=0xf0ad3334c151ef0a
KBENCH mode=fold512_tri_r threads=2 placement=2cpu_smt cpus=0,1 pinned=true gb_s=41.68 bytes=20692959168 sink=0xf0ad3334c151ef0a
KBENCH done
=== 11d. R9: Fabric-Shape Kernel Ablation (layout attribution telemetry) ===
[1m[92m    Finished[0m `release` profile [optimized] target(s) in 0.01s
[1m[92m     Running[0m `target/release/fbench --stage all --workers 2 --ms 1000`
BLOB_BACKING mode=mmap anon_huge_kb=16384 map_mb=16.5 verdict=thp-granted
FBENCH lens total=10992 lt64=0 lt192=0 lt512=0 ge512=10992 bytes_lt192=0 pct_bytes_lt192=0.00
FBENCH topo cpus=[0, 2, 1, 3] kernel=reflect workers=2 place=smt bodies=10992 msgs=505849 avg_bytes=1362.6 total_mb=15.0 freq_mhz=4224
FBENCH stage=P spans=33892848 gb_s=46.20 cyc_span=249.2 sink=0x8229bbb806e0fc91
FBENCH stage=K spans=34453136 gb_s=46.97 cyc_span=245.1 sink=0x8229bbb806e0fc91
FBENCH stage=D spans=32840249 gb_s=45.18 cyc_span=254.8 sink=0x1f51a39
FBENCH stage=R spans=32428755 gb_s=44.61 cyc_span=258.1 sink=0x1eed2d3
FBENCH stage=F spans=33324435 gb_s=45.85 cyc_span=251.0 sink=0x1fc7d93
FBENCH done
=== 11e. R11: Unarmed Prepatch Soak (rollback evidence) ===
[1m[92m    Finished[0m `release` profile [optimized] target(s) in 0.01s
[1m[92m     Running[0m `target/release/bench --hydra-only`
BENCH_CALIBRATION invariant_tsc=true freq_mhz=2596.12 mark_overhead_cycles=52
=== R6. PR-1 HYDRA BIT-EXACT MULTI-CORE SPAN CONFORMANCE ===
BLOB_BACKING mode=mmap anon_huge_kb=14336 map_mb=16.5 verdict=thp-granted
HYDRA_BITPARITY sequential=(count=505849 hash=0x881639cead506f25 msg_hash=0xcbf29ce484222325) hydra=(count=505849 hash=0x881639cead506f25 msg_hash=0xcbf29ce484222325) -> BIT-EXACT
BENCH mode=replay-hydra-burst msgs=505849 rate=1376055472 allocs=0 freq=2596.12MHz workers=2 run=1
BENCH mode=replay-hydra-burst msgs=505849 rate=1540766348 allocs=0 freq=2596.12MHz workers=2 run=2
BENCH mode=replay-hydra-burst msgs=505849 rate=1522518021 allocs=0 freq=2596.12MHz workers=2 run=3
BENCH mode=replay-hydra-burst msgs=505849 rate=1659587800 allocs=0 freq=2596.12MHz workers=2 run=4
BENCH mode=replay-hydra-burst msgs=505849 rate=1685219610 allocs=0 freq=2596.12MHz workers=2 run=5
BENCH_MEDIAN mode=replay-hydra-burst rate=1540766348
R23B_AFFINE_VERDICT arm=burst armed=false tag_hits=0 payload_fallbacks=0 ledger_rows=0 (R23c: workers verify spans from register tags, zero payload reads; the (prefix,cum) triple checked per-span by the scalar affine law)
PR1_HYDRA_VERDICT rate=1540766348 (bit-exact multi-core span conformance: 2 workers, every emitted byte CRC32C-checked in-window, ordered serial fold)
PR1_GIGAHFT_BURST_VERDICT rate=1540766348 target=1000000000 -> PASS (R7 burst reference; the sustained arm below is the gate)
DIAG sustained: passes=16799 reset_ms=965.3 scan_ms=4031.4 end_ms=0.9 pending_max=11222 batches=369578 wait_ms=36.6 work_ms=3638.8 fold_ms=282.0 assist_chunks=280648 bytes_per_msg=27.65 crc_demand_gb_s=46.99
DIAG worker[0] sustained: cpu0(pinned) placement=[0, 2] batches=608975 spans=77923839 eval_ms=4959.1 idle_iters=40276 res_waits=367 fw=0 fw_ms=0.0
DIAG worker[1] sustained: cpu2(pinned) placement=[0, 2] batches=714624 spans=91451640 eval_ms=4949.9 idle_iters=37496 res_waits=0 fw=0 fw_ms=0.0
DIAG rx sustained: publications=369638 polls=1461751 prod_ms=1512.9 bufwait_laps=134449 resets=16801 eos_parks=0 nbuf=16 rx_actual_cpu=3
ADVANCE_DIAGNOSTIC sustained: advances=16801 advance_ms=627.4 us_per_advance=37.3 (F-5 reset/auto-advance hygiene — the synchronous bake tail the per-publication prepatch budget drains; HFT_PREPATCH_BUDGET prices it)
RXWARM_DIAGNOSTIC sustained: enabled=false fixes=0 uncovered=0 last_pass_fixes=0 (F-1 frame-entry warm start; the steady-state law is fixes==0 on pass>=2 — the kill rule reads persistent fixes)
RXBUILD_DIAGNOSTIC sustained: enabled=true patches=369532800 last_pass_patches=21996 frames=21996 (F-2 publish-by-reference master; the steady-state law is every patchable entry patched exactly once per pass boundary)
DIAG cons sustained: parks=26 park_ms=3.7 slow_waits=26 slow_ms=4.2
BENCH mode=replay-hydra-sustained-5s total_msgs=8497757351 duration=5.00s sustained_rate=1699404327 msg/s allocs=0 workers=2 crc_kernel=reflect
PR1_HYDRA_SUSTAINED_VERDICT rate=1699404327 (duration=5.00s, total_msgs=8497757351, workers=2)
PR1_GIGAHFT_VERDICT rate=1699404327 target=1000000000 -> PASS (Project 1.0B: bit-exact, zero-alloc, every byte verified in-window, cross-pass double-buffered fabric)
PR1_R8_FULL_VERIFY_VERDICT rate=1699404327 target=1000000000 -> PASS (R8: 1B msg/s sustained full verification — bit-exact, zero-alloc, every byte CRC32C-verified in-window)
PR1_R16_FULL_VERIFY_VERDICT rate=1699404327 target=2000000000 -> FAIL (R16: 2B msg/s sustained full verification — the Double Helix program, docs/29)
R16B_RXDESC_VERDICT rx_fixes=0 assist_chunks=280648 (array-driven submission telemetry; fixes=0 means every RX prefill entry was already exact)
R23B_AFFINE_VERDICT arm=sustained armed=false tag_hits=0 payload_fallbacks=0 ledger_rows=0 (R23c: zero-re-read affine verification on the worker fabric)
PR1_R23_AFFINE_SUSTAINED_VERDICT rate=1699404327 target=2500000000 -> FAIL (R23: 2.5B+ sustained full verification from register tags — the affine-span algebra program, docs/36)
=== 11k. R16d/R17: Siblings Placement Soak (ring+siblings — the A1 anomaly pricing) ===
[1m[92m    Finished[0m `release` profile [optimized] target(s) in 0.01s
[1m[92m     Running[0m `target/release/bench --hydra-only`
BENCH_CALIBRATION invariant_tsc=true freq_mhz=2596.12 mark_overhead_cycles=52
=== R6. PR-1 HYDRA BIT-EXACT MULTI-CORE SPAN CONFORMANCE ===
BLOB_BACKING mode=mmap anon_huge_kb=16384 map_mb=16.5 verdict=thp-granted
HYDRA_BITPARITY sequential=(count=505849 hash=0x881639cead506f25 msg_hash=0xcbf29ce484222325) hydra=(count=505849 hash=0x881639cead506f25 msg_hash=0xcbf29ce484222325) -> BIT-EXACT
BENCH mode=replay-hydra-burst msgs=505849 rate=1303200492 allocs=0 freq=2596.12MHz workers=2 run=1
BENCH mode=replay-hydra-burst msgs=505849 rate=1346381517 allocs=0 freq=2596.12MHz workers=2 run=2
BENCH mode=replay-hydra-burst msgs=505849 rate=1459266802 allocs=0 freq=2596.12MHz workers=2 run=3
BENCH mode=replay-hydra-burst msgs=505849 rate=1442797123 allocs=0 freq=2596.12MHz workers=2 run=4
BENCH mode=replay-hydra-burst msgs=505849 rate=1494582736 allocs=0 freq=2596.12MHz workers=2 run=5
BENCH_MEDIAN mode=replay-hydra-burst rate=1442797123
R23B_AFFINE_VERDICT arm=burst armed=false tag_hits=0 payload_fallbacks=0 ledger_rows=0 (R23c: workers verify spans from register tags, zero payload reads; the (prefix,cum) triple checked per-span by the scalar affine law)
PR1_HYDRA_VERDICT rate=1442797123 (bit-exact multi-core span conformance: 2 workers, every emitted byte CRC32C-checked in-window, ordered serial fold)
PR1_GIGAHFT_BURST_VERDICT rate=1442797123 target=1000000000 -> PASS (R7 burst reference; the sustained arm below is the gate)
DIAG sustained: passes=16722 reset_ms=419.4 scan_ms=4565.1 end_ms=3.0 pending_max=9839 batches=367884 wait_ms=24.9 work_ms=4182.0 fold_ms=282.2 assist_chunks=624214 bytes_per_msg=27.65 crc_demand_gb_s=46.78
DIAG worker[0] sustained: cpu2(pinned) placement=[2, 3] batches=572758 spans=73310007 eval_ms=4958.0 idle_iters=28671 res_waits=0 fw=0 fw_ms=0.0
DIAG worker[1] sustained: cpu3(pinned) placement=[2, 3] batches=569880 spans=72940218 eval_ms=4958.1 idle_iters=24833 res_waits=0 fw=0 fw_ms=0.0
DIAG rx sustained: publications=367944 polls=1455052 prod_ms=1498.1 bufwait_laps=133905 resets=16724 eos_parks=0 nbuf=16 rx_actual_cpu=1
ADVANCE_DIAGNOSTIC sustained: advances=16724 advance_ms=91.4 us_per_advance=5.5 (F-5 reset/auto-advance hygiene — the synchronous bake tail the per-publication prepatch budget drains; HFT_PREPATCH_BUDGET prices it)
RXWARM_DIAGNOSTIC sustained: enabled=false fixes=0 uncovered=0 last_pass_fixes=0 (F-1 frame-entry warm start; the steady-state law is fixes==0 on pass>=2 — the kill rule reads persistent fixes)
RXBUILD_DIAGNOSTIC sustained: enabled=true patches=367840132 last_pass_patches=21804 frames=21996 (F-2 publish-by-reference master; the steady-state law is every patchable entry patched exactly once per pass boundary)
DIAG cons sustained: parks=21 park_ms=1.9 slow_waits=21 slow_ms=2.2
BENCH mode=replay-hydra-sustained-5s total_msgs=8458806978 duration=5.00s sustained_rate=1691625423 msg/s allocs=0 workers=2 crc_kernel=reflect
PR1_HYDRA_SUSTAINED_VERDICT rate=1691625423 (duration=5.00s, total_msgs=8458806978, workers=2)
PR1_GIGAHFT_VERDICT rate=1691625423 target=1000000000 -> PASS (Project 1.0B: bit-exact, zero-alloc, every byte verified in-window, cross-pass double-buffered fabric)
PR1_R8_FULL_VERIFY_VERDICT rate=1691625423 target=1000000000 -> PASS (R8: 1B msg/s sustained full verification — bit-exact, zero-alloc, every byte CRC32C-verified in-window)
PR1_R16_FULL_VERIFY_VERDICT rate=1691625423 target=2000000000 -> FAIL (R16: 2B msg/s sustained full verification — the Double Helix program, docs/29)
R16B_RXDESC_VERDICT rx_fixes=0 assist_chunks=624214 (array-driven submission telemetry; fixes=0 means every RX prefill entry was already exact)
R23B_AFFINE_VERDICT arm=sustained armed=false tag_hits=0 payload_fallbacks=0 ledger_rows=0 (R23c: zero-re-read affine verification on the worker fabric)
PR1_R23_AFFINE_SUSTAINED_VERDICT rate=1691625423 target=2500000000 -> FAIL (R23: 2.5B+ sustained full verification from register tags — the affine-span algebra program, docs/36)
=== 11l. R22.1: Tri-Stream Fold ARMED Soak (the value-exact mirror tri) ===
[1m[92m    Finished[0m `release` profile [optimized] target(s) in 0.01s
[1m[92m     Running[0m `target/release/bench --hydra-only`
BENCH_CALIBRATION invariant_tsc=true freq_mhz=2596.12 mark_overhead_cycles=52
=== R6. PR-1 HYDRA BIT-EXACT MULTI-CORE SPAN CONFORMANCE ===
BLOB_BACKING mode=mmap anon_huge_kb=16384 map_mb=16.5 verdict=thp-granted
HYDRA_BITPARITY sequential=(count=505849 hash=0x881639cead506f25 msg_hash=0xcbf29ce484222325) hydra=(count=505849 hash=0x881639cead506f25 msg_hash=0xcbf29ce484222325) -> BIT-EXACT
BENCH mode=replay-hydra-burst msgs=505849 rate=1232599563 allocs=0 freq=2596.12MHz workers=2 run=1
BENCH mode=replay-hydra-burst msgs=505849 rate=1349330068 allocs=0 freq=2596.12MHz workers=2 run=2
BENCH mode=replay-hydra-burst msgs=505849 rate=1297211700 allocs=0 freq=2596.12MHz workers=2 run=3
BENCH mode=replay-hydra-burst msgs=505849 rate=1348898293 allocs=0 freq=2596.12MHz workers=2 run=4
BENCH mode=replay-hydra-burst msgs=505849 rate=1339773759 allocs=0 freq=2596.12MHz workers=2 run=5
BENCH_MEDIAN mode=replay-hydra-burst rate=1339773759
R23B_AFFINE_VERDICT arm=burst armed=false tag_hits=0 payload_fallbacks=0 ledger_rows=0 (R23c: workers verify spans from register tags, zero payload reads; the (prefix,cum) triple checked per-span by the scalar affine law)
PR1_HYDRA_VERDICT rate=1339773759 (bit-exact multi-core span conformance: 2 workers, every emitted byte CRC32C-checked in-window, ordered serial fold)
PR1_GIGAHFT_BURST_VERDICT rate=1339773759 target=1000000000 -> PASS (R7 burst reference; the sustained arm below is the gate)
DIAG sustained: passes=15598 reset_ms=474.7 scan_ms=4521.8 end_ms=0.9 pending_max=9731 batches=343156 wait_ms=40.7 work_ms=4136.5 fold_ms=272.0 assist_chunks=390823 bytes_per_msg=27.65 crc_demand_gb_s=43.64
DIAG worker[0] sustained: cpu0(pinned) placement=[0, 2] batches=518336 spans=66337503 eval_ms=4960.5 idle_iters=45707 res_waits=0 fw=0 fw_ms=0.0
DIAG worker[1] sustained: cpu2(pinned) placement=[0, 2] batches=644450 spans=82470353 eval_ms=4949.8 idle_iters=43830 res_waits=2353 fw=0 fw_ms=0.0
DIAG rx sustained: publications=343216 polls=1357264 prod_ms=1457.3 bufwait_laps=125007 resets=15600 eos_parks=0 nbuf=16 rx_actual_cpu=3
ADVANCE_DIAGNOSTIC sustained: advances=15600 advance_ms=145.1 us_per_advance=9.3 (F-5 reset/auto-advance hygiene — the synchronous bake tail the per-publication prepatch budget drains; HFT_PREPATCH_BUDGET prices it)
RXWARM_DIAGNOSTIC sustained: enabled=false fixes=0 uncovered=0 last_pass_fixes=0 (F-1 frame-entry warm start; the steady-state law is fixes==0 on pass>=2 — the kill rule reads persistent fixes)
RXBUILD_DIAGNOSTIC sustained: enabled=true patches=343116756 last_pass_patches=21996 frames=21996 (F-2 publish-by-reference master; the steady-state law is every patchable entry patched exactly once per pass boundary)
DIAG cons sustained: parks=39 park_ms=7.1 slow_waits=39 slow_ms=7.7
BENCH mode=replay-hydra-sustained-5s total_msgs=7890232702 duration=5.00s sustained_rate=1577958251 msg/s allocs=0 workers=2 crc_kernel=reflect
PR1_HYDRA_SUSTAINED_VERDICT rate=1577958251 (duration=5.00s, total_msgs=7890232702, workers=2)
PR1_GIGAHFT_VERDICT rate=1577958251 target=1000000000 -> PASS (Project 1.0B: bit-exact, zero-alloc, every byte verified in-window, cross-pass double-buffered fabric)
PR1_R8_FULL_VERIFY_VERDICT rate=1577958251 target=1000000000 -> PASS (R8: 1B msg/s sustained full verification — bit-exact, zero-alloc, every byte CRC32C-verified in-window)
PR1_R16_FULL_VERIFY_VERDICT rate=1577958251 target=2000000000 -> FAIL (R16: 2B msg/s sustained full verification — the Double Helix program, docs/29)
R16B_RXDESC_VERDICT rx_fixes=0 assist_chunks=390823 (array-driven submission telemetry; fixes=0 means every RX prefill entry was already exact)
R23B_AFFINE_VERDICT arm=sustained armed=false tag_hits=0 payload_fallbacks=0 ledger_rows=0 (R23c: zero-re-read affine verification on the worker fabric)
PR1_R23_AFFINE_SUSTAINED_VERDICT rate=1577958251 target=2500000000 -> FAIL (R23: 2.5B+ sustained full verification from register tags — the affine-span algebra program, docs/36)
=== 11m. R12: Vectorized Watermark Ladder ARMED Soak (the refuted experiment) ===
[1m[92m    Finished[0m `release` profile [optimized] target(s) in 0.01s
[1m[92m     Running[0m `target/release/bench --hydra-only`
BENCH_CALIBRATION invariant_tsc=true freq_mhz=2596.12 mark_overhead_cycles=52
=== R6. PR-1 HYDRA BIT-EXACT MULTI-CORE SPAN CONFORMANCE ===
BLOB_BACKING mode=mmap anon_huge_kb=16384 map_mb=16.5 verdict=thp-granted
HYDRA_BITPARITY sequential=(count=505849 hash=0x881639cead506f25 msg_hash=0xcbf29ce484222325) hydra=(count=505849 hash=0x881639cead506f25 msg_hash=0xcbf29ce484222325) -> BIT-EXACT
BENCH mode=replay-hydra-burst msgs=505849 rate=1322028272 allocs=0 freq=2596.12MHz workers=2 run=1
BENCH mode=replay-hydra-burst msgs=505849 rate=1401562127 allocs=0 freq=2596.12MHz workers=2 run=2
BENCH mode=replay-hydra-burst msgs=505849 rate=1499065027 allocs=0 freq=2596.12MHz workers=2 run=3
BENCH mode=replay-hydra-burst msgs=505849 rate=1461754744 allocs=0 freq=2596.12MHz workers=2 run=4
BENCH mode=replay-hydra-burst msgs=505849 rate=1548942515 allocs=0 freq=2596.12MHz workers=2 run=5
BENCH_MEDIAN mode=replay-hydra-burst rate=1461754744
R23B_AFFINE_VERDICT arm=burst armed=false tag_hits=0 payload_fallbacks=0 ledger_rows=0 (R23c: workers verify spans from register tags, zero payload reads; the (prefix,cum) triple checked per-span by the scalar affine law)
PR1_HYDRA_VERDICT rate=1461754744 (bit-exact multi-core span conformance: 2 workers, every emitted byte CRC32C-checked in-window, ordered serial fold)
PR1_GIGAHFT_BURST_VERDICT rate=1461754744 target=1000000000 -> PASS (R7 burst reference; the sustained arm below is the gate)
DIAG sustained: passes=16334 reset_ms=504.9 scan_ms=4491.7 end_ms=0.9 pending_max=11030 batches=359348 wait_ms=37.0 work_ms=4103.9 fold_ms=274.2 assist_chunks=313220 bytes_per_msg=27.65 crc_demand_gb_s=45.69
DIAG worker[0] sustained: cpu0(pinned) placement=[0, 2] batches=574264 spans=73493297 eval_ms=4962.3 idle_iters=35698 res_waits=0 fw=0 fw_ms=0.0
DIAG worker[1] sustained: cpu2(pinned) placement=[0, 2] batches=691994 spans=88559735 eval_ms=4951.7 idle_iters=37507 res_waits=202 fw=0 fw_ms=0.0
DIAG rx sustained: publications=359408 polls=1421296 prod_ms=1468.7 bufwait_laps=130710 resets=16336 eos_parks=0 nbuf=16 rx_actual_cpu=3
ADVANCE_DIAGNOSTIC sustained: advances=16336 advance_ms=152.7 us_per_advance=9.3 (F-5 reset/auto-advance hygiene — the synchronous bake tail the per-publication prepatch budget drains; HFT_PREPATCH_BUDGET prices it)
RXWARM_DIAGNOSTIC sustained: enabled=false fixes=0 uncovered=0 last_pass_fixes=0 (F-1 frame-entry warm start; the steady-state law is fixes==0 on pass>=2 — the kill rule reads persistent fixes)
RXBUILD_DIAGNOSTIC sustained: enabled=true patches=359305812 last_pass_patches=21996 frames=21996 (F-2 publish-by-reference master; the steady-state law is every patchable entry patched exactly once per pass boundary)
DIAG cons sustained: parks=33 park_ms=4.3 slow_waits=33 slow_ms=4.7
BENCH mode=replay-hydra-sustained-5s total_msgs=8262537566 duration=5.00s sustained_rate=1652408250 msg/s allocs=0 workers=2 crc_kernel=reflect
PR1_HYDRA_SUSTAINED_VERDICT rate=1652408250 (duration=5.00s, total_msgs=8262537566, workers=2)
PR1_GIGAHFT_VERDICT rate=1652408250 target=1000000000 -> PASS (Project 1.0B: bit-exact, zero-alloc, every byte verified in-window, cross-pass double-buffered fabric)
PR1_R8_FULL_VERIFY_VERDICT rate=1652408250 target=1000000000 -> PASS (R8: 1B msg/s sustained full verification — bit-exact, zero-alloc, every byte CRC32C-verified in-window)
PR1_R16_FULL_VERIFY_VERDICT rate=1652408250 target=2000000000 -> FAIL (R16: 2B msg/s sustained full verification — the Double Helix program, docs/29)
R16B_RXDESC_VERDICT rx_fixes=0 assist_chunks=313220 (array-driven submission telemetry; fixes=0 means every RX prefill entry was already exact)
R23B_AFFINE_VERDICT arm=sustained armed=false tag_hits=0 payload_fallbacks=0 ledger_rows=0 (R23c: zero-re-read affine verification on the worker fabric)
PR1_R23_AFFINE_SUSTAINED_VERDICT rate=1652408250 target=2500000000 -> FAIL (R23: 2.5B+ sustained full verification from register tags — the affine-span algebra program, docs/36)
=== 11n. R12: Compact 8-Byte Span Descriptors OFF (rollback attribution) ===
[1m[92m    Finished[0m `release` profile [optimized] target(s) in 0.01s
[1m[92m     Running[0m `target/release/bench --hydra-only`
BENCH_CALIBRATION invariant_tsc=true freq_mhz=2596.12 mark_overhead_cycles=52
=== R6. PR-1 HYDRA BIT-EXACT MULTI-CORE SPAN CONFORMANCE ===
BLOB_BACKING mode=mmap anon_huge_kb=16384 map_mb=16.5 verdict=thp-granted
HYDRA_BITPARITY sequential=(count=505849 hash=0x881639cead506f25 msg_hash=0xcbf29ce484222325) hydra=(count=505849 hash=0x881639cead506f25 msg_hash=0xcbf29ce484222325) -> BIT-EXACT
BENCH mode=replay-hydra-burst msgs=505849 rate=1400863477 allocs=0 freq=2596.12MHz workers=2 run=1
BENCH mode=replay-hydra-burst msgs=505849 rate=1562699643 allocs=0 freq=2596.12MHz workers=2 run=2
BENCH mode=replay-hydra-burst msgs=505849 rate=1556966272 allocs=0 freq=2596.12MHz workers=2 run=3
BENCH mode=replay-hydra-burst msgs=505849 rate=1629132823 allocs=0 freq=2596.12MHz workers=2 run=4
BENCH mode=replay-hydra-burst msgs=505849 rate=1626346315 allocs=0 freq=2596.12MHz workers=2 run=5
BENCH_MEDIAN mode=replay-hydra-burst rate=1562699643
R23B_AFFINE_VERDICT arm=burst armed=false tag_hits=0 payload_fallbacks=0 ledger_rows=0 (R23c: workers verify spans from register tags, zero payload reads; the (prefix,cum) triple checked per-span by the scalar affine law)
PR1_HYDRA_VERDICT rate=1562699643 (bit-exact multi-core span conformance: 2 workers, every emitted byte CRC32C-checked in-window, ordered serial fold)
PR1_GIGAHFT_BURST_VERDICT rate=1562699643 target=1000000000 -> PASS (R7 burst reference; the sustained arm below is the gate)
DIAG sustained: passes=16760 reset_ms=466.1 scan_ms=4530.3 end_ms=0.9 pending_max=7088 batches=368720 wait_ms=35.5 work_ms=4146.4 fold_ms=274.0 assist_chunks=390310 bytes_per_msg=27.65 crc_demand_gb_s=46.89
DIAG worker[0] sustained: cpu0(pinned) placement=[0, 2] batches=557095 spans=71297952 eval_ms=4962.4 idle_iters=34978 res_waits=0 fw=0 fw_ms=0.0
DIAG worker[1] sustained: cpu2(pinned) placement=[0, 2] batches=687679 spans=88013232 eval_ms=4951.4 idle_iters=37026 res_waits=0 fw=0 fw_ms=0.0
DIAG rx sustained: publications=368780 polls=1458358 prod_ms=1496.8 bufwait_laps=134043 resets=16762 eos_parks=0 nbuf=16 rx_actual_cpu=3
ADVANCE_DIAGNOSTIC sustained: advances=16762 advance_ms=118.8 us_per_advance=7.1 (F-5 reset/auto-advance hygiene — the synchronous bake tail the per-publication prepatch budget drains; HFT_PREPATCH_BUDGET prices it)
RXWARM_DIAGNOSTIC sustained: enabled=false fixes=0 uncovered=0 last_pass_fixes=0 (F-1 frame-entry warm start; the steady-state law is fixes==0 on pass>=2 — the kill rule reads persistent fixes)
RXBUILD_DIAGNOSTIC sustained: enabled=true patches=368676108 last_pass_patches=21996 frames=21996 (F-2 publish-by-reference master; the steady-state law is every patchable entry patched exactly once per pass boundary)
DIAG cons sustained: parks=26 park_ms=1.9 slow_waits=26 slow_ms=2.3
BENCH mode=replay-hydra-sustained-5s total_msgs=8478029240 duration=5.00s sustained_rate=1695541827 msg/s allocs=0 workers=2 crc_kernel=reflect
PR1_HYDRA_SUSTAINED_VERDICT rate=1695541827 (duration=5.00s, total_msgs=8478029240, workers=2)
PR1_GIGAHFT_VERDICT rate=1695541827 target=1000000000 -> PASS (Project 1.0B: bit-exact, zero-alloc, every byte verified in-window, cross-pass double-buffered fabric)
PR1_R8_FULL_VERIFY_VERDICT rate=1695541827 target=1000000000 -> PASS (R8: 1B msg/s sustained full verification — bit-exact, zero-alloc, every byte CRC32C-verified in-window)
PR1_R16_FULL_VERIFY_VERDICT rate=1695541827 target=2000000000 -> FAIL (R16: 2B msg/s sustained full verification — the Double Helix program, docs/29)
R16B_RXDESC_VERDICT rx_fixes=0 assist_chunks=390310 (array-driven submission telemetry; fixes=0 means every RX prefill entry was already exact)
R23B_AFFINE_VERDICT arm=sustained armed=false tag_hits=0 payload_fallbacks=0 ledger_rows=0 (R23c: zero-re-read affine verification on the worker fabric)
PR1_R23_AFFINE_SUSTAINED_VERDICT rate=1695541827 target=2500000000 -> FAIL (R23: 2.5B+ sustained full verification from register tags — the affine-span algebra program, docs/36)
=== 11r. R13: Mirror-Domain Fold Kernel Soak (rollback attribution) ===
[1m[92m    Finished[0m `release` profile [optimized] target(s) in 0.01s
[1m[92m     Running[0m `target/release/bench --hydra-only`
BENCH_CALIBRATION invariant_tsc=true freq_mhz=2596.12 mark_overhead_cycles=52
=== R6. PR-1 HYDRA BIT-EXACT MULTI-CORE SPAN CONFORMANCE ===
BLOB_BACKING mode=mmap anon_huge_kb=16384 map_mb=16.5 verdict=thp-granted
HYDRA_BITPARITY sequential=(count=505849 hash=0x881639cead506f25 msg_hash=0xcbf29ce484222325) hydra=(count=505849 hash=0x881639cead506f25 msg_hash=0xcbf29ce484222325) -> BIT-EXACT
BENCH mode=replay-hydra-burst msgs=505849 rate=1328814191 allocs=0 freq=2596.12MHz workers=2 run=1
BENCH mode=replay-hydra-burst msgs=505849 rate=1396794146 allocs=0 freq=2596.12MHz workers=2 run=2
BENCH mode=replay-hydra-burst msgs=505849 rate=1513752023 allocs=0 freq=2596.12MHz workers=2 run=3
BENCH mode=replay-hydra-burst msgs=505849 rate=1522788437 allocs=0 freq=2596.12MHz workers=2 run=4
BENCH mode=replay-hydra-burst msgs=505849 rate=1597744170 allocs=0 freq=2596.12MHz workers=2 run=5
BENCH_MEDIAN mode=replay-hydra-burst rate=1513752023
R23B_AFFINE_VERDICT arm=burst armed=false tag_hits=0 payload_fallbacks=0 ledger_rows=0 (R23c: workers verify spans from register tags, zero payload reads; the (prefix,cum) triple checked per-span by the scalar affine law)
PR1_HYDRA_VERDICT rate=1513752023 (bit-exact multi-core span conformance: 2 workers, every emitted byte CRC32C-checked in-window, ordered serial fold)
PR1_GIGAHFT_BURST_VERDICT rate=1513752023 target=1000000000 -> PASS (R7 burst reference; the sustained arm below is the gate)
DIAG sustained: passes=16780 reset_ms=496.8 scan_ms=4499.6 end_ms=0.9 pending_max=10009 batches=369160 wait_ms=35.5 work_ms=4107.4 fold_ms=283.1 assist_chunks=375753 bytes_per_msg=27.65 crc_demand_gb_s=46.94
DIAG worker[0] sustained: cpu0(pinned) placement=[0, 2] batches=573874 spans=73436027 eval_ms=4939.8 idle_iters=69325 res_waits=0 fw=0 fw_ms=0.0
DIAG worker[1] sustained: cpu2(pinned) placement=[0, 2] batches=699715 spans=89537661 eval_ms=4928.5 idle_iters=72645 res_waits=1588 fw=0 fw_ms=0.0
DIAG rx sustained: publications=369220 polls=1460098 prod_ms=1479.7 bufwait_laps=134380 resets=16782 eos_parks=0 nbuf=16 rx_actual_cpu=3
ADVANCE_DIAGNOSTIC sustained: advances=16782 advance_ms=112.0 us_per_advance=6.7 (F-5 reset/auto-advance hygiene — the synchronous bake tail the per-publication prepatch budget drains; HFT_PREPATCH_BUDGET prices it)
RXWARM_DIAGNOSTIC sustained: enabled=false fixes=0 uncovered=0 last_pass_fixes=0 (F-1 frame-entry warm start; the steady-state law is fixes==0 on pass>=2 — the kill rule reads persistent fixes)
RXBUILD_DIAGNOSTIC sustained: enabled=true patches=369116028 last_pass_patches=21932 frames=21996 (F-2 publish-by-reference master; the steady-state law is every patchable entry patched exactly once per pass boundary)
DIAG cons sustained: parks=24 park_ms=2.8 slow_waits=24 slow_ms=3.2
BENCH mode=replay-hydra-sustained-5s total_msgs=8488146220 duration=5.00s sustained_rate=1697581566 msg/s allocs=0 workers=2 crc_kernel=fold512
PR1_HYDRA_SUSTAINED_VERDICT rate=1697581566 (duration=5.00s, total_msgs=8488146220, workers=2)
PR1_GIGAHFT_VERDICT rate=1697581566 target=1000000000 -> PASS (Project 1.0B: bit-exact, zero-alloc, every byte verified in-window, cross-pass double-buffered fabric)
PR1_R8_FULL_VERIFY_VERDICT rate=1697581566 target=1000000000 -> PASS (R8: 1B msg/s sustained full verification — bit-exact, zero-alloc, every byte CRC32C-verified in-window)
PR1_R16_FULL_VERIFY_VERDICT rate=1697581566 target=2000000000 -> FAIL (R16: 2B msg/s sustained full verification — the Double Helix program, docs/29)
R16B_RXDESC_VERDICT rx_fixes=0 assist_chunks=375753 (array-driven submission telemetry; fixes=0 means every RX prefill entry was already exact)
R23B_AFFINE_VERDICT arm=sustained armed=false tag_hits=0 payload_fallbacks=0 ledger_rows=0 (R23c: zero-re-read affine verification on the worker fabric)
PR1_R23_AFFINE_SUSTAINED_VERDICT rate=1697581566 target=2500000000 -> FAIL (R23: 2.5B+ sustained full verification from register tags — the affine-span algebra program, docs/36)
=== 11s. R14: Vector Barrett Ending OFF (rollback attribution) ===
[1m[92m    Finished[0m `release` profile [optimized] target(s) in 0.01s
[1m[92m     Running[0m `target/release/bench --hydra-only`
BENCH_CALIBRATION invariant_tsc=true freq_mhz=2596.12 mark_overhead_cycles=52
=== R6. PR-1 HYDRA BIT-EXACT MULTI-CORE SPAN CONFORMANCE ===
BLOB_BACKING mode=mmap anon_huge_kb=16384 map_mb=16.5 verdict=thp-granted
HYDRA_BITPARITY sequential=(count=505849 hash=0x881639cead506f25 msg_hash=0xcbf29ce484222325) hydra=(count=505849 hash=0x881639cead506f25 msg_hash=0xcbf29ce484222325) -> BIT-EXACT
BENCH mode=replay-hydra-burst msgs=505849 rate=1304144602 allocs=0 freq=2596.12MHz workers=2 run=1
BENCH mode=replay-hydra-burst msgs=505849 rate=1374369326 allocs=0 freq=2596.12MHz workers=2 run=2
BENCH mode=replay-hydra-burst msgs=505849 rate=1505323770 allocs=0 freq=2596.12MHz workers=2 run=3
BENCH mode=replay-hydra-burst msgs=505849 rate=1465872077 allocs=0 freq=2596.12MHz workers=2 run=4
BENCH mode=replay-hydra-burst msgs=505849 rate=1449253812 allocs=0 freq=2596.12MHz workers=2 run=5
BENCH_MEDIAN mode=replay-hydra-burst rate=1449253812
R23B_AFFINE_VERDICT arm=burst armed=false tag_hits=0 payload_fallbacks=0 ledger_rows=0 (R23c: workers verify spans from register tags, zero payload reads; the (prefix,cum) triple checked per-span by the scalar affine law)
PR1_HYDRA_VERDICT rate=1449253812 (bit-exact multi-core span conformance: 2 workers, every emitted byte CRC32C-checked in-window, ordered serial fold)
PR1_GIGAHFT_BURST_VERDICT rate=1449253812 target=1000000000 -> PASS (R7 burst reference; the sustained arm below is the gate)
DIAG sustained: passes=16815 reset_ms=476.3 scan_ms=4520.5 end_ms=0.8 pending_max=9286 batches=369930 wait_ms=32.4 work_ms=4134.4 fold_ms=281.8 assist_chunks=392435 bytes_per_msg=27.65 crc_demand_gb_s=47.04
DIAG worker[0] sustained: cpu0(pinned) placement=[0, 2] batches=573816 spans=73436116 eval_ms=4962.2 idle_iters=36576 res_waits=0 fw=0 fw_ms=0.0
DIAG worker[1] sustained: cpu2(pinned) placement=[0, 2] batches=694197 spans=88847152 eval_ms=4951.0 idle_iters=32683 res_waits=136 fw=0 fw_ms=0.0
DIAG rx sustained: publications=369990 polls=1463143 prod_ms=1454.1 bufwait_laps=134494 resets=16817 eos_parks=0 nbuf=16 rx_actual_cpu=3
ADVANCE_DIAGNOSTIC sustained: advances=16817 advance_ms=111.0 us_per_advance=6.6 (F-5 reset/auto-advance hygiene — the synchronous bake tail the per-publication prepatch budget drains; HFT_PREPATCH_BUDGET prices it)
RXWARM_DIAGNOSTIC sustained: enabled=false fixes=0 uncovered=0 last_pass_fixes=0 (F-1 frame-entry warm start; the steady-state law is fixes==0 on pass>=2 — the kill rule reads persistent fixes)
RXBUILD_DIAGNOSTIC sustained: enabled=true patches=369885888 last_pass_patches=21996 frames=21996 (F-2 publish-by-reference master; the steady-state law is every patchable entry patched exactly once per pass boundary)
DIAG cons sustained: parks=20 park_ms=0.8 slow_waits=20 slow_ms=1.0
BENCH mode=replay-hydra-sustained-5s total_msgs=8505850935 duration=5.00s sustained_rate=1701043294 msg/s allocs=0 workers=2 crc_kernel=reflect
PR1_HYDRA_SUSTAINED_VERDICT rate=1701043294 (duration=5.00s, total_msgs=8505850935, workers=2)
PR1_GIGAHFT_VERDICT rate=1701043294 target=1000000000 -> PASS (Project 1.0B: bit-exact, zero-alloc, every byte verified in-window, cross-pass double-buffered fabric)
PR1_R8_FULL_VERIFY_VERDICT rate=1701043294 target=1000000000 -> PASS (R8: 1B msg/s sustained full verification — bit-exact, zero-alloc, every byte CRC32C-verified in-window)
PR1_R16_FULL_VERIFY_VERDICT rate=1701043294 target=2000000000 -> FAIL (R16: 2B msg/s sustained full verification — the Double Helix program, docs/29)
R16B_RXDESC_VERDICT rx_fixes=0 assist_chunks=392435 (array-driven submission telemetry; fixes=0 means every RX prefill entry was already exact)
R23B_AFFINE_VERDICT arm=sustained armed=false tag_hits=0 payload_fallbacks=0 ledger_rows=0 (R23c: zero-re-read affine verification on the worker fabric)
PR1_R23_AFFINE_SUSTAINED_VERDICT rate=1701043294 target=2500000000 -> FAIL (R23: 2.5B+ sustained full verification from register tags — the affine-span algebra program, docs/36)
=== 11t. R15: Vectorized Tail (vtail) OFF (rollback attribution) ===
[1m[92m    Finished[0m `release` profile [optimized] target(s) in 0.01s
[1m[92m     Running[0m `target/release/bench --hydra-only`
BENCH_CALIBRATION invariant_tsc=true freq_mhz=2596.12 mark_overhead_cycles=52
=== R6. PR-1 HYDRA BIT-EXACT MULTI-CORE SPAN CONFORMANCE ===
BLOB_BACKING mode=mmap anon_huge_kb=14336 map_mb=16.5 verdict=thp-granted
HYDRA_BITPARITY sequential=(count=505849 hash=0x881639cead506f25 msg_hash=0xcbf29ce484222325) hydra=(count=505849 hash=0x881639cead506f25 msg_hash=0xcbf29ce484222325) -> BIT-EXACT
BENCH mode=replay-hydra-burst msgs=505849 rate=1316177159 allocs=0 freq=2596.12MHz workers=2 run=1
BENCH mode=replay-hydra-burst msgs=505849 rate=1493435484 allocs=0 freq=2596.12MHz workers=2 run=2
BENCH mode=replay-hydra-burst msgs=505849 rate=1496754092 allocs=0 freq=2596.12MHz workers=2 run=3
BENCH mode=replay-hydra-burst msgs=505849 rate=1622480955 allocs=0 freq=2596.12MHz workers=2 run=4
BENCH mode=replay-hydra-burst msgs=505849 rate=1662260034 allocs=0 freq=2596.12MHz workers=2 run=5
BENCH_MEDIAN mode=replay-hydra-burst rate=1496754092
R23B_AFFINE_VERDICT arm=burst armed=false tag_hits=0 payload_fallbacks=0 ledger_rows=0 (R23c: workers verify spans from register tags, zero payload reads; the (prefix,cum) triple checked per-span by the scalar affine law)
PR1_HYDRA_VERDICT rate=1496754092 (bit-exact multi-core span conformance: 2 workers, every emitted byte CRC32C-checked in-window, ordered serial fold)
PR1_GIGAHFT_BURST_VERDICT rate=1496754092 target=1000000000 -> PASS (R7 burst reference; the sustained arm below is the gate)
DIAG sustained: passes=16747 reset_ms=465.8 scan_ms=4530.6 end_ms=0.9 pending_max=7153 batches=368434 wait_ms=35.6 work_ms=4136.7 fold_ms=281.5 assist_chunks=382188 bytes_per_msg=27.65 crc_demand_gb_s=46.85
DIAG worker[0] sustained: cpu0(pinned) placement=[0, 2] batches=567791 spans=72668146 eval_ms=4967.5 idle_iters=26672 res_waits=0 fw=0 fw_ms=0.0
DIAG worker[1] sustained: cpu2(pinned) placement=[0, 2] batches=699494 spans=89526663 eval_ms=4956.2 idle_iters=24482 res_waits=0 fw=0 fw_ms=0.0
DIAG rx sustained: publications=368494 polls=1457227 prod_ms=1510.1 bufwait_laps=133945 resets=16749 eos_parks=0 nbuf=16 rx_actual_cpu=3
ADVANCE_DIAGNOSTIC sustained: advances=16749 advance_ms=123.4 us_per_advance=7.4 (F-5 reset/auto-advance hygiene — the synchronous bake tail the per-publication prepatch budget drains; HFT_PREPATCH_BUDGET prices it)
RXWARM_DIAGNOSTIC sustained: enabled=false fixes=0 uncovered=0 last_pass_fixes=0 (F-1 frame-entry warm start; the steady-state law is fixes==0 on pass>=2 — the kill rule reads persistent fixes)
RXBUILD_DIAGNOSTIC sustained: enabled=true patches=368390160 last_pass_patches=21996 frames=21996 (F-2 publish-by-reference master; the steady-state law is every patchable entry patched exactly once per pass boundary)
DIAG cons sustained: parks=14 park_ms=1.4 slow_waits=14 slow_ms=1.6
BENCH mode=replay-hydra-sustained-5s total_msgs=8471453203 duration=5.00s sustained_rate=1694226208 msg/s allocs=0 workers=2 crc_kernel=reflect
PR1_HYDRA_SUSTAINED_VERDICT rate=1694226208 (duration=5.00s, total_msgs=8471453203, workers=2)
PR1_GIGAHFT_VERDICT rate=1694226208 target=1000000000 -> PASS (Project 1.0B: bit-exact, zero-alloc, every byte verified in-window, cross-pass double-buffered fabric)
PR1_R8_FULL_VERIFY_VERDICT rate=1694226208 target=1000000000 -> PASS (R8: 1B msg/s sustained full verification — bit-exact, zero-alloc, every byte CRC32C-verified in-window)
PR1_R16_FULL_VERIFY_VERDICT rate=1694226208 target=2000000000 -> FAIL (R16: 2B msg/s sustained full verification — the Double Helix program, docs/29)
R16B_RXDESC_VERDICT rx_fixes=0 assist_chunks=382188 (array-driven submission telemetry; fixes=0 means every RX prefill entry was already exact)
R23B_AFFINE_VERDICT arm=sustained armed=false tag_hits=0 payload_fallbacks=0 ledger_rows=0 (R23c: zero-re-read affine verification on the worker fabric)
PR1_R23_AFFINE_SUSTAINED_VERDICT rate=1694226208 target=2500000000 -> FAIL (R23: 2.5B+ sustained full verification from register tags — the affine-span algebra program, docs/36)
=== 11u. R15: Worker Drain Granularity Sweep (the supply-side rebalance) ===
[1m[92m    Finished[0m `release` profile [optimized] target(s) in 0.01s
[1m[92m     Running[0m `target/release/bench --hydra-only`
BENCH_CALIBRATION invariant_tsc=true freq_mhz=2596.12 mark_overhead_cycles=52
=== R6. PR-1 HYDRA BIT-EXACT MULTI-CORE SPAN CONFORMANCE ===
BLOB_BACKING mode=mmap anon_huge_kb=16384 map_mb=16.5 verdict=thp-granted
HYDRA_BITPARITY sequential=(count=505849 hash=0x881639cead506f25 msg_hash=0xcbf29ce484222325) hydra=(count=505849 hash=0x881639cead506f25 msg_hash=0xcbf29ce484222325) -> BIT-EXACT
BENCH mode=replay-hydra-burst msgs=505849 rate=1398377287 allocs=0 freq=2596.12MHz workers=2 run=1
BENCH mode=replay-hydra-burst msgs=505849 rate=1424565603 allocs=0 freq=2596.12MHz workers=2 run=2
BENCH mode=replay-hydra-burst msgs=505849 rate=1592106961 allocs=0 freq=2596.12MHz workers=2 run=3
BENCH mode=replay-hydra-burst msgs=505849 rate=1550271684 allocs=0 freq=2596.12MHz workers=2 run=4
BENCH mode=replay-hydra-burst msgs=505849 rate=1608740037 allocs=0 freq=2596.12MHz workers=2 run=5
BENCH_MEDIAN mode=replay-hydra-burst rate=1550271684
R23B_AFFINE_VERDICT arm=burst armed=false tag_hits=0 payload_fallbacks=0 ledger_rows=0 (R23c: workers verify spans from register tags, zero payload reads; the (prefix,cum) triple checked per-span by the scalar affine law)
PR1_HYDRA_VERDICT rate=1550271684 (bit-exact multi-core span conformance: 2 workers, every emitted byte CRC32C-checked in-window, ordered serial fold)
PR1_GIGAHFT_BURST_VERDICT rate=1550271684 target=1000000000 -> PASS (R7 burst reference; the sustained arm below is the gate)
DIAG sustained: passes=16549 reset_ms=461.8 scan_ms=4534.7 end_ms=0.8 pending_max=6889 batches=364078 wait_ms=35.7 work_ms=4148.2 fold_ms=280.4 assist_chunks=355409 bytes_per_msg=27.65 crc_demand_gb_s=46.30
DIAG worker[0] sustained: cpu0(pinned) placement=[0, 2] batches=1133089 spans=72515816 eval_ms=4937.4 idle_iters=28652 res_waits=0 fw=0 fw_ms=0.0
DIAG worker[1] sustained: cpu2(pinned) placement=[0, 2] batches=1393984 spans=89213456 eval_ms=4917.3 idle_iters=32946 res_waits=0 fw=0 fw_ms=0.0
DIAG rx sustained: publications=364138 polls=1440001 prod_ms=1477.7 bufwait_laps=132362 resets=16551 eos_parks=0 nbuf=16 rx_actual_cpu=3
ADVANCE_DIAGNOSTIC sustained: advances=16551 advance_ms=125.1 us_per_advance=7.6 (F-5 reset/auto-advance hygiene — the synchronous bake tail the per-publication prepatch budget drains; HFT_PREPATCH_BUDGET prices it)
RXWARM_DIAGNOSTIC sustained: enabled=false fixes=0 uncovered=0 last_pass_fixes=0 (F-1 frame-entry warm start; the steady-state law is fixes==0 on pass>=2 — the kill rule reads persistent fixes)
RXBUILD_DIAGNOSTIC sustained: enabled=true patches=364034952 last_pass_patches=21996 frames=21996 (F-2 publish-by-reference master; the steady-state law is every patchable entry patched exactly once per pass boundary)
DIAG cons sustained: parks=21 park_ms=2.0 slow_waits=21 slow_ms=2.3
BENCH mode=replay-hydra-sustained-5s total_msgs=8371295101 duration=5.00s sustained_rate=1674200530 msg/s allocs=0 workers=2 crc_kernel=reflect
PR1_HYDRA_SUSTAINED_VERDICT rate=1674200530 (duration=5.00s, total_msgs=8371295101, workers=2)
PR1_GIGAHFT_VERDICT rate=1674200530 target=1000000000 -> PASS (Project 1.0B: bit-exact, zero-alloc, every byte verified in-window, cross-pass double-buffered fabric)
PR1_R8_FULL_VERIFY_VERDICT rate=1674200530 target=1000000000 -> PASS (R8: 1B msg/s sustained full verification — bit-exact, zero-alloc, every byte CRC32C-verified in-window)
PR1_R16_FULL_VERIFY_VERDICT rate=1674200530 target=2000000000 -> FAIL (R16: 2B msg/s sustained full verification — the Double Helix program, docs/29)
R16B_RXDESC_VERDICT rx_fixes=0 assist_chunks=355409 (array-driven submission telemetry; fixes=0 means every RX prefill entry was already exact)
R23B_AFFINE_VERDICT arm=sustained armed=false tag_hits=0 payload_fallbacks=0 ledger_rows=0 (R23c: zero-re-read affine verification on the worker fabric)
PR1_R23_AFFINE_SUSTAINED_VERDICT rate=1674200530 target=2500000000 -> FAIL (R23: 2.5B+ sustained full verification from register tags — the affine-span algebra program, docs/36)
[1m[92m    Finished[0m `release` profile [optimized] target(s) in 0.01s
[1m[92m     Running[0m `target/release/bench --hydra-only`
BENCH_CALIBRATION invariant_tsc=true freq_mhz=2596.12 mark_overhead_cycles=52
=== R6. PR-1 HYDRA BIT-EXACT MULTI-CORE SPAN CONFORMANCE ===
BLOB_BACKING mode=mmap anon_huge_kb=16384 map_mb=16.5 verdict=thp-granted
HYDRA_BITPARITY sequential=(count=505849 hash=0x881639cead506f25 msg_hash=0xcbf29ce484222325) hydra=(count=505849 hash=0x881639cead506f25 msg_hash=0xcbf29ce484222325) -> BIT-EXACT
BENCH mode=replay-hydra-burst msgs=505849 rate=1400708316 allocs=0 freq=2596.12MHz workers=2 run=1
BENCH mode=replay-hydra-burst msgs=505849 rate=1468685308 allocs=0 freq=2596.12MHz workers=2 run=2
BENCH mode=replay-hydra-burst msgs=505849 rate=1621648740 allocs=0 freq=2596.12MHz workers=2 run=3
BENCH mode=replay-hydra-burst msgs=505849 rate=1638377327 allocs=0 freq=2596.12MHz workers=2 run=4
BENCH mode=replay-hydra-burst msgs=505849 rate=1643119090 allocs=0 freq=2596.12MHz workers=2 run=5
BENCH_MEDIAN mode=replay-hydra-burst rate=1621648740
R23B_AFFINE_VERDICT arm=burst armed=false tag_hits=0 payload_fallbacks=0 ledger_rows=0 (R23c: workers verify spans from register tags, zero payload reads; the (prefix,cum) triple checked per-span by the scalar affine law)
PR1_HYDRA_VERDICT rate=1621648740 (bit-exact multi-core span conformance: 2 workers, every emitted byte CRC32C-checked in-window, ordered serial fold)
PR1_GIGAHFT_BURST_VERDICT rate=1621648740 target=1000000000 -> PASS (R7 burst reference; the sustained arm below is the gate)
DIAG sustained: passes=16616 reset_ms=483.0 scan_ms=4513.5 end_ms=1.0 pending_max=7078 batches=365552 wait_ms=37.3 work_ms=4103.4 fold_ms=284.1 assist_chunks=368798 bytes_per_msg=27.65 crc_demand_gb_s=46.48
DIAG worker[0] sustained: cpu0(pinned) placement=[0, 2] batches=281110 spans=71932851 eval_ms=4981.0 idle_iters=29321 res_waits=0 fw=0 fw_ms=0.0
DIAG worker[1] sustained: cpu2(pinned) placement=[0, 2] batches=350479 spans=89676652 eval_ms=4974.7 idle_iters=29193 res_waits=0 fw=0 fw_ms=0.0
DIAG rx sustained: publications=365612 polls=1445830 prod_ms=1509.0 bufwait_laps=132951 resets=16618 eos_parks=0 nbuf=16 rx_actual_cpu=3
ADVANCE_DIAGNOSTIC sustained: advances=16618 advance_ms=131.6 us_per_advance=7.9 (F-5 reset/auto-advance hygiene — the synchronous bake tail the per-publication prepatch budget drains; HFT_PREPATCH_BUDGET prices it)
RXWARM_DIAGNOSTIC sustained: enabled=false fixes=0 uncovered=0 last_pass_fixes=0 (F-1 frame-entry warm start; the steady-state law is fixes==0 on pass>=2 — the kill rule reads persistent fixes)
RXBUILD_DIAGNOSTIC sustained: enabled=true patches=365508684 last_pass_patches=21996 frames=21996 (F-2 publish-by-reference master; the steady-state law is every patchable entry patched exactly once per pass boundary)
DIAG cons sustained: parks=18 park_ms=2.5 slow_waits=18 slow_ms=2.8
BENCH mode=replay-hydra-sustained-5s total_msgs=8405186984 duration=5.00s sustained_rate=1680897990 msg/s allocs=0 workers=2 crc_kernel=reflect
PR1_HYDRA_SUSTAINED_VERDICT rate=1680897990 (duration=5.00s, total_msgs=8405186984, workers=2)
PR1_GIGAHFT_VERDICT rate=1680897990 target=1000000000 -> PASS (Project 1.0B: bit-exact, zero-alloc, every byte verified in-window, cross-pass double-buffered fabric)
PR1_R8_FULL_VERIFY_VERDICT rate=1680897990 target=1000000000 -> PASS (R8: 1B msg/s sustained full verification — bit-exact, zero-alloc, every byte CRC32C-verified in-window)
PR1_R16_FULL_VERIFY_VERDICT rate=1680897990 target=2000000000 -> FAIL (R16: 2B msg/s sustained full verification — the Double Helix program, docs/29)
R16B_RXDESC_VERDICT rx_fixes=0 assist_chunks=368798 (array-driven submission telemetry; fixes=0 means every RX prefill entry was already exact)
R23B_AFFINE_VERDICT arm=sustained armed=false tag_hits=0 payload_fallbacks=0 ledger_rows=0 (R23c: zero-re-read affine verification on the worker fabric)
PR1_R23_AFFINE_SUSTAINED_VERDICT rate=1680897990 target=2500000000 -> FAIL (R23: 2.5B+ sustained full verification from register tags — the affine-span algebra program, docs/36)
=== 11wm. R17: Assist-Watermark Deep-Soak, SIBLINGS (the A3-b pricing where the assist lives) ===
[1m[92m    Finished[0m `release` profile [optimized] target(s) in 0.01s
[1m[92m     Running[0m `target/release/bench --hydra-only`
BENCH_CALIBRATION invariant_tsc=true freq_mhz=2596.12 mark_overhead_cycles=52
=== R6. PR-1 HYDRA BIT-EXACT MULTI-CORE SPAN CONFORMANCE ===
BLOB_BACKING mode=mmap anon_huge_kb=16384 map_mb=16.5 verdict=thp-granted
HYDRA_BITPARITY sequential=(count=505849 hash=0x881639cead506f25 msg_hash=0xcbf29ce484222325) hydra=(count=505849 hash=0x881639cead506f25 msg_hash=0xcbf29ce484222325) -> BIT-EXACT
BENCH mode=replay-hydra-burst msgs=505849 rate=1157573039 allocs=0 freq=2596.12MHz workers=2 run=1
BENCH mode=replay-hydra-burst msgs=505849 rate=1311835458 allocs=0 freq=2596.12MHz workers=2 run=2
BENCH mode=replay-hydra-burst msgs=505849 rate=1408520472 allocs=0 freq=2596.12MHz workers=2 run=3
BENCH mode=replay-hydra-burst msgs=505849 rate=1350086340 allocs=0 freq=2596.12MHz workers=2 run=4
BENCH mode=replay-hydra-burst msgs=505849 rate=1446349022 allocs=0 freq=2596.12MHz workers=2 run=5
BENCH_MEDIAN mode=replay-hydra-burst rate=1350086340
R23B_AFFINE_VERDICT arm=burst armed=false tag_hits=0 payload_fallbacks=0 ledger_rows=0 (R23c: workers verify spans from register tags, zero payload reads; the (prefix,cum) triple checked per-span by the scalar affine law)
PR1_HYDRA_VERDICT rate=1350086340 (bit-exact multi-core span conformance: 2 workers, every emitted byte CRC32C-checked in-window, ordered serial fold)
PR1_GIGAHFT_BURST_VERDICT rate=1350086340 target=1000000000 -> PASS (R7 burst reference; the sustained arm below is the gate)
DIAG sustained: passes=16993 reset_ms=398.8 scan_ms=4589.6 end_ms=2.1 pending_max=11520 batches=373846 wait_ms=25.6 work_ms=4200.5 fold_ms=291.8 assist_chunks=600736 bytes_per_msg=27.65 crc_demand_gb_s=47.54
DIAG worker[0] sustained: cpu2(pinned) placement=[2, 3] batches=590064 spans=75524184 eval_ms=4957.8 idle_iters=29026 res_waits=1274 fw=0 fw_ms=0.0
DIAG worker[1] sustained: cpu3(pinned) placement=[2, 3] batches=588171 spans=75278874 eval_ms=4957.9 idle_iters=22795 res_waits=4933 fw=0 fw_ms=0.0
DIAG rx sustained: publications=373906 polls=1478629 prod_ms=1562.0 bufwait_laps=136120 resets=16995 eos_parks=0 nbuf=16 rx_actual_cpu=1
ADVANCE_DIAGNOSTIC sustained: advances=16995 advance_ms=89.1 us_per_advance=5.2 (F-5 reset/auto-advance hygiene — the synchronous bake tail the per-publication prepatch budget drains; HFT_PREPATCH_BUDGET prices it)
RXWARM_DIAGNOSTIC sustained: enabled=false fixes=0 uncovered=0 last_pass_fixes=0 (F-1 frame-entry warm start; the steady-state law is fixes==0 on pass>=2 — the kill rule reads persistent fixes)
RXBUILD_DIAGNOSTIC sustained: enabled=true patches=373801240 last_pass_patches=21996 frames=21996 (F-2 publish-by-reference master; the steady-state law is every patchable entry patched exactly once per pass boundary)
DIAG cons sustained: parks=19 park_ms=1.9 slow_waits=19 slow_ms=2.2
BENCH mode=replay-hydra-sustained-5s total_msgs=8595892057 duration=5.00s sustained_rate=1719121069 msg/s allocs=0 workers=2 crc_kernel=reflect
PR1_HYDRA_SUSTAINED_VERDICT rate=1719121069 (duration=5.00s, total_msgs=8595892057, workers=2)
PR1_GIGAHFT_VERDICT rate=1719121069 target=1000000000 -> PASS (Project 1.0B: bit-exact, zero-alloc, every byte verified in-window, cross-pass double-buffered fabric)
PR1_R8_FULL_VERIFY_VERDICT rate=1719121069 target=1000000000 -> PASS (R8: 1B msg/s sustained full verification — bit-exact, zero-alloc, every byte CRC32C-verified in-window)
PR1_R16_FULL_VERIFY_VERDICT rate=1719121069 target=2000000000 -> FAIL (R16: 2B msg/s sustained full verification — the Double Helix program, docs/29)
R16B_RXDESC_VERDICT rx_fixes=0 assist_chunks=600736 (array-driven submission telemetry; fixes=0 means every RX prefill entry was already exact)
R23B_AFFINE_VERDICT arm=sustained armed=false tag_hits=0 payload_fallbacks=0 ledger_rows=0 (R23c: zero-re-read affine verification on the worker fabric)
PR1_R23_AFFINE_SUSTAINED_VERDICT rate=1719121069 target=2500000000 -> FAIL (R23: 2.5B+ sustained full verification from register tags — the affine-span algebra program, docs/36)
=== 11v. R16: Dual-Stream Fold (dfold) ARMED Soak (attribution) ===
[1m[92m    Finished[0m `release` profile [optimized] target(s) in 0.01s
[1m[92m     Running[0m `target/release/bench --hydra-only`
BENCH_CALIBRATION invariant_tsc=true freq_mhz=2596.12 mark_overhead_cycles=52
=== R6. PR-1 HYDRA BIT-EXACT MULTI-CORE SPAN CONFORMANCE ===
BLOB_BACKING mode=mmap anon_huge_kb=16384 map_mb=16.5 verdict=thp-granted
HYDRA_BITPARITY sequential=(count=505849 hash=0x881639cead506f25 msg_hash=0xcbf29ce484222325) hydra=(count=505849 hash=0x881639cead506f25 msg_hash=0xcbf29ce484222325) -> BIT-EXACT
BENCH mode=replay-hydra-burst msgs=505849 rate=1425934956 allocs=0 freq=2596.12MHz workers=2 run=1
BENCH mode=replay-hydra-burst msgs=505849 rate=1472151729 allocs=0 freq=2596.12MHz workers=2 run=2
BENCH mode=replay-hydra-burst msgs=505849 rate=1599057349 allocs=0 freq=2596.12MHz workers=2 run=3
BENCH mode=replay-hydra-burst msgs=505849 rate=1656538896 allocs=0 freq=2596.12MHz workers=2 run=4
BENCH mode=replay-hydra-burst msgs=505849 rate=1675829054 allocs=0 freq=2596.12MHz workers=2 run=5
BENCH_MEDIAN mode=replay-hydra-burst rate=1599057349
R23B_AFFINE_VERDICT arm=burst armed=false tag_hits=0 payload_fallbacks=0 ledger_rows=0 (R23c: workers verify spans from register tags, zero payload reads; the (prefix,cum) triple checked per-span by the scalar affine law)
PR1_HYDRA_VERDICT rate=1599057349 (bit-exact multi-core span conformance: 2 workers, every emitted byte CRC32C-checked in-window, ordered serial fold)
PR1_GIGAHFT_BURST_VERDICT rate=1599057349 target=1000000000 -> PASS (R7 burst reference; the sustained arm below is the gate)
DIAG sustained: passes=16610 reset_ms=499.8 scan_ms=4496.6 end_ms=0.9 pending_max=9363 batches=365420 wait_ms=34.5 work_ms=4113.2 fold_ms=277.8 assist_chunks=383370 bytes_per_msg=27.65 crc_demand_gb_s=46.47
DIAG worker[0] sustained: cpu0(pinned) placement=[0, 2] batches=569687 spans=72905933 eval_ms=4942.3 idle_iters=65681 res_waits=0 fw=0 fw_ms=0.0
DIAG worker[1] sustained: cpu2(pinned) placement=[0, 2] batches=685135 spans=87677773 eval_ms=4931.4 idle_iters=74177 res_waits=1133 fw=0 fw_ms=0.0
DIAG rx sustained: publications=365480 polls=1445308 prod_ms=1442.4 bufwait_laps=133291 resets=16612 eos_parks=0 nbuf=16 rx_actual_cpu=3
ADVANCE_DIAGNOSTIC sustained: advances=16612 advance_ms=118.9 us_per_advance=7.2 (F-5 reset/auto-advance hygiene — the synchronous bake tail the per-publication prepatch budget drains; HFT_PREPATCH_BUDGET prices it)
RXWARM_DIAGNOSTIC sustained: enabled=false fixes=0 uncovered=0 last_pass_fixes=0 (F-1 frame-entry warm start; the steady-state law is fixes==0 on pass>=2 — the kill rule reads persistent fixes)
RXBUILD_DIAGNOSTIC sustained: enabled=true patches=365376708 last_pass_patches=21996 frames=21996 (F-2 publish-by-reference master; the steady-state law is every patchable entry patched exactly once per pass boundary)
DIAG cons sustained: parks=19 park_ms=2.9 slow_waits=19 slow_ms=3.1
BENCH mode=replay-hydra-sustained-5s total_msgs=8402151890 duration=5.00s sustained_rate=1680370531 msg/s allocs=0 workers=2 crc_kernel=reflect
PR1_HYDRA_SUSTAINED_VERDICT rate=1680370531 (duration=5.00s, total_msgs=8402151890, workers=2)
PR1_GIGAHFT_VERDICT rate=1680370531 target=1000000000 -> PASS (Project 1.0B: bit-exact, zero-alloc, every byte verified in-window, cross-pass double-buffered fabric)
PR1_R8_FULL_VERIFY_VERDICT rate=1680370531 target=1000000000 -> PASS (R8: 1B msg/s sustained full verification — bit-exact, zero-alloc, every byte CRC32C-verified in-window)
PR1_R16_FULL_VERIFY_VERDICT rate=1680370531 target=2000000000 -> FAIL (R16: 2B msg/s sustained full verification — the Double Helix program, docs/29)
R16B_RXDESC_VERDICT rx_fixes=0 assist_chunks=383370 (array-driven submission telemetry; fixes=0 means every RX prefill entry was already exact)
R23B_AFFINE_VERDICT arm=sustained armed=false tag_hits=0 payload_fallbacks=0 ledger_rows=0 (R23c: zero-re-read affine verification on the worker fabric)
PR1_R23_AFFINE_SUSTAINED_VERDICT rate=1680370531 target=2500000000 -> FAIL (R23: 2.5B+ sustained full verification from register tags — the affine-span algebra program, docs/36)
=== 11oa. R21: Octo-Stream Fold (ofold) ARMED Soak (attribution) ===
[1m[92m    Finished[0m `release` profile [optimized] target(s) in 0.01s
[1m[92m     Running[0m `target/release/bench --hydra-only`
BENCH_CALIBRATION invariant_tsc=true freq_mhz=2596.12 mark_overhead_cycles=52
=== R6. PR-1 HYDRA BIT-EXACT MULTI-CORE SPAN CONFORMANCE ===
BLOB_BACKING mode=mmap anon_huge_kb=16384 map_mb=16.5 verdict=thp-granted
HYDRA_BITPARITY sequential=(count=505849 hash=0x881639cead506f25 msg_hash=0xcbf29ce484222325) hydra=(count=505849 hash=0x881639cead506f25 msg_hash=0xcbf29ce484222325) -> BIT-EXACT
BENCH mode=replay-hydra-burst msgs=505849 rate=1219180591 allocs=0 freq=2596.12MHz workers=2 run=1
BENCH mode=replay-hydra-burst msgs=505849 rate=1212974064 allocs=0 freq=2596.12MHz workers=2 run=2
BENCH mode=replay-hydra-burst msgs=505849 rate=1484699508 allocs=0 freq=2596.12MHz workers=2 run=3
BENCH mode=replay-hydra-burst msgs=505849 rate=1501735229 allocs=0 freq=2596.12MHz workers=2 run=4
BENCH mode=replay-hydra-burst msgs=505849 rate=1540442598 allocs=0 freq=2596.12MHz workers=2 run=5
BENCH_MEDIAN mode=replay-hydra-burst rate=1484699508
R23B_AFFINE_VERDICT arm=burst armed=false tag_hits=0 payload_fallbacks=0 ledger_rows=0 (R23c: workers verify spans from register tags, zero payload reads; the (prefix,cum) triple checked per-span by the scalar affine law)
PR1_HYDRA_VERDICT rate=1484699508 (bit-exact multi-core span conformance: 2 workers, every emitted byte CRC32C-checked in-window, ordered serial fold)
PR1_GIGAHFT_BURST_VERDICT rate=1484699508 target=1000000000 -> PASS (R7 burst reference; the sustained arm below is the gate)
DIAG sustained: passes=16313 reset_ms=527.3 scan_ms=4467.7 end_ms=0.9 pending_max=11232 batches=358886 wait_ms=34.4 work_ms=4069.3 fold_ms=280.5 assist_chunks=364894 bytes_per_msg=27.65 crc_demand_gb_s=45.64
DIAG worker[0] sustained: cpu0(pinned) placement=[0, 2] batches=555555 spans=71098496 eval_ms=4960.9 idle_iters=38902 res_waits=20 fw=0 fw_ms=0.0
DIAG worker[1] sustained: cpu2(pinned) placement=[0, 2] batches=682687 spans=87370382 eval_ms=4949.9 idle_iters=39725 res_waits=533 fw=0 fw_ms=0.0
DIAG rx sustained: publications=358946 polls=1419469 prod_ms=1433.0 bufwait_laps=130762 resets=16315 eos_parks=0 nbuf=16 rx_actual_cpu=3
ADVANCE_DIAGNOSTIC sustained: advances=16315 advance_ms=127.3 us_per_advance=7.8 (F-5 reset/auto-advance hygiene — the synchronous bake tail the per-publication prepatch budget drains; HFT_PREPATCH_BUDGET prices it)
RXWARM_DIAGNOSTIC sustained: enabled=false fixes=0 uncovered=0 last_pass_fixes=0 (F-1 frame-entry warm start; the steady-state law is fixes==0 on pass>=2 — the kill rule reads persistent fixes)
RXBUILD_DIAGNOSTIC sustained: enabled=true patches=358843896 last_pass_patches=21996 frames=21996 (F-2 publish-by-reference master; the steady-state law is every patchable entry patched exactly once per pass boundary)
DIAG cons sustained: parks=19 park_ms=2.8 slow_waits=19 slow_ms=3.1
BENCH mode=replay-hydra-sustained-5s total_msgs=8251914737 duration=5.00s sustained_rate=1650294359 msg/s allocs=0 workers=2 crc_kernel=reflect
PR1_HYDRA_SUSTAINED_VERDICT rate=1650294359 (duration=5.00s, total_msgs=8251914737, workers=2)
PR1_GIGAHFT_VERDICT rate=1650294359 target=1000000000 -> PASS (Project 1.0B: bit-exact, zero-alloc, every byte verified in-window, cross-pass double-buffered fabric)
PR1_R8_FULL_VERIFY_VERDICT rate=1650294359 target=1000000000 -> PASS (R8: 1B msg/s sustained full verification — bit-exact, zero-alloc, every byte CRC32C-verified in-window)
PR1_R16_FULL_VERIFY_VERDICT rate=1650294359 target=2000000000 -> FAIL (R16: 2B msg/s sustained full verification — the Double Helix program, docs/29)
R16B_RXDESC_VERDICT rx_fixes=0 assist_chunks=364894 (array-driven submission telemetry; fixes=0 means every RX prefill entry was already exact)
R23B_AFFINE_VERDICT arm=sustained armed=false tag_hits=0 payload_fallbacks=0 ledger_rows=0 (R23c: zero-re-read affine verification on the worker fabric)
PR1_R23_AFFINE_SUSTAINED_VERDICT rate=1650294359 target=2500000000 -> FAIL (R23: 2.5B+ sustained full verification from register tags — the affine-span algebra program, docs/36)
=== 11fb. R21: Fused In-Register Verification ARMED (the Task 2 shape) ===
[1m[92m    Finished[0m `release` profile [optimized] target(s) in 0.01s
[1m[92m     Running[0m `target/release/bench --hydra-only`
BENCH_CALIBRATION invariant_tsc=true freq_mhz=2596.12 mark_overhead_cycles=52
=== R6. PR-1 HYDRA BIT-EXACT MULTI-CORE SPAN CONFORMANCE ===
BLOB_BACKING mode=mmap anon_huge_kb=14336 map_mb=16.5 verdict=thp-granted
HYDRA_FUSED_DIAGNOSTIC force_inline=true kernel=reflect assist_slots=64 (R21 Task 2: submit-side fused verification — every span CRC evaluates on the submitting core at the framing point; the workers never re-read the payload, the 2nd memory pass is eliminated)
HYDRA_BITPARITY sequential=(count=505849 hash=0x881639cead506f25 msg_hash=0xcbf29ce484222325) hydra=(count=505849 hash=0x881639cead506f25 msg_hash=0xcbf29ce484222325) -> BIT-EXACT
BENCH mode=replay-hydra-burst msgs=505849 rate=625566857 allocs=0 freq=2596.12MHz workers=2 run=1
BENCH mode=replay-hydra-burst msgs=505849 rate=659066035 allocs=0 freq=2596.12MHz workers=2 run=2
BENCH mode=replay-hydra-burst msgs=505849 rate=676354617 allocs=0 freq=2596.12MHz workers=2 run=3
BENCH mode=replay-hydra-burst msgs=505849 rate=634294212 allocs=0 freq=2596.12MHz workers=2 run=4
BENCH mode=replay-hydra-burst msgs=505849 rate=635387318 allocs=0 freq=2596.12MHz workers=2 run=5
BENCH_MEDIAN mode=replay-hydra-burst rate=635387318
R23B_AFFINE_VERDICT arm=burst armed=false tag_hits=0 payload_fallbacks=0 ledger_rows=0 (R23c: workers verify spans from register tags, zero payload reads; the (prefix,cum) triple checked per-span by the scalar affine law)
PR1_HYDRA_VERDICT rate=635387318 (bit-exact multi-core span conformance: 2 workers, every emitted byte CRC32C-checked in-window, ordered serial fold)
PR1_GIGAHFT_BURST_VERDICT rate=635387318 target=1000000000 -> FAIL (R7 burst reference; the sustained arm below is the gate)
DIAG sustained: passes=6261 reset_ms=158.9 scan_ms=4838.9 end_ms=0.4 pending_max=48 batches=137742 wait_ms=11.4 work_ms=4712.2 fold_ms=90.7 assist_chunks=1080022 bytes_per_msg=27.65 crc_demand_gb_s=17.52
DIAG worker[0] sustained: cpu0(pinned) placement=[0, 2] batches=0 spans=0 eval_ms=0.0 idle_iters=7777306 res_waits=0 fw=0 fw_ms=0.0
DIAG worker[1] sustained: cpu2(pinned) placement=[0, 2] batches=0 spans=0 eval_ms=0.0 idle_iters=8713062 res_waits=0 fw=0 fw_ms=0.0
DIAG rx sustained: publications=137802 polls=544945 prod_ms=537.5 bufwait_laps=159913 resets=6263 eos_parks=0 nbuf=16 rx_actual_cpu=3
ADVANCE_DIAGNOSTIC sustained: advances=6263 advance_ms=29.7 us_per_advance=4.7 (F-5 reset/auto-advance hygiene — the synchronous bake tail the per-publication prepatch budget drains; HFT_PREPATCH_BUDGET prices it)
RXWARM_DIAGNOSTIC sustained: enabled=false fixes=0 uncovered=0 last_pass_fixes=0 (F-1 frame-entry warm start; the steady-state law is fixes==0 on pass>=2 — the kill rule reads persistent fixes)
RXBUILD_DIAGNOSTIC sustained: enabled=true patches=137739784 last_pass_patches=21996 frames=21996 (F-2 publish-by-reference master; the steady-state law is every patchable entry patched exactly once per pass boundary)
DIAG cons sustained: parks=2 park_ms=0.3 slow_waits=2 slow_ms=0.4
BENCH mode=replay-hydra-sustained-5s total_msgs=3167120589 duration=5.00s sustained_rate=633417606 msg/s allocs=0 workers=2 crc_kernel=reflect
PR1_HYDRA_SUSTAINED_VERDICT rate=633417606 (duration=5.00s, total_msgs=3167120589, workers=2)
PR1_GIGAHFT_VERDICT rate=633417606 target=1000000000 -> FAIL (Project 1.0B: bit-exact, zero-alloc, every byte verified in-window, cross-pass double-buffered fabric)
PR1_R8_FULL_VERIFY_VERDICT rate=633417606 target=1000000000 -> FAIL (R8: 1B msg/s sustained full verification — bit-exact, zero-alloc, every byte CRC32C-verified in-window)
PR1_R16_FULL_VERIFY_VERDICT rate=633417606 target=2000000000 -> FAIL (R16: 2B msg/s sustained full verification — the Double Helix program, docs/29)
R16B_RXDESC_VERDICT rx_fixes=0 assist_chunks=1080022 (array-driven submission telemetry; fixes=0 means every RX prefill entry was already exact)
R23B_AFFINE_VERDICT arm=sustained armed=false tag_hits=0 payload_fallbacks=0 ledger_rows=0 (R23c: zero-re-read affine verification on the worker fabric)
PR1_R23_AFFINE_SUSTAINED_VERDICT rate=633417606 target=2500000000 -> FAIL (R23: 2.5B+ sustained full verification from register tags — the affine-span algebra program, docs/36)
=== 11w. R16b/R17: Array-Driven Submission (rxdesc) ARMED (attribution) ===
[1m[92m    Finished[0m `release` profile [optimized] target(s) in 0.01s
[1m[92m     Running[0m `target/release/bench --hydra-only`
BENCH_CALIBRATION invariant_tsc=true freq_mhz=2596.12 mark_overhead_cycles=52
=== R6. PR-1 HYDRA BIT-EXACT MULTI-CORE SPAN CONFORMANCE ===
BLOB_BACKING mode=mmap anon_huge_kb=16384 map_mb=16.5 verdict=thp-granted
HYDRA_BITPARITY sequential=(count=505849 hash=0x881639cead506f25 msg_hash=0xcbf29ce484222325) hydra=(count=505849 hash=0x881639cead506f25 msg_hash=0xcbf29ce484222325) -> BIT-EXACT
BENCH mode=replay-hydra-burst msgs=505849 rate=1126489536 allocs=0 freq=2596.12MHz workers=2 run=1
BENCH mode=replay-hydra-burst msgs=505849 rate=1088238141 allocs=0 freq=2596.12MHz workers=2 run=2
BENCH mode=replay-hydra-burst msgs=505849 rate=1204499888 allocs=0 freq=2596.12MHz workers=2 run=3
BENCH mode=replay-hydra-burst msgs=505849 rate=1190193734 allocs=0 freq=2596.12MHz workers=2 run=4
BENCH mode=replay-hydra-burst msgs=505849 rate=1238675348 allocs=0 freq=2596.12MHz workers=2 run=5
BENCH_MEDIAN mode=replay-hydra-burst rate=1190193734
R23B_AFFINE_VERDICT arm=burst armed=false tag_hits=0 payload_fallbacks=0 ledger_rows=0 (R23c: workers verify spans from register tags, zero payload reads; the (prefix,cum) triple checked per-span by the scalar affine law)
PR1_HYDRA_VERDICT rate=1190193734 (bit-exact multi-core span conformance: 2 workers, every emitted byte CRC32C-checked in-window, ordered serial fold)
PR1_GIGAHFT_BURST_VERDICT rate=1190193734 target=1000000000 -> PASS (R7 burst reference; the sustained arm below is the gate)
DIAG sustained: passes=11803 reset_ms=386.9 scan_ms=4609.2 end_ms=0.9 pending_max=4816 batches=259666 wait_ms=29.5 work_ms=4315.3 fold_ms=198.4 assist_chunks=388603 bytes_per_msg=27.65 crc_demand_gb_s=33.02
DIAG worker[0] sustained: cpu0(pinned) placement=[0, 2] batches=426376 spans=54571392 eval_ms=4894.3 idle_iters=64180 res_waits=0 fw=20588 fw_ms=56.0
DIAG worker[1] sustained: cpu2(pinned) placement=[0, 2] batches=393979 spans=50371888 eval_ms=3485.2 idle_iters=174188 res_waits=0 fw=307188 fw_ms=1324.2
DIAG rx sustained: publications=259726 polls=1027099 prod_ms=997.8 bufwait_laps=133274 resets=11805 eos_parks=0 nbuf=16 rx_actual_cpu=3
ADVANCE_DIAGNOSTIC sustained: advances=11805 advance_ms=71.2 us_per_advance=6.0 (F-5 reset/auto-advance hygiene — the synchronous bake tail the per-publication prepatch budget drains; HFT_PREPATCH_BUDGET prices it)
RXWARM_DIAGNOSTIC sustained: enabled=false fixes=0 uncovered=0 last_pass_fixes=0 (F-1 frame-entry warm start; the steady-state law is fixes==0 on pass>=2 — the kill rule reads persistent fixes)
RXBUILD_DIAGNOSTIC sustained: enabled=true patches=259641744 last_pass_patches=22252 frames=21996 (F-2 publish-by-reference master; the steady-state law is every patchable entry patched exactly once per pass boundary)
DIAG cons sustained: parks=28 park_ms=9.6 slow_waits=28 slow_ms=10.0
BENCH mode=replay-hydra-sustained-5s total_msgs=5970535747 duration=5.00s sustained_rate=1194044617 msg/s allocs=0 workers=2 crc_kernel=reflect
PR1_HYDRA_SUSTAINED_VERDICT rate=1194044617 (duration=5.00s, total_msgs=5970535747, workers=2)
PR1_GIGAHFT_VERDICT rate=1194044617 target=1000000000 -> PASS (Project 1.0B: bit-exact, zero-alloc, every byte verified in-window, cross-pass double-buffered fabric)
PR1_R8_FULL_VERIFY_VERDICT rate=1194044617 target=1000000000 -> PASS (R8: 1B msg/s sustained full verification — bit-exact, zero-alloc, every byte CRC32C-verified in-window)
PR1_R16_FULL_VERIFY_VERDICT rate=1194044617 target=2000000000 -> FAIL (R16: 2B msg/s sustained full verification — the Double Helix program, docs/29)
R16B_RXDESC_VERDICT rx_fixes=2112 assist_chunks=388603 (array-driven submission telemetry; fixes=0 means every RX prefill entry was already exact)
R23B_AFFINE_VERDICT arm=sustained armed=false tag_hits=0 payload_fallbacks=0 ledger_rows=0 (R23c: zero-re-read affine verification on the worker fabric)
PR1_R23_AFFINE_SUSTAINED_VERDICT rate=1194044617 target=2500000000 -> FAIL (R23: 2.5B+ sustained full verification from register tags — the affine-span algebra program, docs/36)
=== 11ab. R23c: Affine-Tag Zero-Re-Read Verification ARMED (the affine ship) ===
[1m[92m    Finished[0m `release` profile [optimized] target(s) in 0.01s
[1m[92m     Running[0m `target/release/bench --hydra-only`
BENCH_CALIBRATION invariant_tsc=true freq_mhz=2596.12 mark_overhead_cycles=52
=== R6. PR-1 HYDRA BIT-EXACT MULTI-CORE SPAN CONFORMANCE ===
BLOB_BACKING mode=mmap anon_huge_kb=16384 map_mb=16.5 verdict=thp-granted
HYDRA_BITPARITY sequential=(count=505849 hash=0x881639cead506f25 msg_hash=0xcbf29ce484222325) hydra=(count=505849 hash=0x881639cead506f25 msg_hash=0xcbf29ce484222325) -> BIT-EXACT
BENCH mode=replay-hydra-burst msgs=505849 rate=1185835583 allocs=0 freq=2596.12MHz workers=2 run=1
BENCH mode=replay-hydra-burst msgs=505849 rate=1156538220 allocs=0 freq=2596.12MHz workers=2 run=2
BENCH mode=replay-hydra-burst msgs=505849 rate=1207723620 allocs=0 freq=2596.12MHz workers=2 run=3
BENCH mode=replay-hydra-burst msgs=505849 rate=1140915846 allocs=0 freq=2596.12MHz workers=2 run=4
BENCH mode=replay-hydra-burst msgs=505849 rate=1099275044 allocs=0 freq=2596.12MHz workers=2 run=5
BENCH_MEDIAN mode=replay-hydra-burst rate=1156538220
R23B_AFFINE_VERDICT arm=burst armed=true tag_hits=65952 payload_fallbacks=0 ledger_rows=21984 (R23c: workers verify spans from register tags, zero payload reads; the (prefix,cum) triple checked per-span by the scalar affine law)
PR1_HYDRA_VERDICT rate=1156538220 (bit-exact multi-core span conformance: 2 workers, every emitted byte CRC32C-checked in-window, ordered serial fold)
PR1_GIGAHFT_BURST_VERDICT rate=1156538220 target=1000000000 -> PASS (R7 burst reference; the sustained arm below is the gate)
DIAG sustained: passes=17885 reset_ms=766.8 scan_ms=4229.6 end_ms=0.8 pending_max=2624 batches=393470 wait_ms=35.0 work_ms=3832.3 fold_ms=286.9 assist_chunks=224 bytes_per_msg=27.65 crc_demand_gb_s=50.04
DIAG worker[0] sustained: cpu0(pinned) placement=[0, 2] batches=769039 spans=98294576 eval_ms=1623.6 idle_iters=3193003 res_waits=0 fw=2255414 fw_ms=2153.1
DIAG worker[1] sustained: cpu2(pinned) placement=[0, 2] batches=769031 spans=98294064 eval_ms=1371.1 idle_iters=3273957 res_waits=0 fw=2312623 fw_ms=2376.7
DIAG rx sustained: publications=393530 polls=1556233 prod_ms=1390.7 bufwait_laps=213388 resets=17887 eos_parks=0 nbuf=16 rx_actual_cpu=3
ADVANCE_DIAGNOSTIC sustained: advances=17887 advance_ms=98.2 us_per_advance=5.5 (F-5 reset/auto-advance hygiene — the synchronous bake tail the per-publication prepatch budget drains; HFT_PREPATCH_BUDGET prices it)
RXWARM_DIAGNOSTIC sustained: enabled=false fixes=0 uncovered=0 last_pass_fixes=0 (F-1 frame-entry warm start; the steady-state law is fixes==0 on pass>=2 — the kill rule reads persistent fixes)
RXBUILD_DIAGNOSTIC sustained: enabled=true patches=393421288 last_pass_patches=21996 frames=21996 (F-2 publish-by-reference master; the steady-state law is every patchable entry patched exactly once per pass boundary)
DIAG cons sustained: parks=40 park_ms=2.6 slow_waits=40 slow_ms=3.2
BENCH mode=replay-hydra-sustained-5s total_msgs=9047109365 duration=5.00s sustained_rate=1809401240 msg/s allocs=0 workers=2 crc_kernel=reflect
PR1_HYDRA_SUSTAINED_VERDICT rate=1809401240 (duration=5.00s, total_msgs=9047109365, workers=2)
PR1_GIGAHFT_VERDICT rate=1809401240 target=1000000000 -> PASS (Project 1.0B: bit-exact, zero-alloc, every byte verified in-window, cross-pass double-buffered fabric)
PR1_R8_FULL_VERIFY_VERDICT rate=1809401240 target=1000000000 -> PASS (R8: 1B msg/s sustained full verification — bit-exact, zero-alloc, every byte CRC32C-verified in-window)
PR1_R16_FULL_VERIFY_VERDICT rate=1809401240 target=2000000000 -> FAIL (R16: 2B msg/s sustained full verification — the Double Helix program, docs/29)
R16B_RXDESC_VERDICT rx_fixes=0 assist_chunks=224 (array-driven submission telemetry; fixes=0 means every RX prefill entry was already exact)
R23B_AFFINE_VERDICT arm=sustained armed=true tag_hits=196588640 payload_fallbacks=0 ledger_rows=21984 (R23c: zero-re-read affine verification on the worker fabric)
PR1_R23_AFFINE_SUSTAINED_VERDICT rate=1809401240 target=2500000000 -> FAIL (R23: 2.5B+ sustained full verification from register tags — the affine-span algebra program, docs/36)
R23B_AFFINE_VERDICT arm=sustained armed=true tag_hits=196588640 payload_fallbacks=0 ledger_rows=21984 (R23c: zero-re-read affine verification on the worker fabric)
PR1_R23_AFFINE_SUSTAINED_VERDICT rate=1809401240 target=2500000000 -> FAIL (R23: 2.5B+ sustained full verification from register tags — the affine-span algebra program, docs/36)
=== 11z. R17: Null-Mode Instrument (the non-CRC fabric ceiling) ===
[1m[92m    Finished[0m `release` profile [optimized] target(s) in 0.01s
[1m[92m     Running[0m `target/release/bench --hydra-only`
BENCH_CALIBRATION invariant_tsc=true freq_mhz=2596.12 mark_overhead_cycles=52
=== R6. PR-1 HYDRA BIT-EXACT MULTI-CORE SPAN CONFORMANCE ===
BLOB_BACKING mode=mmap anon_huge_kb=16384 map_mb=16.5 verdict=thp-granted
HYDRA_NULL_MODE_DIAGNOSTIC workers skip the CRC kernel — parity asserts DISABLED, rate is the pipeline-overhead ceiling only
BENCH mode=replay-hydra-burst msgs=505849 rate=3531380022 allocs=0 freq=2596.12MHz workers=2 run=1
BENCH mode=replay-hydra-burst msgs=505849 rate=3576421097 allocs=0 freq=2596.12MHz workers=2 run=2
BENCH mode=replay-hydra-burst msgs=505849 rate=3543774475 allocs=0 freq=2596.12MHz workers=2 run=3
BENCH mode=replay-hydra-burst msgs=505849 rate=3169916905 allocs=0 freq=2596.12MHz workers=2 run=4
BENCH mode=replay-hydra-burst msgs=505849 rate=3579685940 allocs=0 freq=2596.12MHz workers=2 run=5
BENCH_MEDIAN mode=replay-hydra-burst rate=3543774475
R23B_AFFINE_VERDICT arm=burst armed=false tag_hits=0 payload_fallbacks=0 ledger_rows=0 (R23c: workers verify spans from register tags, zero payload reads; the (prefix,cum) triple checked per-span by the scalar affine law)
PR1_HYDRA_VERDICT rate=3543774475 (bit-exact multi-core span conformance: 2 workers, every emitted byte CRC32C-checked in-window, ordered serial fold)
PR1_GIGAHFT_BURST_VERDICT rate=3543774475 target=1000000000 -> PASS (R7 burst reference; the sustained arm below is the gate)
DIAG sustained: passes=28221 reset_ms=880.5 scan_ms=4114.8 end_ms=1.3 pending_max=5840 batches=620862 wait_ms=60.8 work_ms=3510.0 fold_ms=438.9 assist_chunks=173 bytes_per_msg=27.65 crc_demand_gb_s=78.95
DIAG worker[0] sustained: cpu0(pinned) placement=[0, 2] batches=2433534 spans=157531630 eval_ms=531.2 idle_iters=15262066 res_waits=0 fw=0 fw_ms=0.0
DIAG worker[1] sustained: cpu2(pinned) placement=[0, 2] batches=2433498 spans=157541643 eval_ms=578.1 idle_iters=15187254 res_waits=1174 fw=0 fw_ms=0.0
DIAG rx sustained: publications=620922 polls=2455465 prod_ms=2118.4 bufwait_laps=197735 resets=28223 eos_parks=0 nbuf=16 rx_actual_cpu=3
ADVANCE_DIAGNOSTIC sustained: advances=28223 advance_ms=300.7 us_per_advance=10.7 (F-5 reset/auto-advance hygiene — the synchronous bake tail the per-publication prepatch budget drains; HFT_PREPATCH_BUDGET prices it)
RXWARM_DIAGNOSTIC sustained: enabled=false fixes=0 uncovered=0 last_pass_fixes=0 (F-1 frame-entry warm start; the steady-state law is fixes==0 on pass>=2 — the kill rule reads persistent fixes)
RXBUILD_DIAGNOSTIC sustained: enabled=true patches=620772264 last_pass_patches=21996 frames=21996 (F-2 publish-by-reference master; the steady-state law is every patchable entry patched exactly once per pass boundary)
DIAG cons sustained: parks=69 park_ms=8.8 slow_waits=69 slow_ms=9.7
BENCH mode=replay-hydra-sustained-5s total_msgs=14275564629 duration=5.00s sustained_rate=2855066296 msg/s allocs=0 workers=2 crc_kernel=reflect
PR1_HYDRA_SUSTAINED_VERDICT rate=2855066296 (duration=5.00s, total_msgs=14275564629, workers=2)
PR1_GIGAHFT_VERDICT rate=2855066296 target=1000000000 -> PASS (Project 1.0B: bit-exact, zero-alloc, every byte verified in-window, cross-pass double-buffered fabric)
PR1_R8_FULL_VERIFY_VERDICT rate=2855066296 target=1000000000 -> PASS (R8: 1B msg/s sustained full verification — bit-exact, zero-alloc, every byte CRC32C-verified in-window)
PR1_R16_FULL_VERIFY_VERDICT rate=2855066296 target=2000000000 -> PASS (R16: 2B msg/s sustained full verification — the Double Helix program, docs/29)
R16B_RXDESC_VERDICT rx_fixes=0 assist_chunks=173 (array-driven submission telemetry; fixes=0 means every RX prefill entry was already exact)
R23B_AFFINE_VERDICT arm=sustained armed=false tag_hits=0 payload_fallbacks=0 ledger_rows=0 (R23c: zero-re-read affine verification on the worker fabric)
PR1_R23_AFFINE_SUSTAINED_VERDICT rate=2855066296 target=2500000000 -> PASS (R23: 2.5B+ sustained full verification from register tags — the affine-span algebra program, docs/36)
=== 11wn. R17/F-1: RX Frame-Entry Warm Start ARMED (the refuted lever's pricing instrument) ===
[1m[92m    Finished[0m `release` profile [optimized] target(s) in 0.01s
[1m[92m     Running[0m `target/release/bench --hydra-only`
BENCH_CALIBRATION invariant_tsc=true freq_mhz=2596.12 mark_overhead_cycles=52
=== R6. PR-1 HYDRA BIT-EXACT MULTI-CORE SPAN CONFORMANCE ===
BLOB_BACKING mode=mmap anon_huge_kb=16384 map_mb=16.5 verdict=thp-granted
HYDRA_BITPARITY sequential=(count=505849 hash=0x881639cead506f25 msg_hash=0xcbf29ce484222325) hydra=(count=505849 hash=0x881639cead506f25 msg_hash=0xcbf29ce484222325) -> BIT-EXACT
BENCH mode=replay-hydra-burst msgs=505849 rate=889345415 allocs=0 freq=2596.12MHz workers=2 run=1
BENCH mode=replay-hydra-burst msgs=505849 rate=1096434872 allocs=0 freq=2596.12MHz workers=2 run=2
BENCH mode=replay-hydra-burst msgs=505849 rate=1047198012 allocs=0 freq=2596.12MHz workers=2 run=3
BENCH mode=replay-hydra-burst msgs=505849 rate=1140064728 allocs=0 freq=2596.12MHz workers=2 run=4
BENCH mode=replay-hydra-burst msgs=505849 rate=1110903944 allocs=0 freq=2596.12MHz workers=2 run=5
BENCH_MEDIAN mode=replay-hydra-burst rate=1096434872
R23B_AFFINE_VERDICT arm=burst armed=false tag_hits=0 payload_fallbacks=0 ledger_rows=0 (R23c: workers verify spans from register tags, zero payload reads; the (prefix,cum) triple checked per-span by the scalar affine law)
PR1_HYDRA_VERDICT rate=1096434872 (bit-exact multi-core span conformance: 2 workers, every emitted byte CRC32C-checked in-window, ordered serial fold)
PR1_GIGAHFT_BURST_VERDICT rate=1096434872 target=1000000000 -> PASS (R7 burst reference; the sustained arm below is the gate)
DIAG sustained: passes=15661 reset_ms=654.8 scan_ms=4341.9 end_ms=0.8 pending_max=6689 batches=344542 wait_ms=428.0 work_ms=3585.2 fold_ms=260.5 assist_chunks=312396 bytes_per_msg=27.65 crc_demand_gb_s=43.81
DIAG worker[0] sustained: cpu0(pinned) placement=[0, 2] batches=606997 spans=77676772 eval_ms=4963.4 idle_iters=35203 res_waits=0 fw=0 fw_ms=0.0
DIAG worker[1] sustained: cpu2(pinned) placement=[0, 2] batches=601086 spans=76925856 eval_ms=4957.6 idle_iters=31957 res_waits=0 fw=0 fw_ms=0.0
DIAG rx sustained: publications=344602 polls=1362745 prod_ms=3421.7 bufwait_laps=109491 resets=15663 eos_parks=0 nbuf=16 rx_actual_cpu=3
ADVANCE_DIAGNOSTIC sustained: advances=15663 advance_ms=333.3 us_per_advance=21.3 (F-5 reset/auto-advance hygiene — the synchronous bake tail the per-publication prepatch budget drains; HFT_PREPATCH_BUDGET prices it)
RXWARM_DIAGNOSTIC sustained: enabled=true fixes=21996 uncovered=0 last_pass_fixes=0 (F-1 frame-entry warm start; the steady-state law is fixes==0 on pass>=2 — the kill rule reads persistent fixes)
RXBUILD_DIAGNOSTIC sustained: enabled=false patches=0 last_pass_patches=0 frames=0 (F-2 publish-by-reference master; the steady-state law is every patchable entry patched exactly once per pass boundary)
DIAG cons sustained: parks=87 park_ms=6.3 slow_waits=87 slow_ms=7.8
BENCH mode=replay-hydra-sustained-5s total_msgs=7922101189 duration=5.00s sustained_rate=1584320492 msg/s allocs=0 workers=2 crc_kernel=reflect
PR1_HYDRA_SUSTAINED_VERDICT rate=1584320492 (duration=5.00s, total_msgs=7922101189, workers=2)
PR1_GIGAHFT_VERDICT rate=1584320492 target=1000000000 -> PASS (Project 1.0B: bit-exact, zero-alloc, every byte verified in-window, cross-pass double-buffered fabric)
PR1_R8_FULL_VERIFY_VERDICT rate=1584320492 target=1000000000 -> PASS (R8: 1B msg/s sustained full verification — bit-exact, zero-alloc, every byte CRC32C-verified in-window)
PR1_R16_FULL_VERIFY_VERDICT rate=1584320492 target=2000000000 -> FAIL (R16: 2B msg/s sustained full verification — the Double Helix program, docs/29)
R16B_RXDESC_VERDICT rx_fixes=0 assist_chunks=312396 (array-driven submission telemetry; fixes=0 means every RX prefill entry was already exact)
R23B_AFFINE_VERDICT arm=sustained armed=false tag_hits=0 payload_fallbacks=0 ledger_rows=0 (R23c: zero-re-read affine verification on the worker fabric)
PR1_R23_AFFINE_SUSTAINED_VERDICT rate=1584320492 target=2500000000 -> FAIL (R23: 2.5B+ sustained full verification from register tags — the affine-span algebra program, docs/36)
[1m[92m    Finished[0m `release` profile [optimized] target(s) in 0.01s
[1m[92m     Running[0m `target/release/hft_bench --sample data/tests/sample-mini.itch --runs 5 --warmup 2 --output-format json`
HFT_BENCH_CALIBRATION invariant_tsc=true freq_mhz=2596.12 mark_overhead_cycles=52 target_env=gnu
TOPOLOGY_VERIFICATION main=Some(0) rx=Some(2) -> VERIFIED (distinct physical cores, same L3 domain — the deterministic 0.21 cyc/msg mode)
BLOB_BACKING mode=mmap anon_huge_kb=14336 map_mb=16.5 verdict=thp-granted
HFT_BENCH_WARMUP 1/2 arm=classic rate=432529608
HFT_BENCH_WARMUP 2/2 arm=classic rate=264953938
HFT_BENCH_RUN 1/5 arm=classic rate=336230028 cyc=7.72
HFT_BENCH_RUN 2/5 arm=classic rate=336198743 cyc=7.72
HFT_BENCH_RUN 3/5 arm=classic rate=437220659 cyc=5.94
HFT_BENCH_RUN 4/5 arm=classic rate=498263437 cyc=5.21
HFT_BENCH_RUN 5/5 arm=classic rate=367959759 cyc=7.06
HFT_BENCH_WARMUP 1/2 arm=span rate=820665196
HFT_BENCH_WARMUP 2/2 arm=span rate=2104652420
HFT_BENCH_RUN 1/5 arm=span rate=3827926475 cyc=0.68
HFT_BENCH_RUN 2/5 arm=span rate=4256304324 cyc=0.61
HFT_BENCH_RUN 3/5 arm=span rate=1247611319 cyc=2.08
HFT_BENCH_RUN 4/5 arm=span rate=3957820201 cyc=0.66
HFT_BENCH_RUN 5/5 arm=span rate=2491474250 cyc=1.04
DIAG rx span: publications=170 polls=673 prod_ms=1.9 bufwait_laps=86 resets=7 eos_parks=7 nbuf=16 rx_actual_cpu=2
ADVANCE_DIAGNOSTIC span: advances=0 advance_ms=0.0 us_per_advance=0.0 (F-5 reset/auto-advance hygiene — the synchronous bake tail the per-publication prepatch budget drains; HFT_PREPATCH_BUDGET prices it)
RXWARM_DIAGNOSTIC span: enabled=true fixes=21996 uncovered=0 last_pass_fixes=0 (F-1 frame-entry warm start; the steady-state law is fixes==0 on pass>=2 — the kill rule reads persistent fixes)
RXBUILD_DIAGNOSTIC span: enabled=false patches=0 last_pass_patches=0 frames=0 (F-2 publish-by-reference master; the steady-state law is every patchable entry patched exactly once per pass boundary)
DIAG cons span: parks=4 park_ms=0.4 slow_waits=4 slow_ms=0.5
LADDER_DIAGNOSTIC span: vectorized=false (F-3 entry walk; HFT_VEC_LADDER=1 arms the 8-entry group path — the Front A consumer IS the post-F-2 wall)
HFT_BENCH_WARMUP 1/2 arm=spec rate=147980674
HFT_BENCH_WARMUP 2/2 arm=spec rate=156136884
HFT_BENCH_RUN 1/5 arm=spec rate=172526944
HFT_BENCH_RUN 2/5 arm=spec rate=218634045
HFT_BENCH_RUN 3/5 arm=spec rate=482245954
HFT_BENCH_RUN 4/5 arm=spec rate=487096749
HFT_BENCH_RUN 5/5 arm=spec rate=478404828
PR1_R23_PURE_INGEST_VERDICT rate=478404828 target=15000000000 -> FAIL (R23: 15B msg/s pure ingest with the speculative 512-bit slicer — the 20B mode's pricing row; the R8/R16 span-arm gates above stay the asserting floor)
DIAG rx spec: publications=91 polls=609 prod_ms=1.6 bufwait_laps=0 resets=7 eos_parks=7 nbuf=16 rx_actual_cpu=2
ADVANCE_DIAGNOSTIC spec: advances=0 advance_ms=0.0 us_per_advance=0.0 (F-5 reset/auto-advance hygiene — the synchronous bake tail the per-publication prepatch budget drains; HFT_PREPATCH_BUDGET prices it)
RXWARM_DIAGNOSTIC spec: enabled=true fixes=10998 uncovered=0 last_pass_fixes=0 (F-1 frame-entry warm start; the steady-state law is fixes==0 on pass>=2 — the kill rule reads persistent fixes)
RXBUILD_DIAGNOSTIC spec: enabled=false patches=0 last_pass_patches=0 frames=0 (F-2 publish-by-reference master; the steady-state law is every patchable entry patched exactly once per pass boundary)
DIAG cons spec: parks=1 park_ms=0.1 slow_waits=1 slow_ms=0.1
PR1_R8_PURE_INGEST_VERDICT rate=3827926475 target=2000000000 -> PASS (R8: 2B msg/s pure ingest — full pipeline live, span emission, zero verification skipped)
PR1_R16_PURE_INGEST_VERDICT rate=3827926475 target=5000000000 -> FAIL (R16: 5B msg/s pure ingest — the Double Helix program, docs/29)
{
  "median_cycles": 7.0555,
  "p95_cycles": 7.7220,
  "p99_cycles": 7.7220,
  "stddev": 1.0010,
  "cv_percent": 14.1869,
  "runs": 5,
  "warmup": 2,
  "cpu_model": "AMD EPYC 9V45 96-Core Processor",
  "freq_mhz": 2596.12,
  "target": "x86_64-unknown-linux-gnu",
  "sink": "count+span",
  "sample": "data/tests/sample-mini.itch",
  "span_median_cycles": 0.6782,
  "span_p95_cycles": 2.0809,
  "span_p99_cycles": 2.0809,
  "span_stddev": 0.5556,
  "span_cv_percent": 81.9158,
  "span_rate_msg_per_sec": 3827926475,
  "r8_pure_ingest_target": 2000000000,
  "r8_pure_ingest_verdict": "PASS",
  "r16_pure_ingest_target": 5000000000,
  "r16_pure_ingest_verdict": "FAIL",
  "spec_rate_msg_per_sec": 478404828,
  "r23_pure_ingest_target": 15000000000,
  "r23_pure_ingest_verdict": "FAIL"
}
=== 11rb. R17/F-2: Publish-by-Reference ROLLBACK (the classic-path pricing arm — the default IS rxbuild since the F-2 verdict) ===
[1m[92m    Finished[0m `release` profile [optimized] target(s) in 0.01s
[1m[92m     Running[0m `target/release/bench --hydra-only`
BENCH_CALIBRATION invariant_tsc=true freq_mhz=2596.12 mark_overhead_cycles=52
=== R6. PR-1 HYDRA BIT-EXACT MULTI-CORE SPAN CONFORMANCE ===
BLOB_BACKING mode=mmap anon_huge_kb=14336 map_mb=16.5 verdict=thp-granted
HYDRA_BITPARITY sequential=(count=505849 hash=0x881639cead506f25 msg_hash=0xcbf29ce484222325) hydra=(count=505849 hash=0x881639cead506f25 msg_hash=0xcbf29ce484222325) -> BIT-EXACT
BENCH mode=replay-hydra-burst msgs=505849 rate=1131663370 allocs=0 freq=2596.12MHz workers=2 run=1
BENCH mode=replay-hydra-burst msgs=505849 rate=1231219514 allocs=0 freq=2596.12MHz workers=2 run=2
BENCH mode=replay-hydra-burst msgs=505849 rate=1333160269 allocs=0 freq=2596.12MHz workers=2 run=3
BENCH mode=replay-hydra-burst msgs=505849 rate=1275621546 allocs=0 freq=2596.12MHz workers=2 run=4
BENCH mode=replay-hydra-burst msgs=505849 rate=1381587716 allocs=0 freq=2596.12MHz workers=2 run=5
BENCH_MEDIAN mode=replay-hydra-burst rate=1275621546
R23B_AFFINE_VERDICT arm=burst armed=false tag_hits=0 payload_fallbacks=0 ledger_rows=0 (R23c: workers verify spans from register tags, zero payload reads; the (prefix,cum) triple checked per-span by the scalar affine law)
PR1_HYDRA_VERDICT rate=1275621546 (bit-exact multi-core span conformance: 2 workers, every emitted byte CRC32C-checked in-window, ordered serial fold)
PR1_GIGAHFT_BURST_VERDICT rate=1275621546 target=1000000000 -> PASS (R7 burst reference; the sustained arm below is the gate)
DIAG sustained: passes=15970 reset_ms=414.4 scan_ms=4582.1 end_ms=0.8 pending_max=7788 batches=351340 wait_ms=137.2 work_ms=4102.4 fold_ms=269.4 assist_chunks=399934 bytes_per_msg=27.65 crc_demand_gb_s=44.68
DIAG worker[0] sustained: cpu0(pinned) placement=[0, 2] batches=566654 spans=72515012 eval_ms=4962.1 idle_iters=38492 res_waits=0 fw=0 fw_ms=0.0
DIAG worker[1] sustained: cpu2(pinned) placement=[0, 2] batches=623946 spans=79850179 eval_ms=4953.5 idle_iters=34440 res_waits=0 fw=0 fw_ms=0.0
DIAG rx sustained: publications=351400 polls=1389628 prod_ms=3062.8 bufwait_laps=111796 resets=15972 eos_parks=0 nbuf=16 rx_actual_cpu=3
ADVANCE_DIAGNOSTIC sustained: advances=15972 advance_ms=48.3 us_per_advance=3.0 (F-5 reset/auto-advance hygiene — the synchronous bake tail the per-publication prepatch budget drains; HFT_PREPATCH_BUDGET prices it)
RXWARM_DIAGNOSTIC sustained: enabled=false fixes=0 uncovered=0 last_pass_fixes=0 (F-1 frame-entry warm start; the steady-state law is fixes==0 on pass>=2 — the kill rule reads persistent fixes)
RXBUILD_DIAGNOSTIC sustained: enabled=false patches=0 last_pass_patches=0 frames=0 (F-2 publish-by-reference master; the steady-state law is every patchable entry patched exactly once per pass boundary)
DIAG cons sustained: parks=188 park_ms=12.1 slow_waits=187 slow_ms=14.8
BENCH mode=replay-hydra-sustained-5s total_msgs=8078408530 duration=5.00s sustained_rate=1615610396 msg/s allocs=0 workers=2 crc_kernel=reflect
PR1_HYDRA_SUSTAINED_VERDICT rate=1615610396 (duration=5.00s, total_msgs=8078408530, workers=2)
PR1_GIGAHFT_VERDICT rate=1615610396 target=1000000000 -> PASS (Project 1.0B: bit-exact, zero-alloc, every byte verified in-window, cross-pass double-buffered fabric)
PR1_R8_FULL_VERIFY_VERDICT rate=1615610396 target=1000000000 -> PASS (R8: 1B msg/s sustained full verification — bit-exact, zero-alloc, every byte CRC32C-verified in-window)
PR1_R16_FULL_VERIFY_VERDICT rate=1615610396 target=2000000000 -> FAIL (R16: 2B msg/s sustained full verification — the Double Helix program, docs/29)
R16B_RXDESC_VERDICT rx_fixes=0 assist_chunks=399934 (array-driven submission telemetry; fixes=0 means every RX prefill entry was already exact)
R23B_AFFINE_VERDICT arm=sustained armed=false tag_hits=0 payload_fallbacks=0 ledger_rows=0 (R23c: zero-re-read affine verification on the worker fabric)
PR1_R23_AFFINE_SUSTAINED_VERDICT rate=1615610396 target=2500000000 -> FAIL (R23: 2.5B+ sustained full verification from register tags — the affine-span algebra program, docs/36)
[1m[92m    Finished[0m `release` profile [optimized] target(s) in 0.01s
[1m[92m     Running[0m `target/release/hft_bench --sample data/tests/sample-mini.itch --runs 5 --warmup 2 --output-format json`
HFT_BENCH_CALIBRATION invariant_tsc=true freq_mhz=2596.12 mark_overhead_cycles=52 target_env=gnu
TOPOLOGY_VERIFICATION main=Some(0) rx=Some(2) -> VERIFIED (distinct physical cores, same L3 domain — the deterministic 0.21 cyc/msg mode)
BLOB_BACKING mode=mmap anon_huge_kb=16384 map_mb=16.5 verdict=thp-granted
HFT_BENCH_WARMUP 1/2 arm=classic rate=1051711412
HFT_BENCH_WARMUP 2/2 arm=classic rate=802999925
HFT_BENCH_RUN 1/5 arm=classic rate=974972727 cyc=2.66
HFT_BENCH_RUN 2/5 arm=classic rate=1018419569 cyc=2.55
HFT_BENCH_RUN 3/5 arm=classic rate=1117910695 cyc=2.32
HFT_BENCH_RUN 4/5 arm=classic rate=1078502608 cyc=2.41
HFT_BENCH_RUN 5/5 arm=classic rate=1132831692 cyc=2.29
HFT_BENCH_WARMUP 1/2 arm=span rate=1792068614
HFT_BENCH_WARMUP 2/2 arm=span rate=3688155736
HFT_BENCH_RUN 1/5 arm=span rate=3869269897 cyc=0.67
HFT_BENCH_RUN 2/5 arm=span rate=4287001254 cyc=0.61
HFT_BENCH_RUN 3/5 arm=span rate=3850098183 cyc=0.67
HFT_BENCH_RUN 4/5 arm=span rate=3788024472 cyc=0.69
HFT_BENCH_RUN 5/5 arm=span rate=3381501808 cyc=0.77
DIAG rx span: publications=170 polls=673 prod_ms=1.2 bufwait_laps=35 resets=7 eos_parks=7 nbuf=16 rx_actual_cpu=2
ADVANCE_DIAGNOSTIC span: advances=0 advance_ms=0.0 us_per_advance=0.0 (F-5 reset/auto-advance hygiene — the synchronous bake tail the per-publication prepatch budget drains; HFT_PREPATCH_BUDGET prices it)
RXWARM_DIAGNOSTIC span: enabled=false fixes=0 uncovered=0 last_pass_fixes=0 (F-1 frame-entry warm start; the steady-state law is fixes==0 on pass>=2 — the kill rule reads persistent fixes)
RXBUILD_DIAGNOSTIC span: enabled=false patches=0 last_pass_patches=0 frames=0 (F-2 publish-by-reference master; the steady-state law is every patchable entry patched exactly once per pass boundary)
DIAG cons span: parks=1 park_ms=0.1 slow_waits=1 slow_ms=0.1
LADDER_DIAGNOSTIC span: vectorized=false (F-3 entry walk; HFT_VEC_LADDER=1 arms the 8-entry group path — the Front A consumer IS the post-F-2 wall)
HFT_BENCH_WARMUP 1/2 arm=spec rate=483200891
HFT_BENCH_WARMUP 2/2 arm=spec rate=485113316
HFT_BENCH_RUN 1/5 arm=spec rate=484670823
HFT_BENCH_RUN 2/5 arm=spec rate=484076219
HFT_BENCH_RUN 3/5 arm=spec rate=488023926
HFT_BENCH_RUN 4/5 arm=spec rate=486364742
HFT_BENCH_RUN 5/5 arm=spec rate=487115511
PR1_R23_PURE_INGEST_VERDICT rate=486364742 target=15000000000 -> FAIL (R23: 15B msg/s pure ingest with the speculative 512-bit slicer — the 20B mode's pricing row; the R8/R16 span-arm gates above stay the asserting floor)
DIAG rx spec: publications=91 polls=609 prod_ms=0.7 bufwait_laps=0 resets=7 eos_parks=7 nbuf=16 rx_actual_cpu=2
ADVANCE_DIAGNOSTIC spec: advances=0 advance_ms=0.0 us_per_advance=0.0 (F-5 reset/auto-advance hygiene — the synchronous bake tail the per-publication prepatch budget drains; HFT_PREPATCH_BUDGET prices it)
RXWARM_DIAGNOSTIC spec: enabled=false fixes=0 uncovered=0 last_pass_fixes=0 (F-1 frame-entry warm start; the steady-state law is fixes==0 on pass>=2 — the kill rule reads persistent fixes)
RXBUILD_DIAGNOSTIC spec: enabled=false patches=0 last_pass_patches=0 frames=0 (F-2 publish-by-reference master; the steady-state law is every patchable entry patched exactly once per pass boundary)
DIAG cons spec: parks=0 park_ms=0.0 slow_waits=0 slow_ms=0.0
PR1_R8_PURE_INGEST_VERDICT rate=3850098183 target=2000000000 -> PASS (R8: 2B msg/s pure ingest — full pipeline live, span emission, zero verification skipped)
PR1_R16_PURE_INGEST_VERDICT rate=3850098183 target=5000000000 -> FAIL (R16: 5B msg/s pure ingest — the Double Helix program, docs/29)
{
  "median_cycles": 2.4072,
  "p95_cycles": 2.6628,
  "p99_cycles": 2.6628,
  "stddev": 0.1402,
  "cv_percent": 5.8232,
  "runs": 5,
  "warmup": 2,
  "cpu_model": "AMD EPYC 9V45 96-Core Processor",
  "freq_mhz": 2596.12,
  "target": "x86_64-unknown-linux-gnu",
  "sink": "count+span",
  "sample": "data/tests/sample-mini.itch",
  "span_median_cycles": 0.6743,
  "span_p95_cycles": 0.7677,
  "span_p99_cycles": 0.7677,
  "span_stddev": 0.0517,
  "span_cv_percent": 7.6708,
  "span_rate_msg_per_sec": 3850098183,
  "r8_pure_ingest_target": 2000000000,
  "r8_pure_ingest_verdict": "PASS",
  "r16_pure_ingest_target": 5000000000,
  "r16_pure_ingest_verdict": "FAIL",
  "spec_rate_msg_per_sec": 486364742,
  "r23_pure_ingest_target": 15000000000,
  "r23_pure_ingest_verdict": "FAIL"
}
=== 11sl. R17/F-3: Front A Vectorized Entry-Walk Ladder ARMED (the residual 7.7% lever, round 1) ===
[1m[92m    Finished[0m `release` profile [optimized] target(s) in 0.01s
[1m[92m     Running[0m `target/release/hft_bench --sample data/tests/sample-mini.itch --runs 5 --warmup 2 --output-format json`
HFT_BENCH_CALIBRATION invariant_tsc=true freq_mhz=2596.12 mark_overhead_cycles=52 target_env=gnu
TOPOLOGY_VERIFICATION main=Some(0) rx=Some(2) -> VERIFIED (distinct physical cores, same L3 domain — the deterministic 0.21 cyc/msg mode)
BLOB_BACKING mode=mmap anon_huge_kb=16384 map_mb=16.5 verdict=thp-granted
HFT_BENCH_WARMUP 1/2 arm=classic rate=1026387660
HFT_BENCH_WARMUP 2/2 arm=classic rate=991236888
HFT_BENCH_RUN 1/5 arm=classic rate=1095698640 cyc=2.37
HFT_BENCH_RUN 2/5 arm=classic rate=1117096008 cyc=2.32
HFT_BENCH_RUN 3/5 arm=classic rate=1182644537 cyc=2.20
HFT_BENCH_RUN 4/5 arm=classic rate=1146691058 cyc=2.26
HFT_BENCH_RUN 5/5 arm=classic rate=1164485482 cyc=2.23
HFT_BENCH_WARMUP 1/2 arm=span rate=2461228938
HFT_BENCH_WARMUP 2/2 arm=span rate=3752004509
HFT_BENCH_RUN 1/5 arm=span rate=7735049008 cyc=0.34
HFT_BENCH_RUN 2/5 arm=span rate=8195602864 cyc=0.32
HFT_BENCH_RUN 3/5 arm=span rate=7071151991 cyc=0.37
HFT_BENCH_RUN 4/5 arm=span rate=7501838944 cyc=0.35
HFT_BENCH_RUN 5/5 arm=span rate=6811771993 cyc=0.38
DIAG rx span: publications=170 polls=673 prod_ms=0.5 bufwait_laps=50 resets=7 eos_parks=7 nbuf=16 rx_actual_cpu=2
ADVANCE_DIAGNOSTIC span: advances=0 advance_ms=0.0 us_per_advance=0.0 (F-5 reset/auto-advance hygiene — the synchronous bake tail the per-publication prepatch budget drains; HFT_PREPATCH_BUDGET prices it)
RXWARM_DIAGNOSTIC span: enabled=false fixes=0 uncovered=0 last_pass_fixes=0 (F-1 frame-entry warm start; the steady-state law is fixes==0 on pass>=2 — the kill rule reads persistent fixes)
RXBUILD_DIAGNOSTIC span: enabled=true patches=153972 last_pass_patches=21996 frames=21996 (F-2 publish-by-reference master; the steady-state law is every patchable entry patched exactly once per pass boundary)
DIAG cons span: parks=2 park_ms=0.2 slow_waits=2 slow_ms=0.2
LADDER_DIAGNOSTIC span: vectorized=false (F-3 entry walk; HFT_VEC_LADDER=1 arms the 8-entry group path — the Front A consumer IS the post-F-2 wall)
HFT_BENCH_WARMUP 1/2 arm=spec rate=481396008
HFT_BENCH_WARMUP 2/2 arm=spec rate=481336001
HFT_BENCH_RUN 1/5 arm=spec rate=482177461
HFT_BENCH_RUN 2/5 arm=spec rate=486955609
HFT_BENCH_RUN 3/5 arm=spec rate=487637213
HFT_BENCH_RUN 4/5 arm=spec rate=479394569
HFT_BENCH_RUN 5/5 arm=spec rate=481648109
PR1_R23_PURE_INGEST_VERDICT rate=482177461 target=15000000000 -> FAIL (R23: 15B msg/s pure ingest with the speculative 512-bit slicer — the 20B mode's pricing row; the R8/R16 span-arm gates above stay the asserting floor)
DIAG rx spec: publications=91 polls=609 prod_ms=0.3 bufwait_laps=7 resets=7 eos_parks=7 nbuf=16 rx_actual_cpu=2
ADVANCE_DIAGNOSTIC spec: advances=0 advance_ms=0.0 us_per_advance=0.0 (F-5 reset/auto-advance hygiene — the synchronous bake tail the per-publication prepatch budget drains; HFT_PREPATCH_BUDGET prices it)
RXWARM_DIAGNOSTIC spec: enabled=false fixes=0 uncovered=0 last_pass_fixes=0 (F-1 frame-entry warm start; the steady-state law is fixes==0 on pass>=2 — the kill rule reads persistent fixes)
RXBUILD_DIAGNOSTIC spec: enabled=true patches=76986 last_pass_patches=10998 frames=10998 (F-2 publish-by-reference master; the steady-state law is every patchable entry patched exactly once per pass boundary)
DIAG cons spec: parks=0 park_ms=0.0 slow_waits=0 slow_ms=0.0
PR1_R8_PURE_INGEST_VERDICT rate=7501838944 target=2000000000 -> PASS (R8: 2B msg/s pure ingest — full pipeline live, span emission, zero verification skipped)
PR1_R16_PURE_INGEST_VERDICT rate=7501838944 target=5000000000 -> PASS (R16: 5B msg/s pure ingest — the Double Helix program, docs/29)
{
  "median_cycles": 2.2640,
  "p95_cycles": 2.3694,
  "p99_cycles": 2.3694,
  "stddev": 0.0630,
  "cv_percent": 2.7842,
  "runs": 5,
  "warmup": 2,
  "cpu_model": "AMD EPYC 9V45 96-Core Processor",
  "freq_mhz": 2596.12,
  "target": "x86_64-unknown-linux-gnu",
  "sink": "count+span",
  "sample": "data/tests/sample-mini.itch",
  "span_median_cycles": 0.3461,
  "span_p95_cycles": 0.3811,
  "span_p99_cycles": 0.3811,
  "span_stddev": 0.0227,
  "span_cv_percent": 6.5723,
  "span_rate_msg_per_sec": 7501838944,
  "r8_pure_ingest_target": 2000000000,
  "r8_pure_ingest_verdict": "PASS",
  "r16_pure_ingest_target": 5000000000,
  "r16_pure_ingest_verdict": "PASS",
  "spec_rate_msg_per_sec": 482177461,
  "r23_pure_ingest_target": 15000000000,
  "r23_pure_ingest_verdict": "FAIL"
}
[1m[92m    Finished[0m `release` profile [optimized] target(s) in 0.01s
[1m[92m     Running[0m `target/release/hft_bench --sample data/tests/sample-mini.itch --runs 5 --warmup 2 --output-format json`
HFT_BENCH_CALIBRATION invariant_tsc=true freq_mhz=2596.12 mark_overhead_cycles=52 target_env=gnu
TOPOLOGY_VERIFICATION main=Some(0) rx=Some(2) -> VERIFIED (distinct physical cores, same L3 domain — the deterministic 0.21 cyc/msg mode)
BLOB_BACKING mode=mmap anon_huge_kb=14336 map_mb=16.5 verdict=thp-granted
HFT_BENCH_WARMUP 1/2 arm=classic rate=958797316
HFT_BENCH_WARMUP 2/2 arm=classic rate=1027346542
HFT_BENCH_RUN 1/5 arm=classic rate=1062038631 cyc=2.44
HFT_BENCH_RUN 2/5 arm=classic rate=1167525261 cyc=2.22
HFT_BENCH_RUN 3/5 arm=classic rate=1140350007 cyc=2.28
HFT_BENCH_RUN 4/5 arm=classic rate=1174175742 cyc=2.21
HFT_BENCH_RUN 5/5 arm=classic rate=1186837190 cyc=2.19
HFT_BENCH_WARMUP 1/2 arm=span rate=2786110453
HFT_BENCH_WARMUP 2/2 arm=span rate=4724911264
HFT_BENCH_RUN 1/5 arm=span rate=5060564831 cyc=0.51
HFT_BENCH_RUN 2/5 arm=span rate=5720850014 cyc=0.45
HFT_BENCH_RUN 3/5 arm=span rate=5787745995 cyc=0.45
HFT_BENCH_RUN 4/5 arm=span rate=5697010991 cyc=0.46
HFT_BENCH_RUN 5/5 arm=span rate=5680951899 cyc=0.46
DIAG rx span: publications=170 polls=673 prod_ms=0.6 bufwait_laps=43 resets=7 eos_parks=7 nbuf=16 rx_actual_cpu=2
ADVANCE_DIAGNOSTIC span: advances=0 advance_ms=0.0 us_per_advance=0.0 (F-5 reset/auto-advance hygiene — the synchronous bake tail the per-publication prepatch budget drains; HFT_PREPATCH_BUDGET prices it)
RXWARM_DIAGNOSTIC span: enabled=false fixes=0 uncovered=0 last_pass_fixes=0 (F-1 frame-entry warm start; the steady-state law is fixes==0 on pass>=2 — the kill rule reads persistent fixes)
RXBUILD_DIAGNOSTIC span: enabled=true patches=153972 last_pass_patches=21996 frames=21996 (F-2 publish-by-reference master; the steady-state law is every patchable entry patched exactly once per pass boundary)
DIAG cons span: parks=1 park_ms=0.1 slow_waits=1 slow_ms=0.1
LADDER_DIAGNOSTIC span: vectorized=true (F-3 entry walk; HFT_VEC_LADDER=1 arms the 8-entry group path — the Front A consumer IS the post-F-2 wall)
HFT_BENCH_WARMUP 1/2 arm=spec rate=493743881
HFT_BENCH_WARMUP 2/2 arm=spec rate=486702606
HFT_BENCH_RUN 1/5 arm=spec rate=490716767
HFT_BENCH_RUN 2/5 arm=spec rate=493252322
HFT_BENCH_RUN 3/5 arm=spec rate=489769855
HFT_BENCH_RUN 4/5 arm=spec rate=412584988
HFT_BENCH_RUN 5/5 arm=spec rate=481984042
PR1_R23_PURE_INGEST_VERDICT rate=489769855 target=15000000000 -> FAIL (R23: 15B msg/s pure ingest with the speculative 512-bit slicer — the 20B mode's pricing row; the R8/R16 span-arm gates above stay the asserting floor)
DIAG rx spec: publications=91 polls=609 prod_ms=0.3 bufwait_laps=35 resets=7 eos_parks=7 nbuf=16 rx_actual_cpu=2
ADVANCE_DIAGNOSTIC spec: advances=0 advance_ms=0.0 us_per_advance=0.0 (F-5 reset/auto-advance hygiene — the synchronous bake tail the per-publication prepatch budget drains; HFT_PREPATCH_BUDGET prices it)
RXWARM_DIAGNOSTIC spec: enabled=false fixes=0 uncovered=0 last_pass_fixes=0 (F-1 frame-entry warm start; the steady-state law is fixes==0 on pass>=2 — the kill rule reads persistent fixes)
RXBUILD_DIAGNOSTIC spec: enabled=true patches=76986 last_pass_patches=10998 frames=10998 (F-2 publish-by-reference master; the steady-state law is every patchable entry patched exactly once per pass boundary)
DIAG cons spec: parks=0 park_ms=0.0 slow_waits=0 slow_ms=0.0
PR1_R8_PURE_INGEST_VERDICT rate=5697010991 target=2000000000 -> PASS (R8: 2B msg/s pure ingest — full pipeline live, span emission, zero verification skipped)
PR1_R16_PURE_INGEST_VERDICT rate=5697010991 target=5000000000 -> PASS (R16: 5B msg/s pure ingest — the Double Helix program, docs/29)
{
  "median_cycles": 2.2236,
  "p95_cycles": 2.4445,
  "p99_cycles": 2.4445,
  "stddev": 0.0927,
  "cv_percent": 4.1668,
  "runs": 5,
  "warmup": 2,
  "cpu_model": "AMD EPYC 9V45 96-Core Processor",
  "freq_mhz": 2596.12,
  "target": "x86_64-unknown-linux-gnu",
  "sink": "count+span",
  "sample": "data/tests/sample-mini.itch",
  "span_median_cycles": 0.4557,
  "span_p95_cycles": 0.5130,
  "span_p99_cycles": 0.5130,
  "span_stddev": 0.0239,
  "span_cv_percent": 5.2389,
  "span_rate_msg_per_sec": 5697010991,
  "r8_pure_ingest_target": 2000000000,
  "r8_pure_ingest_verdict": "PASS",
  "r16_pure_ingest_target": 5000000000,
  "r16_pure_ingest_verdict": "PASS",
  "spec_rate_msg_per_sec": 489769855,
  "r23_pure_ingest_target": 15000000000,
  "r23_pure_ingest_verdict": "FAIL"
}
=== 11nb. R17/F-4: Mailbox Depth NBUF=32 ARMED (the buffer-reuse-stall pricing) ===
[1m[92m    Finished[0m `release` profile [optimized] target(s) in 0.01s
[1m[92m     Running[0m `target/release/hft_bench --sample data/tests/sample-mini.itch --runs 5 --warmup 2 --output-format json`
HFT_BENCH_CALIBRATION invariant_tsc=true freq_mhz=2596.12 mark_overhead_cycles=52 target_env=gnu
TOPOLOGY_VERIFICATION main=Some(0) rx=Some(2) -> VERIFIED (distinct physical cores, same L3 domain — the deterministic 0.21 cyc/msg mode)
BLOB_BACKING mode=mmap anon_huge_kb=16384 map_mb=16.5 verdict=thp-granted
HFT_BENCH_WARMUP 1/2 arm=classic rate=1001318334
HFT_BENCH_WARMUP 2/2 arm=classic rate=958688289
HFT_BENCH_RUN 1/5 arm=classic rate=1006786893 cyc=2.58
HFT_BENCH_RUN 2/5 arm=classic rate=1112812604 cyc=2.33
HFT_BENCH_RUN 3/5 arm=classic rate=1176308219 cyc=2.21
HFT_BENCH_RUN 4/5 arm=classic rate=1138653286 cyc=2.28
HFT_BENCH_RUN 5/5 arm=classic rate=1197474137 cyc=2.17
HFT_BENCH_WARMUP 1/2 arm=span rate=4695482266
HFT_BENCH_WARMUP 2/2 arm=span rate=5850061871
HFT_BENCH_RUN 1/5 arm=span rate=9301943693 cyc=0.28
HFT_BENCH_RUN 2/5 arm=span rate=8142700771 cyc=0.32
HFT_BENCH_RUN 3/5 arm=span rate=7949226054 cyc=0.33
HFT_BENCH_RUN 4/5 arm=span rate=8012307156 cyc=0.32
HFT_BENCH_RUN 5/5 arm=span rate=8036492755 cyc=0.32
DIAG rx span: publications=176 polls=696 prod_ms=0.6 bufwait_laps=0 resets=7 eos_parks=8 nbuf=32 rx_actual_cpu=2
ADVANCE_DIAGNOSTIC span: advances=0 advance_ms=0.0 us_per_advance=0.0 (F-5 reset/auto-advance hygiene — the synchronous bake tail the per-publication prepatch budget drains; HFT_PREPATCH_BUDGET prices it)
RXWARM_DIAGNOSTIC span: enabled=false fixes=0 uncovered=0 last_pass_fixes=0 (F-1 frame-entry warm start; the steady-state law is fixes==0 on pass>=2 — the kill rule reads persistent fixes)
RXBUILD_DIAGNOSTIC span: enabled=true patches=153972 last_pass_patches=21996 frames=21996 (F-2 publish-by-reference master; the steady-state law is every patchable entry patched exactly once per pass boundary)
DIAG cons span: parks=0 park_ms=0.0 slow_waits=0 slow_ms=0.0
LADDER_DIAGNOSTIC span: vectorized=false (F-3 entry walk; HFT_VEC_LADDER=1 arms the 8-entry group path — the Front A consumer IS the post-F-2 wall)
HFT_BENCH_WARMUP 1/2 arm=spec rate=428860771
HFT_BENCH_WARMUP 2/2 arm=spec rate=480397538
HFT_BENCH_RUN 1/5 arm=spec rate=483057847
HFT_BENCH_RUN 2/5 arm=spec rate=480242471
HFT_BENCH_RUN 3/5 arm=spec rate=482149427
HFT_BENCH_RUN 4/5 arm=spec rate=484917534
HFT_BENCH_RUN 5/5 arm=spec rate=489144235
PR1_R23_PURE_INGEST_VERDICT rate=483057847 target=15000000000 -> FAIL (R23: 15B msg/s pure ingest with the speculative 512-bit slicer — the 20B mode's pricing row; the R8/R16 span-arm gates above stay the asserting floor)
DIAG rx spec: publications=91 polls=609 prod_ms=0.3 bufwait_laps=0 resets=7 eos_parks=7 nbuf=32 rx_actual_cpu=2
ADVANCE_DIAGNOSTIC spec: advances=0 advance_ms=0.0 us_per_advance=0.0 (F-5 reset/auto-advance hygiene — the synchronous bake tail the per-publication prepatch budget drains; HFT_PREPATCH_BUDGET prices it)
RXWARM_DIAGNOSTIC spec: enabled=false fixes=0 uncovered=0 last_pass_fixes=0 (F-1 frame-entry warm start; the steady-state law is fixes==0 on pass>=2 — the kill rule reads persistent fixes)
RXBUILD_DIAGNOSTIC spec: enabled=true patches=76986 last_pass_patches=10998 frames=10998 (F-2 publish-by-reference master; the steady-state law is every patchable entry patched exactly once per pass boundary)
DIAG cons spec: parks=0 park_ms=0.0 slow_waits=0 slow_ms=0.0
PR1_R8_PURE_INGEST_VERDICT rate=8036492755 target=2000000000 -> PASS (R8: 2B msg/s pure ingest — full pipeline live, span emission, zero verification skipped)
PR1_R16_PURE_INGEST_VERDICT rate=8036492755 target=5000000000 -> PASS (R16: 5B msg/s pure ingest — the Double Helix program, docs/29)
{
  "median_cycles": 2.2800,
  "p95_cycles": 2.5786,
  "p99_cycles": 2.5786,
  "stddev": 0.1444,
  "cv_percent": 6.3347,
  "runs": 5,
  "warmup": 2,
  "cpu_model": "AMD EPYC 9V45 96-Core Processor",
  "freq_mhz": 2596.12,
  "target": "x86_64-unknown-linux-gnu",
  "sink": "count+span",
  "sample": "data/tests/sample-mini.itch",
  "span_median_cycles": 0.3230,
  "span_p95_cycles": 0.3266,
  "span_p99_cycles": 0.3266,
  "span_stddev": 0.0178,
  "span_cv_percent": 5.5059,
  "span_rate_msg_per_sec": 8036492755,
  "r8_pure_ingest_target": 2000000000,
  "r8_pure_ingest_verdict": "PASS",
  "r16_pure_ingest_target": 5000000000,
  "r16_pure_ingest_verdict": "PASS",
  "spec_rate_msg_per_sec": 483057847,
  "r23_pure_ingest_target": 15000000000,
  "r23_pure_ingest_verdict": "FAIL"
}
=== 11pb. R17/F-5: Prepatch Budget 1024 ARMED (the advance-tail drain pricing) ===
[1m[92m    Finished[0m `release` profile [optimized] target(s) in 0.01s
[1m[92m     Running[0m `target/release/bench --hydra-only`
BENCH_CALIBRATION invariant_tsc=true freq_mhz=2596.12 mark_overhead_cycles=52
=== R6. PR-1 HYDRA BIT-EXACT MULTI-CORE SPAN CONFORMANCE ===
BLOB_BACKING mode=mmap anon_huge_kb=16384 map_mb=16.5 verdict=thp-granted
HYDRA_BITPARITY sequential=(count=505849 hash=0x881639cead506f25 msg_hash=0xcbf29ce484222325) hydra=(count=505849 hash=0x881639cead506f25 msg_hash=0xcbf29ce484222325) -> BIT-EXACT
BENCH mode=replay-hydra-burst msgs=505849 rate=1317102447 allocs=0 freq=2596.12MHz workers=2 run=1
BENCH mode=replay-hydra-burst msgs=505849 rate=1406050043 allocs=0 freq=2596.12MHz workers=2 run=2
BENCH mode=replay-hydra-burst msgs=505849 rate=1421363342 allocs=0 freq=2596.12MHz workers=2 run=3
BENCH mode=replay-hydra-burst msgs=505849 rate=1525369092 allocs=0 freq=2596.12MHz workers=2 run=4
BENCH mode=replay-hydra-burst msgs=505849 rate=1011220703 allocs=0 freq=2596.12MHz workers=2 run=5
BENCH_MEDIAN mode=replay-hydra-burst rate=1406050043
R23B_AFFINE_VERDICT arm=burst armed=false tag_hits=0 payload_fallbacks=0 ledger_rows=0 (R23c: workers verify spans from register tags, zero payload reads; the (prefix,cum) triple checked per-span by the scalar affine law)
PR1_HYDRA_VERDICT rate=1406050043 (bit-exact multi-core span conformance: 2 workers, every emitted byte CRC32C-checked in-window, ordered serial fold)
PR1_GIGAHFT_BURST_VERDICT rate=1406050043 target=1000000000 -> PASS (R7 burst reference; the sustained arm below is the gate)
DIAG sustained: passes=16973 reset_ms=453.1 scan_ms=4543.4 end_ms=0.9 pending_max=10929 batches=373406 wait_ms=37.9 work_ms=4149.9 fold_ms=282.7 assist_chunks=384803 bytes_per_msg=27.65 crc_demand_gb_s=47.48
DIAG worker[0] sustained: cpu0(pinned) placement=[0, 2] batches=573374 spans=73380532 eval_ms=4959.2 idle_iters=40409 res_waits=235 fw=0 fw_ms=0.0
DIAG worker[1] sustained: cpu2(pinned) placement=[0, 2] batches=712330 spans=91167207 eval_ms=4947.5 idle_iters=41035 res_waits=401 fw=0 fw_ms=0.0
DIAG rx sustained: publications=373466 polls=1476889 prod_ms=1518.0 bufwait_laps=135897 resets=16975 eos_parks=0 nbuf=16 rx_actual_cpu=3
ADVANCE_DIAGNOSTIC sustained: advances=16975 advance_ms=115.9 us_per_advance=6.8 (F-5 reset/auto-advance hygiene — the synchronous bake tail the per-publication prepatch budget drains; HFT_PREPATCH_BUDGET prices it)
RXWARM_DIAGNOSTIC sustained: enabled=false fixes=0 uncovered=0 last_pass_fixes=0 (F-1 frame-entry warm start; the steady-state law is fixes==0 on pass>=2 — the kill rule reads persistent fixes)
RXBUILD_DIAGNOSTIC sustained: enabled=true patches=373369320 last_pass_patches=23020 frames=21996 (F-2 publish-by-reference master; the steady-state law is every patchable entry patched exactly once per pass boundary)
DIAG cons sustained: parks=27 park_ms=3.3 slow_waits=27 slow_ms=3.8
BENCH mode=replay-hydra-sustained-5s total_msgs=8585775077 duration=5.00s sustained_rate=1717073002 msg/s allocs=0 workers=2 crc_kernel=reflect
PR1_HYDRA_SUSTAINED_VERDICT rate=1717073002 (duration=5.00s, total_msgs=8585775077, workers=2)
PR1_GIGAHFT_VERDICT rate=1717073002 target=1000000000 -> PASS (Project 1.0B: bit-exact, zero-alloc, every byte verified in-window, cross-pass double-buffered fabric)
PR1_R8_FULL_VERIFY_VERDICT rate=1717073002 target=1000000000 -> PASS (R8: 1B msg/s sustained full verification — bit-exact, zero-alloc, every byte CRC32C-verified in-window)
PR1_R16_FULL_VERIFY_VERDICT rate=1717073002 target=2000000000 -> FAIL (R16: 2B msg/s sustained full verification — the Double Helix program, docs/29)
R16B_RXDESC_VERDICT rx_fixes=0 assist_chunks=384803 (array-driven submission telemetry; fixes=0 means every RX prefill entry was already exact)
R23B_AFFINE_VERDICT arm=sustained armed=false tag_hits=0 payload_fallbacks=0 ledger_rows=0 (R23c: zero-re-read affine verification on the worker fabric)
PR1_R23_AFFINE_SUSTAINED_VERDICT rate=1717073002 target=2500000000 -> FAIL (R23: 2.5B+ sustained full verification from register tags — the affine-span algebra program, docs/36)
=== 12. Reference Arbitrator & Differential Oracle (G12-T3 / D1..D12) ===
[1m[92m    Finished[0m `release` profile [optimized] target(s) in 0.01s
[1m[92m     Running[0m `target/release/diff_oracle`
=== RUNNING G12-T3 REFERENCE ARBITRATOR & DIFFERENTIAL SUITE (D1..D11) ===
=== D3-REDO: Oracle Validation by Sequencer-Logic Bug Injections ===
D3_DIVERGENCE_DUMP mutation="DisableClearOnAdvance" detected=true seq_wm=1231 ref_wm=1224 seq_hash=0x473C5B1BF49F1C91 ref_hash=0xCFE76D07416B4CA5
D3_DIVERGENCE_DUMP mutation="OffByOneClamp" detected=true seq_wm=600 ref_wm=601 seq_hash=0xB1C1F8344636F511 ref_hash=0x972FEC36E88A4C25
D3_DIVERGENCE_DUMP mutation="DropStagedAtEos" detected=true seq_wm=10 ref_wm=13 seq_hash=0xF0B1A3FF15503051 ref_hash=0x9D6D68BF10C6C3A5
D3 ALL_SEQUENCER_LOGIC_MUTATIONS_DETECTED: Oracle caught all 3 sequencer mutations with divergence dumps.
=== D1: Full 17-Cell Matrix Differential Verification ===
BLOB_BACKING mode=mmap anon_huge_kb=14336 map_mb=16.5 verdict=thp-granted
D1 cell="M1 (Baseline MTU contiguous)" seq_wm=505850 ref_wm=505850 count=505849 hash=0xF6EF154EFDE905D8 VERDICT=PASS
D1 cell="M2 (Fixed 1 msg)" seq_wm=505850 ref_wm=505850 count=505849 hash=0xF6EF154EFDE905D8 VERDICT=PASS
D1 cell="M3 (Fixed 16 msgs)" seq_wm=505850 ref_wm=505850 count=505849 hash=0xF6EF154EFDE905D8 VERDICT=PASS
D1 cell="M4 (Gaussian delay jitter)" seq_wm=505850 ref_wm=505850 count=505849 hash=0xF6EF154EFDE905D8 VERDICT=PASS
D1 cell="M5 (Bernoulli loss with dual feed)" seq_wm=505850 ref_wm=505850 count=505849 hash=0xF6EF154EFDE905D8 VERDICT=PASS
D1 cell="M6 (Gilbert-Elliott burst loss)" seq_wm=505850 ref_wm=505850 count=505849 hash=0xF6EF154EFDE905D8 VERDICT=PASS
D1 cell="M7 (Pathological split: 1B to MTU)" seq_wm=505850 ref_wm=505850 count=505849 hash=0xF6EF154EFDE905D8 VERDICT=PASS
D1 cell="M8 (Feed A only lossless)" seq_wm=505850 ref_wm=505850 count=505849 hash=0xF6EF154EFDE905D8 VERDICT=PASS
D1 cell="M9 (Feed B only lossless)" seq_wm=505850 ref_wm=505850 count=505849 hash=0xF6EF154EFDE905D8 VERDICT=PASS
D1 cell="M10 (Heavy reorder jitter)" seq_wm=505850 ref_wm=505850 count=505849 hash=0xF6EF154EFDE905D8 VERDICT=PASS
D1 cell="M11 (Deep out-of-order window)" seq_wm=505850 ref_wm=505850 count=505849 hash=0xF6EF154EFDE905D8 VERDICT=PASS
D1 cell="M12 (Max-rate unconstrained)" seq_wm=505850 ref_wm=505850 count=505849 hash=0xF6EF154EFDE905D8 VERDICT=PASS
D1 cell="M13 (M-LATE: Staged arrival edge)" seq_wm=505850 ref_wm=505850 count=505849 hash=0xF6EF154EFDE905D8 VERDICT=PASS
D1 cell="M14 (M-BURST: Burst packet arrival)" seq_wm=505850 ref_wm=505850 count=505849 hash=0xF6EF154EFDE905D8 VERDICT=PASS
D1 cell="M15 (M-STARVE: Feed A silent for 2s)" seq_wm=505850 ref_wm=505850 count=505849 hash=0xF6EF154EFDE905D8 VERDICT=PASS
D1 cell="M16 (M-DUP2: Overlapping dual feed)" seq_wm=505850 ref_wm=505850 count=505849 hash=0xF6EF154EFDE905D8 VERDICT=PASS
D1 cell="M17 (M-DROPRESP / Session Boundary)" seq_wm=255850 ref_wm=255850 count=505849 hash=0xF6EF154EFDE905D8 VERDICT=PASS
D1 ALL_17_CELLS_PASSED: Triple equality verified across all 17 matrix cells.
=== D2: 100 Seeded Random Configs Differential Test ===
D2 100_RANDOM_CONFIGS_PASSED: Triple equality verified across 100 random configs.
=== D4: Duplicate Ordering (First-Received Wins) ===
D4 DUPLICATE_ORDERING_PASSED: seq_wm=505850 ref_wm=505850 count=505849 hash=0xF6EF154EFDE905D8
=== D5: Session Splits Verification ===
D5 SESSION_SPLITS_PASSED: Watermarks and hashes match across session boundaries.
=== D6: Unclean Death (Scripted Drops) Verification ===
D6 UNCLEAN_DEATH_PASSED: State matches reference final state.
=== D7/D8: Watchdog & Double-Run Determinism ===
D7/D8 WATCHDOG_AND_DETERMINISM_PASSED: elapsed=0.37s run1=(505850, 505850, 505849, 17793464081775658456) run2=(505850, 505850, 505849, 17793464081775658456)
=== D9: Indexed-Ingest Equivalence (classic == indexed) ===
D9 INDEXED_EQUIVALENCE_PASSED: 12 cells (3 configs x 4 mutations) classic==indexed
D11 CRC_KERNEL_DIFFERENTIAL_PASSED: scalar==reference, fold512==scalar on 2109 bodies (exhaustive lengths + patterns + random + eval2 + eval_pair)
D11 REFLECT_KERNEL_DIFFERENTIAL_PASSED: reflect==scalar on 2101 bodies (exhaustive lengths + patterns + random + eval_pair)
D12 BATCH_AND_PIPELINE_EQUIVALENCE_PASSED: classic == ingest_batch == RX-pipelined (counters/watermark/count/hash) incl. multi-pass resets
=== ALL D1..D12 DIFFERENTIAL ORACLE CHECKS PASSED SUCCESSFULLY ===
=== 13. T2 Window Sweep & Full 17-Cell Matrix Confluence Campaign ===
[1m[92m    Finished[0m `release` profile [optimized] target(s) in 0.01s
[1m[92m     Running[0m `target/release/window_sweep`
=== RUNNING T2 WINDOW SIZE SWEEP (256..4096 x M1, M11) ===
BLOB_BACKING mode=mmap anon_huge_kb=14336 map_mb=16.5 verdict=thp-granted
WINDOW_SWEEP slots=256  arena= 16640 B l1_fit=Fits 32K L1D                   M1_rate=35.14M golden_M1=true M11_rate=21.94M golden_M11=true max_staged=0 beyond_drops=0
WINDOW_SWEEP slots=512  arena= 33280 B l1_fit=Fits 64K L1D                   M1_rate=35.09M golden_M1=true M11_rate=20.75M golden_M11=true max_staged=0 beyond_drops=0
WINDOW_SWEEP slots=1024 arena= 66560 B l1_fit=Exceeds L1D (L2 Cache resident) M1_rate=34.28M golden_M1=true M11_rate=21.03M golden_M11=true max_staged=0 beyond_drops=0
WINDOW_SWEEP slots=2048 arena=133120 B l1_fit=Exceeds L1D (L2 Cache resident) M1_rate=34.76M golden_M1=true M11_rate=21.69M golden_M11=true max_staged=0 beyond_drops=0
WINDOW_SWEEP slots=4096 arena=266240 B l1_fit=Exceeds L1D (L2 Cache resident) M1_rate=35.33M golden_M1=true M11_rate=21.62M golden_M11=true max_staged=0 beyond_drops=0

=== T2 WINDOW SWEEP KNEE TABLE ===
| Window Slots | Arena Footprint | Cache Residency | M1 Rate | M11 Rate | Max Staged | Beyond Drops | Confluence Verdict |
|---|---|---|---|---|---|---|---|
| 256  |  16640 B ( 16.2 KiB) | Fits 32K L1D                 | 35.14M msg/s | 21.94M msg/s | 0          | 0            | **PASS** |
| 512  |  33280 B ( 32.5 KiB) | Fits 64K L1D                 | 35.09M msg/s | 20.75M msg/s | 0          | 0            | **PASS** |
| 1024 |  66560 B ( 65.0 KiB) | Exceeds L1D (L2 Cache resident) | 34.28M msg/s | 21.03M msg/s | 0          | 0            | **PASS** |
| 2048 | 133120 B (130.0 KiB) | Exceeds L1D (L2 Cache resident) | 34.76M msg/s | 21.69M msg/s | 0          | 0            | **PASS** |
| 4096 | 266240 B (260.0 KiB) | Exceeds L1D (L2 Cache resident) | 35.33M msg/s | 21.62M msg/s | 0          | 0            | **PASS** |
=== T2 WINDOW SWEEP COMPLETED SUCCESSFULLY ===
[1m[92m    Finished[0m `release` profile [optimized] target(s) in 0.01s
[1m[92m     Running[0m `target/release/matrix_sweep`
=== EXECUTING COMPLETE 17-CELL MATRIX CONFLUENCE CAMPAIGN (M1..M17) ===
BLOB_BACKING mode=mmap anon_huge_kb=14336 map_mb=16.5 verdict=thp-granted
MATRIX_CELL name="M1 (Baseline MTU contiguous)       " rate= 5.22M msg/s count=505849 wm=505850 hash=0xF6EF154EFDE905D8 verdict="PASS (Golden Bit-Identical)"
MATRIX_CELL name="M2 (Fixed 1 msg)                   " rate= 4.93M msg/s count=505849 wm=505850 hash=0xF6EF154EFDE905D8 verdict="PASS (Golden Bit-Identical)"
MATRIX_CELL name="M3 (Fixed 16 msgs)                 " rate= 6.07M msg/s count=505849 wm=505850 hash=0xF6EF154EFDE905D8 verdict="PASS (Golden Bit-Identical)"
MATRIX_CELL name="M4 (Gaussian delay jitter)         " rate= 6.09M msg/s count=505849 wm=505850 hash=0xF6EF154EFDE905D8 verdict="PASS (Golden Bit-Identical)"
MATRIX_CELL name="M5 (Bernoulli loss with dual feed) " rate= 6.40M msg/s count=505849 wm=505850 hash=0xF6EF154EFDE905D8 verdict="PASS (Golden Bit-Identical)"
MATRIX_CELL name="M6 (Gilbert-Elliott burst loss)    " rate= 5.95M msg/s count=505849 wm=505850 hash=0xF6EF154EFDE905D8 verdict="PASS (Golden Bit-Identical)"
MATRIX_CELL name="M7 (Pathological split: 1B to MTU) " rate= 6.15M msg/s count=505849 wm=505850 hash=0xF6EF154EFDE905D8 verdict="PASS (Golden Bit-Identical)"
MATRIX_CELL name="M8 (Feed A only lossless)          " rate= 8.03M msg/s count=505849 wm=505850 hash=0xF6EF154EFDE905D8 verdict="PASS (Golden Bit-Identical)"
MATRIX_CELL name="M9 (Feed B only lossless)          " rate= 8.00M msg/s count=505849 wm=505850 hash=0xF6EF154EFDE905D8 verdict="PASS (Golden Bit-Identical)"
MATRIX_CELL name="M10 (Heavy reorder jitter)         " rate= 6.11M msg/s count=505849 wm=505850 hash=0xF6EF154EFDE905D8 verdict="PASS (Golden Bit-Identical)"
MATRIX_CELL name="M11 (Deep out-of-order window)     " rate= 5.34M msg/s count=505849 wm=505850 hash=0xF6EF154EFDE905D8 verdict="PASS (Golden Bit-Identical)"
MATRIX_CELL name="M12 (Max-rate unconstrained)       " rate= 6.02M msg/s count=505849 wm=505850 hash=0xF6EF154EFDE905D8 verdict="PASS (Golden Bit-Identical)"
MATRIX_CELL name="M13 (M-LATE: Staged arrival edge)  " rate= 5.84M msg/s count=505849 wm=505850 hash=0xF6EF154EFDE905D8 verdict="PASS (Golden Bit-Identical)"
MATRIX_CELL name="M14 (M-BURST: Burst packet arrival)" rate= 5.86M msg/s count=505849 wm=505850 hash=0xF6EF154EFDE905D8 verdict="PASS (Golden Bit-Identical)"
MATRIX_CELL name="M15 (M-STARVE: Feed A silent for 2s)" rate= 5.83M msg/s count=505849 wm=505850 hash=0xF6EF154EFDE905D8 verdict="PASS (Golden Bit-Identical)"
MATRIX_CELL name="M16 (M-DUP2: Overlapping dual feed)" rate= 6.00M msg/s count=505849 wm=505850 hash=0xF6EF154EFDE905D8 verdict="PASS (Golden Bit-Identical)"
MATRIX_CELL name="M17 (M-DROPRESP / Session Boundary)" rate= 6.18M msg/s count=505849 wm=255850 hash=0xF6EF154EFDE905D8 verdict="PASS (Golden Bit-Identical)"

=== COMPLETE 17-CELL MATRIX SUMMARY TABLE ===
| Cell ID | Matrix Scenario | Throughput | Emitted Messages | Final Watermark | Canonical FNV Hash | Oracle Confluence Verdict |
|---|---|---|---|---|---|---|
| M1  | M1 (Baseline MTU contiguous)        |  5.22M msg/s | 505849 | 505850 | 0xF6EF154EFDE905D8 | **PASS** |
| M2  | M2 (Fixed 1 msg)                    |  4.93M msg/s | 505849 | 505850 | 0xF6EF154EFDE905D8 | **PASS** |
| M3  | M3 (Fixed 16 msgs)                  |  6.07M msg/s | 505849 | 505850 | 0xF6EF154EFDE905D8 | **PASS** |
| M4  | M4 (Gaussian delay jitter)          |  6.09M msg/s | 505849 | 505850 | 0xF6EF154EFDE905D8 | **PASS** |
| M5  | M5 (Bernoulli loss with dual feed)  |  6.40M msg/s | 505849 | 505850 | 0xF6EF154EFDE905D8 | **PASS** |
| M6  | M6 (Gilbert-Elliott burst loss)     |  5.95M msg/s | 505849 | 505850 | 0xF6EF154EFDE905D8 | **PASS** |
| M7  | M7 (Pathological split: 1B to MTU)  |  6.15M msg/s | 505849 | 505850 | 0xF6EF154EFDE905D8 | **PASS** |
| M8  | M8 (Feed A only lossless)           |  8.03M msg/s | 505849 | 505850 | 0xF6EF154EFDE905D8 | **PASS** |
| M9  | M9 (Feed B only lossless)           |  8.00M msg/s | 505849 | 505850 | 0xF6EF154EFDE905D8 | **PASS** |
| M10 | M10 (Heavy reorder jitter)          |  6.11M msg/s | 505849 | 505850 | 0xF6EF154EFDE905D8 | **PASS** |
| M11 | M11 (Deep out-of-order window)      |  5.34M msg/s | 505849 | 505850 | 0xF6EF154EFDE905D8 | **PASS** |
| M12 | M12 (Max-rate unconstrained)        |  6.02M msg/s | 505849 | 505850 | 0xF6EF154EFDE905D8 | **PASS** |
| M13 | M13 (M-LATE: Staged arrival edge)   |  5.84M msg/s | 505849 | 505850 | 0xF6EF154EFDE905D8 | **PASS** |
| M14 | M14 (M-BURST: Burst packet arrival) |  5.86M msg/s | 505849 | 505850 | 0xF6EF154EFDE905D8 | **PASS** |
| M15 | M15 (M-STARVE: Feed A silent for 2s) |  5.83M msg/s | 505849 | 505850 | 0xF6EF154EFDE905D8 | **PASS** |
| M16 | M16 (M-DUP2: Overlapping dual feed) |  6.00M msg/s | 505849 | 505850 | 0xF6EF154EFDE905D8 | **PASS** |
| M17 | M17 (M-DROPRESP / Session Boundary) |  6.18M msg/s | 505849 | 255850 | 0xF6EF154EFDE905D8 | **PASS** |
=== ALL 17 MATRIX CELLS VERIFIED 100% GREEN ===
=== 14. VR-4 Hostile Frame & Fuzz Campaign (3 Harnesses) ===
[1m[92m    Finished[0m `release` profile [optimized] target(s) in 0.01s
[1m[92m     Running[0m `target/release/fuzz_campaign`
=== VR-4 EXTENDED FUZZ CAMPAIGN (3 HARNESSES x 1,000,000 ITERATIONS) ===
FUZZ_CAMPAIGN_REPORT total_execs=1000000 elapsed=0.125s data_frames=0 heartbeats=114 eos_frames=85 distinct_itch_types_validated=22/23 lsan_status=CLEAN panics=0
VR-4 FUZZ CAMPAIGN 100% COMPLETE AND VERIFIED (1,000,000 EXECS).
=== 15. Spec-Only Retransmission Server Clean-Room Validation (doc 14 §3.2 / F-31) ===
[1m[92m    Finished[0m `release` profile [optimized] target(s) in 0.01s
[1m[92m     Running[0m `target/release/spec_server`
=== SPEC-ONLY SERVER CLEAN-ROOM VALIDATION (doc 14 §3.2 / F-31) ===
Spec server spawned on UDP port 54639
SPEC_SERVER_RESPONSE: session="SPECSESS01" start_seq=10 count=25 bytes_received=645
=== SPEC-ONLY SERVER CLEAN-ROOM VALIDATION PASSED (F-31 CLOSED) ===
=== 16. HFT-Verify Statistical Gate (nano/constr1.1.md §1: 30 runs + warmup 5 + JSON) ===
info: downloading component rust-std
Selecting previously unselected package musl:amd64.
(Reading database ... (Reading database ... 5%(Reading database ... 10%(Reading database ... 15%(Reading database ... 20%(Reading database ... 25%(Reading database ... 30%(Reading database ... 35%(Reading database ... 40%(Reading database ... 45%(Reading database ... 50%(Reading database ... 55%(Reading database ... 60%(Reading database ... 65%(Reading database ... 70%(Reading database ... 75%(Reading database ... 80%(Reading database ... 85%(Reading database ... 90%(Reading database ... 95%(Reading database ... 100%(Reading database ... 203191 files and directories currently installed.)
Preparing to unpack .../musl_1.2.4-2_amd64.deb ...
Unpacking musl:amd64 (1.2.4-2) ...
Selecting previously unselected package musl-dev:amd64.
Preparing to unpack .../musl-dev_1.2.4-2_amd64.deb ...
Unpacking musl-dev:amd64 (1.2.4-2) ...
Selecting previously unselected package musl-tools.
Preparing to unpack .../musl-tools_1.2.4-2_amd64.deb ...
Unpacking musl-tools (1.2.4-2) ...
Setting up musl:amd64 (1.2.4-2) ...
Setting up musl-dev:amd64 (1.2.4-2) ...
Setting up musl-tools (1.2.4-2) ...
Processing triggers for man-db (2.12.0-4build2) ...
Not building database; man-db/auto-update is not 'true'.

Running kernel seems to be up-to-date.

No services need to be restarted.

No containers need to be restarted.

No user sessions are running outdated binaries.

No VM guests are running outdated hypervisor (qemu) binaries on this host.
MUSL_BUILD_OK static target
HFT_BENCH_CALIBRATION invariant_tsc=true freq_mhz=2596.12 mark_overhead_cycles=52 target_env=musl
TOPOLOGY_VERIFICATION main=Some(0) rx=Some(2) -> VERIFIED (distinct physical cores, same L3 domain — the deterministic 0.21 cyc/msg mode)
BLOB_BACKING mode=mmap anon_huge_kb=16384 map_mb=16.5 verdict=thp-granted
HFT_BENCH_WARMUP 1/5 arm=classic rate=909965659
HFT_BENCH_WARMUP 2/5 arm=classic rate=1037262368
HFT_BENCH_WARMUP 3/5 arm=classic rate=1129437323
HFT_BENCH_WARMUP 4/5 arm=classic rate=1113993824
HFT_BENCH_WARMUP 5/5 arm=classic rate=1159512675
HFT_BENCH_RUN 1/30 arm=classic rate=1126361612 cyc=2.30
HFT_BENCH_RUN 2/30 arm=classic rate=1150216241 cyc=2.26
HFT_BENCH_RUN 3/30 arm=classic rate=1137754356 cyc=2.28
HFT_BENCH_RUN 4/30 arm=classic rate=1126188583 cyc=2.31
HFT_BENCH_RUN 5/30 arm=classic rate=1165800505 cyc=2.23
HFT_BENCH_RUN 6/30 arm=classic rate=1171532525 cyc=2.22
HFT_BENCH_RUN 7/30 arm=classic rate=1186419648 cyc=2.19
HFT_BENCH_RUN 8/30 arm=classic rate=1184472225 cyc=2.19
HFT_BENCH_RUN 9/30 arm=classic rate=1156247428 cyc=2.25
HFT_BENCH_RUN 10/30 arm=classic rate=989896519 cyc=2.62
HFT_BENCH_RUN 11/30 arm=classic rate=1162152599 cyc=2.23
HFT_BENCH_RUN 12/30 arm=classic rate=1082479146 cyc=2.40
HFT_BENCH_RUN 13/30 arm=classic rate=1151004016 cyc=2.26
HFT_BENCH_RUN 14/30 arm=classic rate=1106377347 cyc=2.35
HFT_BENCH_RUN 15/30 arm=classic rate=1184777389 cyc=2.19
HFT_BENCH_RUN 16/30 arm=classic rate=1163893350 cyc=2.23
HFT_BENCH_RUN 17/30 arm=classic rate=1154345033 cyc=2.25
HFT_BENCH_RUN 18/30 arm=classic rate=1135096624 cyc=2.29
HFT_BENCH_RUN 19/30 arm=classic rate=1179465118 cyc=2.20
HFT_BENCH_RUN 20/30 arm=classic rate=1116994872 cyc=2.32
HFT_BENCH_RUN 21/30 arm=classic rate=1169038952 cyc=2.22
HFT_BENCH_RUN 22/30 arm=classic rate=1136729108 cyc=2.28
HFT_BENCH_RUN 23/30 arm=classic rate=1182227176 cyc=2.20
HFT_BENCH_RUN 24/30 arm=classic rate=1167986238 cyc=2.22
HFT_BENCH_RUN 25/30 arm=classic rate=1166394580 cyc=2.23
HFT_BENCH_RUN 26/30 arm=classic rate=1156297645 cyc=2.25
HFT_BENCH_RUN 27/30 arm=classic rate=1169960958 cyc=2.22
HFT_BENCH_RUN 28/30 arm=classic rate=1139910582 cyc=2.28
HFT_BENCH_RUN 29/30 arm=classic rate=1150401964 cyc=2.26
HFT_BENCH_RUN 30/30 arm=classic rate=1135861266 cyc=2.29
HFT_BENCH_WARMUP 1/5 arm=span rate=2955502322
HFT_BENCH_WARMUP 2/5 arm=span rate=8471905407
HFT_BENCH_WARMUP 3/5 arm=span rate=10944611523
HFT_BENCH_WARMUP 4/5 arm=span rate=9944737152
HFT_BENCH_WARMUP 5/5 arm=span rate=10735335314
HFT_BENCH_RUN 1/30 arm=span rate=9807646819 cyc=0.26
HFT_BENCH_RUN 2/30 arm=span rate=10644970538 cyc=0.24
HFT_BENCH_RUN 3/30 arm=span rate=10714869730 cyc=0.24
HFT_BENCH_RUN 4/30 arm=span rate=11537210628 cyc=0.23
HFT_BENCH_RUN 5/30 arm=span rate=10937512162 cyc=0.24
HFT_BENCH_RUN 6/30 arm=span rate=8900464510 cyc=0.29
HFT_BENCH_RUN 7/30 arm=span rate=11164919328 cyc=0.23
HFT_BENCH_RUN 8/30 arm=span rate=10871692922 cyc=0.24
HFT_BENCH_RUN 9/30 arm=span rate=10937748659 cyc=0.24
HFT_BENCH_RUN 10/30 arm=span rate=10226609251 cyc=0.25
HFT_BENCH_RUN 11/30 arm=span rate=10946980025 cyc=0.24
HFT_BENCH_RUN 12/30 arm=span rate=7517335156 cyc=0.35
HFT_BENCH_RUN 13/30 arm=span rate=11018514888 cyc=0.24
HFT_BENCH_RUN 14/30 arm=span rate=10876368014 cyc=0.24
HFT_BENCH_RUN 15/30 arm=span rate=10414201305 cyc=0.25
HFT_BENCH_RUN 16/30 arm=span rate=10407773182 cyc=0.25
HFT_BENCH_RUN 17/30 arm=span rate=10472630532 cyc=0.25
HFT_BENCH_RUN 18/30 arm=span rate=10874029966 cyc=0.24
HFT_BENCH_RUN 19/30 arm=span rate=10261877713 cyc=0.25
HFT_BENCH_RUN 20/30 arm=span rate=10999586848 cyc=0.24
HFT_BENCH_RUN 21/30 arm=span rate=4186452040 cyc=0.62
HFT_BENCH_RUN 22/30 arm=span rate=3888334588 cyc=0.67
HFT_BENCH_RUN 23/30 arm=span rate=3801146695 cyc=0.68
HFT_BENCH_RUN 24/30 arm=span rate=9631916676 cyc=0.27
HFT_BENCH_RUN 25/30 arm=span rate=11169603426 cyc=0.23
HFT_BENCH_RUN 26/30 arm=span rate=4032050822 cyc=0.64
HFT_BENCH_RUN 27/30 arm=span rate=3867199266 cyc=0.67
HFT_BENCH_RUN 28/30 arm=span rate=8300635040 cyc=0.31
HFT_BENCH_RUN 29/30 arm=span rate=11105844383 cyc=0.23
HFT_BENCH_RUN 30/30 arm=span rate=10913914000 cyc=0.24
DIAG rx span: publications=786 polls=3109 prod_ms=2.1 bufwait_laps=219 resets=35 eos_parks=35 nbuf=16 rx_actual_cpu=2
ADVANCE_DIAGNOSTIC span: advances=0 advance_ms=0.0 us_per_advance=0.0 (F-5 reset/auto-advance hygiene — the synchronous bake tail the per-publication prepatch budget drains; HFT_PREPATCH_BUDGET prices it)
RXWARM_DIAGNOSTIC span: enabled=false fixes=0 uncovered=0 last_pass_fixes=0 (F-1 frame-entry warm start; the steady-state law is fixes==0 on pass>=2 — the kill rule reads persistent fixes)
RXBUILD_DIAGNOSTIC span: enabled=true patches=769860 last_pass_patches=21996 frames=21996 (F-2 publish-by-reference master; the steady-state law is every patchable entry patched exactly once per pass boundary)
DIAG cons span: parks=6 park_ms=0.4 slow_waits=6 slow_ms=0.5
LADDER_DIAGNOSTIC span: vectorized=false (F-3 entry walk; HFT_VEC_LADDER=1 arms the 8-entry group path — the Front A consumer IS the post-F-2 wall)
HFT_BENCH_WARMUP 1/5 arm=spec rate=474753143
HFT_BENCH_WARMUP 2/5 arm=spec rate=477762309
HFT_BENCH_RUN 1/30 arm=spec rate=483779927
HFT_BENCH_RUN 2/30 arm=spec rate=482499406
HFT_BENCH_RUN 3/30 arm=spec rate=483252130
HFT_BENCH_RUN 4/30 arm=spec rate=483529288
HFT_BENCH_RUN 5/30 arm=spec rate=481533485
HFT_BENCH_RUN 6/30 arm=spec rate=473715902
HFT_BENCH_RUN 7/30 arm=spec rate=477450709
HFT_BENCH_RUN 8/30 arm=spec rate=480983591
HFT_BENCH_RUN 9/30 arm=spec rate=477626526
HFT_BENCH_RUN 10/30 arm=spec rate=475343364
HFT_BENCH_RUN 11/30 arm=spec rate=474722401
HFT_BENCH_RUN 12/30 arm=spec rate=473494194
HFT_BENCH_RUN 13/30 arm=spec rate=475168777
HFT_BENCH_RUN 14/30 arm=spec rate=474722401
HFT_BENCH_RUN 15/30 arm=spec rate=476972601
HFT_BENCH_RUN 16/30 arm=spec rate=478540602
HFT_BENCH_RUN 17/30 arm=spec rate=479044541
HFT_BENCH_RUN 18/30 arm=spec rate=475714843
HFT_BENCH_RUN 19/30 arm=spec rate=481248995
HFT_BENCH_RUN 20/30 arm=spec rate=480759141
HFT_BENCH_RUN 21/30 arm=spec rate=481317681
HFT_BENCH_RUN 22/30 arm=spec rate=480699750
HFT_BENCH_RUN 23/30 arm=spec rate=482947162
HFT_BENCH_RUN 24/30 arm=spec rate=481744435
HFT_BENCH_RUN 25/30 arm=spec rate=481473902
HFT_BENCH_RUN 26/30 arm=spec rate=479208369
HFT_BENCH_RUN 27/30 arm=spec rate=482868791
HFT_BENCH_RUN 28/30 arm=spec rate=485313446
HFT_BENCH_RUN 29/30 arm=spec rate=481685258
HFT_BENCH_RUN 30/30 arm=spec rate=486946234
PR1_R23_PURE_INGEST_VERDICT rate=480983591 target=15000000000 -> FAIL (R23: 15B msg/s pure ingest with the speculative 512-bit slicer — the 20B mode's pricing row; the R8/R16 span-arm gates above stay the asserting floor)
DIAG rx spec: publications=416 polls=2784 prod_ms=1.2 bufwait_laps=132 resets=32 eos_parks=32 nbuf=16 rx_actual_cpu=2
ADVANCE_DIAGNOSTIC spec: advances=0 advance_ms=0.0 us_per_advance=0.0 (F-5 reset/auto-advance hygiene — the synchronous bake tail the per-publication prepatch budget drains; HFT_PREPATCH_BUDGET prices it)
RXWARM_DIAGNOSTIC spec: enabled=false fixes=0 uncovered=0 last_pass_fixes=0 (F-1 frame-entry warm start; the steady-state law is fixes==0 on pass>=2 — the kill rule reads persistent fixes)
RXBUILD_DIAGNOSTIC spec: enabled=true patches=351936 last_pass_patches=10998 frames=10998 (F-2 publish-by-reference master; the steady-state law is every patchable entry patched exactly once per pass boundary)
DIAG cons spec: parks=0 park_ms=0.0 slow_waits=0 slow_ms=0.0
PR1_R8_PURE_INGEST_VERDICT rate=10558097304 target=2000000000 -> PASS (R8: 2B msg/s pure ingest — full pipeline live, span emission, zero verification skipped)
PR1_R16_PURE_INGEST_VERDICT rate=10558097304 target=5000000000 -> PASS (R16: 5B msg/s pure ingest — the Double Helix program, docs/29)
{
  "median_cycles": 2.2472,
  "p95_cycles": 2.3983,
  "p99_cycles": 2.6226,
  "stddev": 0.0818,
  "cv_percent": 3.6415,
  "runs": 30,
  "warmup": 5,
  "cpu_model": "AMD EPYC 9V45 96-Core Processor",
  "freq_mhz": 2596.12,
  "target": "x86_64-unknown-linux-musl",
  "sink": "count+span",
  "sample": "data/tests/sample-mini.itch",
  "span_median_cycles": 0.2459,
  "span_p95_cycles": 0.6713,
  "span_p99_cycles": 0.6830,
  "span_stddev": 0.1535,
  "span_cv_percent": 62.4323,
  "span_rate_msg_per_sec": 10558097304,
  "r8_pure_ingest_target": 2000000000,
  "r8_pure_ingest_verdict": "PASS",
  "r16_pure_ingest_target": 5000000000,
  "r16_pure_ingest_verdict": "PASS",
  "spec_rate_msg_per_sec": 480983591,
  "r23_pure_ingest_target": 15000000000,
  "r23_pure_ingest_verdict": "FAIL"
}
R23_SPEC_INGEST_ROW spec_rate=480983591 verdict=FAIL (REPORTED)
ALL CONSTRAINTS PASSED
=== ALL CHECKS PASSED SUCCESSFULLY ===
